Verifying tool integrity...
Tool integrity verified.
Compiling engine...
Compiled in 0s.
Running gauntlet tournament...
Gauntlet: 5 SF levels (2000-2400) x 2 games (engine 500ms, SF 100ms)...
Running: tools/fastchess -engine cmd=engine/target/release/hive-chess proto=uci name=HiveChess tc=40/20 -engine cmd=tools/stockfish proto=uci name=SF_2000 tc=40/4 option.UCI_LimitStrength=true option.UCI_Elo=2000 option.Threads=1 option.Hash=16 -engine cmd=tools/stockfish proto=uci name=SF_2100 tc=40/4 option.UCI_LimitStrength=true option.UCI_Elo=2100 option.Threads=1 option.Hash=16 -engine cmd=tools/stockfish proto=uci name=SF_2200 tc=40/4 option.UCI_LimitStrength=true option.UCI_Elo=2200 option.Threads=1 option.Hash=16 -engine cmd=tools/stockfish proto=uci name=SF_2300 tc=40/4 option.UCI_LimitStrength=true option.UCI_Elo=2300 option.Threads=1 option.Hash=16 -engine cmd=tools/stockfish proto=uci name=SF_2400 tc=40/4 option.UCI_LimitStrength=true option.UCI_Elo=2400 option.Threads=1 option.Hash=16 -tournament gauntlet -rounds 1 -games 2 -repeat -pgnout file=eval/games.pgn -recover -wait 50 -openings file=data/openings.epd format=epd order=random
Indexing opening suite...
Started game 1 of 10 (HiveChess vs SF_2000)
Warning; Bestmove does not match beginning of last PV - move c8f5 from SF_2000
Info; info depth 11 seldepth 21 multipv 1 score cp -30 nodes 66010 nps 410000 hashfull 23 tbhits 0 time 161 pv e8g8 e1g1 c6c5 d4c5 b8a6 d2b3 f6e4 d1d5 d8d5 c4d5 a6c5 b3c5 e4c5 c1d2 f8d8 a1c1 d8d5
Position; fen rnbqkb1r/pp2pp1p/2p2np1/3p4/2PP4/5N2/PP1NPPPP/R1BQKB1R w KQkq - 0 1
Moves; e2e3 f8g7 f1e2
Warning; Bestmove does not match beginning of last PV - move b7b6 from SF_2000
Info; info depth 8 seldepth 11 multipv 1 score cp 1 nodes 20170 nps 183363 hashfull 5 tbhits 0 time 110 pv d8c7 b3c3 e8g8 e1g1 f8d8
Position; fen rnbqkb1r/pp2pp1p/2p2np1/3p4/2PP4/5N2/PP1NPPPP/R1BQKB1R w KQkq - 0 1
Moves; e2e3 f8g7 f1e2 c8f5 d1b3
Warning; Bestmove does not match beginning of last PV - move c6c5 from SF_2000
Info; info depth 12 seldepth 21 multipv 1 score cp -21 nodes 67154 nps 441802 hashfull 19 tbhits 0 time 152 pv c6d5 d2f1 a7a5 f1g3 a5a4 b3d1 f5d7 c1d2 e8g8 e1g1 f6e4 g3e4 d5e4
Position; fen rnbqkb1r/pp2pp1p/2p2np1/3p4/2PP4/5N2/PP1NPPPP/R1BQKB1R w KQkq - 0 1
Moves; e2e3 f8g7 f1e2 c8f5 d1b3 b7b6 c4d5
Warning; Bestmove does not match beginning of last PV - move d8d5 from SF_2000
Info; info depth 14 seldepth 26 multipv 1 score cp -87 nodes 118536 nps 395120 hashfull 39 tbhits 0 time 300 pv b8d7 c5b6 a7b6 f3d4 d7c5 b3c4 e8g8 d4f5 g6f5 e1g1 f6d5 f1d1 e7e6 e2f3 d8c8 f3d5 e6d5
Position; fen rnbqkb1r/pp2pp1p/2p2np1/3p4/2PP4/5N2/PP1NPPPP/R1BQKB1R w KQkq - 0 1
Moves; e2e3 f8g7 f1e2 c8f5 d1b3 b7b6 c4d5 c6c5 d4c5
Warning; Bestmove does not match beginning of last PV - move b7a6 from SF_2000
Info; info depth 11 seldepth 26 multipv 1 score cp -170 nodes 88748 nps 435039 hashfull 34 tbhits 0 time 204 pv b8c6 d2c4 a8c8 c4e5 e7e6 e5c6 c8c6 f3c6 b7c6 e1g1
Position; fen rnbqkb1r/pp2pp1p/2p2np1/3p4/2PP4/5N2/PP1NPPPP/R1BQKB1R w KQkq - 0 1
Moves; e2e3 f8g7 f1e2 c8f5 d1b3 b7b6 c4d5 c6c5 d4c5 d8d5 c5b6 d5b7 f3g5 e8g8 e2f3
Warning; Bestmove does not match beginning of last PV - move f6d7 from SF_2000
Info; info depth 14 seldepth 15 multipv 1 score cp -534 nodes 57209 nps 101795 hashfull 14 tbhits 0 time 562 pv b8d7 b7a8q f8a8 b3f7 g8h8 f7c4 a6c4 d2c4 a8c8 e3e4 c8c4 e4f5 d7e5
Position; fen rnbqkb1r/pp2pp1p/2p2np1/3p4/2PP4/5N2/PP1NPPPP/R1BQKB1R w KQkq - 0 1
Moves; e2e3 f8g7 f1e2 c8f5 d1b3 b7b6 c4d5 c6c5 d4c5 d8d5 c5b6 d5b7 f3g5 e8g8 e2f3 b7a6 b6b7
Warning; Bestmove does not match beginning of last PV - move d7e5 from SF_2000
Info; info depth 12 seldepth 22 multipv 1 score cp -554 nodes 25851 nps 327227 hashfull 8 tbhits 0 time 79 pv d7c5 a8b7 c5b3 b7b3 f5d3 f3e4 d3e2 f2f3 h7h6 g5h3 b8d7 h3f4 d7c5 f4e2 c5b3 d2b3
Position; fen rnbqkb1r/pp2pp1p/2p2np1/3p4/2PP4/5N2/PP1NPPPP/R1BQKB1R w KQkq - 0 1
Moves; e2e3 f8g7 f1e2 c8f5 d1b3 b7b6 c4d5 c6c5 d4c5 d8d5 c5b6 d5b7 f3g5 e8g8 e2f3 b7a6 b6b7 f6d7 b7a8q
Warning; Bestmove does not match beginning of last PV - move f5d3 from SF_2000
Info; info depth 16 seldepth 22 multipv 1 score cp -689 nodes 225341 nps 1198622 hashfull 76 tbhits 0 time 188 pv e5d3 e2d3 f5d3 a8f3 b8d7 f3h3 d7f6 e3e4 d3b5 f2f4 h7h6 g5f3 b5e2
Position; fen rnbqkb1r/pp2pp1p/2p2np1/3p4/2PP4/5N2/PP1NPPPP/R1BQKB1R w KQkq - 0 1
Moves; e2e3 f8g7 f1e2 c8f5 d1b3 b7b6 c4d5 c6c5 d4c5 d8d5 c5b6 d5b7 f3g5 e8g8 e2f3 b7a6 b6b7 f6d7 b7a8q d7e5 f3e2
Warning; Bestmove does not match beginning of last PV - move a6b5 from SF_2000
Info; info depth 13 seldepth 22 multipv 1 score cp -805 nodes 118323 nps 924398 hashfull 37 tbhits 0 time 128 pv d3e2 f7e5 e7e6 a8b7 a6b7 b3b7 e2a6 b7b3 g8h8 e5f7 h8g8 f7g5 h7h6 f2f3
Position; fen rnbqkb1r/pp2pp1p/2p2np1/3p4/2PP4/5N2/PP1NPPPP/R1BQKB1R w KQkq - 0 1
Moves; e2e3 f8g7 f1e2 c8f5 d1b3 b7b6 c4d5 c6c5 d4c5 d8d5 c5b6 d5b7 f3g5 e8g8 e2f3 b7a6 b6b7 f6d7 b7a8q d7e5 f3e2 f5d3 g5f7
Warning; Bestmove does not match beginning of last PV - move d3c2 from SF_2000
Info; info depth 15 seldepth 26 multipv 1 score cp -986 nodes 182072 nps 1264388 hashfull 68 tbhits 0 time 144 pv d3f5 a1a7 f8d8 e2c4 g8f8 e5d7 f8e8 d7b8 f5d3 c4d3 d8d3
Position; fen rnbqkb1r/pp2pp1p/2p2np1/3p4/2PP4/5N2/PP1NPPPP/R1BQKB1R w KQkq - 0 1
Moves; e2e3 f8g7 f1e2 c8f5 d1b3 b7b6 c4d5 c6c5 d4c5 d8d5 c5b6 d5b7 f3g5 e8g8 e2f3 b7a6 b6b7 f6d7 b7a8q d7e5 f3e2 f5d3 g5f7 a6b5 f7e5 b5b3 a2b3
Warning; Bestmove does not match beginning of last PV - move e7e6 from SF_2000
Info; info depth 14 seldepth 28 multipv 1 score cp -1251 nodes 64605 nps 1345937 hashfull 21 tbhits 0 time 48 pv g8h8 e5f7 f8f7 d5f7 h7h5 a1a7 b8c6 f7e8 h8h7 e8c6 c2f5 a7e7 h7h6 e7g7 h6g7 c6c3 g7f7 c3c4
Position; fen rnbqkb1r/pp2pp1p/2p2np1/3p4/2PP4/5N2/PP1NPPPP/R1BQKB1R w KQkq - 0 1
Moves; e2e3 f8g7 f1e2 c8f5 d1b3 b7b6 c4d5 c6c5 d4c5 d8d5 c5b6 d5b7 f3g5 e8g8 e2f3 b7a6 b6b7 f6d7 b7a8q d7e5 f3e2 f5d3 g5f7 a6b5 f7e5 b5b3 a2b3 d3c2 a8d5
Finished game 1 (HiveChess vs SF_2000): 1-0 {White mates}
Started game 2 of 10 (SF_2000 vs HiveChess)
Warning; Bestmove does not match beginning of last PV - move b2b3 from SF_2000
Info; info depth 12 seldepth 20 multipv 1 score cp 31 nodes 153936 nps 353875 hashfull 63 tbhits 0 time 435 pv e2e3 c8f5 h2h3 f8g7 f1e2 e8g8 e1g1 f8e8 b2b3 h7h5 a2a4 b8d7 c1b2 e7e6 a4a5 f6e4 d2e4 f5e4
Position; fen rnbqkb1r/pp2pp1p/2p2np1/3p4/2PP4/5N2/PP1NPPPP/R1BQKB1R w KQkq - 0 1
Moves; 
Warning; Bestmove does not match beginning of last PV - move a2a3 from SF_2000
Info; info depth 10 seldepth 13 multipv 1 score cp 28 nodes 25673 nps 420868 hashfull 6 tbhits 0 time 61 pv c1b2 b8d7 e2e3 h7h5 f1e2 a7a6 f3e5
Position; fen rnbqkb1r/pp2pp1p/2p2np1/3p4/2PP4/5N2/PP1NPPPP/R1BQKB1R w KQkq - 0 1
Moves; b2b3 c8f5
Warning; Bestmove does not match beginning of last PV - move h2h3 from SF_2000
Info; info depth 12 seldepth 19 multipv 1 score cp -6 nodes 147054 nps 374183 hashfull 45 tbhits 0 time 393 pv c1b2 h7h5 g2g3 e7e6 f1g2 f8g7 e1g1 a7a5 f3h4
Position; fen rnbqkb1r/pp2pp1p/2p2np1/3p4/2PP4/5N2/PP1NPPPP/R1BQKB1R w KQkq - 0 1
Moves; b2b3 c8f5 a2a3 b8d7
Warning; Bestmove does not match beginning of last PV - move e2e3 from SF_2000
Info; info depth 12 seldepth 22 multipv 1 score cp -4 nodes 125512 nps 362751 hashfull 43 tbhits 0 time 346 pv c1b2 h6h5 b3b4 a7a6 e2e3 e7e6 c4c5 f8h6 f1e2 g6g5 f3e5 h6g7 e2d3 d7e5
Position; fen rnbqkb1r/pp2pp1p/2p2np1/3p4/2PP4/5N2/PP1NPPPP/R1BQKB1R w KQkq - 0 1
Moves; b2b3 c8f5 a2a3 b8d7 h2h3 h7h6
Warning; Bestmove does not match beginning of last PV - move c4c5 from SF_2000
Info; info depth 10 seldepth 10 multipv 1 score cp 10 nodes 20925 nps 387500 hashfull 6 tbhits 0 time 54 pv g2g4 f5e4 c1b2 f8d6 h1g1 g6g5 d2e4 f6e4
Position; fen rnbqkb1r/pp2pp1p/2p2np1/3p4/2PP4/5N2/PP1NPPPP/R1BQKB1R w KQkq - 0 1
Moves; b2b3 c8f5 a2a3 b8d7 h2h3 h7h6 e2e3 e7e6
Warning; Bestmove does not match beginning of last PV - move f1e2 from SF_2000
Info; info depth 12 seldepth 20 multipv 1 score cp -9 nodes 125912 nps 392249 hashfull 33 tbhits 0 time 321 pv b3b4 h8g8 c1b2 d8c7 d1b3 h6h5 f1d3 g5g4
Position; fen rnbqkb1r/pp2pp1p/2p2np1/3p4/2PP4/5N2/PP1NPPPP/R1BQKB1R w KQkq - 0 1
Moves; b2b3 c8f5 a2a3 b8d7 h2h3 h7h6 e2e3 e7e6 c4c5 g6g5
Warning; Bestmove does not match beginning of last PV - move c1b2 from SF_2000
Info; info depth 13 seldepth 21 multipv 1 score cp 137 nodes 85002 nps 381174 hashfull 27 tbhits 0 time 223 pv b4b5 d7b8 f3e5 f6e4 d2e4 f5e4 f2f3 g7e5 d4e5 e4g6
Position; fen rnbqkb1r/pp2pp1p/2p2np1/3p4/2PP4/5N2/PP1NPPPP/R1BQKB1R w KQkq - 0 1
Moves; b2b3 c8f5 a2a3 b8d7 h2h3 h7h6 e2e3 e7e6 c4c5 g6g5 f1e2 d8e7 b3b4 f8g7 a3a4 e8c8
Warning; Bestmove does not match beginning of last PV - move g2g4 from SF_2000
Info; info depth 12 seldepth 15 multipv 1 score cp 273 nodes 35003 nps 336567 hashfull 5 tbhits 0 time 104 pv b2a3 e7c7 a3c5 e6e5 a1c1 e5d4 b5c6 d4d3 e2g4 f5g4 d1g4 c7c6
Position; fen rnbqkb1r/pp2pp1p/2p2np1/3p4/2PP4/5N2/PP1NPPPP/R1BQKB1R w KQkq - 0 1
Moves; b2b3 c8f5 a2a3 b8d7 h2h3 h7h6 e2e3 e7e6 c4c5 g6g5 f1e2 d8e7 b3b4 f8g7 a3a4 e8c8 c1b2 f6e4 d2e4 d5e4 f3d2 c8b8 b4b5 d7c5
Warning; Bestmove does not match beginning of last PV - move b5c6 from SF_2000
Info; info depth 11 seldepth 11 multipv 1 score cp 203 nodes 39655 nps 363807 hashfull 15 tbhits 0 time 109 pv b2a3 g7d4 e3d4 d8d4 d1c1 e4e3 d2f3 e3f2 e1f2 d4d5
Position; fen rnbqkb1r/pp2pp1p/2p2np1/3p4/2PP4/5N2/PP1NPPPP/R1BQKB1R w KQkq - 0 1
Moves; b2b3 c8f5 a2a3 b8d7 h2h3 h7h6 e2e3 e7e6 c4c5 g6g5 f1e2 d8e7 b3b4 f8g7 a3a4 e8c8 c1b2 f6e4 d2e4 d5e4 f3d2 c8b8 b4b5 d7c5 g2g4 f5g6
Warning; Bestmove does not match beginning of last PV - move d1b3 from SF_2000
Info; info depth 11 seldepth 24 multipv 1 score cp 100 nodes 64418 nps 590990 hashfull 15 tbhits 0 time 109 pv b2a3 e7c7 c6b7 c7c2 d1f3 g7f8 a1c1 f8a3 c1c2 d3c2 e1e2 c2c1r h1c1 a3c1 d2c4 d8d5 e2d1 g6d3 f3g3 b8b7 c4d6 b7c6
Position; fen rnbqkb1r/pp2pp1p/2p2np1/3p4/2PP4/5N2/PP1NPPPP/R1BQKB1R w KQkq - 0 1
Moves; b2b3 c8f5 a2a3 b8d7 h2h3 h7h6 e2e3 e7e6 c4c5 g6g5 f1e2 d8e7 b3b4 f8g7 a3a4 e8c8 c1b2 f6e4 d2e4 d5e4 f3d2 c8b8 b4b5 d7c5 g2g4 f5g6 b5c6 c5d3 e2d3 e4d3
Warning; Bestmove does not match beginning of last PV - move c6b7 from SF_2000
Info; info depth 12 seldepth 16 multipv 1 score cp 59 nodes 51022 nps 671342 hashfull 6 tbhits 0 time 76 pv b2a3 e7c7 b3b7 c7b7 c6b7 a8b7 d2c4 b7a8 e1d2
Position; fen rnbqkb1r/pp2pp1p/2p2np1/3p4/2PP4/5N2/PP1NPPPP/R1BQKB1R w KQkq - 0 1
Moves; b2b3 c8f5 a2a3 b8d7 h2h3 h7h6 e2e3 e7e6 c4c5 g6g5 f1e2 d8e7 b3b4 f8g7 a3a4 e8c8 c1b2 f6e4 d2e4 d5e4 f3d2 c8b8 b4b5 d7c5 g2g4 f5g6 b5c6 c5d3 e2d3 e4d3 d1b3 b8a8
Warning; Bestmove does not match beginning of last PV - move c4a3 from SF_2000
Info; info depth 8 seldepth 20 multipv 1 score cp -7 nodes 16072 nps 365272 hashfull 3 tbhits 0 time 44 pv a1c1 b7a8 e1d2 d8b8 b2a3 h8c8
Position; fen rnbqkb1r/pp2pp1p/2p2np1/3p4/2PP4/5N2/PP1NPPPP/R1BQKB1R w KQkq - 0 1
Moves; b2b3 c8f5 a2a3 b8d7 h2h3 h7h6 e2e3 e7e6 c4c5 g6g5 f1e2 d8e7 b3b4 f8g7 a3a4 e8c8 c1b2 f6e4 d2e4 d5e4 f3d2 c8b8 b4b5 d7c5 g2g4 f5g6 b5c6 c5d3 e2d3 e4d3 d1b3 b8a8 c6b7 e7b7 b3b7 a8b7 d2c4 g6e4 h1f1 e4d5
Warning; Bestmove does not match beginning of last PV - move e1d2 from SF_2000
Info; info depth 10 seldepth 27 multipv 1 score cp 19 nodes 19185 nps 532916 hashfull 4 tbhits 0 time 36 pv f1g1 g2d5 e1d2 h6h5 d2d3 h5g4 h3g4 h8h2 a3b5 d5f3 a1f1 e6e5 b2a3 e5d4 b5d4 b7a8
Position; fen rnbqkb1r/pp2pp1p/2p2np1/3p4/2PP4/5N2/PP1NPPPP/R1BQKB1R w KQkq - 0 1
Moves; b2b3 c8f5 a2a3 b8d7 h2h3 h7h6 e2e3 e7e6 c4c5 g6g5 f1e2 d8e7 b3b4 f8g7 a3a4 e8c8 c1b2 f6e4 d2e4 d5e4 f3d2 c8b8 b4b5 d7c5 g2g4 f5g6 b5c6 c5d3 e2d3 e4d3 d1b3 b8a8 c6b7 e7b7 b3b7 a8b7 d2c4 g6e4 h1f1 e4d5 c4a3 d5g2
Warning; Bestmove does not match beginning of last PV - move b2c3 from SF_2000
Info; info depth 10 seldepth 12 multipv 1 score cp 251 nodes 14567 nps 856882 hashfull 4 tbhits 0 time 17 pv b2a1 b7a8 a3b5 d8d7 b5c7 d7c7 c1c7 h8b8 b1b8 a8b8 c7f7
Position; fen rnbqkb1r/pp2pp1p/2p2np1/3p4/2PP4/5N2/PP1NPPPP/R1BQKB1R w KQkq - 0 1
Moves; b2b3 c8f5 a2a3 b8d7 h2h3 h7h6 e2e3 e7e6 c4c5 g6g5 f1e2 d8e7 b3b4 f8g7 a3a4 e8c8 c1b2 f6e4 d2e4 d5e4 f3d2 c8b8 b4b5 d7c5 g2g4 f5g6 b5c6 c5d3 e2d3 e4d3 d1b3 b8a8 c6b7 e7b7 b3b7 a8b7 d2c4 g6e4 h1f1 e4d5 c4a3 d5g2 e1d2 g2h3 f1c1 h3g4 a1b1 g4f5
Warning; Bestmove does not match beginning of last PV - move c5d4 from SF_2000
Info; info depth 15 seldepth 2 multipv 1 score mate 1 nodes 6523 nps 1087166 hashfull 1 tbhits 0 time 6 pv c7a7
Position; fen rnbqkb1r/pp2pp1p/2p2np1/3p4/2PP4/5N2/PP1NPPPP/R1BQKB1R w KQkq - 0 1
Moves; b2b3 c8f5 a2a3 b8d7 h2h3 h7h6 e2e3 e7e6 c4c5 g6g5 f1e2 d8e7 b3b4 f8g7 a3a4 e8c8 c1b2 f6e4 d2e4 d5e4 f3d2 c8b8 b4b5 d7c5 g2g4 f5g6 b5c6 c5d3 e2d3 e4d3 d1b3 b8a8 c6b7 e7b7 b3b7 a8b7 d2c4 g6e4 h1f1 e4d5 c4a3 d5g2 e1d2 g2h3 f1c1 h3g4 a1b1 g4f5 b2c3 b7a8 a3b5 d8d7 c3b2 a8b8 b2a3 b8a8 b5c7 d7c7 c1c7 a7a5 a3c5 g7d4
Warning; Bestmove does not match beginning of last PV - move d4c5 from SF_2000
Info; info depth 69 seldepth 2 multipv 1 score mate 1 nodes 18627 nps 3725400 hashfull 55 tbhits 0 time 5 pv c7a7
Position; fen rnbqkb1r/pp2pp1p/2p2np1/3p4/2PP4/5N2/PP1NPPPP/R1BQKB1R w KQkq - 0 1
Moves; b2b3 c8f5 a2a3 b8d7 h2h3 h7h6 e2e3 e7e6 c4c5 g6g5 f1e2 d8e7 b3b4 f8g7 a3a4 e8c8 c1b2 f6e4 d2e4 d5e4 f3d2 c8b8 b4b5 d7c5 g2g4 f5g6 b5c6 c5d3 e2d3 e4d3 d1b3 b8a8 c6b7 e7b7 b3b7 a8b7 d2c4 g6e4 h1f1 e4d5 c4a3 d5g2 e1d2 g2h3 f1c1 h3g4 a1b1 g4f5 b2c3 b7a8 a3b5 d8d7 c3b2 a8b8 b2a3 b8a8 b5c7 d7c7 c1c7 a7a5 a3c5 g7d4 c5d4 h8d8
Warning; Bestmove does not match beginning of last PV - move e3e4 from SF_2000
Info; info depth 103 seldepth 2 multipv 1 score mate 1 nodes 23499 nps 3916500 hashfull 5 tbhits 0 time 6 pv c7a7
Position; fen rnbqkb1r/pp2pp1p/2p2np1/3p4/2PP4/5N2/PP1NPPPP/R1BQKB1R w KQkq - 0 1
Moves; b2b3 c8f5 a2a3 b8d7 h2h3 h7h6 e2e3 e7e6 c4c5 g6g5 f1e2 d8e7 b3b4 f8g7 a3a4 e8c8 c1b2 f6e4 d2e4 d5e4 f3d2 c8b8 b4b5 d7c5 g2g4 f5g6 b5c6 c5d3 e2d3 e4d3 d1b3 b8a8 c6b7 e7b7 b3b7 a8b7 d2c4 g6e4 h1f1 e4d5 c4a3 d5g2 e1d2 g2h3 f1c1 h3g4 a1b1 g4f5 b2c3 b7a8 a3b5 d8d7 c3b2 a8b8 b2a3 b8a8 b5c7 d7c7 c1c7 a7a5 a3c5 g7d4 c5d4 h8d8 d4c5 g5g4
Finished game 2 (SF_2000 vs HiveChess): 1-0 {White mates}
Started game 3 of 10 (HiveChess vs SF_2100)
Warning; Bestmove does not match beginning of last PV - move b8d7 from SF_2100
Info; info depth 13 seldepth 13 multipv 1 score cp -33 nodes 114222 nps 437632 hashfull 35 tbhits 0 time 261 pv f8g7 f1e2 e8g8 e1g1 c8f5 h2h3 b8a6 a2a3 f6e4 d1b3
Position; fen rnbqkb1r/pp2pp1p/2p2np1/3p4/2PP4/5N2/PP1NPPPP/R1BQKB1R w KQkq - 0 1
Moves; e2e3
Warning; Bestmove does not match beginning of last PV - move b7b6 from SF_2100
Info; info depth 12 seldepth 20 multipv 1 score cp -20 nodes 119449 nps 454178 hashfull 37 tbhits 0 time 263 pv e8g8 f1e1 d8c7 e3e4 e7e5 f3e5 d7e5 d4e5 f6e4 c4d5 c6d5 d2e4 d5e4 d3e4 c7e5
Position; fen rnbqkb1r/pp2pp1p/2p2np1/3p4/2PP4/5N2/PP1NPPPP/R1BQKB1R w KQkq - 0 1
Moves; e2e3 b8d7 f1d3 f8g7 e1g1
Warning; Bestmove does not match beginning of last PV - move d8c7 from SF_2100
Info; info depth 10 seldepth 14 multipv 1 score cp -19 nodes 77074 nps 442954 hashfull 25 tbhits 0 time 174 pv e8g8 f1e1 c8b7 e3e4 e7e5 f3e5 d7e5 d4e5 f6g4
Position; fen rnbqkb1r/pp2pp1p/2p2np1/3p4/2PP4/5N2/PP1NPPPP/R1BQKB1R w KQkq - 0 1
Moves; e2e3 b8d7 f1d3 f8g7 e1g1 b7b6 d1b3
Warning; Bestmove does not match beginning of last PV - move f6e4 from SF_2100
Info; info depth 12 seldepth 19 multipv 1 score cp -38 nodes 83034 nps 456230 hashfull 26 tbhits 0 time 182 pv d5e4 d2e4 e8g8 c1g5 c8b7 f1e1 e7e6 g5h4 c6c5 d4d5 f6e4 d3e4 e6d5 e4d5
Position; fen rnbqkb1r/pp2pp1p/2p2np1/3p4/2PP4/5N2/PP1NPPPP/R1BQKB1R w KQkq - 0 1
Moves; e2e3 b8d7 f1d3 f8g7 e1g1 b7b6 d1b3 d8c7 e3e4
Warning; Bestmove does not match beginning of last PV - move e4f6 from SF_2100
Info; info depth 12 seldepth 19 multipv 1 score cp -21 nodes 105618 nps 422472 hashfull 27 tbhits 0 time 250 pv c6d5 d2e4 d5e4 d3e4 c8b7 e4b7 c7b7
Position; fen rnbqkb1r/pp2pp1p/2p2np1/3p4/2PP4/5N2/PP1NPPPP/R1BQKB1R w KQkq - 0 1
Moves; e2e3 b8d7 f1d3 f8g7 e1g1 b7b6 d1b3 d8c7 e3e4 f6e4 c4d5
Warning; Bestmove does not match beginning of last PV - move c7c6 from SF_2100
Info; info depth 13 seldepth 19 multipv 1 score cp -193 nodes 96839 nps 590481 hashfull 37 tbhits 0 time 164 pv d7b8 d2e4 b8c6 e4f6 g7f6 c1h6 c6a5 b3a3 c7d6 a3d6 e7d6 a1e1 c8e6
Position; fen rnbqkb1r/pp2pp1p/2p2np1/3p4/2PP4/5N2/PP1NPPPP/R1BQKB1R w KQkq - 0 1
Moves; e2e3 b8d7 f1d3 f8g7 e1g1 b7b6 d1b3 d8c7 e3e4 f6e4 c4d5 e4f6 d5c6
Warning; Bestmove does not match beginning of last PV - move e8g8 from SF_2100
Info; info depth 15 seldepth 26 multipv 1 score cp -334 nodes 157542 nps 526896 hashfull 59 tbhits 0 time 299 pv f6d7 d3e4 c6c7 e4a8 e8g8 e5e6 d7c5 e6f7 f8f7 b3d1 c8a6 d2e4 e7e6 e4c5 b6c5 c1e3 f7d7 d1f3 a6d3
Position; fen rnbqkb1r/pp2pp1p/2p2np1/3p4/2PP4/5N2/PP1NPPPP/R1BQKB1R w KQkq - 0 1
Moves; e2e3 b8d7 f1d3 f8g7 e1g1 b7b6 d1b3 d8c7 e3e4 f6e4 c4d5 e4f6 d5c6 c7c6 f3e5 d7e5 d4e5
Warning; Bestmove does not match beginning of last PV - move f8d8 from SF_2100
Info; info depth 14 seldepth 17 multipv 1 score cp -362 nodes 117823 nps 892598 hashfull 43 tbhits 0 time 132 pv c6f6 f1e1 c8e6 d3c4 e6c4 b3c4 a8c8
Position; fen rnbqkb1r/pp2pp1p/2p2np1/3p4/2PP4/5N2/PP1NPPPP/R1BQKB1R w KQkq - 0 1
Moves; e2e3 b8d7 f1d3 f8g7 e1g1 b7b6 d1b3 d8c7 e3e4 f6e4 c4d5 e4f6 d5c6 c7c6 f3e5 d7e5 d4e5 e8g8 e5f6
Warning; Bestmove does not match beginning of last PV - move c8b7 from SF_2100
Info; info depth 15 seldepth 21 multipv 1 score cp -518 nodes 220220 nps 856887 hashfull 83 tbhits 0 time 257 pv c8e6 d3e4 c6c5 b3f3 a8c8 d2b3 c5e5 c1h6 e5b2 a1d1
Position; fen rnbqkb1r/pp2pp1p/2p2np1/3p4/2PP4/5N2/PP1NPPPP/R1BQKB1R w KQkq - 0 1
Moves; e2e3 b8d7 f1d3 f8g7 e1g1 b7b6 d1b3 d8c7 e3e4 f6e4 c4d5 e4f6 d5c6 c7c6 f3e5 d7e5 d4e5 e8g8 e5f6 f8d8 f6g7
Warning; Bestmove does not match beginning of last PV - move c6f3 from SF_2100
Info; info depth 15 seldepth 16 multipv 1 score cp -512 nodes 158340 nps 733055 hashfull 58 tbhits 0 time 216 pv d8d5 f1e1 a8d8 d3e2 d5h5 b3c3 c6e4 c1h6 h5h6 a1d1 d8d1 e2d1
Position; fen rnbqkb1r/pp2pp1p/2p2np1/3p4/2PP4/5N2/PP1NPPPP/R1BQKB1R w KQkq - 0 1
Moves; e2e3 b8d7 f1d3 f8g7 e1g1 b7b6 d1b3 d8c7 e3e4 f6e4 c4d5 e4f6 d5c6 c7c6 f3e5 d7e5 d4e5 e8g8 e5f6 f8d8 f6g7 c8b7 d2f3
Warning; Bestmove does not match beginning of last PV - move d8d4 from SF_2100
Info; info depth 14 seldepth 21 multipv 1 score cp -641 nodes 110323 nps 586824 hashfull 48 tbhits 0 time 188 pv b7f3 d3e4 f3e4 b3g3 d8d3 f2f3 e4f5 c1h6 a8d8
Position; fen rnbqkb1r/pp2pp1p/2p2np1/3p4/2PP4/5N2/PP1NPPPP/R1BQKB1R w KQkq - 0 1
Moves; e2e3 b8d7 f1d3 f8g7 e1g1 b7b6 d1b3 d8c7 e3e4 f6e4 c4d5 e4f6 d5c6 c7c6 f3e5 d7e5 d4e5 e8g8 e5f6 f8d8 f6g7 c8b7 d2f3 c6f3 g2f3
Warning; Bestmove does not match beginning of last PV - move a8d8 from SF_2100
Info; info depth 15 seldepth 21 multipv 1 score cp -697 nodes 249486 nps 1549602 hashfull 85 tbhits 0 time 161 pv d4h4 d3e2 h4h5 f1d1 a8e8 a1c1 g6g5 d1d7 b7a8 b3d1 g5g4 f3g4 h5h3
Position; fen rnbqkb1r/pp2pp1p/2p2np1/3p4/2PP4/5N2/PP1NPPPP/R1BQKB1R w KQkq - 0 1
Moves; e2e3 b8d7 f1d3 f8g7 e1g1 b7b6 d1b3 d8c7 e3e4 f6e4 c4d5 e4f6 d5c6 c7c6 f3e5 d7e5 d4e5 e8g8 e5f6 f8d8 f6g7 c8b7 d2f3 c6f3 g2f3 d8d4 c1e3
Warning; Bestmove does not match beginning of last PV - move d8d4 from SF_2100
Info; info depth 14 seldepth 25 multipv 1 score cp -743 nodes 232072 nps 1657657 hashfull 74 tbhits 0 time 140 pv b7d5 d3e2 d5b3 d4e3 b3e6 a1d1 d8c8
Position; fen rnbqkb1r/pp2pp1p/2p2np1/3p4/2PP4/5N2/PP1NPPPP/R1BQKB1R w KQkq - 0 1
Moves; e2e3 b8d7 f1d3 f8g7 e1g1 b7b6 d1b3 d8c7 e3e4 f6e4 c4d5 e4f6 d5c6 c7c6 f3e5 d7e5 d4e5 e8g8 e5f6 f8d8 f6g7 c8b7 d2f3 c6f3 g2f3 d8d4 c1e3 a8d8 e3d4
Warning; Bestmove does not match beginning of last PV - move b7f3 from SF_2100
Info; info depth 15 seldepth 20 multipv 1 score cp -732 nodes 99023 nps 1707293 hashfull 30 tbhits 0 time 58 pv b7d5 b3d1 g8g7 d3e4 d4d1 e1d1 d5e6 e4d5 e6d5 d1d5 f7f6
Position; fen rnbqkb1r/pp2pp1p/2p2np1/3p4/2PP4/5N2/PP1NPPPP/R1BQKB1R w KQkq - 0 1
Moves; e2e3 b8d7 f1d3 f8g7 e1g1 b7b6 d1b3 d8c7 e3e4 f6e4 c4d5 e4f6 d5c6 c7c6 f3e5 d7e5 d4e5 e8g8 e5f6 f8d8 f6g7 c8b7 d2f3 c6f3 g2f3 d8d4 c1e3 a8d8 e3d4 d8d4 f1e1
Warning; Bestmove does not match beginning of last PV - move f3d5 from SF_2100
Info; info depth 12 seldepth 17 multipv 1 score cp -775 nodes 93383 nps 1761943 hashfull 31 tbhits 0 time 53 pv d4d5 b3d5 f3d5 e7e8 g8g7 d3e2 d5e6 e8d8 a7a5 f2f3 e6h3 d8d2 h3e6
Position; fen rnbqkb1r/pp2pp1p/2p2np1/3p4/2PP4/5N2/PP1NPPPP/R1BQKB1R w KQkq - 0 1
Moves; e2e3 b8d7 f1d3 f8g7 e1g1 b7b6 d1b3 d8c7 e3e4 f6e4 c4d5 e4f6 d5c6 c7c6 f3e5 d7e5 d4e5 e8g8 e5f6 f8d8 f6g7 c8b7 d2f3 c6f3 g2f3 d8d4 c1e3 a8d8 e3d4 d8d4 f1e1 b7f3 e1e7
Warning; Bestmove does not match beginning of last PV - move f7f5 from SF_2100
Info; info depth 13 seldepth 19 multipv 1 score cp -1146 nodes 108191 nps 1931982 hashfull 34 tbhits 0 time 56 pv d5e6 c3d4 g7h6 d4b4 a7a5 b4f8 h6g5 f8g7 g5h5 d3e2 e6g4
Position; fen rnbqkb1r/pp2pp1p/2p2np1/3p4/2PP4/5N2/PP1NPPPP/R1BQKB1R w KQkq - 0 1
Moves; e2e3 b8d7 f1d3 f8g7 e1g1 b7b6 d1b3 d8c7 e3e4 f6e4 c4d5 e4f6 d5c6 c7c6 f3e5 d7e5 d4e5 e8g8 e5f6 f8d8 f6g7 c8b7 d2f3 c6f3 g2f3 d8d4 c1e3 a8d8 e3d4 d8d4 f1e1 b7f3 e1e7 f3d5 e7e8 g8g7 b3c3
Warning; Bestmove does not match beginning of last PV - move g7f7 from SF_2100
Info; info depth 30 seldepth 9 multipv 1 score mate -4 nodes 10009 nps 2502250 hashfull 2 tbhits 0 time 4 pv g7h6 e8e7 h6g5 h2h4 g5h6 d4f4 g6g5 f4g5
Position; fen rnbqkb1r/pp2pp1p/2p2np1/3p4/2PP4/5N2/PP1NPPPP/R1BQKB1R w KQkq - 0 1
Moves; e2e3 b8d7 f1d3 f8g7 e1g1 b7b6 d1b3 d8c7 e3e4 f6e4 c4d5 e4f6 d5c6 c7c6 f3e5 d7e5 d4e5 e8g8 e5f6 f8d8 f6g7 c8b7 d2f3 c6f3 g2f3 d8d4 c1e3 a8d8 e3d4 d8d4 f1e1 b7f3 e1e7 f3d5 e7e8 g8g7 b3c3 f7f5 c3d4 g7f7 d4d5 f7g7 d5d4
Warning; Bestmove does not match beginning of last PV - move f7e6 from SF_2100
Info; info depth 203 seldepth 5 multipv 1 score mate -2 nodes 28328 nps 4721333 hashfull 0 tbhits 0 time 6 pv f7f8 d4f6 f8g8 d3c4
Position; fen rnbqkb1r/pp2pp1p/2p2np1/3p4/2PP4/5N2/PP1NPPPP/R1BQKB1R w KQkq - 0 1
Moves; e2e3 b8d7 f1d3 f8g7 e1g1 b7b6 d1b3 d8c7 e3e4 f6e4 c4d5 e4f6 d5c6 c7c6 f3e5 d7e5 d4e5 e8g8 e5f6 f8d8 f6g7 c8b7 d2f3 c6f3 g2f3 d8d4 c1e3 a8d8 e3d4 d8d4 f1e1 b7f3 e1e7 f3d5 e7e8 g8g7 b3c3 f7f5 c3d4 g7f7 d4d5 f7g7 d5d4 g7f7 e8f8
Finished game 3 (HiveChess vs SF_2100): 1-0 {White mates}
Started game 4 of 10 (SF_2100 vs HiveChess)
Warning; Bestmove does not match beginning of last PV - move b2b3 from SF_2100
Info; info depth 12 seldepth 20 multipv 1 score cp 31 nodes 177332 nps 407659 hashfull 69 tbhits 0 time 435 pv e2e3 c8f5 h2h3 f8g7 f1e2 e8g8 e1g1 f8e8 b2b3 h7h5 a2a4 b8d7 c1b2 e7e6 a4a5 f6e4 d2e4 f5e4
Position; fen rnbqkb1r/pp2pp1p/2p2np1/3p4/2PP4/5N2/PP1NPPPP/R1BQKB1R w KQkq - 0 1
Moves; 
Warning; Bestmove does not match beginning of last PV - move e2e3 from SF_2100
Info; info depth 11 seldepth 22 multipv 1 score cp 18 nodes 90828 nps 447428 hashfull 28 tbhits 0 time 203 pv c1b2 b8d7 g2g3 f8g7 f1g2 a7a5 f3h4 f5e6 a2a4 e8g8
Position; fen rnbqkb1r/pp2pp1p/2p2np1/3p4/2PP4/5N2/PP1NPPPP/R1BQKB1R w KQkq - 0 1
Moves; b2b3 c8f5
Warning; Bestmove does not match beginning of last PV - move f1e2 from SF_2100
Info; info depth 11 seldepth 20 multipv 1 score cp -3 nodes 93971 nps 419513 hashfull 28 tbhits 0 time 224 pv c1b2 e7e6 f1e2 h7h5 e1g1 f8d6 c4c5 d6c7 b3b4 a7a6
Position; fen rnbqkb1r/pp2pp1p/2p2np1/3p4/2PP4/5N2/PP1NPPPP/R1BQKB1R w KQkq - 0 1
Moves; b2b3 c8f5 e2e3 b8d7
Warning; Bestmove does not match beginning of last PV - move e1g1 from SF_2100
Info; info depth 12 seldepth 24 multipv 1 score cp -5 nodes 76017 nps 481120 hashfull 25 tbhits 0 time 158 pv c1b2 h7h5 f3e5 g6g5 e1g1 g5g4 c4d5 e6d5 e2d3 f5d3 e5d3
Position; fen rnbqkb1r/pp2pp1p/2p2np1/3p4/2PP4/5N2/PP1NPPPP/R1BQKB1R w KQkq - 0 1
Moves; b2b3 c8f5 e2e3 b8d7 f1e2 e7e6
Warning; Bestmove does not match beginning of last PV - move a2a4 from SF_2100
Info; info depth 13 seldepth 15 multipv 1 score cp 25 nodes 104253 nps 436205 hashfull 27 tbhits 0 time 239 pv a2a3 b4d6 b3b4 a7a6 c1b2 h7h5 d1b3 f6e4 d2e4 f5e4
Position; fen rnbqkb1r/pp2pp1p/2p2np1/3p4/2PP4/5N2/PP1NPPPP/R1BQKB1R w KQkq - 0 1
Moves; b2b3 c8f5 e2e3 b8d7 f1e2 e7e6 e1g1 f8b4
Warning; Bestmove does not match beginning of last PV - move d1c1 from SF_2100
Info; info depth 12 seldepth 19 multipv 1 score cp 12 nodes 85399 nps 402825 hashfull 29 tbhits 0 time 212 pv a3a2 a7a5 d1a1 h7h5 h2h3 g8h8 f3g5 h8g8 f1d1
Position; fen rnbqkb1r/pp2pp1p/2p2np1/3p4/2PP4/5N2/PP1NPPPP/R1BQKB1R w KQkq - 0 1
Moves; b2b3 c8f5 e2e3 b8d7 f1e2 e7e6 e1g1 f8b4 a2a4 e8g8 c1a3 b4a3 a1a3 d8e7
Warning; Bestmove does not match beginning of last PV - move f3e5 from SF_2100
Info; info depth 13 seldepth 25 multipv 1 score cp 3 nodes 151184 nps 503946 hashfull 38 tbhits 0 time 300 pv d4e5 d7e5 f3e5 e7e5 d2f3 e5e7 c4d5 f6d5 a3a2 a8d8 a2d2 d5b4 f1d1 d8d2 d1d2 a7a5
Position; fen rnbqkb1r/pp2pp1p/2p2np1/3p4/2PP4/5N2/PP1NPPPP/R1BQKB1R w KQkq - 0 1
Moves; b2b3 c8f5 e2e3 b8d7 f1e2 e7e6 e1g1 f8b4 a2a4 e8g8 c1a3 b4a3 a1a3 d8e7 d1c1 e6e5
Warning; Bestmove does not match beginning of last PV - move a3a2 from SF_2100
Info; info depth 12 seldepth 18 multipv 1 score cp 6 nodes 67532 nps 519476 hashfull 17 tbhits 0 time 130 pv f3d4 f5d7 c4d5 c6c5 d4b5 f6d5 a3a2 a7a6 b5c3 d7e6 c3e4
Position; fen rnbqkb1r/pp2pp1p/2p2np1/3p4/2PP4/5N2/PP1NPPPP/R1BQKB1R w KQkq - 0 1
Moves; b2b3 c8f5 e2e3 b8d7 f1e2 e7e6 e1g1 f8b4 a2a4 e8g8 c1a3 b4a3 a1a3 d8e7 d1c1 e6e5 f3e5 d7e5 d4e5 e7e5 d2f3 e5e7
Warning; Bestmove does not match beginning of last PV - move c1c4 from SF_2100
Info; info depth 12 seldepth 14 multipv 1 score cp -22 nodes 93064 nps 479711 hashfull 29 tbhits 0 time 194 pv e2c4 a8d8 a2b2 f5e4 f3d4 c6c5 d4e2 d8d7 b2d2 d7d2 c1d2 f8d8 d2c3
Position; fen rnbqkb1r/pp2pp1p/2p2np1/3p4/2PP4/5N2/PP1NPPPP/R1BQKB1R w KQkq - 0 1
Moves; b2b3 c8f5 e2e3 b8d7 f1e2 e7e6 e1g1 f8b4 a2a4 e8g8 c1a3 b4a3 a1a3 d8e7 d1c1 e6e5 f3e5 d7e5 d4e5 e7e5 d2f3 e5e7 a3a2 d5c4
Warning; Bestmove does not match beginning of last PV - move c2c1 from SF_2100
Info; info depth 9 seldepth 11 multipv 1 score cp -15 nodes 31153 nps 486765 hashfull 7 tbhits 0 time 64 pv a2a1 a8d8 f1d1 f8e8 c2b2 d5b4 b2c3
Position; fen rnbqkb1r/pp2pp1p/2p2np1/3p4/2PP4/5N2/PP1NPPPP/R1BQKB1R w KQkq - 0 1
Moves; b2b3 c8f5 e2e3 b8d7 f1e2 e7e6 e1g1 f8b4 a2a4 e8g8 c1a3 b4a3 a1a3 d8e7 d1c1 e6e5 f3e5 d7e5 d4e5 e7e5 d2f3 e5e7 a3a2 d5c4 c1c4 f5e6 c4c2 f6d5
Warning; Bestmove does not match beginning of last PV - move a2b2 from SF_2100
Info; info depth 8 seldepth 15 multipv 1 score cp -3 nodes 30535 nps 508916 hashfull 5 tbhits 0 time 60 pv a2c2 b4b3 a4a5 d5b4
Position; fen rnbqkb1r/pp2pp1p/2p2np1/3p4/2PP4/5N2/PP1NPPPP/R1BQKB1R w KQkq - 0 1
Moves; b2b3 c8f5 e2e3 b8d7 f1e2 e7e6 e1g1 f8b4 a2a4 e8g8 c1a3 b4a3 a1a3 d8e7 d1c1 e6e5 f3e5 d7e5 d4e5 e7e5 d2f3 e5e7 a3a2 d5c4 c1c4 f5e6 c4c2 f6d5 c2c1 e7b4
Warning; Bestmove does not match beginning of last PV - move e2c4 from SF_2100
Info; info depth 10 seldepth 16 multipv 1 score cp 88 nodes 51495 nps 330096 hashfull 19 tbhits 0 time 156 pv d4f5 g6f5 e2d3 d5e7 c1c2 b4g4 h2h3
Position; fen rnbqkb1r/pp2pp1p/2p2np1/3p4/2PP4/5N2/PP1NPPPP/R1BQKB1R w KQkq - 0 1
Moves; b2b3 c8f5 e2e3 b8d7 f1e2 e7e6 e1g1 f8b4 a2a4 e8g8 c1a3 b4a3 a1a3 d8e7 d1c1 e6e5 f3e5 d7e5 d4e5 e7e5 d2f3 e5e7 a3a2 d5c4 c1c4 f5e6 c4c2 f6d5 c2c1 e7b4 a2b2 e6f5 f3d4 f8e8
Warning; Bestmove does not match beginning of last PV - move c1e1 from SF_2100
Info; info depth 8 seldepth 11 multipv 1 score cp 67 nodes 18739 nps 535400 hashfull 3 tbhits 0 time 35 pv f2f3 e4f5 e3e4 f5c8 f1d1 d5b6 c4f1 a7a5
Position; fen rnbqkb1r/pp2pp1p/2p2np1/3p4/2PP4/5N2/PP1NPPPP/R1BQKB1R w KQkq - 0 1
Moves; b2b3 c8f5 e2e3 b8d7 f1e2 e7e6 e1g1 f8b4 a2a4 e8g8 c1a3 b4a3 a1a3 d8e7 d1c1 e6e5 f3e5 d7e5 d4e5 e7e5 d2f3 e5e7 a3a2 d5c4 c1c4 f5e6 c4c2 f6d5 c2c1 e7b4 a2b2 e6f5 f3d4 f8e8 e2c4 f5e4
Warning; Bestmove does not match beginning of last PV - move d4e2 from SF_2100
Info; info depth 8 seldepth 11 multipv 1 score cp 53 nodes 18096 nps 603200 hashfull 5 tbhits 0 time 30 pv f2f3 e4f5 d4f5 g6f5 e3e4 f5e4 f3e4
Position; fen rnbqkb1r/pp2pp1p/2p2np1/3p4/2PP4/5N2/PP1NPPPP/R1BQKB1R w KQkq - 0 1
Moves; b2b3 c8f5 e2e3 b8d7 f1e2 e7e6 e1g1 f8b4 a2a4 e8g8 c1a3 b4a3 a1a3 d8e7 d1c1 e6e5 f3e5 d7e5 d4e5 e7e5 d2f3 e5e7 a3a2 d5c4 c1c4 f5e6 c4c2 f6d5 c2c1 e7b4 a2b2 e6f5 f3d4 f8e8 e2c4 f5e4 c1e1 b4d6 b2d2 d6e5
Warning; Bestmove does not match beginning of last PV - move e1c1 from SF_2100
Info; info depth 7 seldepth 11 multipv 1 score cp 82 nodes 11249 nps 416629 hashfull 4 tbhits 0 time 27 pv e2g3 a8d8 g3e4 e5e4 d2d4 e4e5
Position; fen rnbqkb1r/pp2pp1p/2p2np1/3p4/2PP4/5N2/PP1NPPPP/R1BQKB1R w KQkq - 0 1
Moves; b2b3 c8f5 e2e3 b8d7 f1e2 e7e6 e1g1 f8b4 a2a4 e8g8 c1a3 b4a3 a1a3 d8e7 d1c1 e6e5 f3e5 d7e5 d4e5 e7e5 d2f3 e5e7 a3a2 d5c4 c1c4 f5e6 c4c2 f6d5 c2c1 e7b4 a2b2 e6f5 f3d4 f8e8 e2c4 f5e4 c1e1 b4d6 b2d2 d6e5 d4e2 g6g5
Warning; Bestmove does not match beginning of last PV - move f1d1 from SF_2100
Info; info depth 8 seldepth 8 multipv 1 score cp 94 nodes 12012 nps 480480 hashfull 4 tbhits 0 time 25 pv e2g3 e4g6 c4d5 c6d5
Position; fen rnbqkb1r/pp2pp1p/2p2np1/3p4/2PP4/5N2/PP1NPPPP/R1BQKB1R w KQkq - 0 1
Moves; b2b3 c8f5 e2e3 b8d7 f1e2 e7e6 e1g1 f8b4 a2a4 e8g8 c1a3 b4a3 a1a3 d8e7 d1c1 e6e5 f3e5 d7e5 d4e5 e7e5 d2f3 e5e7 a3a2 d5c4 c1c4 f5e6 c4c2 f6d5 c2c1 e7b4 a2b2 e6f5 f3d4 f8e8 e2c4 f5e4 c1e1 b4d6 b2d2 d6e5 d4e2 g6g5 e1c1 a8c8
Warning; Bestmove does not match beginning of last PV - move e2g3 from SF_2100
Info; info depth 8 seldepth 15 multipv 1 score cp 134 nodes 7970 nps 531333 hashfull 2 tbhits 0 time 15 pv c4d5 c6d5 c1d2 c8c5 d4d5 c5d5 d2d5 f5c2 d5e5 e8e5
Position; fen rnbqkb1r/pp2pp1p/2p2np1/3p4/2PP4/5N2/PP1NPPPP/R1BQKB1R w KQkq - 0 1
Moves; b2b3 c8f5 e2e3 b8d7 f1e2 e7e6 e1g1 f8b4 a2a4 e8g8 c1a3 b4a3 a1a3 d8e7 d1c1 e6e5 f3e5 d7e5 d4e5 e7e5 d2f3 e5e7 a3a2 d5c4 c1c4 f5e6 c4c2 f6d5 c2c1 e7b4 a2b2 e6f5 f3d4 f8e8 e2c4 f5e4 c1e1 b4d6 b2d2 d6e5 d4e2 g6g5 e1c1 a8c8 f1d1 a7a5 d2d4 e4f5
Warning; Bestmove does not match beginning of last PV - move g3h5 from SF_2100
Info; info depth 9 seldepth 16 multipv 1 score cp 166 nodes 17630 nps 367291 hashfull 5 tbhits 0 time 48 pv h2h4 h7h6 c1d2 d5f6 d2c2 c6c5 c4e6 e8e6 g3f5
Position; fen rnbqkb1r/pp2pp1p/2p2np1/3p4/2PP4/5N2/PP1NPPPP/R1BQKB1R w KQkq - 0 1
Moves; b2b3 c8f5 e2e3 b8d7 f1e2 e7e6 e1g1 f8b4 a2a4 e8g8 c1a3 b4a3 a1a3 d8e7 d1c1 e6e5 f3e5 d7e5 d4e5 e7e5 d2f3 e5e7 a3a2 d5c4 c1c4 f5e6 c4c2 f6d5 c2c1 e7b4 a2b2 e6f5 f3d4 f8e8 e2c4 f5e4 c1e1 b4d6 b2d2 d6e5 d4e2 g6g5 e1c1 a8c8 f1d1 a7a5 d2d4 e4f5 e2g3 f5e6
Warning; Bestmove does not match beginning of last PV - move d1d3 from SF_2100
Info; info depth 9 seldepth 15 multipv 1 score cp 115 nodes 20236 nps 595176 hashfull 5 tbhits 0 time 34 pv f4f5 e5e7 d1d2 b5a4 c1a1 f6e4
Position; fen rnbqkb1r/pp2pp1p/2p2np1/3p4/2PP4/5N2/PP1NPPPP/R1BQKB1R w KQkq - 0 1
Moves; b2b3 c8f5 e2e3 b8d7 f1e2 e7e6 e1g1 f8b4 a2a4 e8g8 c1a3 b4a3 a1a3 d8e7 d1c1 e6e5 f3e5 d7e5 d4e5 e7e5 d2f3 e5e7 a3a2 d5c4 c1c4 f5e6 c4c2 f6d5 c2c1 e7b4 a2b2 e6f5 f3d4 f8e8 e2c4 f5e4 c1e1 b4d6 b2d2 d6e5 d4e2 g6g5 e1c1 a8c8 f1d1 a7a5 d2d4 e4f5 e2g3 f5e6 g3h5 g5g4 h5g3 b7b5 c4e2 d5f6 d4f4 e6b3
Warning; Bestmove does not match beginning of last PV - move h2h4 from SF_2100
Info; info depth 8 seldepth 9 multipv 1 score cp -65 nodes 21602 nps 540050 hashfull 4 tbhits 0 time 40 pv d3c3 c6c5 a4b5 f6d5 c3a3 d5f4 e3f4
Position; fen rnbqkb1r/pp2pp1p/2p2np1/3p4/2PP4/5N2/PP1NPPPP/R1BQKB1R w KQkq - 0 1
Moves; b2b3 c8f5 e2e3 b8d7 f1e2 e7e6 e1g1 f8b4 a2a4 e8g8 c1a3 b4a3 a1a3 d8e7 d1c1 e6e5 f3e5 d7e5 d4e5 e7e5 d2f3 e5e7 a3a2 d5c4 c1c4 f5e6 c4c2 f6d5 c2c1 e7b4 a2b2 e6f5 f3d4 f8e8 e2c4 f5e4 c1e1 b4d6 b2d2 d6e5 d4e2 g6g5 e1c1 a8c8 f1d1 a7a5 d2d4 e4f5 e2g3 f5e6 g3h5 g5g4 h5g3 b7b5 c4e2 d5f6 d4f4 e6b3 d1d3 b3e6
Warning; Bestmove does not match beginning of last PV - move d3d1 from SF_2100
Info; info depth 9 seldepth 11 multipv 1 score cp -70 nodes 18971 nps 611967 hashfull 4 tbhits 0 time 31 pv e3e4 b5b4 g3f5 g8h8 f5d6 e8g8 d6c8 g8g2 g1h1
Position; fen rnbqkb1r/pp2pp1p/2p2np1/3p4/2PP4/5N2/PP1NPPPP/R1BQKB1R w KQkq - 0 1
Moves; b2b3 c8f5 e2e3 b8d7 f1e2 e7e6 e1g1 f8b4 a2a4 e8g8 c1a3 b4a3 a1a3 d8e7 d1c1 e6e5 f3e5 d7e5 d4e5 e7e5 d2f3 e5e7 a3a2 d5c4 c1c4 f5e6 c4c2 f6d5 c2c1 e7b4 a2b2 e6f5 f3d4 f8e8 e2c4 f5e4 c1e1 b4d6 b2d2 d6e5 d4e2 g6g5 e1c1 a8c8 f1d1 a7a5 d2d4 e4f5 e2g3 f5e6 g3h5 g5g4 h5g3 b7b5 c4e2 d5f6 d4f4 e6b3 d1d3 b3e6 h2h4 g4h3
Warning; Bestmove does not match beginning of last PV - move f4f6 from SF_2100
Info; info depth 9 seldepth 10 multipv 1 score cp -150 nodes 13204 nps 388352 hashfull 61 tbhits 0 time 34 pv c1b1 b5b4 g1g2 c8d8 d1h1 b4b3
Position; fen rnbqkb1r/pp2pp1p/2p2np1/3p4/2PP4/5N2/PP1NPPPP/R1BQKB1R w KQkq - 0 1
Moves; b2b3 c8f5 e2e3 b8d7 f1e2 e7e6 e1g1 f8b4 a2a4 e8g8 c1a3 b4a3 a1a3 d8e7 d1c1 e6e5 f3e5 d7e5 d4e5 e7e5 d2f3 e5e7 a3a2 d5c4 c1c4 f5e6 c4c2 f6d5 c2c1 e7b4 a2b2 e6f5 f3d4 f8e8 e2c4 f5e4 c1e1 b4d6 b2d2 d6e5 d4e2 g6g5 e1c1 a8c8 f1d1 a7a5 d2d4 e4f5 e2g3 f5e6 g3h5 g5g4 h5g3 b7b5 c4e2 d5f6 d4f4 e6b3 d1d3 b3e6 h2h4 g4h3 d3d1 h3g2
Warning; Bestmove does not match beginning of last PV - move g3h5 from SF_2100
Info; info depth 11 seldepth 14 multipv 1 score cp -248 nodes 17915 nps 778913 hashfull 29 tbhits 0 time 23 pv d1d4 g8h8 g3h5 f6f5 d4g4 f7f6 g4f4 f5e5
Position; fen rnbqkb1r/pp2pp1p/2p2np1/3p4/2PP4/5N2/PP1NPPPP/R1BQKB1R w KQkq - 0 1
Moves; b2b3 c8f5 e2e3 b8d7 f1e2 e7e6 e1g1 f8b4 a2a4 e8g8 c1a3 b4a3 a1a3 d8e7 d1c1 e6e5 f3e5 d7e5 d4e5 e7e5 d2f3 e5e7 a3a2 d5c4 c1c4 f5e6 c4c2 f6d5 c2c1 e7b4 a2b2 e6f5 f3d4 f8e8 e2c4 f5e4 c1e1 b4d6 b2d2 d6e5 d4e2 g6g5 e1c1 a8c8 f1d1 a7a5 d2d4 e4f5 e2g3 f5e6 g3h5 g5g4 h5g3 b7b5 c4e2 d5f6 d4f4 e6b3 d1d3 b3e6 h2h4 g4h3 d3d1 h3g2 f4f6 e5f6
Warning; Bestmove does not match beginning of last PV - move g1g2 from SF_2100
Info; info depth 11 seldepth 14 multipv 1 score cp -432 nodes 20755 nps 691833 hashfull 32 tbhits 0 time 30 pv h5g3 c8d8 d1e1 d8d5 g1g2 e6h3 g2g1 h3g4 e2g4 h4g4 c1c6
Position; fen rnbqkb1r/pp2pp1p/2p2np1/3p4/2PP4/5N2/PP1NPPPP/R1BQKB1R w KQkq - 0 1
Moves; b2b3 c8f5 e2e3 b8d7 f1e2 e7e6 e1g1 f8b4 a2a4 e8g8 c1a3 b4a3 a1a3 d8e7 d1c1 e6e5 f3e5 d7e5 d4e5 e7e5 d2f3 e5e7 a3a2 d5c4 c1c4 f5e6 c4c2 f6d5 c2c1 e7b4 a2b2 e6f5 f3d4 f8e8 e2c4 f5e4 c1e1 b4d6 b2d2 d6e5 d4e2 g6g5 e1c1 a8c8 f1d1 a7a5 d2d4 e4f5 e2g3 f5e6 g3h5 g5g4 h5g3 b7b5 c4e2 d5f6 d4f4 e6b3 d1d3 b3e6 h2h4 g4h3 d3d1 h3g2 f4f6 e5f6 g3h5 f6h4
Warning; Bestmove does not match beginning of last PV - move d1d5 from SF_2100
Info; info depth 12 seldepth 22 multipv 1 score cp -436 nodes 27382 nps 944206 hashfull 31 tbhits 0 time 29 pv f2f3 h4h5 d1h1 h5f5 g2f2 b5a4 h1g1 g8h8 g1h1 f5f6 c1g1
Position; fen rnbqkb1r/pp2pp1p/2p2np1/3p4/2PP4/5N2/PP1NPPPP/R1BQKB1R w KQkq - 0 1
Moves; b2b3 c8f5 e2e3 b8d7 f1e2 e7e6 e1g1 f8b4 a2a4 e8g8 c1a3 b4a3 a1a3 d8e7 d1c1 e6e5 f3e5 d7e5 d4e5 e7e5 d2f3 e5e7 a3a2 d5c4 c1c4 f5e6 c4c2 f6d5 c2c1 e7b4 a2b2 e6f5 f3d4 f8e8 e2c4 f5e4 c1e1 b4d6 b2d2 d6e5 d4e2 g6g5 e1c1 a8c8 f1d1 a7a5 d2d4 e4f5 e2g3 f5e6 g3h5 g5g4 h5g3 b7b5 c4e2 d5f6 d4f4 e6b3 d1d3 b3e6 h2h4 g4h3 d3d1 h3g2 f4f6 e5f6 g3h5 f6h4 g1g2 e6d5
Warning; Bestmove does not match beginning of last PV - move c1b1 from SF_2100
Info; info depth 12 seldepth 17 multipv 1 score cp -433 nodes 24148 nps 894370 hashfull 30 tbhits 0 time 27 pv c1b2 h4g5 g2h1 e8e6 a4b5 g5h4 h1g2 e6g6 h5g3
Position; fen rnbqkb1r/pp2pp1p/2p2np1/3p4/2PP4/5N2/PP1NPPPP/R1BQKB1R w KQkq - 0 1
Moves; b2b3 c8f5 e2e3 b8d7 f1e2 e7e6 e1g1 f8b4 a2a4 e8g8 c1a3 b4a3 a1a3 d8e7 d1c1 e6e5 f3e5 d7e5 d4e5 e7e5 d2f3 e5e7 a3a2 d5c4 c1c4 f5e6 c4c2 f6d5 c2c1 e7b4 a2b2 e6f5 f3d4 f8e8 e2c4 f5e4 c1e1 b4d6 b2d2 d6e5 d4e2 g6g5 e1c1 a8c8 f1d1 a7a5 d2d4 e4f5 e2g3 f5e6 g3h5 g5g4 h5g3 b7b5 c4e2 d5f6 d4f4 e6b3 d1d3 b3e6 h2h4 g4h3 d3d1 h3g2 f4f6 e5f6 g3h5 f6h4 g1g2 e6d5 d1d5 c6d5
Warning; Bestmove does not match beginning of last PV - move g2h1 from SF_2100
Info; info depth 12 seldepth 17 multipv 1 score cp -422 nodes 23427 nps 901038 hashfull 11 tbhits 0 time 26 pv h5g3 b5a4 e2d3 g5g7 d3f5 c8c4 f5d7 e8f8 d7f5 c4c6 b1h1 c6h6
Position; fen rnbqkb1r/pp2pp1p/2p2np1/3p4/2PP4/5N2/PP1NPPPP/R1BQKB1R w KQkq - 0 1
Moves; b2b3 c8f5 e2e3 b8d7 f1e2 e7e6 e1g1 f8b4 a2a4 e8g8 c1a3 b4a3 a1a3 d8e7 d1c1 e6e5 f3e5 d7e5 d4e5 e7e5 d2f3 e5e7 a3a2 d5c4 c1c4 f5e6 c4c2 f6d5 c2c1 e7b4 a2b2 e6f5 f3d4 f8e8 e2c4 f5e4 c1e1 b4d6 b2d2 d6e5 d4e2 g6g5 e1c1 a8c8 f1d1 a7a5 d2d4 e4f5 e2g3 f5e6 g3h5 g5g4 h5g3 b7b5 c4e2 d5f6 d4f4 e6b3 d1d3 b3e6 h2h4 g4h3 d3d1 h3g2 f4f6 e5f6 g3h5 f6h4 g1g2 e6d5 d1d5 c6d5 c1b1 h4g5
Warning; Bestmove does not match beginning of last PV - move b1b7 from SF_2100
Info; info depth 12 seldepth 22 multipv 1 score cp -497 nodes 29315 nps 1274565 hashfull 22 tbhits 0 time 23 pv h5f4 c8b8 b1d3 g5h6 h1g2 a4a3 d3a3
Position; fen rnbqkb1r/pp2pp1p/2p2np1/3p4/2PP4/5N2/PP1NPPPP/R1BQKB1R w KQkq - 0 1
Moves; b2b3 c8f5 e2e3 b8d7 f1e2 e7e6 e1g1 f8b4 a2a4 e8g8 c1a3 b4a3 a1a3 d8e7 d1c1 e6e5 f3e5 d7e5 d4e5 e7e5 d2f3 e5e7 a3a2 d5c4 c1c4 f5e6 c4c2 f6d5 c2c1 e7b4 a2b2 e6f5 f3d4 f8e8 e2c4 f5e4 c1e1 b4d6 b2d2 d6e5 d4e2 g6g5 e1c1 a8c8 f1d1 a7a5 d2d4 e4f5 e2g3 f5e6 g3h5 g5g4 h5g3 b7b5 c4e2 d5f6 d4f4 e6b3 d1d3 b3e6 h2h4 g4h3 d3d1 h3g2 f4f6 e5f6 g3h5 f6h4 g1g2 e6d5 d1d5 c6d5 c1b1 h4g5 g2h1 b5a4
Warning; Bestmove does not match beginning of last PV - move h1h2 from SF_2100
Info; info depth 30 seldepth 11 multipv 1 score mate -5 nodes 18760 nps 1443076 hashfull 29 tbhits 0 time 13 pv e2d1 c1d1 h1h2 g5h4 h2g2 h4h1 g2g3 d1g1 g3f4 h1e4
Position; fen rnbqkb1r/pp2pp1p/2p2np1/3p4/2PP4/5N2/PP1NPPPP/R1BQKB1R w KQkq - 0 1
Moves; b2b3 c8f5 e2e3 b8d7 f1e2 e7e6 e1g1 f8b4 a2a4 e8g8 c1a3 b4a3 a1a3 d8e7 d1c1 e6e5 f3e5 d7e5 d4e5 e7e5 d2f3 e5e7 a3a2 d5c4 c1c4 f5e6 c4c2 f6d5 c2c1 e7b4 a2b2 e6f5 f3d4 f8e8 e2c4 f5e4 c1e1 b4d6 b2d2 d6e5 d4e2 g6g5 e1c1 a8c8 f1d1 a7a5 d2d4 e4f5 e2g3 f5e6 g3h5 g5g4 h5g3 b7b5 c4e2 d5f6 d4f4 e6b3 d1d3 b3e6 h2h4 g4h3 d3d1 h3g2 f4f6 e5f6 g3h5 f6h4 g1g2 e6d5 d1d5 c6d5 c1b1 h4g5 g2h1 b5a4 b1b7 c8c1
Finished game 4 (SF_2100 vs HiveChess): 0-1 {Black mates}
Started game 5 of 10 (HiveChess vs SF_2200)
Warning; Bestmove does not match beginning of last PV - move a7a5 from SF_2200
Info; info depth 10 seldepth 14 multipv 1 score cp 29 nodes 51142 nps 227297 hashfull 11 tbhits 0 time 225 pv e8g8 f1e2 a7a5 e1g1 c6c5 c4d5 f6d5 d4c5 b8a6 e2a6 a8a6 f3d4 a5a4
Position; fen rnbqkb1r/pp2pp1p/2p2np1/3p4/2PP4/5N2/PP1NPPPP/R1BQKB1R w KQkq - 0 1
Moves; e2e3 f8g7 d1b3
Warning; Bestmove does not match beginning of last PV - move b7b6 from SF_2200
Info; info depth 9 seldepth 18 multipv 1 score cp 46 nodes 34082 nps 460567 hashfull 8 tbhits 0 time 74 pv e8g8 c4d5 f6d5 e1g1 c6c5 d4c5 d5b4
Position; fen rnbqkb1r/pp2pp1p/2p2np1/3p4/2PP4/5N2/PP1NPPPP/R1BQKB1R w KQkq - 0 1
Moves; e2e3 f8g7 d1b3 a7a5 f1d3
Warning; Bestmove does not match beginning of last PV - move b6c5 from SF_2200
Info; info depth 11 seldepth 21 multipv 1 score cp 58 nodes 103437 nps 481102 hashfull 25 tbhits 0 time 215 pv b8a6 c5b6 a6b4 c2b3 b4d3 b3d3 c8a6 b2b3 f6e4 f3d4 e4d2 d3d2 d5c4 b3c4 d8b6
Position; fen rnbqkb1r/pp2pp1p/2p2np1/3p4/2PP4/5N2/PP1NPPPP/R1BQKB1R w KQkq - 0 1
Moves; e2e3 f8g7 d1b3 a7a5 f1d3 b7b6 e1g1 e8g8 b3c2 c6c5 d4c5
Warning; Bestmove does not match beginning of last PV - move c8g4 from SF_2200
Info; info depth 11 seldepth 15 multipv 1 score cp 13 nodes 85152 nps 375118 hashfull 25 tbhits 0 time 227 pv f6d5 a2a3 b8d7 a1b1 c8b7
Position; fen rnbqkb1r/pp2pp1p/2p2np1/3p4/2PP4/5N2/PP1NPPPP/R1BQKB1R w KQkq - 0 1
Moves; e2e3 f8g7 d1b3 a7a5 f1d3 b7b6 e1g1 e8g8 b3c2 c6c5 d4c5 b6c5 c4d5
Warning; Bestmove does not match beginning of last PV - move b8c6 from SF_2200
Info; info depth 12 seldepth 22 multipv 1 score cp -109 nodes 95013 nps 331055 hashfull 32 tbhits 0 time 287 pv e6g4 d3b5 d8e7 f2f4 b8a6 e4e5 f6d5 a2a3 g4f5 c2b3
Position; fen rnbqkb1r/pp2pp1p/2p2np1/3p4/2PP4/5N2/PP1NPPPP/R1BQKB1R w KQkq - 0 1
Moves; e2e3 f8g7 d1b3 a7a5 f1d3 b7b6 e1g1 e8g8 b3c2 c6c5 d4c5 b6c5 c4d5 c8g4 e3e4 e7e6 d5e6 g4e6 f3g5
Warning; Bestmove does not match beginning of last PV - move d3d7 from SF_2200
Info; info depth 11 seldepth 20 multipv 1 score cp -103 nodes 107032 nps 497823 hashfull 39 tbhits 0 time 215 pv a8a6 c6a4 f6d7 d2c4 f8c8 a4d1 d7c5 c1e3 d3c4 a1c1 c4e4 c1c5 c8c5 e3c5
Position; fen rnbqkb1r/pp2pp1p/2p2np1/3p4/2PP4/5N2/PP1NPPPP/R1BQKB1R w KQkq - 0 1
Moves; e2e3 f8g7 d1b3 a7a5 f1d3 b7b6 e1g1 e8g8 b3c2 c6c5 d4c5 b6c5 c4d5 c8g4 e3e4 e7e6 d5e6 g4e6 f3g5 b8c6 g5e6 f7e6 c2c5 d8d3 c5c6
Warning; Bestmove does not match beginning of last PV - move d7c8 from SF_2200
Info; info depth 11 seldepth 13 multipv 1 score cp -150 nodes 45643 nps 314779 hashfull 16 tbhits 0 time 145 pv a8c8 c4e2 c8c2 e4e5 f6d5 e2d1 d7c8 d2f3 d5b4 b2b3
Position; fen rnbqkb1r/pp2pp1p/2p2np1/3p4/2PP4/5N2/PP1NPPPP/R1BQKB1R w KQkq - 0 1
Moves; e2e3 f8g7 d1b3 a7a5 f1d3 b7b6 e1g1 e8g8 b3c2 c6c5 d4c5 b6c5 c4d5 c8g4 e3e4 e7e6 d5e6 g4e6 f3g5 b8c6 g5e6 f7e6 c2c5 d8d3 c5c6 d3d7 c6c4
Warning; Bestmove does not match beginning of last PV - move a8b8 from SF_2200
Info; info depth 10 seldepth 12 multipv 1 score cp -165 nodes 14955 nps 90636 hashfull 4 tbhits 0 time 165 pv c8c2 f1e1 a8d8 h2h3 a5a4 e2a6 f6d7 a6e6 g8h8 d2f3
Position; fen rnbqkb1r/pp2pp1p/2p2np1/3p4/2PP4/5N2/PP1NPPPP/R1BQKB1R w KQkq - 0 1
Moves; e2e3 f8g7 d1b3 a7a5 f1d3 b7b6 e1g1 e8g8 b3c2 c6c5 d4c5 b6c5 c4d5 c8g4 e3e4 e7e6 d5e6 g4e6 f3g5 b8c6 g5e6 f7e6 c2c5 d8d3 c5c6 d3d7 c6c4 d7c8 c4e2
Warning; Bestmove does not match beginning of last PV - move a5a4 from SF_2200
Info; info depth 10 seldepth 12 multipv 1 score cp -171 nodes 17584 nps 418666 hashfull 6 tbhits 0 time 42 pv h7h6 e4e5 h6g5 e5f6 g7f6 a1b1 c8b7 e2e6 g8g7 c1e3
Position; fen rnbqkb1r/pp2pp1p/2p2np1/3p4/2PP4/5N2/PP1NPPPP/R1BQKB1R w KQkq - 0 1
Moves; e2e3 f8g7 d1b3 a7a5 f1d3 b7b6 e1g1 e8g8 b3c2 c6c5 d4c5 b6c5 c4d5 c8g4 e3e4 e7e6 d5e6 g4e6 f3g5 b8c6 g5e6 f7e6 c2c5 d8d3 c5c6 d3d7 c6c4 d7c8 c4e2 a8b8 d2f3 b8b4 f3g5
Warning; Bestmove does not match beginning of last PV - move c8c4 from SF_2200
Info; info depth 9 seldepth 13 multipv 1 score cp -163 nodes 18945 nps 473625 hashfull 5 tbhits 0 time 40 pv h7h6 c1d2 c8c4 e2c4 b4c4 g5e6 f6e4 e6f8 e4d2 f8g6 d2b1 f1b1
Position; fen rnbqkb1r/pp2pp1p/2p2np1/3p4/2PP4/5N2/PP1NPPPP/R1BQKB1R w KQkq - 0 1
Moves; e2e3 f8g7 d1b3 a7a5 f1d3 b7b6 e1g1 e8g8 b3c2 c6c5 d4c5 b6c5 c4d5 c8g4 e3e4 e7e6 d5e6 g4e6 f3g5 b8c6 g5e6 f7e6 c2c5 d8d3 c5c6 d3d7 c6c4 d7c8 c4e2 a8b8 d2f3 b8b4 f3g5 a5a4 a1b1
Warning; Bestmove does not match beginning of last PV - move f8e8 from SF_2200
Info; info depth 12 seldepth 20 multipv 1 score cp -342 nodes 36181 nps 634754 hashfull 13 tbhits 0 time 57 pv f8c8 e6g7 c4e4 c1h6 e4h4 b1c1 c8c1 h6c1
Position; fen rnbqkb1r/pp2pp1p/2p2np1/3p4/2PP4/5N2/PP1NPPPP/R1BQKB1R w KQkq - 0 1
Moves; e2e3 f8g7 d1b3 a7a5 f1d3 b7b6 e1g1 e8g8 b3c2 c6c5 d4c5 b6c5 c4d5 c8g4 e3e4 e7e6 d5e6 g4e6 f3g5 b8c6 g5e6 f7e6 c2c5 d8d3 c5c6 d3d7 c6c4 d7c8 c4e2 a8b8 d2f3 b8b4 f3g5 a5a4 a1b1 c8c4 e2c4 b4c4 g5e6
Warning; Bestmove does not match beginning of last PV - move e8e5 from SF_2200
Info; info depth 10 seldepth 18 multipv 1 score cp -349 nodes 15646 nps 651916 hashfull 5 tbhits 0 time 24 pv e8e4 c1h6 e4h4 h6e3 g8g7 f1d1 g7f7 h2h3 h4e4
Position; fen rnbqkb1r/pp2pp1p/2p2np1/3p4/2PP4/5N2/PP1NPPPP/R1BQKB1R w KQkq - 0 1
Moves; e2e3 f8g7 d1b3 a7a5 f1d3 b7b6 e1g1 e8g8 b3c2 c6c5 d4c5 b6c5 c4d5 c8g4 e3e4 e7e6 d5e6 g4e6 f3g5 b8c6 g5e6 f7e6 c2c5 d8d3 c5c6 d3d7 c6c4 d7c8 c4e2 a8b8 d2f3 b8b4 f3g5 a5a4 a1b1 c8c4 e2c4 b4c4 g5e6 f8e8 e6g7
Warning; Bestmove does not match beginning of last PV - move c4c2 from SF_2200
Info; info depth 12 seldepth 14 multipv 1 score cp -403 nodes 22395 nps 439117 hashfull 4 tbhits 0 time 51 pv a4b3 a2b3 c4c6 f2f3 f6e4 f3e4 e5e4 c1b2 e4e2 g7e6 e2e6 b2d4 e6e4
Position; fen rnbqkb1r/pp2pp1p/2p2np1/3p4/2PP4/5N2/PP1NPPPP/R1BQKB1R w KQkq - 0 1
Moves; e2e3 f8g7 d1b3 a7a5 f1d3 b7b6 e1g1 e8g8 b3c2 c6c5 d4c5 b6c5 c4d5 c8g4 e3e4 e7e6 d5e6 g4e6 f3g5 b8c6 g5e6 f7e6 c2c5 d8d3 c5c6 d3d7 c6c4 d7c8 c4e2 a8b8 d2f3 b8b4 f3g5 a5a4 a1b1 c8c4 e2c4 b4c4 g5e6 f8e8 e6g7 e8e5 b2b3
Warning; Bestmove does not match beginning of last PV - move a4b3 from SF_2200
Info; info depth 13 seldepth 18 multipv 1 score cp -435 nodes 39717 nps 827437 hashfull 12 tbhits 0 time 48 pv c2c6 f2f3 e5c5 c1e3
Position; fen rnbqkb1r/pp2pp1p/2p2np1/3p4/2PP4/5N2/PP1NPPPP/R1BQKB1R w KQkq - 0 1
Moves; e2e3 f8g7 d1b3 a7a5 f1d3 b7b6 e1g1 e8g8 b3c2 c6c5 d4c5 b6c5 c4d5 c8g4 e3e4 e7e6 d5e6 g4e6 f3g5 b8c6 g5e6 f7e6 c2c5 d8d3 c5c6 d3d7 c6c4 d7c8 c4e2 a8b8 d2f3 b8b4 f3g5 a5a4 a1b1 c8c4 e2c4 b4c4 g5e6 f8e8 e6g7 e8e5 b2b3 c4c2 b1b2
Warning; Bestmove does not match beginning of last PV - move h7h6 from SF_2200
Info; info depth 10 seldepth 18 multipv 1 score cp -458 nodes 59270 nps 1288478 hashfull 17 tbhits 0 time 46 pv g8f7 a2a4 b5b4 f6g5 h7h6 g5h6 b4e4 f2f3 e4a4 g1f2 a4c4
Position; fen rnbqkb1r/pp2pp1p/2p2np1/3p4/2PP4/5N2/PP1NPPPP/R1BQKB1R w KQkq - 0 1
Moves; e2e3 f8g7 d1b3 a7a5 f1d3 b7b6 e1g1 e8g8 b3c2 c6c5 d4c5 b6c5 c4d5 c8g4 e3e4 e7e6 d5e6 g4e6 f3g5 b8c6 g5e6 f7e6 c2c5 d8d3 c5c6 d3d7 c6c4 d7c8 c4e2 a8b8 d2f3 b8b4 f3g5 a5a4 a1b1 c8c4 e2c4 b4c4 g5e6 f8e8 e6g7 e8e5 b2b3 c4c2 b1b2 a4b3 b2c2 b3c2 c1b2 e5b5 b2f6
Warning; Bestmove does not match beginning of last PV - move g8f7 from SF_2200
Info; info depth 11 seldepth 15 multipv 1 score cp -454 nodes 55758 nps 1296697 hashfull 14 tbhits 0 time 43 pv b5b4 g7e6 g8f7 d4e3 f7e6 f2f3 e6e5 g1f2
Position; fen rnbqkb1r/pp2pp1p/2p2np1/3p4/2PP4/5N2/PP1NPPPP/R1BQKB1R w KQkq - 0 1
Moves; e2e3 f8g7 d1b3 a7a5 f1d3 b7b6 e1g1 e8g8 b3c2 c6c5 d4c5 b6c5 c4d5 c8g4 e3e4 e7e6 d5e6 g4e6 f3g5 b8c6 g5e6 f7e6 c2c5 d8d3 c5c6 d3d7 c6c4 d7c8 c4e2 a8b8 d2f3 b8b4 f3g5 a5a4 a1b1 c8c4 e2c4 b4c4 g5e6 f8e8 e6g7 e8e5 b2b3 c4c2 b1b2 a4b3 b2c2 b3c2 c1b2 e5b5 b2f6 h7h6 f6d4
Warning; Bestmove does not match beginning of last PV - move h6h5 from SF_2200
Info; info depth 12 seldepth 21 multipv 1 score cp -412 nodes 40727 nps 1071763 hashfull 17 tbhits 0 time 38 pv b4a4 e5b2 a4e4 f2f3 e4e2 b2c1 f7f6 h2h4 f6g7 c1b2 g7h7
Position; fen rnbqkb1r/pp2pp1p/2p2np1/3p4/2PP4/5N2/PP1NPPPP/R1BQKB1R w KQkq - 0 1
Moves; e2e3 f8g7 d1b3 a7a5 f1d3 b7b6 e1g1 e8g8 b3c2 c6c5 d4c5 b6c5 c4d5 c8g4 e3e4 e7e6 d5e6 g4e6 f3g5 b8c6 g5e6 f7e6 c2c5 d8d3 c5c6 d3d7 c6c4 d7c8 c4e2 a8b8 d2f3 b8b4 f3g5 a5a4 a1b1 c8c4 e2c4 b4c4 g5e6 f8e8 e6g7 e8e5 b2b3 c4c2 b1b2 a4b3 b2c2 b3c2 c1b2 e5b5 b2f6 h7h6 f6d4 g8f7 a2a4 b5b4 d4e5
Warning; Bestmove does not match beginning of last PV - move h5g4 from SF_2200
Info; info depth 11 seldepth 13 multipv 1 score cp -333 nodes 31458 nps 898800 hashfull 11 tbhits 0 time 35 pv b4e4 e5b2 e4b4 b2c1 b4g4 g1h1 g4a4 f1e1
Position; fen rnbqkb1r/pp2pp1p/2p2np1/3p4/2PP4/5N2/PP1NPPPP/R1BQKB1R w KQkq - 0 1
Moves; e2e3 f8g7 d1b3 a7a5 f1d3 b7b6 e1g1 e8g8 b3c2 c6c5 d4c5 b6c5 c4d5 c8g4 e3e4 e7e6 d5e6 g4e6 f3g5 b8c6 g5e6 f7e6 c2c5 d8d3 c5c6 d3d7 c6c4 d7c8 c4e2 a8b8 d2f3 b8b4 f3g5 a5a4 a1b1 c8c4 e2c4 b4c4 g5e6 f8e8 e6g7 e8e5 b2b3 c4c2 b1b2 a4b3 b2c2 b3c2 c1b2 e5b5 b2f6 h7h6 f6d4 g8f7 a2a4 b5b4 d4e5 h6h5 g2g4
Warning; Bestmove does not match beginning of last PV - move b4a4 from SF_2200
Info; info depth 10 seldepth 18 multipv 1 score cp -247 nodes 20768 nps 629333 hashfull 8 tbhits 0 time 33 pv g6g5 e5d6 b4b1 d6a3 g4h3 a3c1 f7g7 c1g5 g7f7
Position; fen rnbqkb1r/pp2pp1p/2p2np1/3p4/2PP4/5N2/PP1NPPPP/R1BQKB1R w KQkq - 0 1
Moves; e2e3 f8g7 d1b3 a7a5 f1d3 b7b6 e1g1 e8g8 b3c2 c6c5 d4c5 b6c5 c4d5 c8g4 e3e4 e7e6 d5e6 g4e6 f3g5 b8c6 g5e6 f7e6 c2c5 d8d3 c5c6 d3d7 c6c4 d7c8 c4e2 a8b8 d2f3 b8b4 f3g5 a5a4 a1b1 c8c4 e2c4 b4c4 g5e6 f8e8 e6g7 e8e5 b2b3 c4c2 b1b2 a4b3 b2c2 b3c2 c1b2 e5b5 b2f6 h7h6 f6d4 g8f7 a2a4 b5b4 d4e5 h6h5 g2g4 h5g4 h2h3
Warning; Bestmove does not match beginning of last PV - move g4g3 from SF_2200
Info; info depth 11 seldepth 25 multipv 1 score cp -368 nodes 33408 nps 1193142 hashfull 14 tbhits 0 time 28 pv g4h3 c1c2 h3h2 g1h1 e4c4 h1h2 c4g4 c3b2 g4e4 c2c7 f7g8
Position; fen rnbqkb1r/pp2pp1p/2p2np1/3p4/2PP4/5N2/PP1NPPPP/R1BQKB1R w KQkq - 0 1
Moves; e2e3 f8g7 d1b3 a7a5 f1d3 b7b6 e1g1 e8g8 b3c2 c6c5 d4c5 b6c5 c4d5 c8g4 e3e4 e7e6 d5e6 g4e6 f3g5 b8c6 g5e6 f7e6 c2c5 d8d3 c5c6 d3d7 c6c4 d7c8 c4e2 a8b8 d2f3 b8b4 f3g5 a5a4 a1b1 c8c4 e2c4 b4c4 g5e6 f8e8 e6g7 e8e5 b2b3 c4c2 b1b2 a4b3 b2c2 b3c2 c1b2 e5b5 b2f6 h7h6 f6d4 g8f7 a2a4 b5b4 d4e5 h6h5 g2g4 h5g4 h2h3 b4a4 f1c1 a4e4 e5c3
Warning; Bestmove does not match beginning of last PV - move f7e7 from SF_2200
Info; info depth 11 seldepth 18 multipv 1 score cp -334 nodes 8457 nps 338280 hashfull 11 tbhits 0 time 25 pv f7g8 c3f6 e4e1 g1h2 g8h7 h3h4 e1e3 f6g5 e3e1 g7e8 e1e8
Position; fen rnbqkb1r/pp2pp1p/2p2np1/3p4/2PP4/5N2/PP1NPPPP/R1BQKB1R w KQkq - 0 1
Moves; e2e3 f8g7 d1b3 a7a5 f1d3 b7b6 e1g1 e8g8 b3c2 c6c5 d4c5 b6c5 c4d5 c8g4 e3e4 e7e6 d5e6 g4e6 f3g5 b8c6 g5e6 f7e6 c2c5 d8d3 c5c6 d3d7 c6c4 d7c8 c4e2 a8b8 d2f3 b8b4 f3g5 a5a4 a1b1 c8c4 e2c4 b4c4 g5e6 f8e8 e6g7 e8e5 b2b3 c4c2 b1b2 a4b3 b2c2 b3c2 c1b2 e5b5 b2f6 h7h6 f6d4 g8f7 a2a4 b5b4 d4e5 h6h5 g2g4 h5g4 h2h3 b4a4 f1c1 a4e4 e5c3 g4g3 c1c2 g3f2 c2f2
Warning; Bestmove does not match beginning of last PV - move e4a4 from SF_2200
Info; info depth 12 seldepth 17 multipv 1 score cp -389 nodes 31345 nps 1362826 hashfull 25 tbhits 0 time 23 pv e7d8 g2f1 d8c8 c3a5 e4c4
Position; fen rnbqkb1r/pp2pp1p/2p2np1/3p4/2PP4/5N2/PP1NPPPP/R1BQKB1R w KQkq - 0 1
Moves; e2e3 f8g7 d1b3 a7a5 f1d3 b7b6 e1g1 e8g8 b3c2 c6c5 d4c5 b6c5 c4d5 c8g4 e3e4 e7e6 d5e6 g4e6 f3g5 b8c6 g5e6 f7e6 c2c5 d8d3 c5c6 d3d7 c6c4 d7c8 c4e2 a8b8 d2f3 b8b4 f3g5 a5a4 a1b1 c8c4 e2c4 b4c4 g5e6 f8e8 e6g7 e8e5 b2b3 c4c2 b1b2 a4b3 b2c2 b3c2 c1b2 e5b5 b2f6 h7h6 f6d4 g8f7 a2a4 b5b4 d4e5 h6h5 g2g4 h5g4 h2h3 b4a4 f1c1 a4e4 e5c3 g4g3 c1c2 g3f2 c2f2 f7e7 g1g2
Warning; Bestmove does not match beginning of last PV - move e7f7 from SF_2200
Info; info depth 12 seldepth 17 multipv 1 score cp -412 nodes 29940 nps 1360909 hashfull 16 tbhits 0 time 22 pv e7f8 g7e6 f8f7 e6g5 f7f8 g5f3 f8g8 c3d2
Position; fen rnbqkb1r/pp2pp1p/2p2np1/3p4/2PP4/5N2/PP1NPPPP/R1BQKB1R w KQkq - 0 1
Moves; e2e3 f8g7 d1b3 a7a5 f1d3 b7b6 e1g1 e8g8 b3c2 c6c5 d4c5 b6c5 c4d5 c8g4 e3e4 e7e6 d5e6 g4e6 f3g5 b8c6 g5e6 f7e6 c2c5 d8d3 c5c6 d3d7 c6c4 d7c8 c4e2 a8b8 d2f3 b8b4 f3g5 a5a4 a1b1 c8c4 e2c4 b4c4 g5e6 f8e8 e6g7 e8e5 b2b3 c4c2 b1b2 a4b3 b2c2 b3c2 c1b2 e5b5 b2f6 h7h6 f6d4 g8f7 a2a4 b5b4 d4e5 h6h5 g2g4 h5g4 h2h3 b4a4 f1c1 a4e4 e5c3 g4g3 c1c2 g3f2 c2f2 f7e7 g1g2 e4a4 f2e2
Warning; Bestmove does not match beginning of last PV - move c4c8 from SF_2200
Info; info depth 12 seldepth 14 multipv 1 score cp -416 nodes 22250 nps 1390625 hashfull 25 tbhits 0 time 16 pv c4c1 g5e4 c1c4 d4b2 c4c6 b2e5 c6c4 h3h4 c4a4 e5b8
Position; fen rnbqkb1r/pp2pp1p/2p2np1/3p4/2PP4/5N2/PP1NPPPP/R1BQKB1R w KQkq - 0 1
Moves; e2e3 f8g7 d1b3 a7a5 f1d3 b7b6 e1g1 e8g8 b3c2 c6c5 d4c5 b6c5 c4d5 c8g4 e3e4 e7e6 d5e6 g4e6 f3g5 b8c6 g5e6 f7e6 c2c5 d8d3 c5c6 d3d7 c6c4 d7c8 c4e2 a8b8 d2f3 b8b4 f3g5 a5a4 a1b1 c8c4 e2c4 b4c4 g5e6 f8e8 e6g7 e8e5 b2b3 c4c2 b1b2 a4b3 b2c2 b3c2 c1b2 e5b5 b2f6 h7h6 f6d4 g8f7 a2a4 b5b4 d4e5 h6h5 g2g4 h5g4 h2h3 b4a4 f1c1 a4e4 e5c3 g4g3 c1c2 g3f2 c2f2 f7e7 g1g2 e4a4 f2e2 e7f7 g7e6 a4c4 e6g5 f7f8 c3d4
Warning; Bestmove does not match beginning of last PV - move c8c1 from SF_2200
Info; info depth 17 seldepth 35 multipv 1 score cp -546 nodes 1265965 nps 1861713 hashfull 325 tbhits 0 time 680 pv c8d8 e6g6 d8d5 g2f3 d5f5 f3e4 f5b5 e4f4 b5b4 f4f5 b4a4 h3h4 f8e8 f5e4
Position; fen rnbqkb1r/pp2pp1p/2p2np1/3p4/2PP4/5N2/PP1NPPPP/R1BQKB1R w KQkq - 0 1
Moves; e2e3 f8g7 d1b3 a7a5 f1d3 b7b6 e1g1 e8g8 b3c2 c6c5 d4c5 b6c5 c4d5 c8g4 e3e4 e7e6 d5e6 g4e6 f3g5 b8c6 g5e6 f7e6 c2c5 d8d3 c5c6 d3d7 c6c4 d7c8 c4e2 a8b8 d2f3 b8b4 f3g5 a5a4 a1b1 c8c4 e2c4 b4c4 g5e6 f8e8 e6g7 e8e5 b2b3 c4c2 b1b2 a4b3 b2c2 b3c2 c1b2 e5b5 b2f6 h7h6 f6d4 g8f7 a2a4 b5b4 d4e5 h6h5 g2g4 h5g4 h2h3 b4a4 f1c1 a4e4 e5c3 g4g3 c1c2 g3f2 c2f2 f7e7 g1g2 e4a4 f2e2 e7f7 g7e6 a4c4 e6g5 f7f8 c3d4 c4c8 e2e6
Warning; Bestmove does not match beginning of last PV - move c1f1 from SF_2200
Info; info depth 15 seldepth 33 multipv 1 score cp -635 nodes 263616 nps 2510628 hashfull 49 tbhits 0 time 105 pv c1d1 f3e4 d1h1 e4f4 h1h2 f4g4 h2g2 g4f5 g2h2 g6h6 e8d7 h3h4 h2h1 f5g4 h1d1 g5f3 d1c1
Position; fen rnbqkb1r/pp2pp1p/2p2np1/3p4/2PP4/5N2/PP1NPPPP/R1BQKB1R w KQkq - 0 1
Moves; e2e3 f8g7 d1b3 a7a5 f1d3 b7b6 e1g1 e8g8 b3c2 c6c5 d4c5 b6c5 c4d5 c8g4 e3e4 e7e6 d5e6 g4e6 f3g5 b8c6 g5e6 f7e6 c2c5 d8d3 c5c6 d3d7 c6c4 d7c8 c4e2 a8b8 d2f3 b8b4 f3g5 a5a4 a1b1 c8c4 e2c4 b4c4 g5e6 f8e8 e6g7 e8e5 b2b3 c4c2 b1b2 a4b3 b2c2 b3c2 c1b2 e5b5 b2f6 h7h6 f6d4 g8f7 a2a4 b5b4 d4e5 h6h5 g2g4 h5g4 h2h3 b4a4 f1c1 a4e4 e5c3 g4g3 c1c2 g3f2 c2f2 f7e7 g1g2 e4a4 f2e2 e7f7 g7e6 a4c4 e6g5 f7f8 c3d4 c4c8 e2e6 c8c1 e6g6 f8e8 g2f3
Warning; Bestmove does not match beginning of last PV - move e8d7 from SF_2200
Info; info depth 15 seldepth 16 multipv 1 score cp -626 nodes 463265 nps 2327964 hashfull 91 tbhits 0 time 199 pv f1d1 g5f3 e8f7 e4f5 d1f1 f5g5 f1h1 f3e5 f7e7 h3h4 h1h3 d4c5 e7d8
Position; fen rnbqkb1r/pp2pp1p/2p2np1/3p4/2PP4/5N2/PP1NPPPP/R1BQKB1R w KQkq - 0 1
Moves; e2e3 f8g7 d1b3 a7a5 f1d3 b7b6 e1g1 e8g8 b3c2 c6c5 d4c5 b6c5 c4d5 c8g4 e3e4 e7e6 d5e6 g4e6 f3g5 b8c6 g5e6 f7e6 c2c5 d8d3 c5c6 d3d7 c6c4 d7c8 c4e2 a8b8 d2f3 b8b4 f3g5 a5a4 a1b1 c8c4 e2c4 b4c4 g5e6 f8e8 e6g7 e8e5 b2b3 c4c2 b1b2 a4b3 b2c2 b3c2 c1b2 e5b5 b2f6 h7h6 f6d4 g8f7 a2a4 b5b4 d4e5 h6h5 g2g4 h5g4 h2h3 b4a4 f1c1 a4e4 e5c3 g4g3 c1c2 g3f2 c2f2 f7e7 g1g2 e4a4 f2e2 e7f7 g7e6 a4c4 e6g5 f7f8 c3d4 c4c8 e2e6 c8c1 e6g6 f8e8 g2f3 c1f1 f3e4
Warning; Bestmove does not match beginning of last PV - move f1d1 from SF_2200
Info; info depth 15 seldepth 51 multipv 1 score cp -664 nodes 1078180 nps 2152055 hashfull 211 tbhits 0 time 501 pv f1b1 e4f4 b1b5 f4g4 d7e7 h3h4 e7e8 g6f6 e8e7 h4h5 b5b1 g4f4
Position; fen rnbqkb1r/pp2pp1p/2p2np1/3p4/2PP4/5N2/PP1NPPPP/R1BQKB1R w KQkq - 0 1
Moves; e2e3 f8g7 d1b3 a7a5 f1d3 b7b6 e1g1 e8g8 b3c2 c6c5 d4c5 b6c5 c4d5 c8g4 e3e4 e7e6 d5e6 g4e6 f3g5 b8c6 g5e6 f7e6 c2c5 d8d3 c5c6 d3d7 c6c4 d7c8 c4e2 a8b8 d2f3 b8b4 f3g5 a5a4 a1b1 c8c4 e2c4 b4c4 g5e6 f8e8 e6g7 e8e5 b2b3 c4c2 b1b2 a4b3 b2c2 b3c2 c1b2 e5b5 b2f6 h7h6 f6d4 g8f7 a2a4 b5b4 d4e5 h6h5 g2g4 h5g4 h2h3 b4a4 f1c1 a4e4 e5c3 g4g3 c1c2 g3f2 c2f2 f7e7 g1g2 e4a4 f2e2 e7f7 g7e6 a4c4 e6g5 f7f8 c3d4 c4c8 e2e6 c8c1 e6g6 f8e8 g2f3 c1f1 f3e4 e8d7 g5f3
Warning; Bestmove does not match beginning of last PV - move d7e7 from SF_2200
Info; info depth 15 seldepth 44 multipv 1 score cp -700 nodes 924354 nps 2358045 hashfull 151 tbhits 0 time 392 pv d1b1 d5e4 b1b5 h3h4 d7d8 f3e5 b5b3 h4h5 d8e7 h5h6 b3h3 e4f5 h3h5 f5f4
Position; fen rnbqkb1r/pp2pp1p/2p2np1/3p4/2PP4/5N2/PP1NPPPP/R1BQKB1R w KQkq - 0 1
Moves; e2e3 f8g7 d1b3 a7a5 f1d3 b7b6 e1g1 e8g8 b3c2 c6c5 d4c5 b6c5 c4d5 c8g4 e3e4 e7e6 d5e6 g4e6 f3g5 b8c6 g5e6 f7e6 c2c5 d8d3 c5c6 d3d7 c6c4 d7c8 c4e2 a8b8 d2f3 b8b4 f3g5 a5a4 a1b1 c8c4 e2c4 b4c4 g5e6 f8e8 e6g7 e8e5 b2b3 c4c2 b1b2 a4b3 b2c2 b3c2 c1b2 e5b5 b2f6 h7h6 f6d4 g8f7 a2a4 b5b4 d4e5 h6h5 g2g4 h5g4 h2h3 b4a4 f1c1 a4e4 e5c3 g4g3 c1c2 g3f2 c2f2 f7e7 g1g2 e4a4 f2e2 e7f7 g7e6 a4c4 e6g5 f7f8 c3d4 c4c8 e2e6 c8c1 e6g6 f8e8 g2f3 c1f1 f3e4 e8d7 g5f3 f1d1 e4d5
Warning; Bestmove does not match beginning of last PV - move e7e8 from SF_2200
Info; info depth 14 seldepth 48 multipv 1 score cp -705 nodes 488937 nps 2284752 hashfull 80 tbhits 0 time 214 pv e7f8 g7g6 f8f7 g6g4 d1h1 g4g7 f7f8 h3h4 h1b1 g7g6 f8e7 d5e4 b1b8
Position; fen rnbqkb1r/pp2pp1p/2p2np1/3p4/2PP4/5N2/PP1NPPPP/R1BQKB1R w KQkq - 0 1
Moves; e2e3 f8g7 d1b3 a7a5 f1d3 b7b6 e1g1 e8g8 b3c2 c6c5 d4c5 b6c5 c4d5 c8g4 e3e4 e7e6 d5e6 g4e6 f3g5 b8c6 g5e6 f7e6 c2c5 d8d3 c5c6 d3d7 c6c4 d7c8 c4e2 a8b8 d2f3 b8b4 f3g5 a5a4 a1b1 c8c4 e2c4 b4c4 g5e6 f8e8 e6g7 e8e5 b2b3 c4c2 b1b2 a4b3 b2c2 b3c2 c1b2 e5b5 b2f6 h7h6 f6d4 g8f7 a2a4 b5b4 d4e5 h6h5 g2g4 h5g4 h2h3 b4a4 f1c1 a4e4 e5c3 g4g3 c1c2 g3f2 c2f2 f7e7 g1g2 e4a4 f2e2 e7f7 g7e6 a4c4 e6g5 f7f8 c3d4 c4c8 e2e6 c8c1 e6g6 f8e8 g2f3 c1f1 f3e4 e8d7 g5f3 f1d1 e4d5 d7e7 g6g7
Warning; Bestmove does not match beginning of last PV - move c8d8 from SF_2200
Info; info depth 33 seldepth 21 multipv 1 score mate -10 nodes 73972 nps 1027388 hashfull 25 tbhits 0 time 72 pv c8b8 c7d7 b8a8 d7d1 a8b7 h3h4 b7b6 h4h5 b6c5 h5h6 c5b4 h6h7 b4a3 d1c1 a3b3 h7h8q b3a2 h8b8 a2a3 c1a1
Position; fen rnbqkb1r/pp2pp1p/2p2np1/3p4/2PP4/5N2/PP1NPPPP/R1BQKB1R w KQkq - 0 1
Moves; e2e3 f8g7 d1b3 a7a5 f1d3 b7b6 e1g1 e8g8 b3c2 c6c5 d4c5 b6c5 c4d5 c8g4 e3e4 e7e6 d5e6 g4e6 f3g5 b8c6 g5e6 f7e6 c2c5 d8d3 c5c6 d3d7 c6c4 d7c8 c4e2 a8b8 d2f3 b8b4 f3g5 a5a4 a1b1 c8c4 e2c4 b4c4 g5e6 f8e8 e6g7 e8e5 b2b3 c4c2 b1b2 a4b3 b2c2 b3c2 c1b2 e5b5 b2f6 h7h6 f6d4 g8f7 a2a4 b5b4 d4e5 h6h5 g2g4 h5g4 h2h3 b4a4 f1c1 a4e4 e5c3 g4g3 c1c2 g3f2 c2f2 f7e7 g1g2 e4a4 f2e2 e7f7 g7e6 a4c4 e6g5 f7f8 c3d4 c4c8 e2e6 c8c1 e6g6 f8e8 g2f3 c1f1 f3e4 e8d7 g5f3 f1d1 e4d5 d7e7 g6g7 e7e8 d5e6 e8d8 d4e5 d8c8 g7c7
Warning; Bestmove does not match beginning of last PV - move d8e8 from SF_2200
Info; info depth 245 seldepth 7 multipv 1 score mate -3 nodes 100742 nps 7195857 hashfull 1 tbhits 0 time 14 pv f1f7 c7f7 d8e8 h3h4 e8d8 f7f8
Position; fen rnbqkb1r/pp2pp1p/2p2np1/3p4/2PP4/5N2/PP1NPPPP/R1BQKB1R w KQkq - 0 1
Moves; e2e3 f8g7 d1b3 a7a5 f1d3 b7b6 e1g1 e8g8 b3c2 c6c5 d4c5 b6c5 c4d5 c8g4 e3e4 e7e6 d5e6 g4e6 f3g5 b8c6 g5e6 f7e6 c2c5 d8d3 c5c6 d3d7 c6c4 d7c8 c4e2 a8b8 d2f3 b8b4 f3g5 a5a4 a1b1 c8c4 e2c4 b4c4 g5e6 f8e8 e6g7 e8e5 b2b3 c4c2 b1b2 a4b3 b2c2 b3c2 c1b2 e5b5 b2f6 h7h6 f6d4 g8f7 a2a4 b5b4 d4e5 h6h5 g2g4 h5g4 h2h3 b4a4 f1c1 a4e4 e5c3 g4g3 c1c2 g3f2 c2f2 f7e7 g1g2 e4a4 f2e2 e7f7 g7e6 a4c4 e6g5 f7f8 c3d4 c4c8 e2e6 c8c1 e6g6 f8e8 g2f3 c1f1 f3e4 e8d7 g5f3 f1d1 e4d5 d7e7 g6g7 e7e8 d5e6 e8d8 d4e5 d8c8 g7c7 c8d8 f3g5 d1f1 g5f7
Finished game 5 (HiveChess vs SF_2200): 1-0 {White mates}
Started game 6 of 10 (SF_2200 vs HiveChess)
Warning; Bestmove does not match beginning of last PV - move f1e2 from SF_2200
Info; info depth 12 seldepth 18 multipv 1 score cp 69 nodes 112028 nps 401534 hashfull 39 tbhits 0 time 279 pv a2a4 b8d7 f1e2 f8g7 c1b2 a7a6 e1g1 e8g8 a4a5 f8e8 h2h3 h7h5
Position; fen rnbqkb1r/pp2pp1p/2p2np1/3p4/2PP4/5N2/PP1NPPPP/R1BQKB1R w KQkq - 0 1
Moves; e2e3 d8c7 b2b4 c8f5
Warning; Bestmove does not match beginning of last PV - move c1b2 from SF_2200
Info; info depth 9 seldepth 15 multipv 1 score cp 66 nodes 26172 nps 259128 hashfull 9 tbhits 0 time 101 pv a2a4 f6e4 c1b2 e4d2 d1d2 b8d7 a1c1 c7d6 b4b5
Position; fen rnbqkb1r/pp2pp1p/2p2np1/3p4/2PP4/5N2/PP1NPPPP/R1BQKB1R w KQkq - 0 1
Moves; e2e3 d8c7 b2b4 c8f5 f1e2 f8g7
Warning; Bestmove does not match beginning of last PV - move a4a5 from SF_2200
Info; info depth 12 seldepth 23 multipv 1 score cp 65 nodes 134542 nps 413975 hashfull 40 tbhits 0 time 325 pv a1c1 c7d6 b2a3
Position; fen rnbqkb1r/pp2pp1p/2p2np1/3p4/2PP4/5N2/PP1NPPPP/R1BQKB1R w KQkq - 0 1
Moves; e2e3 d8c7 b2b4 c8f5 f1e2 f8g7 c1b2 e8g8 a2a4 b8d7
Warning; Bestmove does not match beginning of last PV - move a5b6 from SF_2200
Info; info depth 10 seldepth 24 multipv 1 score cp 29 nodes 71175 nps 484183 hashfull 22 tbhits 0 time 147 pv c4d2 c7d6 d1b3 f5e6 b3a3 f6d5 f3g5 d6b4 g5e6 f7e6
Position; fen rnbqkb1r/pp2pp1p/2p2np1/3p4/2PP4/5N2/PP1NPPPP/R1BQKB1R w KQkq - 0 1
Moves; e2e3 d8c7 b2b4 c8f5 f1e2 f8g7 c1b2 e8g8 a2a4 b8d7 a4a5 d5c4 d2c4 b7b5
Warning; Bestmove does not match beginning of last PV - move c4e5 from SF_2200
Info; info depth 9 seldepth 21 multipv 1 score cp 87 nodes 48618 nps 517212 hashfull 12 tbhits 0 time 94 pv c4a5 f6e4 a1c1 b6d5 c1c6 c7b8 b4b5 f5d7 d1b3 d7c6 a5c6 b8d6
Position; fen rnbqkb1r/pp2pp1p/2p2np1/3p4/2PP4/5N2/PP1NPPPP/R1BQKB1R w KQkq - 0 1
Moves; e2e3 d8c7 b2b4 c8f5 f1e2 f8g7 c1b2 e8g8 a2a4 b8d7 a4a5 d5c4 d2c4 b7b5 a5b6 d7b6
Warning; Bestmove does not match beginning of last PV - move d1b3 from SF_2200
Info; info depth 11 seldepth 18 multipv 1 score cp 41 nodes 99758 nps 501296 hashfull 28 tbhits 0 time 199 pv d1d2 b6d7 e1g1 a8b8 e5d7 c7d7 b2a3 d7b7 f1c1 d5b4 d2b4 b7b4 a3b4 b8b4 a1a7
Position; fen rnbqkb1r/pp2pp1p/2p2np1/3p4/2PP4/5N2/PP1NPPPP/R1BQKB1R w KQkq - 0 1
Moves; e2e3 d8c7 b2b4 c8f5 f1e2 f8g7 c1b2 e8g8 a2a4 b8d7 a4a5 d5c4 d2c4 b7b5 a5b6 d7b6 c4e5 f6d5
Warning; Bestmove does not match beginning of last PV - move a3c1 from SF_2200
Info; info depth 10 seldepth 22 multipv 1 score cp 124 nodes 42086 nps 389685 hashfull 12 tbhits 0 time 108 pv a1c1 a8c8 e2a6 c8c7 e1g1 g7e5 f3e5 b6d7 e5d7 c7d7 c1c5 f8b8 f1c1 e6f6 f2f3
Position; fen rnbqkb1r/pp2pp1p/2p2np1/3p4/2PP4/5N2/PP1NPPPP/R1BQKB1R w KQkq - 0 1
Moves; e2e3 d8c7 b2b4 c8f5 f1e2 f8g7 c1b2 e8g8 a2a4 b8d7 a4a5 d5c4 d2c4 b7b5 a5b6 d7b6 c4e5 f6d5 d1b3 c7d6 b2a3 d6e6
Warning; Bestmove does not match beginning of last PV - move c1a3 from SF_2200
Info; info depth 12 seldepth 17 multipv 1 score cp 114 nodes 91798 nps 380904 hashfull 32 tbhits 0 time 241 pv c1d2 f5e6 b3a3 f7f6 e5c4 b6c4 e2c4 d5c7 a3b3 f8b8 e1g1 e6c4 b3c4 d6e6
Position; fen rnbqkb1r/pp2pp1p/2p2np1/3p4/2PP4/5N2/PP1NPPPP/R1BQKB1R w KQkq - 0 1
Moves; e2e3 d8c7 b2b4 c8f5 f1e2 f8g7 c1b2 e8g8 a2a4 b8d7 a4a5 d5c4 d2c4 b7b5 a5b6 d7b6 c4e5 f6d5 d1b3 c7d6 b2a3 d6e6 a3c1 e6d6
Warning; Bestmove does not match beginning of last PV - move a3c1 from SF_2200
Info; info depth 11 seldepth 14 multipv 1 score cp 138 nodes 32931 nps 326049 hashfull 10 tbhits 0 time 101 pv a1c1 a8c8 f3g5 e6f6 h2h4 h7h6 g5f3 f6e6 e2a6 c8c7 e1g1
Position; fen rnbqkb1r/pp2pp1p/2p2np1/3p4/2PP4/5N2/PP1NPPPP/R1BQKB1R w KQkq - 0 1
Moves; e2e3 d8c7 b2b4 c8f5 f1e2 f8g7 c1b2 e8g8 a2a4 b8d7 a4a5 d5c4 d2c4 b7b5 a5b6 d7b6 c4e5 f6d5 d1b3 c7d6 b2a3 d6e6 a3c1 e6d6 c1a3 d6e6
Warning; Bestmove does not match beginning of last PV - move e1g1 from SF_2200
Info; info depth 10 seldepth 18 multipv 1 score cp 82 nodes 62330 nps 319641 hashfull 11 tbhits 0 time 195 pv a1a6 f8b8 b3a3 g7e5 f3e5 f7f6 e5d3
Position; fen rnbqkb1r/pp2pp1p/2p2np1/3p4/2PP4/5N2/PP1NPPPP/R1BQKB1R w KQkq - 0 1
Moves; e2e3 d8c7 b2b4 c8f5 f1e2 f8g7 c1b2 e8g8 a2a4 b8d7 a4a5 d5c4 d2c4 b7b5 a5b6 d7b6 c4e5 f6d5 d1b3 c7d6 b2a3 d6e6 a3c1 e6d6 c1a3 d6e6 a3c1 h7h6
Warning; Bestmove does not match beginning of last PV - move h2h3 from SF_2200
Info; info depth 10 seldepth 16 multipv 1 score cp 105 nodes 66376 nps 390447 hashfull 24 tbhits 0 time 170 pv c1d2 g5g4 f3h4 d5f4 e2d1 g7e5 h4f5 e6f5 d4e5
Position; fen rnbqkb1r/pp2pp1p/2p2np1/3p4/2PP4/5N2/PP1NPPPP/R1BQKB1R w KQkq - 0 1
Moves; e2e3 d8c7 b2b4 c8f5 f1e2 f8g7 c1b2 e8g8 a2a4 b8d7 a4a5 d5c4 d2c4 b7b5 a5b6 d7b6 c4e5 f6d5 d1b3 c7d6 b2a3 d6e6 a3c1 e6d6 c1a3 d6e6 a3c1 h7h6 e1g1 g6g5
Warning; Bestmove does not match beginning of last PV - move e5d7 from SF_2200
Info; info depth 10 seldepth 14 multipv 1 score cp 119 nodes 53085 nps 469778 hashfull 12 tbhits 0 time 113 pv a1a6 d7e5 f3e5 g7e5 d4e5 a8b8 e2c4 b8b4 b3b4 d5b4 c4e6
Position; fen rnbqkb1r/pp2pp1p/2p2np1/3p4/2PP4/5N2/PP1NPPPP/R1BQKB1R w KQkq - 0 1
Moves; e2e3 d8c7 b2b4 c8f5 f1e2 f8g7 c1b2 e8g8 a2a4 b8d7 a4a5 d5c4 d2c4 b7b5 a5b6 d7b6 c4e5 f6d5 d1b3 c7d6 b2a3 d6e6 a3c1 e6d6 c1a3 d6e6 a3c1 h7h6 e1g1 g6g5 h2h3 b6d7
Warning; Bestmove does not match beginning of last PV - move b3c4 from SF_2200
Info; info depth 9 seldepth 10 multipv 1 score cp 92 nodes 18353 nps 573531 hashfull 3 tbhits 0 time 32 pv c1d2 f8b8 b3c4 b8b7 f1d1 a8b8 f3e5 g7e5 d4e5
Position; fen rnbqkb1r/pp2pp1p/2p2np1/3p4/2PP4/5N2/PP1NPPPP/R1BQKB1R w KQkq - 0 1
Moves; e2e3 d8c7 b2b4 c8f5 f1e2 f8g7 c1b2 e8g8 a2a4 b8d7 a4a5 d5c4 d2c4 b7b5 a5b6 d7b6 c4e5 f6d5 d1b3 c7d6 b2a3 d6e6 a3c1 e6d6 c1a3 d6e6 a3c1 h7h6 e1g1 g6g5 h2h3 b6d7 e5d7 e6d7
Warning; Bestmove does not match beginning of last PV - move f3e5 from SF_2200
Info; info depth 8 seldepth 10 multipv 1 score cp 88 nodes 8820 nps 735000 hashfull 1 tbhits 0 time 12 pv a1a5 f5e6 c4c1 d5b4 h3h4 g5g4 f3e5
Position; fen rnbqkb1r/pp2pp1p/2p2np1/3p4/2PP4/5N2/PP1NPPPP/R1BQKB1R w KQkq - 0 1
Moves; e2e3 d8c7 b2b4 c8f5 f1e2 f8g7 c1b2 e8g8 a2a4 b8d7 a4a5 d5c4 d2c4 b7b5 a5b6 d7b6 c4e5 f6d5 d1b3 c7d6 b2a3 d6e6 a3c1 e6d6 c1a3 d6e6 a3c1 h7h6 e1g1 g6g5 h2h3 b6d7 e5d7 e6d7 b3c4 d7d6 c1d2 f8b8
Warning; Bestmove does not match beginning of last PV - move c4c2 from SF_2200
Info; info depth 9 seldepth 14 multipv 1 score cp 79 nodes 31398 nps 550842 hashfull 5 tbhits 0 time 57 pv c4c1 d5b4 a1a5 g7e5 d4e5 d6d8 a5a3 a7a5
Position; fen rnbqkb1r/pp2pp1p/2p2np1/3p4/2PP4/5N2/PP1NPPPP/R1BQKB1R w KQkq - 0 1
Moves; e2e3 d8c7 b2b4 c8f5 f1e2 f8g7 c1b2 e8g8 a2a4 b8d7 a4a5 d5c4 d2c4 b7b5 a5b6 d7b6 c4e5 f6d5 d1b3 c7d6 b2a3 d6e6 a3c1 e6d6 c1a3 d6e6 a3c1 h7h6 e1g1 g6g5 h2h3 b6d7 e5d7 e6d7 b3c4 d7d6 c1d2 f8b8 f3e5 f5e6
Warning; Bestmove does not match beginning of last PV - move c2c1 from SF_2200
Info; info depth 9 seldepth 10 multipv 1 score cp 51 nodes 22464 nps 936000 hashfull 3 tbhits 0 time 24 pv d2b4 b8b4 e5c6 a8c8 c6b4 c8c2
Position; fen rnbqkb1r/pp2pp1p/2p2np1/3p4/2PP4/5N2/PP1NPPPP/R1BQKB1R w KQkq - 0 1
Moves; e2e3 d8c7 b2b4 c8f5 f1e2 f8g7 c1b2 e8g8 a2a4 b8d7 a4a5 d5c4 d2c4 b7b5 a5b6 d7b6 c4e5 f6d5 d1b3 c7d6 b2a3 d6e6 a3c1 e6d6 c1a3 d6e6 a3c1 h7h6 e1g1 g6g5 h2h3 b6d7 e5d7 e6d7 b3c4 d7d6 c1d2 f8b8 f3e5 f5e6 c4c2 d5b4
Warning; Bestmove does not match beginning of last PV - move c1a3 from SF_2200
Info; info depth 8 seldepth 11 multipv 1 score cp 33 nodes 27912 nps 581500 hashfull 4 tbhits 0 time 48 pv f2f4 e5e4 e2f3 e4c2 f3d5 c6d5 c1c2
Position; fen rnbqkb1r/pp2pp1p/2p2np1/3p4/2PP4/5N2/PP1NPPPP/R1BQKB1R w KQkq - 0 1
Moves; e2e3 d8c7 b2b4 c8f5 f1e2 f8g7 c1b2 e8g8 a2a4 b8d7 a4a5 d5c4 d2c4 b7b5 a5b6 d7b6 c4e5 f6d5 d1b3 c7d6 b2a3 d6e6 a3c1 e6d6 c1a3 d6e6 a3c1 h7h6 e1g1 g6g5 h2h3 b6d7 e5d7 e6d7 b3c4 d7d6 c1d2 f8b8 f3e5 f5e6 c4c2 d5b4 c2c1 e6d5 a1a5 g7e5 d4e5 d6e5
Warning; Bestmove does not match beginning of last PV - move f1d1 from SF_2200
Info; info depth 9 seldepth 10 multipv 1 score cp -31 nodes 27667 nps 542490 hashfull 9 tbhits 0 time 51 pv a3a1 d6g6 f1d1
Position; fen rnbqkb1r/pp2pp1p/2p2np1/3p4/2PP4/5N2/PP1NPPPP/R1BQKB1R w KQkq - 0 1
Moves; e2e3 d8c7 b2b4 c8f5 f1e2 f8g7 c1b2 e8g8 a2a4 b8d7 a4a5 d5c4 d2c4 b7b5 a5b6 d7b6 c4e5 f6d5 d1b3 c7d6 b2a3 d6e6 a3c1 e6d6 c1a3 d6e6 a3c1 h7h6 e1g1 g6g5 h2h3 b6d7 e5d7 e6d7 b3c4 d7d6 c1d2 f8b8 f3e5 f5e6 c4c2 d5b4 c2c1 e6d5 a1a5 g7e5 d4e5 d6e5 c1a3 e5d6
Warning; Bestmove does not match beginning of last PV - move c3e5 from SF_2200
Info; info depth 8 seldepth 13 multipv 1 score cp 314 nodes 13518 nps 614454 hashfull 2 tbhits 0 time 22 pv f2f3 b8b3 c1d2 g6d6 f3e4 d6d2 c3d2 c2e3 d1c1
Position; fen rnbqkb1r/pp2pp1p/2p2np1/3p4/2PP4/5N2/PP1NPPPP/R1BQKB1R w KQkq - 0 1
Moves; e2e3 d8c7 b2b4 c8f5 f1e2 f8g7 c1b2 e8g8 a2a4 b8d7 a4a5 d5c4 d2c4 b7b5 a5b6 d7b6 c4e5 f6d5 d1b3 c7d6 b2a3 d6e6 a3c1 e6d6 c1a3 d6e6 a3c1 h7h6 e1g1 g6g5 h2h3 b6d7 e5d7 e6d7 b3c4 d7d6 c1d2 f8b8 f3e5 f5e6 c4c2 d5b4 c2c1 e6d5 a1a5 g7e5 d4e5 d6e5 c1a3 e5d6 f1d1 b4c2 a3c1 d6g6 d2c3 d5e4
Warning; Bestmove does not match beginning of last PV - move a5c5 from SF_2200
Info; info depth 8 seldepth 14 multipv 1 score cp 139 nodes 15796 nps 544689 hashfull 2 tbhits 0 time 29 pv e3e4 d5b3 d1d2 c2b4 d2b2 b3e6 c1c3 f7f6 b2b4 b7b4 c3b4
Position; fen rnbqkb1r/pp2pp1p/2p2np1/3p4/2PP4/5N2/PP1NPPPP/R1BQKB1R w KQkq - 0 1
Moves; e2e3 d8c7 b2b4 c8f5 f1e2 f8g7 c1b2 e8g8 a2a4 b8d7 a4a5 d5c4 d2c4 b7b5 a5b6 d7b6 c4e5 f6d5 d1b3 c7d6 b2a3 d6e6 a3c1 e6d6 c1a3 d6e6 a3c1 h7h6 e1g1 g6g5 h2h3 b6d7 e5d7 e6d7 b3c4 d7d6 c1d2 f8b8 f3e5 f5e6 c4c2 d5b4 c2c1 e6d5 a1a5 g7e5 d4e5 d6e5 c1a3 e5d6 f1d1 b4c2 a3c1 d6g6 d2c3 d5e4 c3e5 b8b7 f2f3 e4d5
Warning; Bestmove does not match beginning of last PV - move f3f4 from SF_2200
Info; info depth 8 seldepth 16 multipv 1 score cp 15 nodes 25332 nps 703666 hashfull 5 tbhits 0 time 36 pv d1d5 c6d5 c1c2 e6e5 c5c8 a8c8 c2c8 g8g7 c8b7 e5e3 g1f1 e3c1 f1f2
Position; fen rnbqkb1r/pp2pp1p/2p2np1/3p4/2PP4/5N2/PP1NPPPP/R1BQKB1R w KQkq - 0 1
Moves; e2e3 d8c7 b2b4 c8f5 f1e2 f8g7 c1b2 e8g8 a2a4 b8d7 a4a5 d5c4 d2c4 b7b5 a5b6 d7b6 c4e5 f6d5 d1b3 c7d6 b2a3 d6e6 a3c1 e6d6 c1a3 d6e6 a3c1 h7h6 e1g1 g6g5 h2h3 b6d7 e5d7 e6d7 b3c4 d7d6 c1d2 f8b8 f3e5 f5e6 c4c2 d5b4 c2c1 e6d5 a1a5 g7e5 d4e5 d6e5 c1a3 e5d6 f1d1 b4c2 a3c1 d6g6 d2c3 d5e4 c3e5 b8b7 f2f3 e4d5 a5c5 g6e6
Warning; Bestmove does not match beginning of last PV - move d1d2 from SF_2200
Info; info depth 7 seldepth 16 multipv 1 score cp -18 nodes 26879 nps 790558 hashfull 65 tbhits 0 time 34 pv e3e4 d5e4 f4g5 b4d5 e5b2 h6g5 c1g5
Position; fen rnbqkb1r/pp2pp1p/2p2np1/3p4/2PP4/5N2/PP1NPPPP/R1BQKB1R w KQkq - 0 1
Moves; e2e3 d8c7 b2b4 c8f5 f1e2 f8g7 c1b2 e8g8 a2a4 b8d7 a4a5 d5c4 d2c4 b7b5 a5b6 d7b6 c4e5 f6d5 d1b3 c7d6 b2a3 d6e6 a3c1 e6d6 c1a3 d6e6 a3c1 h7h6 e1g1 g6g5 h2h3 b6d7 e5d7 e6d7 b3c4 d7d6 c1d2 f8b8 f3e5 f5e6 c4c2 d5b4 c2c1 e6d5 a1a5 g7e5 d4e5 d6e5 c1a3 e5d6 f1d1 b4c2 a3c1 d6g6 d2c3 d5e4 c3e5 b8b7 f2f3 e4d5 a5c5 g6e6 f3f4 c2b4
Warning; Bestmove does not match beginning of last PV - move e2f1 from SF_2200
Info; info depth 8 seldepth 13 multipv 1 score cp -68 nodes 19190 nps 581515 hashfull 13 tbhits 0 time 33 pv e2c4 g6e4 g1h2 e4e3 c4d5 b4d5 c5c6 d5f4
Position; fen rnbqkb1r/pp2pp1p/2p2np1/3p4/2PP4/5N2/PP1NPPPP/R1BQKB1R w KQkq - 0 1
Moves; e2e3 d8c7 b2b4 c8f5 f1e2 f8g7 c1b2 e8g8 a2a4 b8d7 a4a5 d5c4 d2c4 b7b5 a5b6 d7b6 c4e5 f6d5 d1b3 c7d6 b2a3 d6e6 a3c1 e6d6 c1a3 d6e6 a3c1 h7h6 e1g1 g6g5 h2h3 b6d7 e5d7 e6d7 b3c4 d7d6 c1d2 f8b8 f3e5 f5e6 c4c2 d5b4 c2c1 e6d5 a1a5 g7e5 d4e5 d6e5 c1a3 e5d6 f1d1 b4c2 a3c1 d6g6 d2c3 d5e4 c3e5 b8b7 f2f3 e4d5 a5c5 g6e6 f3f4 c2b4 d1d2 e6g6
Warning; Bestmove does not match beginning of last PV - move c5d5 from SF_2200
Info; info depth 8 seldepth 16 multipv 1 score cp -114 nodes 11647 nps 401620 hashfull 11 tbhits 0 time 29 pv e3f4 g8f7 c5c3
Position; fen rnbqkb1r/pp2pp1p/2p2np1/3p4/2PP4/5N2/PP1NPPPP/R1BQKB1R w KQkq - 0 1
Moves; e2e3 d8c7 b2b4 c8f5 f1e2 f8g7 c1b2 e8g8 a2a4 b8d7 a4a5 d5c4 d2c4 b7b5 a5b6 d7b6 c4e5 f6d5 d1b3 c7d6 b2a3 d6e6 a3c1 e6d6 c1a3 d6e6 a3c1 h7h6 e1g1 g6g5 h2h3 b6d7 e5d7 e6d7 b3c4 d7d6 c1d2 f8b8 f3e5 f5e6 c4c2 d5b4 c2c1 e6d5 a1a5 g7e5 d4e5 d6e5 c1a3 e5d6 f1d1 b4c2 a3c1 d6g6 d2c3 d5e4 c3e5 b8b7 f2f3 e4d5 a5c5 g6e6 f3f4 c2b4 d1d2 e6g6 e2f1 f7f6 e5b2 g5f4
Warning; Bestmove does not match beginning of last PV - move b2a3 from SF_2200
Info; info depth 10 seldepth 11 multipv 1 score cp -250 nodes 14744 nps 546074 hashfull 14 tbhits 0 time 27 pv c1c5 g6f5 e3f4 h6h5 d2e2
Position; fen rnbqkb1r/pp2pp1p/2p2np1/3p4/2PP4/5N2/PP1NPPPP/R1BQKB1R w KQkq - 0 1
Moves; e2e3 d8c7 b2b4 c8f5 f1e2 f8g7 c1b2 e8g8 a2a4 b8d7 a4a5 d5c4 d2c4 b7b5 a5b6 d7b6 c4e5 f6d5 d1b3 c7d6 b2a3 d6e6 a3c1 e6d6 c1a3 d6e6 a3c1 h7h6 e1g1 g6g5 h2h3 b6d7 e5d7 e6d7 b3c4 d7d6 c1d2 f8b8 f3e5 f5e6 c4c2 d5b4 c2c1 e6d5 a1a5 g7e5 d4e5 d6e5 c1a3 e5d6 f1d1 b4c2 a3c1 d6g6 d2c3 d5e4 c3e5 b8b7 f2f3 e4d5 a5c5 g6e6 f3f4 c2b4 d1d2 e6g6 e2f1 f7f6 e5b2 g5f4 c5d5 c6d5
Warning; Bestmove does not match beginning of last PV - move c1b1 from SF_2200
Info; info depth 11 seldepth 13 multipv 1 score cp -258 nodes 19304 nps 804333 hashfull 40 tbhits 0 time 24 pv e3f4 g3e3 g1h1 e3f4 c1d1 g8h8
Position; fen rnbqkb1r/pp2pp1p/2p2np1/3p4/2PP4/5N2/PP1NPPPP/R1BQKB1R w KQkq - 0 1
Moves; e2e3 d8c7 b2b4 c8f5 f1e2 f8g7 c1b2 e8g8 a2a4 b8d7 a4a5 d5c4 d2c4 b7b5 a5b6 d7b6 c4e5 f6d5 d1b3 c7d6 b2a3 d6e6 a3c1 e6d6 c1a3 d6e6 a3c1 h7h6 e1g1 g6g5 h2h3 b6d7 e5d7 e6d7 b3c4 d7d6 c1d2 f8b8 f3e5 f5e6 c4c2 d5b4 c2c1 e6d5 a1a5 g7e5 d4e5 d6e5 c1a3 e5d6 f1d1 b4c2 a3c1 d6g6 d2c3 d5e4 c3e5 b8b7 f2f3 e4d5 a5c5 g6e6 f3f4 c2b4 d1d2 e6g6 e2f1 f7f6 e5b2 g5f4 c5d5 c6d5 b2a3 g6g3
Warning; Bestmove does not match beginning of last PV - move b1f5 from SF_2200
Info; info depth 10 seldepth 14 multipv 1 score cp -358 nodes 26859 nps 1279000 hashfull 27 tbhits 0 time 21 pv b1g6 g8f8 g6h7 f4f3 h7h8 f8f7 h8h7 f7e6
Position; fen rnbqkb1r/pp2pp1p/2p2np1/3p4/2PP4/5N2/PP1NPPPP/R1BQKB1R w KQkq - 0 1
Moves; e2e3 d8c7 b2b4 c8f5 f1e2 f8g7 c1b2 e8g8 a2a4 b8d7 a4a5 d5c4 d2c4 b7b5 a5b6 d7b6 c4e5 f6d5 d1b3 c7d6 b2a3 d6e6 a3c1 e6d6 c1a3 d6e6 a3c1 h7h6 e1g1 g6g5 h2h3 b6d7 e5d7 e6d7 b3c4 d7d6 c1d2 f8b8 f3e5 f5e6 c4c2 d5b4 c2c1 e6d5 a1a5 g7e5 d4e5 d6e5 c1a3 e5d6 f1d1 b4c2 a3c1 d6g6 d2c3 d5e4 c3e5 b8b7 f2f3 e4d5 a5c5 g6e6 f3f4 c2b4 d1d2 e6g6 e2f1 f7f6 e5b2 g5f4 c5d5 c6d5 b2a3 g6g3 c1b1 g3e3 g1h2 e3d2
Warning; Bestmove does not match beginning of last PV - move h2h1 from SF_2200
Info; info depth 15 seldepth 32 multipv 1 score cp -529 nodes 747384 nps 1288593 hashfull 259 tbhits 0 time 580 pv f5h5 f7e6 f1e2 d2e3 e2g4 e6d6 h5h6 e3a3 h6f4 d6c6 f4d4 a8g8 g4f3 e7e6
Position; fen rnbqkb1r/pp2pp1p/2p2np1/3p4/2PP4/5N2/PP1NPPPP/R1BQKB1R w KQkq - 0 1
Moves; e2e3 d8c7 b2b4 c8f5 f1e2 f8g7 c1b2 e8g8 a2a4 b8d7 a4a5 d5c4 d2c4 b7b5 a5b6 d7b6 c4e5 f6d5 d1b3 c7d6 b2a3 d6e6 a3c1 e6d6 c1a3 d6e6 a3c1 h7h6 e1g1 g6g5 h2h3 b6d7 e5d7 e6d7 b3c4 d7d6 c1d2 f8b8 f3e5 f5e6 c4c2 d5b4 c2c1 e6d5 a1a5 g7e5 d4e5 d6e5 c1a3 e5d6 f1d1 b4c2 a3c1 d6g6 d2c3 d5e4 c3e5 b8b7 f2f3 e4d5 a5c5 g6e6 f3f4 c2b4 d1d2 e6g6 e2f1 f7f6 e5b2 g5f4 c5d5 c6d5 b2a3 g6g3 c1b1 g3e3 g1h2 e3d2 b1f5 g8f7
Warning; Bestmove does not match beginning of last PV - move f1a6 from SF_2200
Info; info depth 15 seldepth 27 multipv 1 score cp -654 nodes 1039204 nps 1449377 hashfull 384 tbhits 0 time 717 pv f5h5 f7e6 g2g3 e6d6 g3f4 d2e1 h5f3 e1e4 f3e4 d5e4 f1g2 d6c7 g2e4 b7b5
Position; fen rnbqkb1r/pp2pp1p/2p2np1/3p4/2PP4/5N2/PP1NPPPP/R1BQKB1R w KQkq - 0 1
Moves; e2e3 d8c7 b2b4 c8f5 f1e2 f8g7 c1b2 e8g8 a2a4 b8d7 a4a5 d5c4 d2c4 b7b5 a5b6 d7b6 c4e5 f6d5 d1b3 c7d6 b2a3 d6e6 a3c1 e6d6 c1a3 d6e6 a3c1 h7h6 e1g1 g6g5 h2h3 b6d7 e5d7 e6d7 b3c4 d7d6 c1d2 f8b8 f3e5 f5e6 c4c2 d5b4 c2c1 e6d5 a1a5 g7e5 d4e5 d6e5 c1a3 e5d6 f1d1 b4c2 a3c1 d6g6 d2c3 d5e4 c3e5 b8b7 f2f3 e4d5 a5c5 g6e6 f3f4 c2b4 d1d2 e6g6 e2f1 f7f6 e5b2 g5f4 c5d5 c6d5 b2a3 g6g3 c1b1 g3e3 g1h2 e3d2 b1f5 g8f7 h2h1 a8h8
Warning; Bestmove does not match beginning of last PV - move f5h5 from SF_2200
Info; info depth 14 seldepth 34 multipv 1 score cp -716 nodes 587879 nps 1723985 hashfull 202 tbhits 0 time 341 pv h1h2 d2e1 f5d5 f7g7 d5b7 e1g3 h2g1 g3a3 g1h1 a3a1 h1h2 a1e5 h2h1 e5e2 b7a7 h6h5 a7d7 f4f3 d7e7 e2e7
Position; fen rnbqkb1r/pp2pp1p/2p2np1/3p4/2PP4/5N2/PP1NPPPP/R1BQKB1R w KQkq - 0 1
Moves; e2e3 d8c7 b2b4 c8f5 f1e2 f8g7 c1b2 e8g8 a2a4 b8d7 a4a5 d5c4 d2c4 b7b5 a5b6 d7b6 c4e5 f6d5 d1b3 c7d6 b2a3 d6e6 a3c1 e6d6 c1a3 d6e6 a3c1 h7h6 e1g1 g6g5 h2h3 b6d7 e5d7 e6d7 b3c4 d7d6 c1d2 f8b8 f3e5 f5e6 c4c2 d5b4 c2c1 e6d5 a1a5 g7e5 d4e5 d6e5 c1a3 e5d6 f1d1 b4c2 a3c1 d6g6 d2c3 d5e4 c3e5 b8b7 f2f3 e4d5 a5c5 g6e6 f3f4 c2b4 d1d2 e6g6 e2f1 f7f6 e5b2 g5f4 c5d5 c6d5 b2a3 g6g3 c1b1 g3e3 g1h2 e3d2 b1f5 g8f7 h2h1 a8h8 f1a6 b4a6
Warning; Bestmove does not match beginning of last PV - move h5h4 from SF_2200
Info; info depth 14 seldepth 25 multipv 1 score cp -865 nodes 529261 nps 1764203 hashfull 154 tbhits 0 time 300 pv h5g4 d2e1 h1h2 e1g3 g4g3 f4g3 h2g3 f8e8 g3h2 h6h5
Position; fen rnbqkb1r/pp2pp1p/2p2np1/3p4/2PP4/5N2/PP1NPPPP/R1BQKB1R w KQkq - 0 1
Moves; e2e3 d8c7 b2b4 c8f5 f1e2 f8g7 c1b2 e8g8 a2a4 b8d7 a4a5 d5c4 d2c4 b7b5 a5b6 d7b6 c4e5 f6d5 d1b3 c7d6 b2a3 d6e6 a3c1 e6d6 c1a3 d6e6 a3c1 h7h6 e1g1 g6g5 h2h3 b6d7 e5d7 e6d7 b3c4 d7d6 c1d2 f8b8 f3e5 f5e6 c4c2 d5b4 c2c1 e6d5 a1a5 g7e5 d4e5 d6e5 c1a3 e5d6 f1d1 b4c2 a3c1 d6g6 d2c3 d5e4 c3e5 b8b7 f2f3 e4d5 a5c5 g6e6 f3f4 c2b4 d1d2 e6g6 e2f1 f7f6 e5b2 g5f4 c5d5 c6d5 b2a3 g6g3 c1b1 g3e3 g1h2 e3d2 b1f5 g8f7 h2h1 a8h8 f1a6 b4a6 f5h5 f7f8
Warning; Bestmove does not match beginning of last PV - move h5g4 from SF_2200
Info; info depth 40 seldepth 11 multipv 1 score mate -5 nodes 68644 nps 1492260 hashfull 13 tbhits 0 time 46 pv h5f3 d2e1 h1h2 e1g3 h2g1 b7b1 a3c1 b1c1 f3f1 g3g2
Position; fen rnbqkb1r/pp2pp1p/2p2np1/3p4/2PP4/5N2/PP1NPPPP/R1BQKB1R w KQkq - 0 1
Moves; e2e3 d8c7 b2b4 c8f5 f1e2 f8g7 c1b2 e8g8 a2a4 b8d7 a4a5 d5c4 d2c4 b7b5 a5b6 d7b6 c4e5 f6d5 d1b3 c7d6 b2a3 d6e6 a3c1 e6d6 c1a3 d6e6 a3c1 h7h6 e1g1 g6g5 h2h3 b6d7 e5d7 e6d7 b3c4 d7d6 c1d2 f8b8 f3e5 f5e6 c4c2 d5b4 c2c1 e6d5 a1a5 g7e5 d4e5 d6e5 c1a3 e5d6 f1d1 b4c2 a3c1 d6g6 d2c3 d5e4 c3e5 b8b7 f2f3 e4d5 a5c5 g6e6 f3f4 c2b4 d1d2 e6g6 e2f1 f7f6 e5b2 g5f4 c5d5 c6d5 b2a3 g6g3 c1b1 g3e3 g1h2 e3d2 b1f5 g8f7 h2h1 a8h8 f1a6 b4a6 f5h5 f7f8 h5h4 h8g8 h4h6 f8f7 h6h7 g8g7 h7h5 f7e6
Warning; Bestmove does not match beginning of last PV - move h2h1 from SF_2200
Info; info depth 245 seldepth 5 multipv 1 score mate -2 nodes 23213 nps 5803250 hashfull 2 tbhits 0 time 4 pv h2g1 b7b1 a3c1 b1c1
Position; fen rnbqkb1r/pp2pp1p/2p2np1/3p4/2PP4/5N2/PP1NPPPP/R1BQKB1R w KQkq - 0 1
Moves; e2e3 d8c7 b2b4 c8f5 f1e2 f8g7 c1b2 e8g8 a2a4 b8d7 a4a5 d5c4 d2c4 b7b5 a5b6 d7b6 c4e5 f6d5 d1b3 c7d6 b2a3 d6e6 a3c1 e6d6 c1a3 d6e6 a3c1 h7h6 e1g1 g6g5 h2h3 b6d7 e5d7 e6d7 b3c4 d7d6 c1d2 f8b8 f3e5 f5e6 c4c2 d5b4 c2c1 e6d5 a1a5 g7e5 d4e5 d6e5 c1a3 e5d6 f1d1 b4c2 a3c1 d6g6 d2c3 d5e4 c3e5 b8b7 f2f3 e4d5 a5c5 g6e6 f3f4 c2b4 d1d2 e6g6 e2f1 f7f6 e5b2 g5f4 c5d5 c6d5 b2a3 g6g3 c1b1 g3e3 g1h2 e3d2 b1f5 g8f7 h2h1 a8h8 f1a6 b4a6 f5h5 f7f8 h5h4 h8g8 h4h6 f8f7 h6h7 g8g7 h7h5 f7e6 h5g4 g7g4 h3g4 d2e1 h1h2 e1g3
Finished game 6 (SF_2200 vs HiveChess): 0-1 {Black mates}
Started game 7 of 10 (HiveChess vs SF_2300)
Warning; Bestmove does not match beginning of last PV - move f8g7 from SF_2300
Info; info depth 13 seldepth 18 multipv 1 score cp -27 nodes 155024 nps 429429 hashfull 54 tbhits 0 time 361 pv c8f5 f1e2 b8d7 e1g1 e7e6 f3h4 h7h5 d1b3 d8c7
Position; fen rnbqkb1r/pp2pp1p/2p2np1/3p4/2PP4/5N2/PP1NPPPP/R1BQKB1R w KQkq - 0 1
Moves; e2e3
Warning; Bestmove does not match beginning of last PV - move c8e6 from SF_2300
Info; info depth 7 seldepth 8 multipv 1 score cp -7 nodes 4889 nps 61886 hashfull 1 tbhits 0 time 79 pv e8g8 e1g1
Position; fen rnbqkb1r/pp2pp1p/2p2np1/3p4/2PP4/5N2/PP1NPPPP/R1BQKB1R w KQkq - 0 1
Moves; e2e3 f8g7 f1d3
Warning; Bestmove does not match beginning of last PV - move f6e8 from SF_2300
Info; info depth 11 seldepth 20 multipv 1 score cp 29 nodes 90958 nps 466451 hashfull 29 tbhits 0 time 195 pv a7a5 a2a4 b7b6 h2h3 c8a6 c4d5 f6d5 d3a6 b8a6 e3e4
Position; fen rnbqkb1r/pp2pp1p/2p2np1/3p4/2PP4/5N2/PP1NPPPP/R1BQKB1R w KQkq - 0 1
Moves; e2e3 f8g7 f1d3 c8e6 f3g5 e6c8 e1g1 e8g8 d2b3
Warning; Bestmove does not match beginning of last PV - move b7b6 from SF_2300
Info; info depth 11 seldepth 12 multipv 1 score cp 28 nodes 98206 nps 337477 hashfull 27 tbhits 0 time 291 pv a7a5 b3d2 a5a4 g1h1 b8d7 d2f3 h7h6
Position; fen rnbqkb1r/pp2pp1p/2p2np1/3p4/2PP4/5N2/PP1NPPPP/R1BQKB1R w KQkq - 0 1
Moves; e2e3 f8g7 f1d3 c8e6 f3g5 e6c8 e1g1 e8g8 d2b3 f6e8 f2f4
Warning; Bestmove does not match beginning of last PV - move d5c4 from SF_2300
Info; info depth 10 seldepth 19 multipv 1 score cp 41 nodes 36434 nps 449802 hashfull 12 tbhits 0 time 81 pv a7a5 a2a4 d5c4 d3c4 e8d6 c4d3 b8a6 c1d2 c6c5 d4c5 a6c5 b3c5 b6c5
Position; fen rnbqkb1r/pp2pp1p/2p2np1/3p4/2PP4/5N2/PP1NPPPP/R1BQKB1R w KQkq - 0 1
Moves; e2e3 f8g7 f1d3 c8e6 f3g5 e6c8 e1g1 e8g8 d2b3 f6e8 f2f4 b7b6 d1c2
Warning; Bestmove does not match beginning of last PV - move b8a6 from SF_2300
Info; info depth 12 seldepth 22 multipv 1 score cp 50 nodes 155600 nps 454970 hashfull 43 tbhits 0 time 342 pv e8d6 c4d3 a7a5 a2a4 b8a6 c1d2 c6c5 d4c5 a6c5 b3c5 b6c5 c2c5 d6f5 d3f5 c8f5 d2c3 g7c3 c5c3
Position; fen rnbqkb1r/pp2pp1p/2p2np1/3p4/2PP4/5N2/PP1NPPPP/R1BQKB1R w KQkq - 0 1
Moves; e2e3 f8g7 f1d3 c8e6 f3g5 e6c8 e1g1 e8g8 d2b3 f6e8 f2f4 b7b6 d1c2 d5c4 d3c4
Warning; Bestmove does not match beginning of last PV - move d8c8 from SF_2300
Info; info depth 12 seldepth 21 multipv 1 score cp 128 nodes 71760 nps 351764 hashfull 23 tbhits 0 time 204 pv a8c8 d4b5 c5d3 c2d3 b7a6 c3g7 a6b5 d3d4 d6f5 d4e4 b5f1 d1d8 f8d8 g1f1 g8g7 f1e2 g7g8
Position; fen rnbqkb1r/pp2pp1p/2p2np1/3p4/2PP4/5N2/PP1NPPPP/R1BQKB1R w KQkq - 0 1
Moves; e2e3 f8g7 f1d3 c8e6 f3g5 e6c8 e1g1 e8g8 d2b3 f6e8 f2f4 b7b6 d1c2 d5c4 d3c4 b8a6 c1d2 e8d6 c4d3 c6c5 a2a3 c5d4 b3d4 a6c5 d2c3 c8b7 a1d1
Warning; Bestmove does not match beginning of last PV - move g7c3 from SF_2300
Info; info depth 10 seldepth 18 multipv 1 score cp 287 nodes 20888 nps 564540 hashfull 3 tbhits 0 time 37 pv c8f5 c2b3 g8h7 f1d1 a8e8 h2h3 e8e7 c3g7 f7g7 b3d3 f5d3 d1d3
Position; fen rnbqkb1r/pp2pp1p/2p2np1/3p4/2PP4/5N2/PP1NPPPP/R1BQKB1R w KQkq - 0 1
Moves; e2e3 f8g7 f1d3 c8e6 f3g5 e6c8 e1g1 e8g8 d2b3 f6e8 f2f4 b7b6 d1c2 d5c4 d3c4 b8a6 c1d2 e8d6 c4d3 c6c5 a2a3 c5d4 b3d4 a6c5 d2c3 c8b7 a1d1 d8c8 d4b5 c5d3 b5d6 e7d6 d1d3 h7h6 g5f7 f8f7 d3d6
Warning; Bestmove does not match beginning of last PV - move g7g8 from SF_2300
Info; info depth 10 seldepth 19 multipv 1 score cp 262 nodes 11073 nps 615166 hashfull 3 tbhits 0 time 18 pv c5d4 c3d4 e8c8 e3e4 b7e4 f1e1 e4f5 e1e7 g7f6 e7a7
Position; fen rnbqkb1r/pp2pp1p/2p2np1/3p4/2PP4/5N2/PP1NPPPP/R1BQKB1R w KQkq - 0 1
Moves; e2e3 f8g7 f1d3 c8e6 f3g5 e6c8 e1g1 e8g8 d2b3 f6e8 f2f4 b7b6 d1c2 d5c4 d3c4 b8a6 c1d2 e8d6 c4d3 c6c5 a2a3 c5d4 b3d4 a6c5 d2c3 c8b7 a1d1 d8c8 d4b5 c5d3 b5d6 e7d6 d1d3 h7h6 g5f7 f8f7 d3d6 g7c3 b2c3 f7g7 d6g6 c8c5 c2d3 a8e8 g6g7 g8g7 d3d4
Warning; Bestmove does not match beginning of last PV - move e8d8 from SF_2300
Info; info depth 10 seldepth 17 multipv 1 score cp 195 nodes 17798 nps 613724 hashfull 4 tbhits 0 time 29 pv h6h5 h2h3 e8d8 g2g4 h5h4 f2e1 d8d3 b1b8 g8f7
Position; fen rnbqkb1r/pp2pp1p/2p2np1/3p4/2PP4/5N2/PP1NPPPP/R1BQKB1R w KQkq - 0 1
Moves; e2e3 f8g7 f1d3 c8e6 f3g5 e6c8 e1g1 e8g8 d2b3 f6e8 f2f4 b7b6 d1c2 d5c4 d3c4 b8a6 c1d2 e8d6 c4d3 c6c5 a2a3 c5d4 b3d4 a6c5 d2c3 c8b7 a1d1 d8c8 d4b5 c5d3 b5d6 e7d6 d1d3 h7h6 g5f7 f8f7 d3d6 g7c3 b2c3 f7g7 d6g6 c8c5 c2d3 a8e8 g6g7 g8g7 d3d4 g7g8 d4c5 b6c5 f1b1 b7c6 g1f2
Warning; Bestmove does not match beginning of last PV - move c6e4 from SF_2300
Info; info depth 12 seldepth 16 multipv 1 score cp 371 nodes 23589 nps 620763 hashfull 6 tbhits 0 time 38 pv g8g3 b2d2 f7e6 d2d8 c6g2 f1f2 g2c6 d8c8 e6d7 c8h8 g3h3 h8h7 d7e8
Position; fen rnbqkb1r/pp2pp1p/2p2np1/3p4/2PP4/5N2/PP1NPPPP/R1BQKB1R w KQkq - 0 1
Moves; e2e3 f8g7 f1d3 c8e6 f3g5 e6c8 e1g1 e8g8 d2b3 f6e8 f2f4 b7b6 d1c2 d5c4 d3c4 b8a6 c1d2 e8d6 c4d3 c6c5 a2a3 c5d4 b3d4 a6c5 d2c3 c8b7 a1d1 d8c8 d4b5 c5d3 b5d6 e7d6 d1d3 h7h6 g5f7 f8f7 d3d6 g7c3 b2c3 f7g7 d6g6 c8c5 c2d3 a8e8 g6g7 g8g7 d3d4 g7g8 d4c5 b6c5 f1b1 b7c6 g1f2 e8d8 b1b2 h6h5 h2h3 h5h4 b2c2 g8f7 c2b2 d8g8 f2f1
Warning; Bestmove does not match beginning of last PV - move e7e6 from SF_2300
Info; info depth 12 seldepth 14 multipv 1 score cp 380 nodes 22569 nps 683909 hashfull 7 tbhits 0 time 33 pv a7a5 d2b2 a5a4 b2b5 e4g2 f1f2 e7d6 b5b6 g2c6 e3e4 d6c7
Position; fen rnbqkb1r/pp2pp1p/2p2np1/3p4/2PP4/5N2/PP1NPPPP/R1BQKB1R w KQkq - 0 1
Moves; e2e3 f8g7 f1d3 c8e6 f3g5 e6c8 e1g1 e8g8 d2b3 f6e8 f2f4 b7b6 d1c2 d5c4 d3c4 b8a6 c1d2 e8d6 c4d3 c6c5 a2a3 c5d4 b3d4 a6c5 d2c3 c8b7 a1d1 d8c8 d4b5 c5d3 b5d6 e7d6 d1d3 h7h6 g5f7 f8f7 d3d6 g7c3 b2c3 f7g7 d6g6 c8c5 c2d3 a8e8 g6g7 g8g7 d3d4 g7g8 d4c5 b6c5 f1b1 b7c6 g1f2 e8d8 b1b2 h6h5 h2h3 h5h4 b2c2 g8f7 c2b2 d8g8 f2f1 c6e4 b2d2 f7e7 c3c4
Warning; Bestmove does not match beginning of last PV - move e6d6 from SF_2300
Info; info depth 12 seldepth 14 multipv 1 score cp 344 nodes 20500 nps 661290 hashfull 17 tbhits 0 time 31 pv e4d3 f1f2 d3e4 f2f1 e4c6 b2d2 g8g3 d2d8 c6g2 f1f2 g2c6 d8c8
Position; fen rnbqkb1r/pp2pp1p/2p2np1/3p4/2PP4/5N2/PP1NPPPP/R1BQKB1R w KQkq - 0 1
Moves; e2e3 f8g7 f1d3 c8e6 f3g5 e6c8 e1g1 e8g8 d2b3 f6e8 f2f4 b7b6 d1c2 d5c4 d3c4 b8a6 c1d2 e8d6 c4d3 c6c5 a2a3 c5d4 b3d4 a6c5 d2c3 c8b7 a1d1 d8c8 d4b5 c5d3 b5d6 e7d6 d1d3 h7h6 g5f7 f8f7 d3d6 g7c3 b2c3 f7g7 d6g6 c8c5 c2d3 a8e8 g6g7 g8g7 d3d4 g7g8 d4c5 b6c5 f1b1 b7c6 g1f2 e8d8 b1b2 h6h5 h2h3 h5h4 b2c2 g8f7 c2b2 d8g8 f2f1 c6e4 b2d2 f7e7 c3c4 e7e6 d2b2
Warning; Bestmove does not match beginning of last PV - move d6c7 from SF_2300
Info; info depth 13 seldepth 20 multipv 1 score cp 349 nodes 19693 nps 679068 hashfull 25 tbhits 0 time 29 pv d6e7 a3a4 g8g3 d2b2 e4c6 b2b8 c6g2 f1f2 g2c6 b8h8 g3f3 f2g1 f3h3
Position; fen rnbqkb1r/pp2pp1p/2p2np1/3p4/2PP4/5N2/PP1NPPPP/R1BQKB1R w KQkq - 0 1
Moves; e2e3 f8g7 f1d3 c8e6 f3g5 e6c8 e1g1 e8g8 d2b3 f6e8 f2f4 b7b6 d1c2 d5c4 d3c4 b8a6 c1d2 e8d6 c4d3 c6c5 a2a3 c5d4 b3d4 a6c5 d2c3 c8b7 a1d1 d8c8 d4b5 c5d3 b5d6 e7d6 d1d3 h7h6 g5f7 f8f7 d3d6 g7c3 b2c3 f7g7 d6g6 c8c5 c2d3 a8e8 g6g7 g8g7 d3d4 g7g8 d4c5 b6c5 f1b1 b7c6 g1f2 e8d8 b1b2 h6h5 h2h3 h5h4 b2c2 g8f7 c2b2 d8g8 f2f1 c6e4 b2d2 f7e7 c3c4 e7e6 d2b2 e6d6 b2d2
Warning; Bestmove does not match beginning of last PV - move c7b6 from SF_2300
Info; info depth 11 seldepth 14 multipv 1 score cp 317 nodes 17269 nps 639592 hashfull 34 tbhits 0 time 27 pv a7a5 d2f2 c7d6 f4f5 d6e5 f5f6 g8f8 f6f7 e4f5 f2f4 f8f7 f4h4
Position; fen rnbqkb1r/pp2pp1p/2p2np1/3p4/2PP4/5N2/PP1NPPPP/R1BQKB1R w KQkq - 0 1
Moves; e2e3 f8g7 f1d3 c8e6 f3g5 e6c8 e1g1 e8g8 d2b3 f6e8 f2f4 b7b6 d1c2 d5c4 d3c4 b8a6 c1d2 e8d6 c4d3 c6c5 a2a3 c5d4 b3d4 a6c5 d2c3 c8b7 a1d1 d8c8 d4b5 c5d3 b5d6 e7d6 d1d3 h7h6 g5f7 f8f7 d3d6 g7c3 b2c3 f7g7 d6g6 c8c5 c2d3 a8e8 g6g7 g8g7 d3d4 g7g8 d4c5 b6c5 f1b1 b7c6 g1f2 e8d8 b1b2 h6h5 h2h3 h5h4 b2c2 g8f7 c2b2 d8g8 f2f1 c6e4 b2d2 f7e7 c3c4 e7e6 d2b2 e6d6 b2d2 d6c7 f1g1
Warning; Bestmove does not match beginning of last PV - move g2h3 from SF_2300
Info; info depth 10 seldepth 14 multipv 1 score cp 235 nodes 13543 nps 615590 hashfull 42 tbhits 0 time 22 pv a5b6 g1f2 g2h3 f4f5 h3g4 e5e6 b6a5 e6c6 h4h3 c6c5 a5b6
Position; fen rnbqkb1r/pp2pp1p/2p2np1/3p4/2PP4/5N2/PP1NPPPP/R1BQKB1R w KQkq - 0 1
Moves; e2e3 f8g7 f1d3 c8e6 f3g5 e6c8 e1g1 e8g8 d2b3 f6e8 f2f4 b7b6 d1c2 d5c4 d3c4 b8a6 c1d2 e8d6 c4d3 c6c5 a2a3 c5d4 b3d4 a6c5 d2c3 c8b7 a1d1 d8c8 d4b5 c5d3 b5d6 e7d6 d1d3 h7h6 g5f7 f8f7 d3d6 g7c3 b2c3 f7g7 d6g6 c8c5 c2d3 a8e8 g6g7 g8g7 d3d4 g7g8 d4c5 b6c5 f1b1 b7c6 g1f2 e8d8 b1b2 h6h5 h2h3 h5h4 b2c2 g8f7 c2b2 d8g8 f2f1 c6e4 b2d2 f7e7 c3c4 e7e6 d2b2 e6d6 b2d2 d6c7 f1g1 c7b6 d2d6 b6a5 d6e6 e4g2 e6e5
Warning; Bestmove does not match beginning of last PV - move g8g3 from SF_2300
Info; info depth 14 seldepth 20 multipv 1 score cp 251 nodes 102972 nps 639577 hashfull 37 tbhits 0 time 161 pv h3d7 e5c5 a5b6 c5e5 g8f8 e5d5 b6c6 d5a5 f8e8 f4f5 e8e3 f5f6 c6b6
Position; fen rnbqkb1r/pp2pp1p/2p2np1/3p4/2PP4/5N2/PP1NPPPP/R1BQKB1R w KQkq - 0 1
Moves; e2e3 f8g7 f1d3 c8e6 f3g5 e6c8 e1g1 e8g8 d2b3 f6e8 f2f4 b7b6 d1c2 d5c4 d3c4 b8a6 c1d2 e8d6 c4d3 c6c5 a2a3 c5d4 b3d4 a6c5 d2c3 c8b7 a1d1 d8c8 d4b5 c5d3 b5d6 e7d6 d1d3 h7h6 g5f7 f8f7 d3d6 g7c3 b2c3 f7g7 d6g6 c8c5 c2d3 a8e8 g6g7 g8g7 d3d4 g7g8 d4c5 b6c5 f1b1 b7c6 g1f2 e8d8 b1b2 h6h5 h2h3 h5h4 b2c2 g8f7 c2b2 d8g8 f2f1 c6e4 b2d2 f7e7 c3c4 e7e6 d2b2 e6d6 b2d2 d6c7 f1g1 c7b6 d2d6 b6a5 d6e6 e4g2 e6e5 g2h3 g1h2
Warning; Bestmove does not match beginning of last PV - move a5a6 from SF_2300
Info; info depth 18 seldepth 26 multipv 1 score cp 266 nodes 521456 nps 637476 hashfull 196 tbhits 0 time 818 pv a5a4 c5e5 h3f1 c4c5 a4b5 f4f5 g3h3 h2g1 h3f3 e5e4 f3f5 e4h4 f1e2 h4f4 f5c5 a3a4 b5b6
Position; fen rnbqkb1r/pp2pp1p/2p2np1/3p4/2PP4/5N2/PP1NPPPP/R1BQKB1R w KQkq - 0 1
Moves; e2e3 f8g7 f1d3 c8e6 f3g5 e6c8 e1g1 e8g8 d2b3 f6e8 f2f4 b7b6 d1c2 d5c4 d3c4 b8a6 c1d2 e8d6 c4d3 c6c5 a2a3 c5d4 b3d4 a6c5 d2c3 c8b7 a1d1 d8c8 d4b5 c5d3 b5d6 e7d6 d1d3 h7h6 g5f7 f8f7 d3d6 g7c3 b2c3 f7g7 d6g6 c8c5 c2d3 a8e8 g6g7 g8g7 d3d4 g7g8 d4c5 b6c5 f1b1 b7c6 g1f2 e8d8 b1b2 h6h5 h2h3 h5h4 b2c2 g8f7 c2b2 d8g8 f2f1 c6e4 b2d2 f7e7 c3c4 e7e6 d2b2 e6d6 b2d2 d6c7 f1g1 c7b6 d2d6 b6a5 d6e6 e4g2 e6e5 g2h3 g1h2 g8g3 e5c5
Warning; Bestmove does not match beginning of last PV - move a6a5 from SF_2300
Info; info depth 15 seldepth 36 multipv 1 score cp 295 nodes 253505 nps 610855 hashfull 92 tbhits 0 time 415 pv h4h3 a3a4 f1d3 e4e6 a6a5 c4c5 f3f1 g1h2 d3f5 e6e5 f1f2 h2g1 f2g2 g1h1 f5g4 c5c6
Position; fen rnbqkb1r/pp2pp1p/2p2np1/3p4/2PP4/5N2/PP1NPPPP/R1BQKB1R w KQkq - 0 1
Moves; e2e3 f8g7 f1d3 c8e6 f3g5 e6c8 e1g1 e8g8 d2b3 f6e8 f2f4 b7b6 d1c2 d5c4 d3c4 b8a6 c1d2 e8d6 c4d3 c6c5 a2a3 c5d4 b3d4 a6c5 d2c3 c8b7 a1d1 d8c8 d4b5 c5d3 b5d6 e7d6 d1d3 h7h6 g5f7 f8f7 d3d6 g7c3 b2c3 f7g7 d6g6 c8c5 c2d3 a8e8 g6g7 g8g7 d3d4 g7g8 d4c5 b6c5 f1b1 b7c6 g1f2 e8d8 b1b2 h6h5 h2h3 h5h4 b2c2 g8f7 c2b2 d8g8 f2f1 c6e4 b2d2 f7e7 c3c4 e7e6 d2b2 e6d6 b2d2 d6c7 f1g1 c7b6 d2d6 b6a5 d6e6 e4g2 e6e5 g2h3 g1h2 g8g3 e5c5 a5a6 c5e5 h3f1 e5e4 g3f3 h2g1
Warning; Bestmove does not match beginning of last PV - move b5c6 from SF_2300
Info; info depth 14 seldepth 22 multipv 1 score cp 326 nodes 72806 nps 219957 hashfull 25 tbhits 0 time 331 pv h4h3 e5e7 a7a6 e7e5 b5c6 e5h5 f1e2 g1h2 f3f2 h2g3 e2h5 g3f2 h5g4
Position; fen rnbqkb1r/pp2pp1p/2p2np1/3p4/2PP4/5N2/PP1NPPPP/R1BQKB1R w KQkq - 0 1
Moves; e2e3 f8g7 f1d3 c8e6 f3g5 e6c8 e1g1 e8g8 d2b3 f6e8 f2f4 b7b6 d1c2 d5c4 d3c4 b8a6 c1d2 e8d6 c4d3 c6c5 a2a3 c5d4 b3d4 a6c5 d2c3 c8b7 a1d1 d8c8 d4b5 c5d3 b5d6 e7d6 d1d3 h7h6 g5f7 f8f7 d3d6 g7c3 b2c3 f7g7 d6g6 c8c5 c2d3 a8e8 g6g7 g8g7 d3d4 g7g8 d4c5 b6c5 f1b1 b7c6 g1f2 e8d8 b1b2 h6h5 h2h3 h5h4 b2c2 g8f7 c2b2 d8g8 f2f1 c6e4 b2d2 f7e7 c3c4 e7e6 d2b2 e6d6 b2d2 d6c7 f1g1 c7b6 d2d6 b6a5 d6e6 e4g2 e6e5 g2h3 g1h2 g8g3 e5c5 a5a6 c5e5 h3f1 e5e4 g3f3 h2g1 a6a5 c4c5 a5b5 e4e5
Warning; Bestmove does not match beginning of last PV - move b5d3 from SF_2300
Info; info depth 14 seldepth 14 multipv 1 score cp 336 nodes 27636 nps 658000 hashfull 9 tbhits 0 time 42 pv a5a4 e5e6 c6c5 e6h6 f3f5 h6h3 c5c4 e3e4 f5e5
Position; fen rnbqkb1r/pp2pp1p/2p2np1/3p4/2PP4/5N2/PP1NPPPP/R1BQKB1R w KQkq - 0 1
Moves; e2e3 f8g7 f1d3 c8e6 f3g5 e6c8 e1g1 e8g8 d2b3 f6e8 f2f4 b7b6 d1c2 d5c4 d3c4 b8a6 c1d2 e8d6 c4d3 c6c5 a2a3 c5d4 b3d4 a6c5 d2c3 c8b7 a1d1 d8c8 d4b5 c5d3 b5d6 e7d6 d1d3 h7h6 g5f7 f8f7 d3d6 g7c3 b2c3 f7g7 d6g6 c8c5 c2d3 a8e8 g6g7 g8g7 d3d4 g7g8 d4c5 b6c5 f1b1 b7c6 g1f2 e8d8 b1b2 h6h5 h2h3 h5h4 b2c2 g8f7 c2b2 d8g8 f2f1 c6e4 b2d2 f7e7 c3c4 e7e6 d2b2 e6d6 b2d2 d6c7 f1g1 c7b6 d2d6 b6a5 d6e6 e4g2 e6e5 g2h3 g1h2 g8g3 e5c5 a5a6 c5e5 h3f1 e5e4 g3f3 h2g1 a6a5 c4c5 a5b5 e4e5 b5c6 e5h5 h4h3 h5e5 f1b5 g1h2 a7a5 f4f5
Warning; Bestmove does not match beginning of last PV - move c4a2 from SF_2300
Info; info depth 9 seldepth 17 multipv 1 score cp 332 nodes 7964 nps 568857 hashfull 4 tbhits 0 time 14 pv c4f1 e5d5 f1c4 d5e5 c4d3 f5f6 f3f6 h2h3 f6g6 e5d5 d3e4 d5e5
Position; fen rnbqkb1r/pp2pp1p/2p2np1/3p4/2PP4/5N2/PP1NPPPP/R1BQKB1R w KQkq - 0 1
Moves; e2e3 f8g7 f1d3 c8e6 f3g5 e6c8 e1g1 e8g8 d2b3 f6e8 f2f4 b7b6 d1c2 d5c4 d3c4 b8a6 c1d2 e8d6 c4d3 c6c5 a2a3 c5d4 b3d4 a6c5 d2c3 c8b7 a1d1 d8c8 d4b5 c5d3 b5d6 e7d6 d1d3 h7h6 g5f7 f8f7 d3d6 g7c3 b2c3 f7g7 d6g6 c8c5 c2d3 a8e8 g6g7 g8g7 d3d4 g7g8 d4c5 b6c5 f1b1 b7c6 g1f2 e8d8 b1b2 h6h5 h2h3 h5h4 b2c2 g8f7 c2b2 d8g8 f2f1 c6e4 b2d2 f7e7 c3c4 e7e6 d2b2 e6d6 b2d2 d6c7 f1g1 c7b6 d2d6 b6a5 d6e6 e4g2 e6e5 g2h3 g1h2 g8g3 e5c5 a5a6 c5e5 h3f1 e5e4 g3f3 h2g1 a6a5 c4c5 a5b5 e4e5 b5c6 e5h5 h4h3 h5e5 f1b5 g1h2 a7a5 f4f5 b5d3 e3e4 d3c4 a3a4
Warning; Bestmove does not match beginning of last PV - move a2b3 from SF_2300
Info; info depth 13 seldepth 18 multipv 1 score cp 363 nodes 22924 nps 849037 hashfull 8 tbhits 0 time 27 pv b4a4 h7h3 f3h3 h2h3 a4b5 h3g4 a5a4 e4e5 a4a3 g4h5
Position; fen rnbqkb1r/pp2pp1p/2p2np1/3p4/2PP4/5N2/PP1NPPPP/R1BQKB1R w KQkq - 0 1
Moves; e2e3 f8g7 f1d3 c8e6 f3g5 e6c8 e1g1 e8g8 d2b3 f6e8 f2f4 b7b6 d1c2 d5c4 d3c4 b8a6 c1d2 e8d6 c4d3 c6c5 a2a3 c5d4 b3d4 a6c5 d2c3 c8b7 a1d1 d8c8 d4b5 c5d3 b5d6 e7d6 d1d3 h7h6 g5f7 f8f7 d3d6 g7c3 b2c3 f7g7 d6g6 c8c5 c2d3 a8e8 g6g7 g8g7 d3d4 g7g8 d4c5 b6c5 f1b1 b7c6 g1f2 e8d8 b1b2 h6h5 h2h3 h5h4 b2c2 g8f7 c2b2 d8g8 f2f1 c6e4 b2d2 f7e7 c3c4 e7e6 d2b2 e6d6 b2d2 d6c7 f1g1 c7b6 d2d6 b6a5 d6e6 e4g2 e6e5 g2h3 g1h2 g8g3 e5c5 a5a6 c5e5 h3f1 e5e4 g3f3 h2g1 a6a5 c4c5 a5b5 e4e5 b5c6 e5h5 h4h3 h5e5 f1b5 g1h2 a7a5 f4f5 b5d3 e3e4 d3c4 a3a4 c4a2 e5e7 c6c5 e7a7 c5b4 a7h7
Warning; Bestmove does not match beginning of last PV - move f3f4 from SF_2300
Info; info depth 9 seldepth 16 multipv 1 score cp 316 nodes 6560 nps 119272 hashfull 2 tbhits 0 time 55 pv f3h3 h2h3 b4a4 e4e5 a4b5 e5e6 a5a4 h3g3 b5c6 g3f2 a4a3 e6e7
Position; fen rnbqkb1r/pp2pp1p/2p2np1/3p4/2PP4/5N2/PP1NPPPP/R1BQKB1R w KQkq - 0 1
Moves; e2e3 f8g7 f1d3 c8e6 f3g5 e6c8 e1g1 e8g8 d2b3 f6e8 f2f4 b7b6 d1c2 d5c4 d3c4 b8a6 c1d2 e8d6 c4d3 c6c5 a2a3 c5d4 b3d4 a6c5 d2c3 c8b7 a1d1 d8c8 d4b5 c5d3 b5d6 e7d6 d1d3 h7h6 g5f7 f8f7 d3d6 g7c3 b2c3 f7g7 d6g6 c8c5 c2d3 a8e8 g6g7 g8g7 d3d4 g7g8 d4c5 b6c5 f1b1 b7c6 g1f2 e8d8 b1b2 h6h5 h2h3 h5h4 b2c2 g8f7 c2b2 d8g8 f2f1 c6e4 b2d2 f7e7 c3c4 e7e6 d2b2 e6d6 b2d2 d6c7 f1g1 c7b6 d2d6 b6a5 d6e6 e4g2 e6e5 g2h3 g1h2 g8g3 e5c5 a5a6 c5e5 h3f1 e5e4 g3f3 h2g1 a6a5 c4c5 a5b5 e4e5 b5c6 e5h5 h4h3 h5e5 f1b5 g1h2 a7a5 f4f5 b5d3 e3e4 d3c4 a3a4 c4a2 e5e7 c6c5 e7a7 c5b4 a7h7 a2b3 h7h3
Warning; Bestmove does not match beginning of last PV - move b4a4 from SF_2300
Info; info depth 12 seldepth 18 multipv 1 score cp 258 nodes 44256 nps 606246 hashfull 14 tbhits 0 time 73 pv b3c2 e3e2 c2e4 h2g3 f4f3 g3g4 e4c6 e2b2 f3b3 b2d2 c6a4 d2d4 b4a3 f5f6
Position; fen rnbqkb1r/pp2pp1p/2p2np1/3p4/2PP4/5N2/PP1NPPPP/R1BQKB1R w KQkq - 0 1
Moves; e2e3 f8g7 f1d3 c8e6 f3g5 e6c8 e1g1 e8g8 d2b3 f6e8 f2f4 b7b6 d1c2 d5c4 d3c4 b8a6 c1d2 e8d6 c4d3 c6c5 a2a3 c5d4 b3d4 a6c5 d2c3 c8b7 a1d1 d8c8 d4b5 c5d3 b5d6 e7d6 d1d3 h7h6 g5f7 f8f7 d3d6 g7c3 b2c3 f7g7 d6g6 c8c5 c2d3 a8e8 g6g7 g8g7 d3d4 g7g8 d4c5 b6c5 f1b1 b7c6 g1f2 e8d8 b1b2 h6h5 h2h3 h5h4 b2c2 g8f7 c2b2 d8g8 f2f1 c6e4 b2d2 f7e7 c3c4 e7e6 d2b2 e6d6 b2d2 d6c7 f1g1 c7b6 d2d6 b6a5 d6e6 e4g2 e6e5 g2h3 g1h2 g8g3 e5c5 a5a6 c5e5 h3f1 e5e4 g3f3 h2g1 a6a5 c4c5 a5b5 e4e5 b5c6 e5h5 h4h3 h5e5 f1b5 g1h2 a7a5 f4f5 b5d3 e3e4 d3c4 a3a4 c4a2 e5e7 c6c5 e7a7 c5b4 a7h7 a2b3 h7h3 f3f4 h3e3
Warning; Bestmove does not match beginning of last PV - move f1c1 from SF_2300
Info; info depth 9 seldepth 12 multipv 1 score cp 287 nodes 10372 nps 241209 hashfull 3 tbhits 0 time 43 pv f1f3 g3f3 a4b4 f3e2 b4c3 f5f6 a5a4
Position; fen rnbqkb1r/pp2pp1p/2p2np1/3p4/2PP4/5N2/PP1NPPPP/R1BQKB1R w KQkq - 0 1
Moves; e2e3 f8g7 f1d3 c8e6 f3g5 e6c8 e1g1 e8g8 d2b3 f6e8 f2f4 b7b6 d1c2 d5c4 d3c4 b8a6 c1d2 e8d6 c4d3 c6c5 a2a3 c5d4 b3d4 a6c5 d2c3 c8b7 a1d1 d8c8 d4b5 c5d3 b5d6 e7d6 d1d3 h7h6 g5f7 f8f7 d3d6 g7c3 b2c3 f7g7 d6g6 c8c5 c2d3 a8e8 g6g7 g8g7 d3d4 g7g8 d4c5 b6c5 f1b1 b7c6 g1f2 e8d8 b1b2 h6h5 h2h3 h5h4 b2c2 g8f7 c2b2 d8g8 f2f1 c6e4 b2d2 f7e7 c3c4 e7e6 d2b2 e6d6 b2d2 d6c7 f1g1 c7b6 d2d6 b6a5 d6e6 e4g2 e6e5 g2h3 g1h2 g8g3 e5c5 a5a6 c5e5 h3f1 e5e4 g3f3 h2g1 a6a5 c4c5 a5b5 e4e5 b5c6 e5h5 h4h3 h5e5 f1b5 g1h2 a7a5 f4f5 b5d3 e3e4 d3c4 a3a4 c4a2 e5e7 c6c5 e7a7 c5b4 a7h7 a2b3 h7h3 f3f4 h3e3 b4a4 h2g3 f4f1 e3f3
Warning; Bestmove does not match beginning of last PV - move a4b5 from SF_2300
Info; info depth 10 seldepth 14 multipv 1 score cp 203 nodes 16443 nps 335571 hashfull 6 tbhits 0 time 49 pv a4b4 f3d3 a5a4 d3d7 c1f1 f4g5 f7b3 d7b7 b4c5 b7c7 c5b5 c7b7 b5a6
Position; fen rnbqkb1r/pp2pp1p/2p2np1/3p4/2PP4/5N2/PP1NPPPP/R1BQKB1R w KQkq - 0 1
Moves; e2e3 f8g7 f1d3 c8e6 f3g5 e6c8 e1g1 e8g8 d2b3 f6e8 f2f4 b7b6 d1c2 d5c4 d3c4 b8a6 c1d2 e8d6 c4d3 c6c5 a2a3 c5d4 b3d4 a6c5 d2c3 c8b7 a1d1 d8c8 d4b5 c5d3 b5d6 e7d6 d1d3 h7h6 g5f7 f8f7 d3d6 g7c3 b2c3 f7g7 d6g6 c8c5 c2d3 a8e8 g6g7 g8g7 d3d4 g7g8 d4c5 b6c5 f1b1 b7c6 g1f2 e8d8 b1b2 h6h5 h2h3 h5h4 b2c2 g8f7 c2b2 d8g8 f2f1 c6e4 b2d2 f7e7 c3c4 e7e6 d2b2 e6d6 b2d2 d6c7 f1g1 c7b6 d2d6 b6a5 d6e6 e4g2 e6e5 g2h3 g1h2 g8g3 e5c5 a5a6 c5e5 h3f1 e5e4 g3f3 h2g1 a6a5 c4c5 a5b5 e4e5 b5c6 e5h5 h4h3 h5e5 f1b5 g1h2 a7a5 f4f5 b5d3 e3e4 d3c4 a3a4 c4a2 e5e7 c6c5 e7a7 c5b4 a7h7 a2b3 h7h3 f3f4 h3e3 b4a4 h2g3 f4f1 e3f3 f1c1 f5f6 b3f7 g3f4
Warning; Bestmove does not match beginning of last PV - move f7c4 from SF_2300
Info; info depth 11 seldepth 23 multipv 1 score cp 217 nodes 29072 nps 692190 hashfull 10 tbhits 0 time 42 pv c1f1 f4g5 a5a4 h3h7 f1g1 g5f4 f7b3 h7b7 b5c6 b7a7 g1a1 f4e5 c6b6 a7a8 a1f1 a8b8 b6a5 b8b7
Position; fen rnbqkb1r/pp2pp1p/2p2np1/3p4/2PP4/5N2/PP1NPPPP/R1BQKB1R w KQkq - 0 1
Moves; e2e3 f8g7 f1d3 c8e6 f3g5 e6c8 e1g1 e8g8 d2b3 f6e8 f2f4 b7b6 d1c2 d5c4 d3c4 b8a6 c1d2 e8d6 c4d3 c6c5 a2a3 c5d4 b3d4 a6c5 d2c3 c8b7 a1d1 d8c8 d4b5 c5d3 b5d6 e7d6 d1d3 h7h6 g5f7 f8f7 d3d6 g7c3 b2c3 f7g7 d6g6 c8c5 c2d3 a8e8 g6g7 g8g7 d3d4 g7g8 d4c5 b6c5 f1b1 b7c6 g1f2 e8d8 b1b2 h6h5 h2h3 h5h4 b2c2 g8f7 c2b2 d8g8 f2f1 c6e4 b2d2 f7e7 c3c4 e7e6 d2b2 e6d6 b2d2 d6c7 f1g1 c7b6 d2d6 b6a5 d6e6 e4g2 e6e5 g2h3 g1h2 g8g3 e5c5 a5a6 c5e5 h3f1 e5e4 g3f3 h2g1 a6a5 c4c5 a5b5 e4e5 b5c6 e5h5 h4h3 h5e5 f1b5 g1h2 a7a5 f4f5 b5d3 e3e4 d3c4 a3a4 c4a2 e5e7 c6c5 e7a7 c5b4 a7h7 a2b3 h7h3 f3f4 h3e3 b4a4 h2g3 f4f1 e3f3 f1c1 f5f6 b3f7 g3f4 a4b5 f3h3
Warning; Bestmove does not match beginning of last PV - move c1f1 from SF_2300
Info; info depth 9 seldepth 9 multipv 1 score cp 225 nodes 11075 nps 443000 hashfull 6 tbhits 0 time 25 pv a5a4 h7b7 b5a6 b7b4 a6a5 b4c4 c1c4 f6f7
Position; fen rnbqkb1r/pp2pp1p/2p2np1/3p4/2PP4/5N2/PP1NPPPP/R1BQKB1R w KQkq - 0 1
Moves; e2e3 f8g7 f1d3 c8e6 f3g5 e6c8 e1g1 e8g8 d2b3 f6e8 f2f4 b7b6 d1c2 d5c4 d3c4 b8a6 c1d2 e8d6 c4d3 c6c5 a2a3 c5d4 b3d4 a6c5 d2c3 c8b7 a1d1 d8c8 d4b5 c5d3 b5d6 e7d6 d1d3 h7h6 g5f7 f8f7 d3d6 g7c3 b2c3 f7g7 d6g6 c8c5 c2d3 a8e8 g6g7 g8g7 d3d4 g7g8 d4c5 b6c5 f1b1 b7c6 g1f2 e8d8 b1b2 h6h5 h2h3 h5h4 b2c2 g8f7 c2b2 d8g8 f2f1 c6e4 b2d2 f7e7 c3c4 e7e6 d2b2 e6d6 b2d2 d6c7 f1g1 c7b6 d2d6 b6a5 d6e6 e4g2 e6e5 g2h3 g1h2 g8g3 e5c5 a5a6 c5e5 h3f1 e5e4 g3f3 h2g1 a6a5 c4c5 a5b5 e4e5 b5c6 e5h5 h4h3 h5e5 f1b5 g1h2 a7a5 f4f5 b5d3 e3e4 d3c4 a3a4 c4a2 e5e7 c6c5 e7a7 c5b4 a7h7 a2b3 h7h3 f3f4 h3e3 b4a4 h2g3 f4f1 e3f3 f1c1 f5f6 b3f7 g3f4 a4b5 f3h3 f7c4 h3h7
Warning; Bestmove does not match beginning of last PV - move a1c3 from SF_2300
Info; info depth 64 seldepth 4 multipv 1 score mate 2 nodes 19422 nps 3237000 hashfull 24 tbhits 0 time 6 pv a1e5 c7c6 e5d6
Position; fen rnbqkb1r/pp2pp1p/2p2np1/3p4/2PP4/5N2/PP1NPPPP/R1BQKB1R w KQkq - 0 1
Moves; e2e3 f8g7 f1d3 c8e6 f3g5 e6c8 e1g1 e8g8 d2b3 f6e8 f2f4 b7b6 d1c2 d5c4 d3c4 b8a6 c1d2 e8d6 c4d3 c6c5 a2a3 c5d4 b3d4 a6c5 d2c3 c8b7 a1d1 d8c8 d4b5 c5d3 b5d6 e7d6 d1d3 h7h6 g5f7 f8f7 d3d6 g7c3 b2c3 f7g7 d6g6 c8c5 c2d3 a8e8 g6g7 g8g7 d3d4 g7g8 d4c5 b6c5 f1b1 b7c6 g1f2 e8d8 b1b2 h6h5 h2h3 h5h4 b2c2 g8f7 c2b2 d8g8 f2f1 c6e4 b2d2 f7e7 c3c4 e7e6 d2b2 e6d6 b2d2 d6c7 f1g1 c7b6 d2d6 b6a5 d6e6 e4g2 e6e5 g2h3 g1h2 g8g3 e5c5 a5a6 c5e5 h3f1 e5e4 g3f3 h2g1 a6a5 c4c5 a5b5 e4e5 b5c6 e5h5 h4h3 h5e5 f1b5 g1h2 a7a5 f4f5 b5d3 e3e4 d3c4 a3a4 c4a2 e5e7 c6c5 e7a7 c5b4 a7h7 a2b3 h7h3 f3f4 h3e3 b4a4 h2g3 f4f1 e3f3 f1c1 f5f6 b3f7 g3f4 a4b5 f3h3 f7c4 h3h7 c1f1 f4e5 a5a4 h7b7 b5a5 e5d4 c4a6 b7f7 a4a3 e4e5 a3a2 d4d5 f1d1 d5c6 a2a1q c6c7
Warning; Bestmove does not match beginning of last PV - move c3b2 from SF_2300
Info; info depth 46 seldepth 4 multipv 1 score mate 2 nodes 21692 nps 3098857 hashfull 21 tbhits 0 time 7 pv d1d8 b8a7 c3d4
Position; fen rnbqkb1r/pp2pp1p/2p2np1/3p4/2PP4/5N2/PP1NPPPP/R1BQKB1R w KQkq - 0 1
Moves; e2e3 f8g7 f1d3 c8e6 f3g5 e6c8 e1g1 e8g8 d2b3 f6e8 f2f4 b7b6 d1c2 d5c4 d3c4 b8a6 c1d2 e8d6 c4d3 c6c5 a2a3 c5d4 b3d4 a6c5 d2c3 c8b7 a1d1 d8c8 d4b5 c5d3 b5d6 e7d6 d1d3 h7h6 g5f7 f8f7 d3d6 g7c3 b2c3 f7g7 d6g6 c8c5 c2d3 a8e8 g6g7 g8g7 d3d4 g7g8 d4c5 b6c5 f1b1 b7c6 g1f2 e8d8 b1b2 h6h5 h2h3 h5h4 b2c2 g8f7 c2b2 d8g8 f2f1 c6e4 b2d2 f7e7 c3c4 e7e6 d2b2 e6d6 b2d2 d6c7 f1g1 c7b6 d2d6 b6a5 d6e6 e4g2 e6e5 g2h3 g1h2 g8g3 e5c5 a5a6 c5e5 h3f1 e5e4 g3f3 h2g1 a6a5 c4c5 a5b5 e4e5 b5c6 e5h5 h4h3 h5e5 f1b5 g1h2 a7a5 f4f5 b5d3 e3e4 d3c4 a3a4 c4a2 e5e7 c6c5 e7a7 c5b4 a7h7 a2b3 h7h3 f3f4 h3e3 b4a4 h2g3 f4f1 e3f3 f1c1 f5f6 b3f7 g3f4 a4b5 f3h3 f7c4 h3h7 c1f1 f4e5 a5a4 h7b7 b5a5 e5d4 c4a6 b7f7 a4a3 e4e5 a3a2 d4d5 f1d1 d5c6 a2a1q c6c7 a1c3 c7b8
Finished game 7 (HiveChess vs SF_2300): 0-1 {Black mates}
Started game 8 of 10 (SF_2300 vs HiveChess)
Warning; Bestmove does not match beginning of last PV - move a2a3 from SF_2300
Info; info depth 12 seldepth 20 multipv 1 score cp 31 nodes 164647 nps 378498 hashfull 67 tbhits 0 time 435 pv e2e3 c8f5 h2h3 f8g7 f1e2 e8g8 e1g1 f8e8 b2b3 h7h5 a2a4 b8d7 c1b2 e7e6 a4a5 f6e4 d2e4 f5e4
Position; fen rnbqkb1r/pp2pp1p/2p2np1/3p4/2PP4/5N2/PP1NPPPP/R1BQKB1R w KQkq - 0 1
Moves; 
Warning; Bestmove does not match beginning of last PV - move a3a4 from SF_2300
Info; info depth 10 seldepth 13 multipv 1 score cp 14 nodes 23673 nps 265988 hashfull 6 tbhits 0 time 89 pv e1g1 e8g8 a3a4 a8c8 b2b3 f8e8 c1b2 h7h5
Position; fen rnbqkb1r/pp2pp1p/2p2np1/3p4/2PP4/5N2/PP1NPPPP/R1BQKB1R w KQkq - 0 1
Moves; a2a3 c8f5 e2e3 f8g7 f1e2 b8d7
Warning; Bestmove does not match beginning of last PV - move b2b4 from SF_2300
Info; info depth 9 seldepth 12 multipv 1 score cp 18 nodes 33276 nps 155495 hashfull 7 tbhits 0 time 214 pv f3h4 f5e6 b2b3 f6e4 c1b2 d7f6 a1c1 e4d2 d1d2 f8d8
Position; fen rnbqkb1r/pp2pp1p/2p2np1/3p4/2PP4/5N2/PP1NPPPP/R1BQKB1R w KQkq - 0 1
Moves; a2a3 c8f5 e2e3 f8g7 f1e2 b8d7 a3a4 e8g8 e1g1 d8c7
Warning; Bestmove does not match beginning of last PV - move d1c1 from SF_2300
Info; info depth 11 seldepth 14 multipv 1 score cp 97 nodes 69918 nps 260888 hashfull 26 tbhits 0 time 268 pv f3h4 f5e4 f2f3 e4d5 g1h1 b8c8 e3e4 b6d4 a1c1 d5c4 a5c4 b5c4 c1c4
Position; fen rnbqkb1r/pp2pp1p/2p2np1/3p4/2PP4/5N2/PP1NPPPP/R1BQKB1R w KQkq - 0 1
Moves; a2a3 c8f5 e2e3 f8g7 f1e2 b8d7 a3a4 e8g8 e1g1 d8c7 b2b4 d5c4 d2c4 b7b5 c4a5 f8b8 c1d2 c7b6
Warning; Bestmove does not match beginning of last PV - move g1h1 from SF_2300
Info; info depth 11 seldepth 15 multipv 1 score cp 108 nodes 38204 nps 338088 hashfull 14 tbhits 0 time 113 pv a5b3 a7a6 f3h4 e7e5 h4f5 g6f5 b2c2
Position; fen rnbqkb1r/pp2pp1p/2p2np1/3p4/2PP4/5N2/PP1NPPPP/R1BQKB1R w KQkq - 0 1
Moves; a2a3 c8f5 e2e3 f8g7 f1e2 b8d7 a3a4 e8g8 e1g1 d8c7 b2b4 d5c4 d2c4 b7b5 c4a5 f8b8 c1d2 c7b6 d1c1 b8c8 c1b2 f6d5
Warning; Bestmove does not match beginning of last PV - move f1c1 from SF_2300
Info; info depth 10 seldepth 15 multipv 1 score cp 119 nodes 33837 nps 310431 hashfull 13 tbhits 0 time 109 pv b2a2 e7e6 f3h4 a7a6 a1c1 d8c8 h4f5 e6f5
Position; fen rnbqkb1r/pp2pp1p/2p2np1/3p4/2PP4/5N2/PP1NPPPP/R1BQKB1R w KQkq - 0 1
Moves; a2a3 c8f5 e2e3 f8g7 f1e2 b8d7 a3a4 e8g8 e1g1 d8c7 b2b4 d5c4 d2c4 b7b5 c4a5 f8b8 c1d2 c7b6 d1c1 b8c8 c1b2 f6d5 g1h1 c8d8
Warning; Bestmove does not match beginning of last PV - move a4b5 from SF_2300
Info; info depth 11 seldepth 22 multipv 1 score cp 119 nodes 68213 nps 364775 hashfull 21 tbhits 0 time 187 pv b2a2 e7e6 a4b5 c6b5 a5b3 d7f6 d2e1 f6e4 h2h3
Position; fen rnbqkb1r/pp2pp1p/2p2np1/3p4/2PP4/5N2/PP1NPPPP/R1BQKB1R w KQkq - 0 1
Moves; a2a3 c8f5 e2e3 f8g7 f1e2 b8d7 a3a4 e8g8 e1g1 d8c7 b2b4 d5c4 d2c4 b7b5 c4a5 f8b8 c1d2 c7b6 d1c1 b8c8 c1b2 f6d5 g1h1 c8d8 f1c1 a8c8
Warning; PV continues after threefold repetition - move f3h4 from HiveChess
Info; info depth 11 score cp 0 nodes 234519 pv c6b5 f3h4 f5e6 h4f3 e6f5 f3h4 f5e6 h4f3 e6f5 f3h4 f5e6
Position; fen rnbqkb1r/pp2pp1p/2p2np1/3p4/2PP4/5N2/PP1NPPPP/R1BQKB1R w KQkq - 0 1
Moves; a2a3 c8f5 e2e3 f8g7 f1e2 b8d7 a3a4 e8g8 e1g1 d8c7 b2b4 d5c4 d2c4 b7b5 c4a5 f8b8 c1d2 c7b6 d1c1 b8c8 c1b2 f6d5 g1h1 c8d8 f1c1 a8c8 a4b5
Warning; Bestmove does not match beginning of last PV - move a2b2 from SF_2300
Info; info depth 7 seldepth 10 multipv 1 score cp 126 nodes 13621 nps 289808 hashfull 4 tbhits 0 time 47 pv a5b3 c8c1 a1c1 a7a6 h2h3 g7f8
Position; fen rnbqkb1r/pp2pp1p/2p2np1/3p4/2PP4/5N2/PP1NPPPP/R1BQKB1R w KQkq - 0 1
Moves; a2a3 c8f5 e2e3 f8g7 f1e2 b8d7 a3a4 e8g8 e1g1 d8c7 b2b4 d5c4 d2c4 b7b5 c4a5 f8b8 c1d2 c7b6 d1c1 b8c8 c1b2 f6d5 g1h1 c8d8 f1c1 a8c8 a4b5 c6b5 b2a2 e7e6
Warning; Bestmove does not match beginning of last PV - move c1c8 from SF_2300
Info; info depth 8 seldepth 14 multipv 1 score cp 163 nodes 10967 nps 498500 hashfull 3 tbhits 0 time 22 pv b3c5 g5g4 f3e1 b6b8 e1d3 e6e5 e3e4 d7c5 b4c5 f5e4 d3e5 b5b4
Position; fen rnbqkb1r/pp2pp1p/2p2np1/3p4/2PP4/5N2/PP1NPPPP/R1BQKB1R w KQkq - 0 1
Moves; a2a3 c8f5 e2e3 f8g7 f1e2 b8d7 a3a4 e8g8 e1g1 d8c7 b2b4 d5c4 d2c4 b7b5 c4a5 f8b8 c1d2 c7b6 d1c1 b8c8 c1b2 f6d5 g1h1 c8d8 f1c1 a8c8 a4b5 c6b5 b2a2 e7e6 a2b2 g7f6 a5b3 g6g5
Warning; Bestmove does not match beginning of last PV - move a1a5 from SF_2300
Info; info depth 10 seldepth 14 multipv 1 score cp 147 nodes 13860 nps 577500 hashfull 2 tbhits 0 time 24 pv b3c5 d7c5 b4c5 b6b7 b2b5 b7b5 e2b5 c8b8 b5c4 g5g4
Position; fen rnbqkb1r/pp2pp1p/2p2np1/3p4/2PP4/5N2/PP1NPPPP/R1BQKB1R w KQkq - 0 1
Moves; a2a3 c8f5 e2e3 f8g7 f1e2 b8d7 a3a4 e8g8 e1g1 d8c7 b2b4 d5c4 d2c4 b7b5 c4a5 f8b8 c1d2 c7b6 d1c1 b8c8 c1b2 f6d5 g1h1 c8d8 f1c1 a8c8 a4b5 c6b5 b2a2 e7e6 a2b2 g7f6 a5b3 g6g5 c1c8 d8c8
Warning; Bestmove does not match beginning of last PV - move b2a3 from SF_2300
Info; info depth 7 seldepth 12 multipv 1 score cp 119 nodes 13761 nps 404735 hashfull 3 tbhits 0 time 34 pv b2a1 g5g4 a5a6 b6d8 f3e1 e6e5
Position; fen rnbqkb1r/pp2pp1p/2p2np1/3p4/2PP4/5N2/PP1NPPPP/R1BQKB1R w KQkq - 0 1
Moves; a2a3 c8f5 e2e3 f8g7 f1e2 b8d7 a3a4 e8g8 e1g1 d8c7 b2b4 d5c4 d2c4 b7b5 c4a5 f8b8 c1d2 c7b6 d1c1 b8c8 c1b2 f6d5 g1h1 c8d8 f1c1 a8c8 a4b5 c6b5 b2a2 e7e6 a2b2 g7f6 a5b3 g6g5 c1c8 d8c8 a1a5 a7a6
Warning; Bestmove does not match beginning of last PV - move e3e4 from SF_2300
Info; info depth 9 seldepth 11 multipv 1 score cp 134 nodes 15772 nps 463882 hashfull 4 tbhits 0 time 34 pv h2h3 g4h5 c5a6 b8a6 a5a6 b6c7 a6a8 c8a8 a3a8 g8g7
Position; fen rnbqkb1r/pp2pp1p/2p2np1/3p4/2PP4/5N2/PP1NPPPP/R1BQKB1R w KQkq - 0 1
Moves; a2a3 c8f5 e2e3 f8g7 f1e2 b8d7 a3a4 e8g8 e1g1 d8c7 b2b4 d5c4 d2c4 b7b5 c4a5 f8b8 c1d2 c7b6 d1c1 b8c8 c1b2 f6d5 g1h1 c8d8 f1c1 a8c8 a4b5 c6b5 b2a2 e7e6 a2b2 g7f6 a5b3 g6g5 c1c8 d8c8 a1a5 a7a6 b2a3 d7b8 b3c5 f5g4
Warning; Bestmove does not match beginning of last PV - move e2f1 from SF_2300
Info; info depth 10 seldepth 12 multipv 1 score cp 123 nodes 31260 nps 612941 hashfull 3 tbhits 0 time 51 pv e4e5 f6g7 d2f4 g5f4 a3c1 g4f3 e2f3
Position; fen rnbqkb1r/pp2pp1p/2p2np1/3p4/2PP4/5N2/PP1NPPPP/R1BQKB1R w KQkq - 0 1
Moves; a2a3 c8f5 e2e3 f8g7 f1e2 b8d7 a3a4 e8g8 e1g1 d8c7 b2b4 d5c4 d2c4 b7b5 c4a5 f8b8 c1d2 c7b6 d1c1 b8c8 c1b2 f6d5 g1h1 c8d8 f1c1 a8c8 a4b5 c6b5 b2a2 e7e6 a2b2 g7f6 a5b3 g6g5 c1c8 d8c8 a1a5 a7a6 b2a3 d7b8 b3c5 f5g4 e3e4 d5f4
Warning; Bestmove does not match beginning of last PV - move g2f3 from SF_2300
Info; info depth 8 seldepth 7 multipv 1 score cp 5 nodes 17551 nps 650037 hashfull 2 tbhits 0 time 27 pv e4e5
Position; fen rnbqkb1r/pp2pp1p/2p2np1/3p4/2PP4/5N2/PP1NPPPP/R1BQKB1R w KQkq - 0 1
Moves; a2a3 c8f5 e2e3 f8g7 f1e2 b8d7 a3a4 e8g8 e1g1 d8c7 b2b4 d5c4 d2c4 b7b5 c4a5 f8b8 c1d2 c7b6 d1c1 b8c8 c1b2 f6d5 g1h1 c8d8 f1c1 a8c8 a4b5 c6b5 b2a2 e7e6 a2b2 g7f6 a5b3 g6g5 c1c8 d8c8 a1a5 a7a6 b2a3 d7b8 b3c5 f5g4 e3e4 d5f4 e2f1 g4f3
Warning; Bestmove does not match beginning of last PV - move h1g1 from SF_2300
Info; info depth 11 seldepth 16 multipv 1 score cp -108 nodes 25574 nps 555956 hashfull 3 tbhits 0 time 46 pv c5a6 b8c6 a5b5 b6d8 d2f4 g5f4 a3d3 d8h4 d3d2 d4f2 d2d7 c6e7 b5b8 c8b8
Position; fen rnbqkb1r/pp2pp1p/2p2np1/3p4/2PP4/5N2/PP1NPPPP/R1BQKB1R w KQkq - 0 1
Moves; a2a3 c8f5 e2e3 f8g7 f1e2 b8d7 a3a4 e8g8 e1g1 d8c7 b2b4 d5c4 d2c4 b7b5 c4a5 f8b8 c1d2 c7b6 d1c1 b8c8 c1b2 f6d5 g1h1 c8d8 f1c1 a8c8 a4b5 c6b5 b2a2 e7e6 a2b2 g7f6 a5b3 g6g5 c1c8 d8c8 a1a5 a7a6 b2a3 d7b8 b3c5 f5g4 e3e4 d5f4 e2f1 g4f3 g2f3 f6d4
Warning; Bestmove does not match beginning of last PV - move a3b2 from SF_2300
Info; info depth 9 seldepth 16 multipv 1 score cp -230 nodes 8597 nps 505705 hashfull 3 tbhits 0 time 17 pv a3c5 c8c5 d2e3 c5c2 h2h4 h7h6 a5a3 g8g7 a3a1 g7g6 a1d1 c2c8
Position; fen rnbqkb1r/pp2pp1p/2p2np1/3p4/2PP4/5N2/PP1NPPPP/R1BQKB1R w KQkq - 0 1
Moves; a2a3 c8f5 e2e3 f8g7 f1e2 b8d7 a3a4 e8g8 e1g1 d8c7 b2b4 d5c4 d2c4 b7b5 c4a5 f8b8 c1d2 c7b6 d1c1 b8c8 c1b2 f6d5 g1h1 c8d8 f1c1 a8c8 a4b5 c6b5 b2a2 e7e6 a2b2 g7f6 a5b3 g6g5 c1c8 d8c8 a1a5 a7a6 b2a3 d7b8 b3c5 f5g4 e3e4 d5f4 e2f1 g4f3 g2f3 f6d4 h1g1 d4c5 b4c5 b6c5
Warning; Bestmove does not match beginning of last PV - move b2a2 from SF_2300
Info; info depth 11 seldepth 19 multipv 1 score cp -309 nodes 24962 nps 554711 hashfull 11 tbhits 0 time 45 pv a5a2 c2b2 a2b2 b8d7 b2a2 d7e5 d2f4 g5f4 a2a6 g8g7 a6b6 e5f3 g1g2 f3e1 g2h3
Position; fen rnbqkb1r/pp2pp1p/2p2np1/3p4/2PP4/5N2/PP1NPPPP/R1BQKB1R w KQkq - 0 1
Moves; a2a3 c8f5 e2e3 f8g7 f1e2 b8d7 a3a4 e8g8 e1g1 d8c7 b2b4 d5c4 d2c4 b7b5 c4a5 f8b8 c1d2 c7b6 d1c1 b8c8 c1b2 f6d5 g1h1 c8d8 f1c1 a8c8 a4b5 c6b5 b2a2 e7e6 a2b2 g7f6 a5b3 g6g5 c1c8 d8c8 a1a5 a7a6 b2a3 d7b8 b3c5 f5g4 e3e4 d5f4 e2f1 g4f3 g2f3 f6d4 h1g1 d4c5 b4c5 b6c5 a3b2 c5c2
Warning; Bestmove does not match beginning of last PV - move a5a6 from SF_2300
Info; info depth 11 seldepth 17 multipv 1 score cp -401 nodes 25101 nps 612219 hashfull 9 tbhits 0 time 41 pv d2e3 d1f3 a2a1 f3e4 h2h4 e4f5 h4g5 f5g5 g1h1 g5h4 h1g1 h4g4 g1h1
Position; fen rnbqkb1r/pp2pp1p/2p2np1/3p4/2PP4/5N2/PP1NPPPP/R1BQKB1R w KQkq - 0 1
Moves; a2a3 c8f5 e2e3 f8g7 f1e2 b8d7 a3a4 e8g8 e1g1 d8c7 b2b4 d5c4 d2c4 b7b5 c4a5 f8b8 c1d2 c7b6 d1c1 b8c8 c1b2 f6d5 g1h1 c8d8 f1c1 a8c8 a4b5 c6b5 b2a2 e7e6 a2b2 g7f6 a5b3 g6g5 c1c8 d8c8 a1a5 a7a6 b2a3 d7b8 b3c5 f5g4 e3e4 d5f4 e2f1 g4f3 g2f3 f6d4 h1g1 d4c5 b4c5 b6c5 a3b2 c5c2 b2a2 c2d1
Warning; Bestmove does not match beginning of last PV - move a6d6 from SF_2300
Info; info depth 13 seldepth 24 multipv 1 score cp -523 nodes 45180 nps 1255000 hashfull 20 tbhits 0 time 36 pv a6a2 g5f4 a2a8 d1d8 e4e5 d8g5 g1h1 g5e5 a8a7 b8c6 a7a6 e5c5 a6c6 c5c6 f1b5 c6b5
Position; fen rnbqkb1r/pp2pp1p/2p2np1/3p4/2PP4/5N2/PP1NPPPP/R1BQKB1R w KQkq - 0 1
Moves; a2a3 c8f5 e2e3 f8g7 f1e2 b8d7 a3a4 e8g8 e1g1 d8c7 b2b4 d5c4 d2c4 b7b5 c4a5 f8b8 c1d2 c7b6 d1c1 b8c8 c1b2 f6d5 g1h1 c8d8 f1c1 a8c8 a4b5 c6b5 b2a2 e7e6 a2b2 g7f6 a5b3 g6g5 c1c8 d8c8 a1a5 a7a6 b2a3 d7b8 b3c5 f5g4 e3e4 d5f4 e2f1 g4f3 g2f3 f6d4 h1g1 d4c5 b4c5 b6c5 a3b2 c5c2 b2a2 c2d1 a5a6 c8c2 d2f4 c2a2
Warning; Bestmove does not match beginning of last PV - move f4e3 from SF_2300
Info; info depth 13 seldepth 16 multipv 1 score cp -597 nodes 42450 nps 1248529 hashfull 13 tbhits 0 time 34 pv f4g3 g8g7 g3e5 f7f6 e5d4 f3g4 f1g2 g4d1 g2f1 a2a1 d4a1 d1d6 a1f6 g7f6 f1b5
Position; fen rnbqkb1r/pp2pp1p/2p2np1/3p4/2PP4/5N2/PP1NPPPP/R1BQKB1R w KQkq - 0 1
Moves; a2a3 c8f5 e2e3 f8g7 f1e2 b8d7 a3a4 e8g8 e1g1 d8c7 b2b4 d5c4 d2c4 b7b5 c4a5 f8b8 c1d2 c7b6 d1c1 b8c8 c1b2 f6d5 g1h1 c8d8 f1c1 a8c8 a4b5 c6b5 b2a2 e7e6 a2b2 g7f6 a5b3 g6g5 c1c8 d8c8 a1a5 a7a6 b2a3 d7b8 b3c5 f5g4 e3e4 d5f4 e2f1 g4f3 g2f3 f6d4 h1g1 d4c5 b4c5 b6c5 a3b2 c5c2 b2a2 c2d1 a5a6 c8c2 d2f4 c2a2 a6d6 d1f3
Warning; Bestmove does not match beginning of last PV - move e3c5 from SF_2300
Info; info depth 12 seldepth 18 multipv 1 score cp -628 nodes 33383 nps 1451434 hashfull 15 tbhits 0 time 23 pv h4h5 a1f1 g1f1 g8g7 e3g5 f3h1 f1e2 h1h5 e2f1 h5g5 d6c6 g5d2
Position; fen rnbqkb1r/pp2pp1p/2p2np1/3p4/2PP4/5N2/PP1NPPPP/R1BQKB1R w KQkq - 0 1
Moves; a2a3 c8f5 e2e3 f8g7 f1e2 b8d7 a3a4 e8g8 e1g1 d8c7 b2b4 d5c4 d2c4 b7b5 c4a5 f8b8 c1d2 c7b6 d1c1 b8c8 c1b2 f6d5 g1h1 c8d8 f1c1 a8c8 a4b5 c6b5 b2a2 e7e6 a2b2 g7f6 a5b3 g6g5 c1c8 d8c8 a1a5 a7a6 b2a3 d7b8 b3c5 f5g4 e3e4 d5f4 e2f1 g4f3 g2f3 f6d4 h1g1 d4c5 b4c5 b6c5 a3b2 c5c2 b2a2 c2d1 a5a6 c8c2 d2f4 c2a2 a6d6 d1f3 f4e3 f3g4 g1h1 g4e4 h1g1 e4g4 g1h1 g4f3 h1g1 b8c6 h2h4 a2a1
Warning; Bestmove does not match beginning of last PV - move h4h5 from SF_2300
Info; info depth 245 seldepth 5 multipv 1 score mate -2 nodes 50080 nps 5008000 hashfull 22 tbhits 0 time 10 pv d6d8 c6d8 c5f8 a1f1
Position; fen rnbqkb1r/pp2pp1p/2p2np1/3p4/2PP4/5N2/PP1NPPPP/R1BQKB1R w KQkq - 0 1
Moves; a2a3 c8f5 e2e3 f8g7 f1e2 b8d7 a3a4 e8g8 e1g1 d8c7 b2b4 d5c4 d2c4 b7b5 c4a5 f8b8 c1d2 c7b6 d1c1 b8c8 c1b2 f6d5 g1h1 c8d8 f1c1 a8c8 a4b5 c6b5 b2a2 e7e6 a2b2 g7f6 a5b3 g6g5 c1c8 d8c8 a1a5 a7a6 b2a3 d7b8 b3c5 f5g4 e3e4 d5f4 e2f1 g4f3 g2f3 f6d4 h1g1 d4c5 b4c5 b6c5 a3b2 c5c2 b2a2 c2d1 a5a6 c8c2 d2f4 c2a2 a6d6 d1f3 f4e3 f3g4 g1h1 g4e4 h1g1 e4g4 g1h1 g4f3 h1g1 b8c6 h2h4 a2a1 e3c5 f3h3
Finished game 8 (SF_2300 vs HiveChess): 0-1 {Black mates}
Started game 9 of 10 (HiveChess vs SF_2400)
Warning; Bestmove does not match beginning of last PV - move c8e6 from SF_2400
Info; info depth 13 seldepth 18 multipv 1 score cp -27 nodes 155024 nps 429429 hashfull 54 tbhits 0 time 361 pv c8f5 f1e2 b8d7 e1g1 e7e6 f3h4 h7h5 d1b3 d8c7
Position; fen rnbqkb1r/pp2pp1p/2p2np1/3p4/2PP4/5N2/PP1NPPPP/R1BQKB1R w KQkq - 0 1
Moves; e2e3
Warning; Bestmove does not match beginning of last PV - move b8d7 from SF_2400
Info; info depth 13 seldepth 13 multipv 1 score cp -37 nodes 168902 nps 430872 hashfull 56 tbhits 0 time 392 pv f8g7 e1g1 e8g8 c4d5 c6d5 b2b4 e6f5 d3f5 g6f5 a2a4 b8d7 c1a3
Position; fen rnbqkb1r/pp2pp1p/2p2np1/3p4/2PP4/5N2/PP1NPPPP/R1BQKB1R w KQkq - 0 1
Moves; e2e3 c8e6 f1d3
Warning; Bestmove does not match beginning of last PV - move f8h6 from SF_2400
Info; info depth 11 seldepth 13 multipv 1 score cp -53 nodes 92188 nps 424829 hashfull 28 tbhits 0 time 217 pv d5c4 d2c4 e6g4 c1d2 g4f3 g2f3 f8g7 f3f4
Position; fen rnbqkb1r/pp2pp1p/2p2np1/3p4/2PP4/5N2/PP1NPPPP/R1BQKB1R w KQkq - 0 1
Moves; e2e3 c8e6 f1d3 b8d7 d1c2
Warning; Bestmove does not match beginning of last PV - move a8c8 from SF_2400
Info; info depth 11 seldepth 18 multipv 1 score cp -67 nodes 70433 nps 457357 hashfull 19 tbhits 0 time 154 pv e8g8 f1e1 h6g7 b2b3 e6g4 h2h3 g4f3 d2f3 f8e8 c1b2
Position; fen rnbqkb1r/pp2pp1p/2p2np1/3p4/2PP4/5N2/PP1NPPPP/R1BQKB1R w KQkq - 0 1
Moves; e2e3 c8e6 f1d3 b8d7 d1c2 f8h6 e1g1
Warning; Bestmove does not match beginning of last PV - move h6g7 from SF_2400
Info; info depth 12 seldepth 18 multipv 1 score cp -89 nodes 85068 nps 383189 hashfull 31 tbhits 0 time 222 pv a7a5 a1b1 e8g8 b2b4 a5b4 b1b4 b7b6 c5b6 d7b6 c1a3
Position; fen rnbqkb1r/pp2pp1p/2p2np1/3p4/2PP4/5N2/PP1NPPPP/R1BQKB1R w KQkq - 0 1
Moves; e2e3 c8e6 f1d3 b8d7 d1c2 f8h6 e1g1 a8c8 c4c5
Warning; Bestmove does not match beginning of last PV - move f6h5 from SF_2400
Info; info depth 14 seldepth 15 multipv 1 score cp 57 nodes 73947 nps 387157 hashfull 18 tbhits 0 time 191 pv d5e4 d3e4 f6e4 d2e4 d7f6 e4f6 e7f6 c1f4 e8g8 f4d6 f8e8 f1e1 d8d7 h2h3
Position; fen rnbqkb1r/pp2pp1p/2p2np1/3p4/2PP4/5N2/PP1NPPPP/R1BQKB1R w KQkq - 0 1
Moves; e2e3 c8e6 f1d3 b8d7 d1c2 f8h6 e1g1 a8c8 c4c5 h6g7 e3e4
Warning; Bestmove does not match beginning of last PV - move e8g8 from SF_2400
Info; info depth 11 seldepth 18 multipv 1 score cp 42 nodes 51787 nps 386470 hashfull 10 tbhits 0 time 134 pv d5e4 d3e4 e8g8 h2h3
Position; fen rnbqkb1r/pp2pp1p/2p2np1/3p4/2PP4/5N2/PP1NPPPP/R1BQKB1R w KQkq - 0 1
Moves; e2e3 c8e6 f1d3 b8d7 d1c2 f8h6 e1g1 a8c8 c4c5 h6g7 e3e4 f6h5 d2b3
Warning; Bestmove does not match beginning of last PV - move f8f6 from SF_2400
Info; info depth 12 seldepth 13 multipv 1 score cp -54 nodes 66846 nps 395538 hashfull 24 tbhits 0 time 169 pv e7f6 c1d2 d8c7 a1e1 f8e8 g2g3 d7f8 g1g2
Position; fen rnbqkb1r/pp2pp1p/2p2np1/3p4/2PP4/5N2/PP1NPPPP/R1BQKB1R w KQkq - 0 1
Moves; e2e3 c8e6 f1d3 b8d7 d1c2 f8h6 e1g1 a8c8 c4c5 h6g7 e3e4 f6h5 d2b3 e8g8 e4e5 f7f6 e5f6
Warning; Bestmove does not match beginning of last PV - move f6f7 from SF_2400
Info; info depth 11 seldepth 14 multipv 1 score cp 68 nodes 51283 nps 358622 hashfull 12 tbhits 0 time 143 pv f6f3 g2f3 d8f8 f1e1 e6h3 e1e3 g7f6
Position; fen rnbqkb1r/pp2pp1p/2p2np1/3p4/2PP4/5N2/PP1NPPPP/R1BQKB1R w KQkq - 0 1
Moves; e2e3 c8e6 f1d3 b8d7 d1c2 f8h6 e1g1 a8c8 c4c5 h6g7 e3e4 f6h5 d2b3 e8g8 e4e5 f7f6 e5f6 f8f6 c1g5
Warning; Bestmove does not match beginning of last PV - move d7f8 from SF_2400
Info; info depth 11 seldepth 22 multipv 1 score cp -45 nodes 43037 nps 430370 hashfull 13 tbhits 0 time 100 pv e6g4 f3h4 e7e5 h2h3 g4e6 h4g6 h7g6 d3g6 h5f6 g6f7 e6f7
Position; fen rnbqkb1r/pp2pp1p/2p2np1/3p4/2PP4/5N2/PP1NPPPP/R1BQKB1R w KQkq - 0 1
Moves; e2e3 c8e6 f1d3 b8d7 d1c2 f8h6 e1g1 a8c8 c4c5 h6g7 e3e4 f6h5 d2b3 e8g8 e4e5 f7f6 e5f6 f8f6 c1g5 f6f7 c2d2 d8c7 a1e1
Warning; Bestmove does not match beginning of last PV - move b7b6 from SF_2400
Info; info depth 11 seldepth 17 multipv 1 score cp -107 nodes 46225 nps 428009 hashfull 11 tbhits 0 time 108 pv h5g7 f2f4 b7b6 g5h6 e6f5 h6g7 g8g7 d3f5
Position; fen rnbqkb1r/pp2pp1p/2p2np1/3p4/2PP4/5N2/PP1NPPPP/R1BQKB1R w KQkq - 0 1
Moves; e2e3 c8e6 f1d3 b8d7 d1c2 f8h6 e1g1 a8c8 c4c5 h6g7 e3e4 f6h5 d2b3 e8g8 e4e5 f7f6 e5f6 f8f6 c1g5 f6f7 c2d2 d8c7 a1e1 d7f8 f3e5 g7e5 d4e5
Warning; Bestmove does not match beginning of last PV - move e6f5 from SF_2400
Info; info depth 10 seldepth 12 multipv 1 score cp -74 nodes 37362 nps 450144 hashfull 11 tbhits 0 time 83 pv e6d7 b3d4 f8e6 d4e6 d7e6 g5h6 h5g7 b2b4
Position; fen rnbqkb1r/pp2pp1p/2p2np1/3p4/2PP4/5N2/PP1NPPPP/R1BQKB1R w KQkq - 0 1
Moves; e2e3 c8e6 f1d3 b8d7 d1c2 f8h6 e1g1 a8c8 c4c5 h6g7 e3e4 f6h5 d2b3 e8g8 e4e5 f7f6 e5f6 f8f6 c1g5 f6f7 c2d2 d8c7 a1e1 d7f8 f3e5 g7e5 d4e5 b7b6 d2c2
Warning; Bestmove does not match beginning of last PV - move c7b8 from SF_2400
Info; info depth 11 seldepth 19 multipv 1 score cp -27 nodes 45484 nps 541476 hashfull 13 tbhits 0 time 84 pv a7b6 b3d4 h5f4 g5f4 f7f4 e1c1 c6c5 d4e2 f4b4 d3d5 e7e6 d5d2 c7e5 e2c3 b4d4
Position; fen rnbqkb1r/pp2pp1p/2p2np1/3p4/2PP4/5N2/PP1NPPPP/R1BQKB1R w KQkq - 0 1
Moves; e2e3 c8e6 f1d3 b8d7 d1c2 f8h6 e1g1 a8c8 c4c5 h6g7 e3e4 f6h5 d2b3 e8g8 e4e5 f7f6 e5f6 f8f6 c1g5 f6f7 c2d2 d8c7 a1e1 d7f8 f3e5 g7e5 d4e5 b7b6 d2c2 e6f5 c5b6 f5d3 c2d3
Warning; Bestmove does not match beginning of last PV - move b8b5 from SF_2400
Info; info depth 10 seldepth 19 multipv 1 score cp -239 nodes 13182 nps 488222 hashfull 4 tbhits 0 time 27 pv b8c7 e7b4 f5f7 b3c5 e6g7 a2a3 c7a7 e3c3 f8d7 c5d7 a7d7
Position; fen rnbqkb1r/pp2pp1p/2p2np1/3p4/2PP4/5N2/PP1NPPPP/R1BQKB1R w KQkq - 0 1
Moves; e2e3 c8e6 f1d3 b8d7 d1c2 f8h6 e1g1 a8c8 c4c5 h6g7 e3e4 f6h5 d2b3 e8g8 e4e5 f7f6 e5f6 f8f6 c1g5 f6f7 c2d2 d8c7 a1e1 d7f8 f3e5 g7e5 d4e5 b7b6 d2c2 e6f5 c5b6 f5d3 c2d3 c7b8 e5e6 f7f5 g5e7 h5f4 d3e3 f4e6 b6a7
Warning; Bestmove does not match beginning of last PV - move c8e8 from SF_2400
Info; info depth 12 seldepth 16 multipv 1 score cp -517 nodes 35461 nps 844309 hashfull 9 tbhits 0 time 42 pv e6f8 b3d4 b5a4 d4f5 g6f5 e3b6 c8a8 e1e7 f5f4 e7b7 d5d4 b6b3 a4b3 a2b3
Position; fen rnbqkb1r/pp2pp1p/2p2np1/3p4/2PP4/5N2/PP1NPPPP/R1BQKB1R w KQkq - 0 1
Moves; e2e3 c8e6 f1d3 b8d7 d1c2 f8h6 e1g1 a8c8 c4c5 h6g7 e3e4 f6h5 d2b3 e8g8 e4e5 f7f6 e5f6 f8f6 c1g5 f6f7 c2d2 d8c7 a1e1 d7f8 f3e5 g7e5 d4e5 b7b6 d2c2 e6f5 c5b6 f5d3 c2d3 c7b8 e5e6 f7f5 g5e7 h5f4 d3e3 f4e6 b6a7 b8b5 e7f8
Warning; Bestmove does not match beginning of last PV - move e6d4 from SF_2400
Info; info depth 13 seldepth 16 multipv 1 score cp -704 nodes 59512 nps 1239833 hashfull 19 tbhits 0 time 48 pv b5f1 g1f1 e6c7 e3e8 f5f8 e8e3 c6c5 d4e6 d5d4 e6c7
Position; fen rnbqkb1r/pp2pp1p/2p2np1/3p4/2PP4/5N2/PP1NPPPP/R1BQKB1R w KQkq - 0 1
Moves; e2e3 c8e6 f1d3 b8d7 d1c2 f8h6 e1g1 a8c8 c4c5 h6g7 e3e4 f6h5 d2b3 e8g8 e4e5 f7f6 e5f6 f8f6 c1g5 f6f7 c2d2 d8c7 a1e1 d7f8 f3e5 g7e5 d4e5 b7b6 d2c2 e6f5 c5b6 f5d3 c2d3 c7b8 e5e6 f7f5 g5e7 h5f4 d3e3 f4e6 b6a7 b8b5 e7f8 c8e8 b3d4
Warning; Bestmove does not match beginning of last PV - move f5g5 from SF_2400
Info; info depth 19 seldepth 17 multipv 1 score mate -8 nodes 61894 nps 1820411 hashfull 21 tbhits 0 time 34 pv f5f8 e8f8 g8f8 a7a8q b5b8 a8b8 f8f7 b8e8 f7g7 e1e7 g7f6 e8f8 f6g5 e7e5 g5h4 f8h6
Position; fen rnbqkb1r/pp2pp1p/2p2np1/3p4/2PP4/5N2/PP1NPPPP/R1BQKB1R w KQkq - 0 1
Moves; e2e3 c8e6 f1d3 b8d7 d1c2 f8h6 e1g1 a8c8 c4c5 h6g7 e3e4 f6h5 d2b3 e8g8 e4e5 f7f6 e5f6 f8f6 c1g5 f6f7 c2d2 d8c7 a1e1 d7f8 f3e5 g7e5 d4e5 b7b6 d2c2 e6f5 c5b6 f5d3 c2d3 c7b8 e5e6 f7f5 g5e7 h5f4 d3e3 f4e6 b6a7 b8b5 e7f8 c8e8 b3d4 e6d4 e3e8 d4f3 g2f3
Warning; Bestmove does not match beginning of last PV - move h7h5 from SF_2400
Info; info depth 44 seldepth 7 multipv 1 score mate -3 nodes 20013 nps 4002600 hashfull 0 tbhits 0 time 5 pv g5g1 f1g1 h7h6 e8d7 g8f8 a7a8q
Position; fen rnbqkb1r/pp2pp1p/2p2np1/3p4/2PP4/5N2/PP1NPPPP/R1BQKB1R w KQkq - 0 1
Moves; e2e3 c8e6 f1d3 b8d7 d1c2 f8h6 e1g1 a8c8 c4c5 h6g7 e3e4 f6h5 d2b3 e8g8 e4e5 f7f6 e5f6 f8f6 c1g5 f6f7 c2d2 d8c7 a1e1 d7f8 f3e5 g7e5 d4e5 b7b6 d2c2 e6f5 c5b6 f5d3 c2d3 c7b8 e5e6 f7f5 g5e7 h5f4 d3e3 f4e6 b6a7 b8b5 e7f8 c8e8 b3d4 e6d4 e3e8 d4f3 g2f3 f5g5 g1h1 b5f1 e1f1
Warning; Bestmove does not match beginning of last PV - move h7h8 from SF_2400
Info; info depth 245 seldepth 3 multipv 1 score mate -1 nodes 1469 nps 734500 hashfull 0 tbhits 0 time 2 pv h7h6 a3f8
Position; fen rnbqkb1r/pp2pp1p/2p2np1/3p4/2PP4/5N2/PP1NPPPP/R1BQKB1R w KQkq - 0 1
Moves; e2e3 c8e6 f1d3 b8d7 d1c2 f8h6 e1g1 a8c8 c4c5 h6g7 e3e4 f6h5 d2b3 e8g8 e4e5 f7f6 e5f6 f8f6 c1g5 f6f7 c2d2 d8c7 a1e1 d7f8 f3e5 g7e5 d4e5 b7b6 d2c2 e6f5 c5b6 f5d3 c2d3 c7b8 e5e6 f7f5 g5e7 h5f4 d3e3 f4e6 b6a7 b8b5 e7f8 c8e8 b3d4 e6d4 e3e8 d4f3 g2f3 f5g5 g1h1 b5f1 e1f1 h7h5 f8a3 g8g7 e8f8 g7h7 f8f7
Finished game 9 (HiveChess vs SF_2400): 1-0 {White mates}
Started game 10 of 10 (SF_2400 vs HiveChess)
Warning; Bestmove does not match beginning of last PV - move h2h3 from SF_2400
Info; info depth 13 seldepth 20 multipv 1 score cp 31 nodes 182692 nps 419018 hashfull 70 tbhits 0 time 436 pv e2e3 c8f5 h2h3 f8g7 f1e2 e8g8 e1g1 f8e8 b2b3 h7h5 a2a4 b8d7 c1b2 e7e6 a4a5 f6e4 d2e4 f5e4
Position; fen rnbqkb1r/pp2pp1p/2p2np1/3p4/2PP4/5N2/PP1NPPPP/R1BQKB1R w KQkq - 0 1
Moves; 
Warning; Bestmove does not match beginning of last PV - move b2b3 from SF_2400
Info; info depth 10 seldepth 12 multipv 1 score cp 64 nodes 41060 nps 406534 hashfull 17 tbhits 0 time 101 pv e2e3 a7a5 f1d3 f8g7 e1g1 e8g8 e3e4 d5e4 d2e4 f6e4 d3e4
Position; fen rnbqkb1r/pp2pp1p/2p2np1/3p4/2PP4/5N2/PP1NPPPP/R1BQKB1R w KQkq - 0 1
Moves; h2h3 e7e6
Warning; Bestmove does not match beginning of last PV - move c1b2 from SF_2400
Info; info depth 11 seldepth 20 multipv 1 score cp 41 nodes 78687 nps 434734 hashfull 25 tbhits 0 time 181 pv e2e3 b7b6 f1e2 c8b7 e1g1 f8d6 d1c2 a8c8
Position; fen rnbqkb1r/pp2pp1p/2p2np1/3p4/2PP4/5N2/PP1NPPPP/R1BQKB1R w KQkq - 0 1
Moves; h2h3 e7e6 b2b3 b8d7
Warning; Bestmove does not match beginning of last PV - move d1c2 from SF_2400
Info; info depth 10 seldepth 22 multipv 1 score cp 75 nodes 38691 nps 403031 hashfull 8 tbhits 0 time 96 pv e2e3 f6e4 f1d3 f8g7 e1g1 e4d2 d1d2
Position; fen rnbqkb1r/pp2pp1p/2p2np1/3p4/2PP4/5N2/PP1NPPPP/R1BQKB1R w KQkq - 0 1
Moves; h2h3 e7e6 b2b3 b8d7 c1b2 d8a5
Warning; Bestmove does not match beginning of last PV - move a2a3 from SF_2400
Info; info depth 11 seldepth 11 multipv 1 score cp 66 nodes 81359 nps 444584 hashfull 22 tbhits 0 time 183 pv e2e3 f8g7 f1e2 e8g8 e1g1 e4d2 f3d2 f8e8 d2f3
Position; fen rnbqkb1r/pp2pp1p/2p2np1/3p4/2PP4/5N2/PP1NPPPP/R1BQKB1R w KQkq - 0 1
Moves; h2h3 e7e6 b2b3 b8d7 c1b2 d8a5 d1c2 f6e4
Warning; Bestmove does not match beginning of last PV - move g2g3 from SF_2400
Info; info depth 12 seldepth 20 multipv 1 score cp 89 nodes 54743 nps 434468 hashfull 14 tbhits 0 time 126 pv e2e3 e4d2 f3d2 f8g7 f1d3 a5c7 e1g1 e8g8 a3a4 a7a5 f1c1 c8d7 d2f3 f8c8
Position; fen rnbqkb1r/pp2pp1p/2p2np1/3p4/2PP4/5N2/PP1NPPPP/R1BQKB1R w KQkq - 0 1
Moves; h2h3 e7e6 b2b3 b8d7 c1b2 d8a5 d1c2 f6e4 a2a3 d7f6
Warning; Bestmove does not match beginning of last PV - move a1d1 from SF_2400
Info; info depth 11 seldepth 14 multipv 1 score cp 93 nodes 52000 nps 385185 hashfull 14 tbhits 0 time 135 pv f1g2 f8g7 e1g1 e4d2 f3d2 e8g8 a3a4 a8c8 e2e4 d5e4 g2e4 a5b6
Position; fen rnbqkb1r/pp2pp1p/2p2np1/3p4/2PP4/5N2/PP1NPPPP/R1BQKB1R w KQkq - 0 1
Moves; h2h3 e7e6 b2b3 b8d7 c1b2 d8a5 d1c2 f6e4 a2a3 d7f6 g2g3 c8d7
Warning; Bestmove does not match beginning of last PV - move d4c5 from SF_2400
Info; info depth 10 seldepth 12 multipv 1 score cp 148 nodes 39499 nps 391079 hashfull 13 tbhits 0 time 101 pv f1g2 f8g7 d4c5 a5c5 d2e4 f6e4 e1g1 f7f6 f3d4 e8g8
Position; fen rnbqkb1r/pp2pp1p/2p2np1/3p4/2PP4/5N2/PP1NPPPP/R1BQKB1R w KQkq - 0 1
Moves; h2h3 e7e6 b2b3 b8d7 c1b2 d8a5 d1c2 f6e4 a2a3 d7f6 g2g3 c8d7 a1d1 c6c5
Warning; Bestmove does not match beginning of last PV - move f1g2 from SF_2400
Info; info depth 12 seldepth 15 multipv 1 score cp 131 nodes 98403 nps 435411 hashfull 35 tbhits 0 time 226 pv f3e5 e7a3 d1a1 a3b2 a1a5 b2e5 d2e4 f6e4 f1d3
Position; fen rnbqkb1r/pp2pp1p/2p2np1/3p4/2PP4/5N2/PP1NPPPP/R1BQKB1R w KQkq - 0 1
Moves; h2h3 e7e6 b2b3 b8d7 c1b2 d8a5 d1c2 f6e4 a2a3 d7f6 g2g3 c8d7 a1d1 c6c5 d4c5 f8c5 e2e3 c5e7
Warning; Bestmove does not match beginning of last PV - move e1g1 from SF_2400
Info; info depth 13 seldepth 18 multipv 1 score cp 147 nodes 129253 nps 557125 hashfull 30 tbhits 0 time 232 pv b3b4 d7a4 c2c1 a5d5 d2e4 d5e4 d1d4 e4c6 d4c4 c6a6 e1g1 e8g8 f3e5
Position; fen rnbqkb1r/pp2pp1p/2p2np1/3p4/2PP4/5N2/PP1NPPPP/R1BQKB1R w KQkq - 0 1
Moves; h2h3 e7e6 b2b3 b8d7 c1b2 d8a5 d1c2 f6e4 a2a3 d7f6 g2g3 c8d7 a1d1 c6c5 d4c5 f8c5 e2e3 c5e7 f1g2 d5c4
Warning; Bestmove does not match beginning of last PV - move b7a6 from SF_2400
Info; info depth 13 seldepth 27 multipv 1 score cp 115 nodes 104122 nps 507912 hashfull 36 tbhits 0 time 205 pv b7c7 d5d8 c7c6 e8f8 f3e5 a8c8 c6a4 d8b6 b2a1 h8g8 f1d1 c8c7
Position; fen rnbqkb1r/pp2pp1p/2p2np1/3p4/2PP4/5N2/PP1NPPPP/R1BQKB1R w KQkq - 0 1
Moves; h2h3 e7e6 b2b3 b8d7 c1b2 d8a5 d1c2 f6e4 a2a3 d7f6 g2g3 c8d7 a1d1 c6c5 d4c5 f8c5 e2e3 c5e7 f1g2 d5c4 e1g1 c4b3 d2b3 d7a4 c2e4 a4b3 e4b7 b3d5 d1d5 a5d5
Warning; Bestmove does not match beginning of last PV - move f1b1 from SF_2400
Info; info depth 10 seldepth 13 multipv 1 score cp 322 nodes 21954 nps 414226 hashfull 8 tbhits 0 time 53 pv e5d4 c5d6 f1d1 e6e5 d4e5 d6e6 a4a7 h7h5 a3a4 f8g7 a4a5
Position; fen rnbqkb1r/pp2pp1p/2p2np1/3p4/2PP4/5N2/PP1NPPPP/R1BQKB1R w KQkq - 0 1
Moves; h2h3 e7e6 b2b3 b8d7 c1b2 d8a5 d1c2 f6e4 a2a3 d7f6 g2g3 c8d7 a1d1 c6c5 d4c5 f8c5 e2e3 c5e7 f1g2 d5c4 e1g1 c4b3 d2b3 d7a4 c2e4 a4b3 e4b7 b3d5 d1d5 a5d5 b7a6 a8d8 f3d4 d5d6 a6a4 e8f8 d4c6 d8e8 b2e5 d6c5
Warning; Bestmove does not match beginning of last PV - move g3g4 from SF_2400
Info; info depth 8 seldepth 15 multipv 1 score cp 360 nodes 14936 nps 515034 hashfull 4 tbhits 0 time 29 pv b1b5 c5c1 g1h2 c1d2 a4f4 e7d8 c6d8 d2d8
Position; fen rnbqkb1r/pp2pp1p/2p2np1/3p4/2PP4/5N2/PP1NPPPP/R1BQKB1R w KQkq - 0 1
Moves; h2h3 e7e6 b2b3 b8d7 c1b2 d8a5 d1c2 f6e4 a2a3 d7f6 g2g3 c8d7 a1d1 c6c5 d4c5 f8c5 e2e3 c5e7 f1g2 d5c4 e1g1 c4b3 d2b3 d7a4 c2e4 a4b3 e4b7 b3d5 d1d5 a5d5 b7a6 a8d8 f3d4 d5d6 a6a4 e8f8 d4c6 d8e8 b2e5 d6c5 f1b1 f8g7
Warning; Bestmove does not match beginning of last PV - move e5c4 from SF_2400
Info; info depth 10 seldepth 13 multipv 1 score cp 598 nodes 8142 nps 626307 hashfull 2 tbhits 0 time 13 pv g5f6 a3d6 e5c6 e8f8
Position; fen rnbqkb1r/pp2pp1p/2p2np1/3p4/2PP4/5N2/PP1NPPPP/R1BQKB1R w KQkq - 0 1
Moves; h2h3 e7e6 b2b3 b8d7 c1b2 d8a5 d1c2 f6e4 a2a3 d7f6 g2g3 c8d7 a1d1 c6c5 d4c5 f8c5 e2e3 c5e7 f1g2 d5c4 e1g1 c4b3 d2b3 d7a4 c2e4 a4b3 e4b7 b3d5 d1d5 a5d5 b7a6 a8d8 f3d4 d5d6 a6a4 e8f8 d4c6 d8e8 b2e5 d6c5 f1b1 f8g7 g3g4 e7d6 e5d4 c5a3 a4a3 d6a3 g4g5 e6e5 c6e5 g7g8
Warning; Bestmove does not match beginning of last PV - move c4e5 from SF_2400
Info; info depth 12 seldepth 14 multipv 1 score cp 570 nodes 20155 nps 516794 hashfull 5 tbhits 0 time 39 pv b1b7 e8d8 c4e5 d8d6 e5f7 d6d4 e3d4 h7h6 f7h8 g8h8
Position; fen rnbqkb1r/pp2pp1p/2p2np1/3p4/2PP4/5N2/PP1NPPPP/R1BQKB1R w KQkq - 0 1
Moves; h2h3 e7e6 b2b3 b8d7 c1b2 d8a5 d1c2 f6e4 a2a3 d7f6 g2g3 c8d7 a1d1 c6c5 d4c5 f8c5 e2e3 c5e7 f1g2 d5c4 e1g1 c4b3 d2b3 d7a4 c2e4 a4b3 e4b7 b3d5 d1d5 a5d5 b7a6 a8d8 f3d4 d5d6 a6a4 e8f8 d4c6 d8e8 b2e5 d6c5 f1b1 f8g7 g3g4 e7d6 e5d4 c5a3 a4a3 d6a3 g4g5 e6e5 c6e5 g7g8 e5c4 a3f8 g5f6 a7a6
Warning; Bestmove does not match beginning of last PV - move g2d5 from SF_2400
Info; info depth 11 seldepth 16 multipv 1 score cp 587 nodes 12285 nps 585000 hashfull 2 tbhits 0 time 21 pv b1b7 h7h5 g2d5 h8h7 g1f1 e8c8 h3h4 f8e8
Position; fen rnbqkb1r/pp2pp1p/2p2np1/3p4/2PP4/5N2/PP1NPPPP/R1BQKB1R w KQkq - 0 1
Moves; h2h3 e7e6 b2b3 b8d7 c1b2 d8a5 d1c2 f6e4 a2a3 d7f6 g2g3 c8d7 a1d1 c6c5 d4c5 f8c5 e2e3 c5e7 f1g2 d5c4 e1g1 c4b3 d2b3 d7a4 c2e4 a4b3 e4b7 b3d5 d1d5 a5d5 b7a6 a8d8 f3d4 d5d6 a6a4 e8f8 d4c6 d8e8 b2e5 d6c5 f1b1 f8g7 g3g4 e7d6 e5d4 c5a3 a4a3 d6a3 g4g5 e6e5 c6e5 g7g8 e5c4 a3f8 g5f6 a7a6 c4e5 f8d6 e5c6 g8f8
Warning; Bestmove does not match beginning of last PV - move e3e4 from SF_2400
Info; info depth 10 seldepth 19 multipv 1 score cp 592 nodes 12248 nps 680444 hashfull 3 tbhits 0 time 18 pv h3h4 e8c8 b1b7 d6c7 b7a7 f8e8 a7a6 e8d7
Position; fen rnbqkb1r/pp2pp1p/2p2np1/3p4/2PP4/5N2/PP1NPPPP/R1BQKB1R w KQkq - 0 1
Moves; h2h3 e7e6 b2b3 b8d7 c1b2 d8a5 d1c2 f6e4 a2a3 d7f6 g2g3 c8d7 a1d1 c6c5 d4c5 f8c5 e2e3 c5e7 f1g2 d5c4 e1g1 c4b3 d2b3 d7a4 c2e4 a4b3 e4b7 b3d5 d1d5 a5d5 b7a6 a8d8 f3d4 d5d6 a6a4 e8f8 d4c6 d8e8 b2e5 d6c5 f1b1 f8g7 g3g4 e7d6 e5d4 c5a3 a4a3 d6a3 g4g5 e6e5 c6e5 g7g8 e5c4 a3f8 g5f6 a7a6 c4e5 f8d6 e5c6 g8f8 g2d5 h7h5
Warning; Bestmove does not match beginning of last PV - move b1b3 from SF_2400
Info; info depth 13 seldepth 16 multipv 1 score cp 629 nodes 35244 nps 783200 hashfull 28 tbhits 0 time 45 pv b1a1 a3f8 g1f1 e8c8 a1a6 h8h7 f1e2
Position; fen rnbqkb1r/pp2pp1p/2p2np1/3p4/2PP4/5N2/PP1NPPPP/R1BQKB1R w KQkq - 0 1
Moves; h2h3 e7e6 b2b3 b8d7 c1b2 d8a5 d1c2 f6e4 a2a3 d7f6 g2g3 c8d7 a1d1 c6c5 d4c5 f8c5 e2e3 c5e7 f1g2 d5c4 e1g1 c4b3 d2b3 d7a4 c2e4 a4b3 e4b7 b3d5 d1d5 a5d5 b7a6 a8d8 f3d4 d5d6 a6a4 e8f8 d4c6 d8e8 b2e5 d6c5 f1b1 f8g7 g3g4 e7d6 e5d4 c5a3 a4a3 d6a3 g4g5 e6e5 c6e5 g7g8 e5c4 a3f8 g5f6 a7a6 c4e5 f8d6 e5c6 g8f8 g2d5 h7h5 e3e4 f8g8 e4e5 d6a3
Warning; Bestmove does not match beginning of last PV - move b3e3 from SF_2400
Info; info depth 11 seldepth 15 multipv 1 score cp 611 nodes 17077 nps 683080 hashfull 23 tbhits 0 time 25 pv b3b7 h8h7 b7a7 e8c8 a7a6 h5h4 a6a7 h7h5
Position; fen rnbqkb1r/pp2pp1p/2p2np1/3p4/2PP4/5N2/PP1NPPPP/R1BQKB1R w KQkq - 0 1
Moves; h2h3 e7e6 b2b3 b8d7 c1b2 d8a5 d1c2 f6e4 a2a3 d7f6 g2g3 c8d7 a1d1 c6c5 d4c5 f8c5 e2e3 c5e7 f1g2 d5c4 e1g1 c4b3 d2b3 d7a4 c2e4 a4b3 e4b7 b3d5 d1d5 a5d5 b7a6 a8d8 f3d4 d5d6 a6a4 e8f8 d4c6 d8e8 b2e5 d6c5 f1b1 f8g7 g3g4 e7d6 e5d4 c5a3 a4a3 d6a3 g4g5 e6e5 c6e5 g7g8 e5c4 a3f8 g5f6 a7a6 c4e5 f8d6 e5c6 g8f8 g2d5 h7h5 e3e4 f8g8 e4e5 d6a3 b1b3 a3f8
Warning; Bestmove does not match beginning of last PV - move h3h4 from SF_2400
Info; info depth 12 seldepth 30 multipv 1 score cp 568 nodes 27331 nps 738675 hashfull 26 tbhits 0 time 37 pv d5f7 g8f7 e5e6 e8e6 c6d8 f7e8 d8e6 a4a3 e6g5 e8d7 f6f7 h8h6 d4f6 d7c6
Position; fen rnbqkb1r/pp2pp1p/2p2np1/3p4/2PP4/5N2/PP1NPPPP/R1BQKB1R w KQkq - 0 1
Moves; h2h3 e7e6 b2b3 b8d7 c1b2 d8a5 d1c2 f6e4 a2a3 d7f6 g2g3 c8d7 a1d1 c6c5 d4c5 f8c5 e2e3 c5e7 f1g2 d5c4 e1g1 c4b3 d2b3 d7a4 c2e4 a4b3 e4b7 b3d5 d1d5 a5d5 b7a6 a8d8 f3d4 d5d6 a6a4 e8f8 d4c6 d8e8 b2e5 d6c5 f1b1 f8g7 g3g4 e7d6 e5d4 c5a3 a4a3 d6a3 g4g5 e6e5 c6e5 g7g8 e5c4 a3f8 g5f6 a7a6 c4e5 f8d6 e5c6 g8f8 g2d5 h7h5 e3e4 f8g8 e4e5 d6a3 b1b3 a3f8 b3e3 a6a5 e3e1 a5a4
Warning; Bestmove does not match beginning of last PV - move g1g2 from SF_2400
Info; info depth 12 seldepth 27 multipv 1 score cp 535 nodes 24162 nps 710647 hashfull 19 tbhits 0 time 34 pv d5f7 g8f7 e5e6 e8e6 c6d8 f7e8 d8e6 a3a2 e6g5 e8d7 f6f7 h8h6 d4a1 d7c6
Position; fen rnbqkb1r/pp2pp1p/2p2np1/3p4/2PP4/5N2/PP1NPPPP/R1BQKB1R w KQkq - 0 1
Moves; h2h3 e7e6 b2b3 b8d7 c1b2 d8a5 d1c2 f6e4 a2a3 d7f6 g2g3 c8d7 a1d1 c6c5 d4c5 f8c5 e2e3 c5e7 f1g2 d5c4 e1g1 c4b3 d2b3 d7a4 c2e4 a4b3 e4b7 b3d5 d1d5 a5d5 b7a6 a8d8 f3d4 d5d6 a6a4 e8f8 d4c6 d8e8 b2e5 d6c5 f1b1 f8g7 g3g4 e7d6 e5d4 c5a3 a4a3 d6a3 g4g5 e6e5 c6e5 g7g8 e5c4 a3f8 g5f6 a7a6 c4e5 f8d6 e5c6 g8f8 g2d5 h7h5 e3e4 f8g8 e4e5 d6a3 b1b3 a3f8 b3e3 a6a5 e3e1 a5a4 h3h4 a4a3
Warning; Bestmove does not match beginning of last PV - move e1a1 from SF_2400
Info; info depth 11 seldepth 16 multipv 1 score cp 569 nodes 13179 nps 573000 hashfull 14 tbhits 0 time 23 pv e1b1 d6f8 b1b7 h8h7 b7a7 g8h8 g2f1 e8c8 f1e2 c8e8 f2f4 e8c8 e2d3 c8e8
Position; fen rnbqkb1r/pp2pp1p/2p2np1/3p4/2PP4/5N2/PP1NPPPP/R1BQKB1R w KQkq - 0 1
Moves; h2h3 e7e6 b2b3 b8d7 c1b2 d8a5 d1c2 f6e4 a2a3 d7f6 g2g3 c8d7 a1d1 c6c5 d4c5 f8c5 e2e3 c5e7 f1g2 d5c4 e1g1 c4b3 d2b3 d7a4 c2e4 a4b3 e4b7 b3d5 d1d5 a5d5 b7a6 a8d8 f3d4 d5d6 a6a4 e8f8 d4c6 d8e8 b2e5 d6c5 f1b1 f8g7 g3g4 e7d6 e5d4 c5a3 a4a3 d6a3 g4g5 e6e5 c6e5 g7g8 e5c4 a3f8 g5f6 a7a6 c4e5 f8d6 e5c6 g8f8 g2d5 h7h5 e3e4 f8g8 e4e5 d6a3 b1b3 a3f8 b3e3 a6a5 e3e1 a5a4 h3h4 a4a3 g1g2 f8d6
Warning; Bestmove does not match beginning of last PV - move a1e1 from SF_2400
Info; info depth 10 seldepth 21 multipv 1 score cp 531 nodes 9779 nps 651933 hashfull 15 tbhits 0 time 15 pv a1b1 e8a8 b1b7 h8h7 e5e6 f7e6 d5e6 g8h8 f6f7 h7g7 c6e5 h8h7
Position; fen rnbqkb1r/pp2pp1p/2p2np1/3p4/2PP4/5N2/PP1NPPPP/R1BQKB1R w KQkq - 0 1
Moves; h2h3 e7e6 b2b3 b8d7 c1b2 d8a5 d1c2 f6e4 a2a3 d7f6 g2g3 c8d7 a1d1 c6c5 d4c5 f8c5 e2e3 c5e7 f1g2 d5c4 e1g1 c4b3 d2b3 d7a4 c2e4 a4b3 e4b7 b3d5 d1d5 a5d5 b7a6 a8d8 f3d4 d5d6 a6a4 e8f8 d4c6 d8e8 b2e5 d6c5 f1b1 f8g7 g3g4 e7d6 e5d4 c5a3 a4a3 d6a3 g4g5 e6e5 c6e5 g7g8 e5c4 a3f8 g5f6 a7a6 c4e5 f8d6 e5c6 g8f8 g2d5 h7h5 e3e4 f8g8 e4e5 d6a3 b1b3 a3f8 b3e3 a6a5 e3e1 a5a4 h3h4 a4a3 g1g2 f8d6 e1a1 d6f8
Warning; Bestmove does not match beginning of last PV - move e1g1 from SF_2400
Info; info depth 15 seldepth 27 multipv 1 score cp 619 nodes 312278 nps 724542 hashfull 132 tbhits 0 time 431 pv e1b1 d6c7 b1b7 e8c8 b7a7 g8h7 d5f7 h8f8 f7e6 h7h6 e6c8 f8c8 a7a3
Position; fen rnbqkb1r/pp2pp1p/2p2np1/3p4/2PP4/5N2/PP1NPPPP/R1BQKB1R w KQkq - 0 1
Moves; h2h3 e7e6 b2b3 b8d7 c1b2 d8a5 d1c2 f6e4 a2a3 d7f6 g2g3 c8d7 a1d1 c6c5 d4c5 f8c5 e2e3 c5e7 f1g2 d5c4 e1g1 c4b3 d2b3 d7a4 c2e4 a4b3 e4b7 b3d5 d1d5 a5d5 b7a6 a8d8 f3d4 d5d6 a6a4 e8f8 d4c6 d8e8 b2e5 d6c5 f1b1 f8g7 g3g4 e7d6 e5d4 c5a3 a4a3 d6a3 g4g5 e6e5 c6e5 g7g8 e5c4 a3f8 g5f6 a7a6 c4e5 f8d6 e5c6 g8f8 g2d5 h7h5 e3e4 f8g8 e4e5 d6a3 b1b3 a3f8 b3e3 a6a5 e3e1 a5a4 h3h4 a4a3 g1g2 f8d6 e1a1 d6f8 a1e1 f8d6
Warning; Bestmove does not match beginning of last PV - move g2f3 from SF_2400
Info; info depth 16 seldepth 28 multipv 1 score cp 633 nodes 292257 nps 671855 hashfull 133 tbhits 0 time 435 pv g1b1 h8h7 b1b7 e8a8 c6e7 f8e7 f6e7 a8e8 e5e6 f7f5 d4f6 h7g7 g2f3 g8h7 f3f4 e8a8 f6g7
Position; fen rnbqkb1r/pp2pp1p/2p2np1/3p4/2PP4/5N2/PP1NPPPP/R1BQKB1R w KQkq - 0 1
Moves; h2h3 e7e6 b2b3 b8d7 c1b2 d8a5 d1c2 f6e4 a2a3 d7f6 g2g3 c8d7 a1d1 c6c5 d4c5 f8c5 e2e3 c5e7 f1g2 d5c4 e1g1 c4b3 d2b3 d7a4 c2e4 a4b3 e4b7 b3d5 d1d5 a5d5 b7a6 a8d8 f3d4 d5d6 a6a4 e8f8 d4c6 d8e8 b2e5 d6c5 f1b1 f8g7 g3g4 e7d6 e5d4 c5a3 a4a3 d6a3 g4g5 e6e5 c6e5 g7g8 e5c4 a3f8 g5f6 a7a6 c4e5 f8d6 e5c6 g8f8 g2d5 h7h5 e3e4 f8g8 e4e5 d6a3 b1b3 a3f8 b3e3 a6a5 e3e1 a5a4 h3h4 a4a3 g1g2 f8d6 e1a1 d6f8 a1e1 f8d6 e1g1 d6f8
Warning; Bestmove does not match beginning of last PV - move f2f3 from SF_2400
Info; info depth 16 seldepth 29 multipv 1 score cp 675 nodes 336283 nps 700589 hashfull 123 tbhits 0 time 480 pv g1b1 h6h7 f2f4 h8g8 b1b7 c8e8 e4d3 f8a3 b7a7 a3f8 a7c7 f8a3 d3e4
Position; fen rnbqkb1r/pp2pp1p/2p2np1/3p4/2PP4/5N2/PP1NPPPP/R1BQKB1R w KQkq - 0 1
Moves; h2h3 e7e6 b2b3 b8d7 c1b2 d8a5 d1c2 f6e4 a2a3 d7f6 g2g3 c8d7 a1d1 c6c5 d4c5 f8c5 e2e3 c5e7 f1g2 d5c4 e1g1 c4b3 d2b3 d7a4 c2e4 a4b3 e4b7 b3d5 d1d5 a5d5 b7a6 a8d8 f3d4 d5d6 a6a4 e8f8 d4c6 d8e8 b2e5 d6c5 f1b1 f8g7 g3g4 e7d6 e5d4 c5a3 a4a3 d6a3 g4g5 e6e5 c6e5 g7g8 e5c4 a3f8 g5f6 a7a6 c4e5 f8d6 e5c6 g8f8 g2d5 h7h5 e3e4 f8g8 e4e5 d6a3 b1b3 a3f8 b3e3 a6a5 e3e1 a5a4 h3h4 a4a3 g1g2 f8d6 e1a1 d6f8 a1e1 f8d6 e1g1 d6f8 g2f3 h8h6 f3e4 a3a2 d5a2 e8c8 a2d5 g8h8
Warning; Bestmove does not match beginning of last PV - move g1b1 from SF_2400
Info; info depth 15 seldepth 24 multipv 1 score cp 722 nodes 217230 nps 764894 hashfull 77 tbhits 0 time 284 pv g1c1 h7h8 d5f7 h6h7 f7d5 h7c7 c1c3 c7c6 c3c6 c8c6 d5c6 h8h7 f3f4
Position; fen rnbqkb1r/pp2pp1p/2p2np1/3p4/2PP4/5N2/PP1NPPPP/R1BQKB1R w KQkq - 0 1
Moves; h2h3 e7e6 b2b3 b8d7 c1b2 d8a5 d1c2 f6e4 a2a3 d7f6 g2g3 c8d7 a1d1 c6c5 d4c5 f8c5 e2e3 c5e7 f1g2 d5c4 e1g1 c4b3 d2b3 d7a4 c2e4 a4b3 e4b7 b3d5 d1d5 a5d5 b7a6 a8d8 f3d4 d5d6 a6a4 e8f8 d4c6 d8e8 b2e5 d6c5 f1b1 f8g7 g3g4 e7d6 e5d4 c5a3 a4a3 d6a3 g4g5 e6e5 c6e5 g7g8 e5c4 a3f8 g5f6 a7a6 c4e5 f8d6 e5c6 g8f8 g2d5 h7h5 e3e4 f8g8 e4e5 d6a3 b1b3 a3f8 b3e3 a6a5 e3e1 a5a4 h3h4 a4a3 g1g2 f8d6 e1a1 d6f8 a1e1 f8d6 e1g1 d6f8 g2f3 h8h6 f3e4 a3a2 d5a2 e8c8 a2d5 g8h8 f2f3 h8h7
Warning; Bestmove does not match beginning of last PV - move e4d3 from SF_2400
Info; info depth 15 seldepth 27 multipv 1 score cp 721 nodes 212421 nps 683025 hashfull 83 tbhits 0 time 311 pv f3f4 g6g5 f4g5 h8h7 b1a1 c8c6 d5c6 h6g6 d4e3
Position; fen rnbqkb1r/pp2pp1p/2p2np1/3p4/2PP4/5N2/PP1NPPPP/R1BQKB1R w KQkq - 0 1
Moves; h2h3 e7e6 b2b3 b8d7 c1b2 d8a5 d1c2 f6e4 a2a3 d7f6 g2g3 c8d7 a1d1 c6c5 d4c5 f8c5 e2e3 c5e7 f1g2 d5c4 e1g1 c4b3 d2b3 d7a4 c2e4 a4b3 e4b7 b3d5 d1d5 a5d5 b7a6 a8d8 f3d4 d5d6 a6a4 e8f8 d4c6 d8e8 b2e5 d6c5 f1b1 f8g7 g3g4 e7d6 e5d4 c5a3 a4a3 d6a3 g4g5 e6e5 c6e5 g7g8 e5c4 a3f8 g5f6 a7a6 c4e5 f8d6 e5c6 g8f8 g2d5 h7h5 e3e4 f8g8 e4e5 d6a3 b1b3 a3f8 b3e3 a6a5 e3e1 a5a4 h3h4 a4a3 g1g2 f8d6 e1a1 d6f8 a1e1 f8d6 e1g1 d6f8 g2f3 h8h6 f3e4 a3a2 d5a2 e8c8 a2d5 g8h8 f2f3 h8h7 g1b1 h7h8
Warning; Bestmove does not match beginning of last PV - move f3f4 from SF_2400
Info; info depth 15 seldepth 19 multipv 1 score cp 717 nodes 106868 nps 774405 hashfull 31 tbhits 0 time 138 pv b1a1 g6g5 h4g5 h6g6 f3f4 c8c6 d5c6 g6g8 a1a3 g8d8 d3e4
Position; fen rnbqkb1r/pp2pp1p/2p2np1/3p4/2PP4/5N2/PP1NPPPP/R1BQKB1R w KQkq - 0 1
Moves; h2h3 e7e6 b2b3 b8d7 c1b2 d8a5 d1c2 f6e4 a2a3 d7f6 g2g3 c8d7 a1d1 c6c5 d4c5 f8c5 e2e3 c5e7 f1g2 d5c4 e1g1 c4b3 d2b3 d7a4 c2e4 a4b3 e4b7 b3d5 d1d5 a5d5 b7a6 a8d8 f3d4 d5d6 a6a4 e8f8 d4c6 d8e8 b2e5 d6c5 f1b1 f8g7 g3g4 e7d6 e5d4 c5a3 a4a3 d6a3 g4g5 e6e5 c6e5 g7g8 e5c4 a3f8 g5f6 a7a6 c4e5 f8d6 e5c6 g8f8 g2d5 h7h5 e3e4 f8g8 e4e5 d6a3 b1b3 a3f8 b3e3 a6a5 e3e1 a5a4 h3h4 a4a3 g1g2 f8d6 e1a1 d6f8 a1e1 f8d6 e1g1 d6f8 g2f3 h8h6 f3e4 a3a2 d5a2 e8c8 a2d5 g8h8 f2f3 h8h7 g1b1 h7h8 e4d3 f8a3
Warning; Bestmove does not match beginning of last PV - move b1b7 from SF_2400
Info; info depth 14 seldepth 21 multipv 1 score cp 728 nodes 106280 nps 857096 hashfull 29 tbhits 0 time 124 pv d3e4 a3f8 b1b7 h8g8 b7d7 g8h8 c6e7 f8e7 f6e7 h7g7 e5e6 f7f5 e4e3
Position; fen rnbqkb1r/pp2pp1p/2p2np1/3p4/2PP4/5N2/PP1NPPPP/R1BQKB1R w KQkq - 0 1
Moves; h2h3 e7e6 b2b3 b8d7 c1b2 d8a5 d1c2 f6e4 a2a3 d7f6 g2g3 c8d7 a1d1 c6c5 d4c5 f8c5 e2e3 c5e7 f1g2 d5c4 e1g1 c4b3 d2b3 d7a4 c2e4 a4b3 e4b7 b3d5 d1d5 a5d5 b7a6 a8d8 f3d4 d5d6 a6a4 e8f8 d4c6 d8e8 b2e5 d6c5 f1b1 f8g7 g3g4 e7d6 e5d4 c5a3 a4a3 d6a3 g4g5 e6e5 c6e5 g7g8 e5c4 a3f8 g5f6 a7a6 c4e5 f8d6 e5c6 g8f8 g2d5 h7h5 e3e4 f8g8 e4e5 d6a3 b1b3 a3f8 b3e3 a6a5 e3e1 a5a4 h3h4 a4a3 g1g2 f8d6 e1a1 d6f8 a1e1 f8d6 e1g1 d6f8 g2f3 h8h6 f3e4 a3a2 d5a2 e8c8 a2d5 g8h8 f2f3 h8h7 g1b1 h7h8 e4d3 f8a3 f3f4 h6h7
Warning; Bestmove does not match beginning of last PV - move b7d7 from SF_2400
Info; info depth 15 seldepth 19 multipv 1 score cp 772 nodes 121414 nps 645819 hashfull 46 tbhits 0 time 188 pv e5e6 c1a3 e6e7 a3e7 f6e7 h7g7 b7d7 h8h7 d7d8 g7g8
Position; fen rnbqkb1r/pp2pp1p/2p2np1/3p4/2PP4/5N2/PP1NPPPP/R1BQKB1R w KQkq - 0 1
Moves; h2h3 e7e6 b2b3 b8d7 c1b2 d8a5 d1c2 f6e4 a2a3 d7f6 g2g3 c8d7 a1d1 c6c5 d4c5 f8c5 e2e3 c5e7 f1g2 d5c4 e1g1 c4b3 d2b3 d7a4 c2e4 a4b3 e4b7 b3d5 d1d5 a5d5 b7a6 a8d8 f3d4 d5d6 a6a4 e8f8 d4c6 d8e8 b2e5 d6c5 f1b1 f8g7 g3g4 e7d6 e5d4 c5a3 a4a3 d6a3 g4g5 e6e5 c6e5 g7g8 e5c4 a3f8 g5f6 a7a6 c4e5 f8d6 e5c6 g8f8 g2d5 h7h5 e3e4 f8g8 e4e5 d6a3 b1b3 a3f8 b3e3 a6a5 e3e1 a5a4 h3h4 a4a3 g1g2 f8d6 e1a1 d6f8 a1e1 f8d6 e1g1 d6f8 g2f3 h8h6 f3e4 a3a2 d5a2 e8c8 a2d5 g8h8 f2f3 h8h7 g1b1 h7h8 e4d3 f8a3 f3f4 h6h7 b1b7 a3c1
Warning; Bestmove does not match beginning of last PV - move c6e7 from SF_2400
Info; info depth 13 seldepth 15 multipv 1 score cp 679 nodes 30574 nps 359694 hashfull 11 tbhits 0 time 85 pv e5e6 f7e6 f6f7 h7g7 f7f8q c8f8 d4g7 h8h7 g7f8 h7g8 d5e6 g8f8
Position; fen rnbqkb1r/pp2pp1p/2p2np1/3p4/2PP4/5N2/PP1NPPPP/R1BQKB1R w KQkq - 0 1
Moves; h2h3 e7e6 b2b3 b8d7 c1b2 d8a5 d1c2 f6e4 a2a3 d7f6 g2g3 c8d7 a1d1 c6c5 d4c5 f8c5 e2e3 c5e7 f1g2 d5c4 e1g1 c4b3 d2b3 d7a4 c2e4 a4b3 e4b7 b3d5 d1d5 a5d5 b7a6 a8d8 f3d4 d5d6 a6a4 e8f8 d4c6 d8e8 b2e5 d6c5 f1b1 f8g7 g3g4 e7d6 e5d4 c5a3 a4a3 d6a3 g4g5 e6e5 c6e5 g7g8 e5c4 a3f8 g5f6 a7a6 c4e5 f8d6 e5c6 g8f8 g2d5 h7h5 e3e4 f8g8 e4e5 d6a3 b1b3 a3f8 b3e3 a6a5 e3e1 a5a4 h3h4 a4a3 g1g2 f8d6 e1a1 d6f8 a1e1 f8d6 e1g1 d6f8 g2f3 h8h6 f3e4 a3a2 d5a2 e8c8 a2d5 g8h8 f2f3 h8h7 g1b1 h7h8 e4d3 f8a3 f3f4 h6h7 b1b7 a3c1 b7d7 c1f4
Warning; Bestmove does not match beginning of last PV - move d3e2 from SF_2400
Info; info depth 13 seldepth 16 multipv 1 score cp 640 nodes 24257 nps 466480 hashfull 6 tbhits 0 time 52 pv d3e4 f4g3 e5e6 h7h6 e7c6 f7e6 f6f7 e6e5 c6b8 h8g7 d4e5 g3e5 e4e5
Position; fen rnbqkb1r/pp2pp1p/2p2np1/3p4/2PP4/5N2/PP1NPPPP/R1BQKB1R w KQkq - 0 1
Moves; h2h3 e7e6 b2b3 b8d7 c1b2 d8a5 d1c2 f6e4 a2a3 d7f6 g2g3 c8d7 a1d1 c6c5 d4c5 f8c5 e2e3 c5e7 f1g2 d5c4 e1g1 c4b3 d2b3 d7a4 c2e4 a4b3 e4b7 b3d5 d1d5 a5d5 b7a6 a8d8 f3d4 d5d6 a6a4 e8f8 d4c6 d8e8 b2e5 d6c5 f1b1 f8g7 g3g4 e7d6 e5d4 c5a3 a4a3 d6a3 g4g5 e6e5 c6e5 g7g8 e5c4 a3f8 g5f6 a7a6 c4e5 f8d6 e5c6 g8f8 g2d5 h7h5 e3e4 f8g8 e4e5 d6a3 b1b3 a3f8 b3e3 a6a5 e3e1 a5a4 h3h4 a4a3 g1g2 f8d6 e1a1 d6f8 a1e1 f8d6 e1g1 d6f8 g2f3 h8h6 f3e4 a3a2 d5a2 e8c8 a2d5 g8h8 f2f3 h8h7 g1b1 h7h8 e4d3 f8a3 f3f4 h6h7 b1b7 a3c1 b7d7 c1f4 c6e7 c8b8
Warning; Bestmove does not match beginning of last PV - move d4a1 from SF_2400
Info; info depth 5 seldepth 10 multipv 1 score cp 656 nodes 970 nps 17962 hashfull 1 tbhits 0 time 54 pv e2f3 f7e6 e7g6 h8g8 d5e6 h7f7 e6f7 g8h7 g6f4
Position; fen rnbqkb1r/pp2pp1p/2p2np1/3p4/2PP4/5N2/PP1NPPPP/R1BQKB1R w KQkq - 0 1
Moves; h2h3 e7e6 b2b3 b8d7 c1b2 d8a5 d1c2 f6e4 a2a3 d7f6 g2g3 c8d7 a1d1 c6c5 d4c5 f8c5 e2e3 c5e7 f1g2 d5c4 e1g1 c4b3 d2b3 d7a4 c2e4 a4b3 e4b7 b3d5 d1d5 a5d5 b7a6 a8d8 f3d4 d5d6 a6a4 e8f8 d4c6 d8e8 b2e5 d6c5 f1b1 f8g7 g3g4 e7d6 e5d4 c5a3 a4a3 d6a3 g4g5 e6e5 c6e5 g7g8 e5c4 a3f8 g5f6 a7a6 c4e5 f8d6 e5c6 g8f8 g2d5 h7h5 e3e4 f8g8 e4e5 d6a3 b1b3 a3f8 b3e3 a6a5 e3e1 a5a4 h3h4 a4a3 g1g2 f8d6 e1a1 d6f8 a1e1 f8d6 e1g1 d6f8 g2f3 h8h6 f3e4 a3a2 d5a2 e8c8 a2d5 g8h8 f2f3 h8h7 g1b1 h7h8 e4d3 f8a3 f3f4 h6h7 b1b7 a3c1 b7d7 c1f4 c6e7 c8b8 d3e2 g6g5 e5e6 g5h4
Warning; Bestmove does not match beginning of last PV - move e7f5 from SF_2400
Info; info depth 12 seldepth 21 multipv 1 score cp 539 nodes 23897 nps 362075 hashfull 9 tbhits 0 time 66 pv e6f7 b8f8 e2f3 f4d2 d5e6 h4h3 d7d2 h8h7
Position; fen rnbqkb1r/pp2pp1p/2p2np1/3p4/2PP4/5N2/PP1NPPPP/R1BQKB1R w KQkq - 0 1
Moves; h2h3 e7e6 b2b3 b8d7 c1b2 d8a5 d1c2 f6e4 a2a3 d7f6 g2g3 c8d7 a1d1 c6c5 d4c5 f8c5 e2e3 c5e7 f1g2 d5c4 e1g1 c4b3 d2b3 d7a4 c2e4 a4b3 e4b7 b3d5 d1d5 a5d5 b7a6 a8d8 f3d4 d5d6 a6a4 e8f8 d4c6 d8e8 b2e5 d6c5 f1b1 f8g7 g3g4 e7d6 e5d4 c5a3 a4a3 d6a3 g4g5 e6e5 c6e5 g7g8 e5c4 a3f8 g5f6 a7a6 c4e5 f8d6 e5c6 g8f8 g2d5 h7h5 e3e4 f8g8 e4e5 d6a3 b1b3 a3f8 b3e3 a6a5 e3e1 a5a4 h3h4 a4a3 g1g2 f8d6 e1a1 d6f8 a1e1 f8d6 e1g1 d6f8 g2f3 h8h6 f3e4 a3a2 d5a2 e8c8 a2d5 g8h8 f2f3 h8h7 g1b1 h7h8 e4d3 f8a3 f3f4 h6h7 b1b7 a3c1 b7d7 c1f4 c6e7 c8b8 d3e2 g6g5 e5e6 g5h4 d4a1 h7h6
Warning; Bestmove does not match beginning of last PV - move e2e3 from SF_2400
Info; info depth 14 seldepth 20 multipv 1 score cp 753 nodes 35701 nps 605101 hashfull 15 tbhits 0 time 59 pv d7c7 h8g8 c7d7 h7h8 d7a7 g8h7 e2d3 h8e8 a7a3 h7g6
Position; fen rnbqkb1r/pp2pp1p/2p2np1/3p4/2PP4/5N2/PP1NPPPP/R1BQKB1R w KQkq - 0 1
Moves; h2h3 e7e6 b2b3 b8d7 c1b2 d8a5 d1c2 f6e4 a2a3 d7f6 g2g3 c8d7 a1d1 c6c5 d4c5 f8c5 e2e3 c5e7 f1g2 d5c4 e1g1 c4b3 d2b3 d7a4 c2e4 a4b3 e4b7 b3d5 d1d5 a5d5 b7a6 a8d8 f3d4 d5d6 a6a4 e8f8 d4c6 d8e8 b2e5 d6c5 f1b1 f8g7 g3g4 e7d6 e5d4 c5a3 a4a3 d6a3 g4g5 e6e5 c6e5 g7g8 e5c4 a3f8 g5f6 a7a6 c4e5 f8d6 e5c6 g8f8 g2d5 h7h5 e3e4 f8g8 e4e5 d6a3 b1b3 a3f8 b3e3 a6a5 e3e1 a5a4 h3h4 a4a3 g1g2 f8d6 e1a1 d6f8 a1e1 f8d6 e1g1 d6f8 g2f3 h8h6 f3e4 a3a2 d5a2 e8c8 a2d5 g8h8 f2f3 h8h7 g1b1 h7h8 e4d3 f8a3 f3f4 h6h7 b1b7 a3c1 b7d7 c1f4 c6e7 c8b8 d3e2 g6g5 e5e6 g5h4 d4a1 h7h6 e7f5 h6h7 e6e7 f4c7
Warning; Bestmove does not match beginning of last PV - move f5h4 from SF_2400
Info; info depth 10 seldepth 14 multipv 1 score cp 648 nodes 15347 nps 284203 hashfull 6 tbhits 0 time 54 pv a1c3 a5b6 e3e2 h4h3 f5d6 h5h4
Position; fen rnbqkb1r/pp2pp1p/2p2np1/3p4/2PP4/5N2/PP1NPPPP/R1BQKB1R w KQkq - 0 1
Moves; h2h3 e7e6 b2b3 b8d7 c1b2 d8a5 d1c2 f6e4 a2a3 d7f6 g2g3 c8d7 a1d1 c6c5 d4c5 f8c5 e2e3 c5e7 f1g2 d5c4 e1g1 c4b3 d2b3 d7a4 c2e4 a4b3 e4b7 b3d5 d1d5 a5d5 b7a6 a8d8 f3d4 d5d6 a6a4 e8f8 d4c6 d8e8 b2e5 d6c5 f1b1 f8g7 g3g4 e7d6 e5d4 c5a3 a4a3 d6a3 g4g5 e6e5 c6e5 g7g8 e5c4 a3f8 g5f6 a7a6 c4e5 f8d6 e5c6 g8f8 g2d5 h7h5 e3e4 f8g8 e4e5 d6a3 b1b3 a3f8 b3e3 a6a5 e3e1 a5a4 h3h4 a4a3 g1g2 f8d6 e1a1 d6f8 a1e1 f8d6 e1g1 d6f8 g2f3 h8h6 f3e4 a3a2 d5a2 e8c8 a2d5 g8h8 f2f3 h8h7 g1b1 h7h8 e4d3 f8a3 f3f4 h6h7 b1b7 a3c1 b7d7 c1f4 c6e7 c8b8 d3e2 g6g5 e5e6 g5h4 d4a1 h7h6 e7f5 h6h7 e6e7 f4c7 e2e3 c7a5
Warning; Bestmove does not match beginning of last PV - move e3d3 from SF_2400
Info; info depth 12 seldepth 18 multipv 1 score cp 620 nodes 11920 nps 229230 hashfull 5 tbhits 0 time 52 pv e3f3 b8g8 a1c3 b6c7 f3e2 g8e8 h4g6 h8g8
Position; fen rnbqkb1r/pp2pp1p/2p2np1/3p4/2PP4/5N2/PP1NPPPP/R1BQKB1R w KQkq - 0 1
Moves; h2h3 e7e6 b2b3 b8d7 c1b2 d8a5 d1c2 f6e4 a2a3 d7f6 g2g3 c8d7 a1d1 c6c5 d4c5 f8c5 e2e3 c5e7 f1g2 d5c4 e1g1 c4b3 d2b3 d7a4 c2e4 a4b3 e4b7 b3d5 d1d5 a5d5 b7a6 a8d8 f3d4 d5d6 a6a4 e8f8 d4c6 d8e8 b2e5 d6c5 f1b1 f8g7 g3g4 e7d6 e5d4 c5a3 a4a3 d6a3 g4g5 e6e5 c6e5 g7g8 e5c4 a3f8 g5f6 a7a6 c4e5 f8d6 e5c6 g8f8 g2d5 h7h5 e3e4 f8g8 e4e5 d6a3 b1b3 a3f8 b3e3 a6a5 e3e1 a5a4 h3h4 a4a3 g1g2 f8d6 e1a1 d6f8 a1e1 f8d6 e1g1 d6f8 g2f3 h8h6 f3e4 a3a2 d5a2 e8c8 a2d5 g8h8 f2f3 h8h7 g1b1 h7h8 e4d3 f8a3 f3f4 h6h7 b1b7 a3c1 b7d7 c1f4 c6e7 c8b8 d3e2 g6g5 e5e6 g5h4 d4a1 h7h6 e7f5 h6h7 e6e7 f4c7 e2e3 c7a5 f5h4 a5b6
Warning; Bestmove does not match beginning of last PV - move d3e4 from SF_2400
Info; info depth 12 seldepth 15 multipv 1 score cp 589 nodes 19710 nps 410625 hashfull 7 tbhits 0 time 48 pv a1d4 b6a5 h4g6 h8g8 g6e5 c8e8 e5f3 h7h6
Position; fen rnbqkb1r/pp2pp1p/2p2np1/3p4/2PP4/5N2/PP1NPPPP/R1BQKB1R w KQkq - 0 1
Moves; h2h3 e7e6 b2b3 b8d7 c1b2 d8a5 d1c2 f6e4 a2a3 d7f6 g2g3 c8d7 a1d1 c6c5 d4c5 f8c5 e2e3 c5e7 f1g2 d5c4 e1g1 c4b3 d2b3 d7a4 c2e4 a4b3 e4b7 b3d5 d1d5 a5d5 b7a6 a8d8 f3d4 d5d6 a6a4 e8f8 d4c6 d8e8 b2e5 d6c5 f1b1 f8g7 g3g4 e7d6 e5d4 c5a3 a4a3 d6a3 g4g5 e6e5 c6e5 g7g8 e5c4 a3f8 g5f6 a7a6 c4e5 f8d6 e5c6 g8f8 g2d5 h7h5 e3e4 f8g8 e4e5 d6a3 b1b3 a3f8 b3e3 a6a5 e3e1 a5a4 h3h4 a4a3 g1g2 f8d6 e1a1 d6f8 a1e1 f8d6 e1g1 d6f8 g2f3 h8h6 f3e4 a3a2 d5a2 e8c8 a2d5 g8h8 f2f3 h8h7 g1b1 h7h8 e4d3 f8a3 f3f4 h6h7 b1b7 a3c1 b7d7 c1f4 c6e7 c8b8 d3e2 g6g5 e5e6 g5h4 d4a1 h7h6 e7f5 h6h7 e6e7 f4c7 e2e3 c7a5 f5h4 a5b6 e3d3 b8c8
Warning; Bestmove does not match beginning of last PV - move d4f2 from SF_2400
Info; info depth 11 seldepth 16 multipv 1 score cp 605 nodes 15302 nps 402684 hashfull 4 tbhits 0 time 38 pv d7b7 c8e8 b7b3 h7h6 b3g3 g8h7
Position; fen rnbqkb1r/pp2pp1p/2p2np1/3p4/2PP4/5N2/PP1NPPPP/R1BQKB1R w KQkq - 0 1
Moves; h2h3 e7e6 b2b3 b8d7 c1b2 d8a5 d1c2 f6e4 a2a3 d7f6 g2g3 c8d7 a1d1 c6c5 d4c5 f8c5 e2e3 c5e7 f1g2 d5c4 e1g1 c4b3 d2b3 d7a4 c2e4 a4b3 e4b7 b3d5 d1d5 a5d5 b7a6 a8d8 f3d4 d5d6 a6a4 e8f8 d4c6 d8e8 b2e5 d6c5 f1b1 f8g7 g3g4 e7d6 e5d4 c5a3 a4a3 d6a3 g4g5 e6e5 c6e5 g7g8 e5c4 a3f8 g5f6 a7a6 c4e5 f8d6 e5c6 g8f8 g2d5 h7h5 e3e4 f8g8 e4e5 d6a3 b1b3 a3f8 b3e3 a6a5 e3e1 a5a4 h3h4 a4a3 g1g2 f8d6 e1a1 d6f8 a1e1 f8d6 e1g1 d6f8 g2f3 h8h6 f3e4 a3a2 d5a2 e8c8 a2d5 g8h8 f2f3 h8h7 g1b1 h7h8 e4d3 f8a3 f3f4 h6h7 b1b7 a3c1 b7d7 c1f4 c6e7 c8b8 d3e2 g6g5 e5e6 g5h4 d4a1 h7h6 e7f5 h6h7 e6e7 f4c7 e2e3 c7a5 f5h4 a5b6 e3d3 b8c8 d3e4 b6a5 a1d4 h8g8
Warning; Bestmove does not match beginning of last PV - move f2d4 from SF_2400
Info; info depth 2 seldepth 5 multipv 1 score cp 601 nodes 330 nps 20625 hashfull 20 tbhits 0 time 16 pv d5a2 g8h7
Position; fen rnbqkb1r/pp2pp1p/2p2np1/3p4/2PP4/5N2/PP1NPPPP/R1BQKB1R w KQkq - 0 1
Moves; h2h3 e7e6 b2b3 b8d7 c1b2 d8a5 d1c2 f6e4 a2a3 d7f6 g2g3 c8d7 a1d1 c6c5 d4c5 f8c5 e2e3 c5e7 f1g2 d5c4 e1g1 c4b3 d2b3 d7a4 c2e4 a4b3 e4b7 b3d5 d1d5 a5d5 b7a6 a8d8 f3d4 d5d6 a6a4 e8f8 d4c6 d8e8 b2e5 d6c5 f1b1 f8g7 g3g4 e7d6 e5d4 c5a3 a4a3 d6a3 g4g5 e6e5 c6e5 g7g8 e5c4 a3f8 g5f6 a7a6 c4e5 f8d6 e5c6 g8f8 g2d5 h7h5 e3e4 f8g8 e4e5 d6a3 b1b3 a3f8 b3e3 a6a5 e3e1 a5a4 h3h4 a4a3 g1g2 f8d6 e1a1 d6f8 a1e1 f8d6 e1g1 d6f8 g2f3 h8h6 f3e4 a3a2 d5a2 e8c8 a2d5 g8h8 f2f3 h8h7 g1b1 h7h8 e4d3 f8a3 f3f4 h6h7 b1b7 a3c1 b7d7 c1f4 c6e7 c8b8 d3e2 g6g5 e5e6 g5h4 d4a1 h7h6 e7f5 h6h7 e6e7 f4c7 e2e3 c7a5 f5h4 a5b6 e3d3 b8c8 d3e4 b6a5 a1d4 h8g8 d4f2 h7h6 e4f5 c8e8
Warning; Bestmove does not match beginning of last PV - move d7b7 from SF_2400
Info; info depth 8 seldepth 12 multipv 1 score cp 783 nodes 5856 nps 585600 hashfull 12 tbhits 0 time 10 pv d4a7 h4h3 d5f7 h7f7 a7b8 g8h7 e7e8q f7d7 e8d7 h7g6
Position; fen rnbqkb1r/pp2pp1p/2p2np1/3p4/2PP4/5N2/PP1NPPPP/R1BQKB1R w KQkq - 0 1
Moves; h2h3 e7e6 b2b3 b8d7 c1b2 d8a5 d1c2 f6e4 a2a3 d7f6 g2g3 c8d7 a1d1 c6c5 d4c5 f8c5 e2e3 c5e7 f1g2 d5c4 e1g1 c4b3 d2b3 d7a4 c2e4 a4b3 e4b7 b3d5 d1d5 a5d5 b7a6 a8d8 f3d4 d5d6 a6a4 e8f8 d4c6 d8e8 b2e5 d6c5 f1b1 f8g7 g3g4 e7d6 e5d4 c5a3 a4a3 d6a3 g4g5 e6e5 c6e5 g7g8 e5c4 a3f8 g5f6 a7a6 c4e5 f8d6 e5c6 g8f8 g2d5 h7h5 e3e4 f8g8 e4e5 d6a3 b1b3 a3f8 b3e3 a6a5 e3e1 a5a4 h3h4 a4a3 g1g2 f8d6 e1a1 d6f8 a1e1 f8d6 e1g1 d6f8 g2f3 h8h6 f3e4 a3a2 d5a2 e8c8 a2d5 g8h8 f2f3 h8h7 g1b1 h7h8 e4d3 f8a3 f3f4 h6h7 b1b7 a3c1 b7d7 c1f4 c6e7 c8b8 d3e2 g6g5 e5e6 g5h4 d4a1 h7h6 e7f5 h6h7 e6e7 f4c7 e2e3 c7a5 f5h4 a5b6 e3d3 b8c8 d3e4 b6a5 a1d4 h8g8 d4f2 h7h6 e4f5 c8e8 f2d4 h6h7 f5e4 e8c8 h4f5 h5h4 f5d6 c8b8
Warning; Bestmove does not match beginning of last PV - move d6e8 from SF_2400
Info; info depth 9 seldepth 11 multipv 1 score cp 766 nodes 5461 nps 910166 hashfull 5 tbhits 0 time 6 pv b3h3 h7h5 d6e8 h5d5 e4d5 g8h7 h3h4 h7g6
Position; fen rnbqkb1r/pp2pp1p/2p2np1/3p4/2PP4/5N2/PP1NPPPP/R1BQKB1R w KQkq - 0 1
Moves; h2h3 e7e6 b2b3 b8d7 c1b2 d8a5 d1c2 f6e4 a2a3 d7f6 g2g3 c8d7 a1d1 c6c5 d4c5 f8c5 e2e3 c5e7 f1g2 d5c4 e1g1 c4b3 d2b3 d7a4 c2e4 a4b3 e4b7 b3d5 d1d5 a5d5 b7a6 a8d8 f3d4 d5d6 a6a4 e8f8 d4c6 d8e8 b2e5 d6c5 f1b1 f8g7 g3g4 e7d6 e5d4 c5a3 a4a3 d6a3 g4g5 e6e5 c6e5 g7g8 e5c4 a3f8 g5f6 a7a6 c4e5 f8d6 e5c6 g8f8 g2d5 h7h5 e3e4 f8g8 e4e5 d6a3 b1b3 a3f8 b3e3 a6a5 e3e1 a5a4 h3h4 a4a3 g1g2 f8d6 e1a1 d6f8 a1e1 f8d6 e1g1 d6f8 g2f3 h8h6 f3e4 a3a2 d5a2 e8c8 a2d5 g8h8 f2f3 h8h7 g1b1 h7h8 e4d3 f8a3 f3f4 h6h7 b1b7 a3c1 b7d7 c1f4 c6e7 c8b8 d3e2 g6g5 e5e6 g5h4 d4a1 h7h6 e7f5 h6h7 e6e7 f4c7 e2e3 c7a5 f5h4 a5b6 e3d3 b8c8 d3e4 b6a5 a1d4 h8g8 d4f2 h7h6 e4f5 c8e8 f2d4 h6h7 f5e4 e8c8 h4f5 h5h4 f5d6 c8b8 d7b7 b8a8 b7b3 a8e8
Warning; Bestmove does not match beginning of last PV - move b3h3 from SF_2400
Info; info depth 11 seldepth 16 multipv 1 score cp 794 nodes 7868 nps 1311333 hashfull 9 tbhits 0 time 6 pv e8d6 g8h7 d5f7 a5c7 e7e8q h8e8 d6e8 c7h2
Position; fen rnbqkb1r/pp2pp1p/2p2np1/3p4/2PP4/5N2/PP1NPPPP/R1BQKB1R w KQkq - 0 1
Moves; h2h3 e7e6 b2b3 b8d7 c1b2 d8a5 d1c2 f6e4 a2a3 d7f6 g2g3 c8d7 a1d1 c6c5 d4c5 f8c5 e2e3 c5e7 f1g2 d5c4 e1g1 c4b3 d2b3 d7a4 c2e4 a4b3 e4b7 b3d5 d1d5 a5d5 b7a6 a8d8 f3d4 d5d6 a6a4 e8f8 d4c6 d8e8 b2e5 d6c5 f1b1 f8g7 g3g4 e7d6 e5d4 c5a3 a4a3 d6a3 g4g5 e6e5 c6e5 g7g8 e5c4 a3f8 g5f6 a7a6 c4e5 f8d6 e5c6 g8f8 g2d5 h7h5 e3e4 f8g8 e4e5 d6a3 b1b3 a3f8 b3e3 a6a5 e3e1 a5a4 h3h4 a4a3 g1g2 f8d6 e1a1 d6f8 a1e1 f8d6 e1g1 d6f8 g2f3 h8h6 f3e4 a3a2 d5a2 e8c8 a2d5 g8h8 f2f3 h8h7 g1b1 h7h8 e4d3 f8a3 f3f4 h6h7 b1b7 a3c1 b7d7 c1f4 c6e7 c8b8 d3e2 g6g5 e5e6 g5h4 d4a1 h7h6 e7f5 h6h7 e6e7 f4c7 e2e3 c7a5 f5h4 a5b6 e3d3 b8c8 d3e4 b6a5 a1d4 h8g8 d4f2 h7h6 e4f5 c8e8 f2d4 h6h7 f5e4 e8c8 h4f5 h5h4 f5d6 c8b8 d7b7 b8a8 b7b3 a8e8 d6e8 h7h8
Warning; Bestmove does not match beginning of last PV - move e8e7 from SF_2400
Info; info depth 1 seldepth 4 multipv 1 score cp 1225 nodes 198 nps 198000 hashfull 104 tbhits 0 time 1 pv e8g6 h7h8
Position; fen rnbqkb1r/pp2pp1p/2p2np1/3p4/2PP4/5N2/PP1NPPPP/R1BQKB1R w KQkq - 0 1
Moves; h2h3 e7e6 b2b3 b8d7 c1b2 d8a5 d1c2 f6e4 a2a3 d7f6 g2g3 c8d7 a1d1 c6c5 d4c5 f8c5 e2e3 c5e7 f1g2 d5c4 e1g1 c4b3 d2b3 d7a4 c2e4 a4b3 e4b7 b3d5 d1d5 a5d5 b7a6 a8d8 f3d4 d5d6 a6a4 e8f8 d4c6 d8e8 b2e5 d6c5 f1b1 f8g7 g3g4 e7d6 e5d4 c5a3 a4a3 d6a3 g4g5 e6e5 c6e5 g7g8 e5c4 a3f8 g5f6 a7a6 c4e5 f8d6 e5c6 g8f8 g2d5 h7h5 e3e4 f8g8 e4e5 d6a3 b1b3 a3f8 b3e3 a6a5 e3e1 a5a4 h3h4 a4a3 g1g2 f8d6 e1a1 d6f8 a1e1 f8d6 e1g1 d6f8 g2f3 h8h6 f3e4 a3a2 d5a2 e8c8 a2d5 g8h8 f2f3 h8h7 g1b1 h7h8 e4d3 f8a3 f3f4 h6h7 b1b7 a3c1 b7d7 c1f4 c6e7 c8b8 d3e2 g6g5 e5e6 g5h4 d4a1 h7h6 e7f5 h6h7 e6e7 f4c7 e2e3 c7a5 f5h4 a5b6 e3d3 b8c8 d3e4 b6a5 a1d4 h8g8 d4f2 h7h6 e4f5 c8e8 f2d4 h6h7 f5e4 e8c8 h4f5 h5h4 f5d6 c8b8 d7b7 b8a8 b7b3 a8e8 d6e8 h7h8 b3h3 a5e1 e8d6 g8h7 e4f5 e1g3 d5f7 h8g8 f7g8 h7g8 e7e8q g8h7
Warning; Bestmove does not match beginning of last PV - move g7g5 from SF_2400
Info; info depth 1 seldepth 3 multipv 1 score mate 1 nodes 165 nps 165000 hashfull 79 tbhits 0 time 1 pv g7h8
Position; fen rnbqkb1r/pp2pp1p/2p2np1/3p4/2PP4/5N2/PP1NPPPP/R1BQKB1R w KQkq - 0 1
Moves; h2h3 e7e6 b2b3 b8d7 c1b2 d8a5 d1c2 f6e4 a2a3 d7f6 g2g3 c8d7 a1d1 c6c5 d4c5 f8c5 e2e3 c5e7 f1g2 d5c4 e1g1 c4b3 d2b3 d7a4 c2e4 a4b3 e4b7 b3d5 d1d5 a5d5 b7a6 a8d8 f3d4 d5d6 a6a4 e8f8 d4c6 d8e8 b2e5 d6c5 f1b1 f8g7 g3g4 e7d6 e5d4 c5a3 a4a3 d6a3 g4g5 e6e5 c6e5 g7g8 e5c4 a3f8 g5f6 a7a6 c4e5 f8d6 e5c6 g8f8 g2d5 h7h5 e3e4 f8g8 e4e5 d6a3 b1b3 a3f8 b3e3 a6a5 e3e1 a5a4 h3h4 a4a3 g1g2 f8d6 e1a1 d6f8 a1e1 f8d6 e1g1 d6f8 g2f3 h8h6 f3e4 a3a2 d5a2 e8c8 a2d5 g8h8 f2f3 h8h7 g1b1 h7h8 e4d3 f8a3 f3f4 h6h7 b1b7 a3c1 b7d7 c1f4 c6e7 c8b8 d3e2 g6g5 e5e6 g5h4 d4a1 h7h6 e7f5 h6h7 e6e7 f4c7 e2e3 c7a5 f5h4 a5b6 e3d3 b8c8 d3e4 b6a5 a1d4 h8g8 d4f2 h7h6 e4f5 c8e8 f2d4 h6h7 f5e4 e8c8 h4f5 h5h4 f5d6 c8b8 d7b7 b8a8 b7b3 a8e8 d6e8 h7h8 b3h3 a5e1 e8d6 g8h7 e4f5 e1g3 d5f7 h8g8 f7g8 h7g8 e7e8q g8h7 e8e7 h7h6 e7g7 h6h5
Finished game 10 (SF_2400 vs HiveChess): 1-0 {White mates}
--------------------------------------------------
Rank Name                             Elo        +/-       nElo        +/-      Games      Score       Draw           Ptnml(0-2)
   1 HiveChess                     147.19     211.18     200.59     215.34         10      70.0%      60.0%      [0, 0, 3, 0, 2]
   2 SF_2000                        -0.00       0.00        nan        nan          2      50.0%     100.0%      [0, 0, 1, 0, 0]
   3 SF_2300                        -0.00       0.00        nan        nan          2      50.0%     100.0%      [0, 0, 1, 0, 0]
   4 SF_2400                        -0.00       0.00        nan        nan          2      50.0%     100.0%      [0, 0, 1, 0, 0]
   5 SF_2100                         -inf        nan       -inf        nan          2       0.0%       0.0%      [1, 0, 0, 0, 0]
   6 SF_2200                         -inf        nan       -inf        nan          2       0.0%       0.0%      [1, 0, 0, 0, 0]
--------------------------------------------------
Finished match
Total Time: 00:04:09 (hours:minutes:seconds)

Computing ELO...
elo: 2369.5
games_played: 10
score_pct: 0.700
total_wins: 7
total_draws: 0
total_losses: 3
ci_95: 250.1

Per-opponent breakdown:
  vs SF_2000 (2000): +1 =0 -1 [0.500]
  vs SF_2100 (2100): +2 =0 -0 [1.000]
  vs SF_2200 (2200): +2 =0 -0 [1.000]
  vs SF_2300 (2300): +1 =0 -1 [0.500]
  vs SF_2400 (2400): +1 =0 -1 [0.500]
---
elo:              2369.5
games_played:     10
score_pct:        0.700
wins:             7
draws:            0
losses:           3
binary_bytes:     1426544
line_count:       2567
compile_secs:     0
valid:            true
