Verifying tool integrity...
Tool integrity verified.
Compiling engine...
Compiled in 0s.
Running gauntlet tournament...
Gauntlet: 5 SF levels (2000-2400) x 2 games (engine 500ms, SF 100ms)...
Running: tools/fastchess -engine cmd=engine/target/release/hive-chess proto=uci name=HiveChess tc=40/20 -engine cmd=tools/stockfish proto=uci name=SF_2000 tc=40/4 option.UCI_LimitStrength=true option.UCI_Elo=2000 option.Threads=1 option.Hash=16 -engine cmd=tools/stockfish proto=uci name=SF_2100 tc=40/4 option.UCI_LimitStrength=true option.UCI_Elo=2100 option.Threads=1 option.Hash=16 -engine cmd=tools/stockfish proto=uci name=SF_2200 tc=40/4 option.UCI_LimitStrength=true option.UCI_Elo=2200 option.Threads=1 option.Hash=16 -engine cmd=tools/stockfish proto=uci name=SF_2300 tc=40/4 option.UCI_LimitStrength=true option.UCI_Elo=2300 option.Threads=1 option.Hash=16 -engine cmd=tools/stockfish proto=uci name=SF_2400 tc=40/4 option.UCI_LimitStrength=true option.UCI_Elo=2400 option.Threads=1 option.Hash=16 -tournament gauntlet -rounds 1 -games 2 -repeat -pgnout file=eval/games.pgn -recover -wait 50 -openings file=data/openings.epd format=epd order=random
Indexing opening suite...
Started game 1 of 10 (HiveChess vs SF_2000)
Warning; Bestmove does not match beginning of last PV - move d7d6 from SF_2000
Info; info depth 11 seldepth 18 multipv 1 score cp -20 nodes 101319 nps 460540 hashfull 33 tbhits 0 time 220 pv g8f6 b1c3 f8b4 c3d5 f6e4 e1g1
Position; fen r1bqkbnr/pppp1ppp/2n5/4p3/2B1P3/5N2/PPPP1PPP/RNBQK2R b KQkq - 0 1
Moves; 
Warning; Bestmove does not match beginning of last PV - move c8e6 from SF_2000
Info; info depth 12 seldepth 13 multipv 1 score cp -50 nodes 62155 nps 437711 hashfull 18 tbhits 0 time 142 pv f8e7 d2d4 e5d4 f3d4 g8f6 h2h3 e8g8 d4e2 f8e8 e1g1 c8d7
Position; fen r1bqkbnr/pppp1ppp/2n5/4p3/2B1P3/5N2/PPPP1PPP/RNBQK2R b KQkq - 0 1
Moves; d7d6 b1c3
Warning; Bestmove does not match beginning of last PV - move g8f6 from SF_2000
Info; info depth 13 seldepth 20 multipv 1 score cp -58 nodes 129191 nps 410130 hashfull 44 tbhits 0 time 315 pv d8d7 d4d5 e6d5 e4d5 c6e7 d1d3 g8f6 e1g1 h7h6 f3d2 a7a6 f2f4 e8c8
Position; fen r1bqkbnr/pppp1ppp/2n5/4p3/2B1P3/5N2/PPPP1PPP/RNBQK2R b KQkq - 0 1
Moves; d7d6 b1c3 c8e6 c4e6 f7e6 d2d4
Warning; Bestmove does not match beginning of last PV - move d8d7 from SF_2000
Info; info depth 11 seldepth 18 multipv 1 score cp -31 nodes 44177 nps 496370 hashfull 14 tbhits 0 time 89 pv e5d4 f3d4 d8d7 c1g5 f8e7 d4c6 d7c6 d1d3 e8g8 d3h3 c6d7 a1d1
Position; fen r1bqkbnr/pppp1ppp/2n5/4p3/2B1P3/5N2/PPPP1PPP/RNBQK2R b KQkq - 0 1
Moves; d7d6 b1c3 c8e6 c4e6 f7e6 d2d4 g8f6 e1g1
Warning; Bestmove does not match beginning of last PV - move c6d8 from SF_2000
Info; info depth 12 seldepth 22 multipv 1 score cp -66 nodes 139317 nps 423455 hashfull 50 tbhits 0 time 329 pv e6d5 e4d5 c6e7 f3g5 c7c6 d5c6 d7c6 f1e1 h7h6 c3e4 e7d5 e4f6 d5f6 g5e4 f6e4
Position; fen r1bqkbnr/pppp1ppp/2n5/4p3/2B1P3/5N2/PPPP1PPP/RNBQK2R b KQkq - 0 1
Moves; d7d6 b1c3 c8e6 c4e6 f7e6 d2d4 g8f6 e1g1 d8d7 d4d5
Warning; Bestmove does not match beginning of last PV - move a8c8 from SF_2000
Info; info depth 11 seldepth 19 multipv 1 score cp -76 nodes 48242 nps 472960 hashfull 17 tbhits 0 time 102 pv e8g8 g5f6 e7f6 a2a4 a7a5 a1a3 e6d5 e4d5 b7b6 f3d2 d8b7 c3b5 b7c5
Position; fen r1bqkbnr/pppp1ppp/2n5/4p3/2B1P3/5N2/PPPP1PPP/RNBQK2R b KQkq - 0 1
Moves; d7d6 b1c3 c8e6 c4e6 f7e6 d2d4 g8f6 e1g1 d8d7 d4d5 c6d8 c1g5 f8e7 d1e2
Warning; Bestmove does not match beginning of last PV - move f6h5 from SF_2000
Info; info depth 11 seldepth 20 multipv 1 score cp -29 nodes 55815 nps 446520 hashfull 17 tbhits 0 time 125 pv c7c6 g5f6 g7f6 f3d2 c6d5 e4d5 f6f5 f2f4 e5e4
Position; fen r1bqkbnr/pppp1ppp/2n5/4p3/2B1P3/5N2/PPPP1PPP/RNBQK2R b KQkq - 0 1
Moves; d7d6 b1c3 c8e6 c4e6 f7e6 d2d4 g8f6 e1g1 d8d7 d4d5 c6d8 c1g5 f8e7 d1e2 a8c8 h2h3 e8g8 a2a3
Warning; Bestmove does not match beginning of last PV - move e7f6 from SF_2000
Info; info depth 14 seldepth 20 multipv 1 score cp -169 nodes 56068 nps 448544 hashfull 25 tbhits 0 time 125 pv h7h5 g4d1 e7h4 d3f4 f8f4 d1e2 d8f7 d5e6 f7g5 e6e7
Position; fen r1bqkbnr/pppp1ppp/2n5/4p3/2B1P3/5N2/PPPP1PPP/RNBQK2R b KQkq - 0 1
Moves; d7d6 b1c3 c8e6 c4e6 f7e6 d2d4 g8f6 e1g1 d8d7 d4d5 c6d8 c1g5 f8e7 d1e2 a8c8 h2h3 e8g8 a2a3 f6h5 f3e5 d7e8 g5e7 h5f4 e2g4 e8e7 e5d3
Warning; Bestmove does not match beginning of last PV - move f6g6 from SF_2000
Info; info depth 10 seldepth 14 multipv 1 score cp -203 nodes 23626 nps 492208 hashfull 11 tbhits 0 time 48 pv f6h6 f1e1 c7c6 e1e3 f4d3 c2d3 f8f4 g4e2 e6e5
Position; fen r1bqkbnr/pppp1ppp/2n5/4p3/2B1P3/5N2/PPPP1PPP/RNBQK2R b KQkq - 0 1
Moves; d7d6 b1c3 c8e6 c4e6 f7e6 d2d4 g8f6 e1g1 d8d7 d4d5 c6d8 c1g5 f8e7 d1e2 a8c8 h2h3 e8g8 a2a3 f6h5 f3e5 d7e8 g5e7 h5f4 e2g4 e8e7 e5d3 e7f6 a1d1
Warning; Bestmove does not match beginning of last PV - move f4d3 from SF_2000
Info; info depth 15 seldepth 19 multipv 1 score cp -207 nodes 97446 nps 510188 hashfull 33 tbhits 0 time 191 pv f4g6 d1d2 h7h6 f2f3 e6e5 c3d1 d8f7 a3a4
Position; fen r1bqkbnr/pppp1ppp/2n5/4p3/2B1P3/5N2/PPPP1PPP/RNBQK2R b KQkq - 0 1
Moves; d7d6 b1c3 c8e6 c4e6 f7e6 d2d4 g8f6 e1g1 d8d7 d4d5 c6d8 c1g5 f8e7 d1e2 a8c8 h2h3 e8g8 a2a3 f6h5 f3e5 d7e8 g5e7 h5f4 e2g4 e8e7 e5d3 e7f6 a1d1 f6g6 g1h2 g6g4 h3g4
Warning; Bestmove does not match beginning of last PV - move c7c6 from SF_2000
Info; info depth 13 seldepth 18 multipv 1 score cp -213 nodes 72594 nps 541746 hashfull 27 tbhits 0 time 134 pv e6e5 d3d4 f8f6 f2f3 d8f7 d4e5 d6e5 d1d3 f6b6
Position; fen r1bqkbnr/pppp1ppp/2n5/4p3/2B1P3/5N2/PPPP1PPP/RNBQK2R b KQkq - 0 1
Moves; d7d6 b1c3 c8e6 c4e6 f7e6 d2d4 g8f6 e1g1 d8d7 d4d5 c6d8 c1g5 f8e7 d1e2 a8c8 h2h3 e8g8 a2a3 f6h5 f3e5 d7e8 g5e7 h5f4 e2g4 e8e7 e5d3 e7f6 a1d1 f6g6 g1h2 g6g4 h3g4 f4d3 c2d3
Warning; Bestmove does not match beginning of last PV - move f8d8 from SF_2000
Info; info depth 9 seldepth 14 multipv 1 score cp -240 nodes 11777 nps 692764 hashfull 2 tbhits 0 time 17 pv c6c5 d4c5 d6c5 f2f3 f8d8 c3d5 g8f8 f3f4 h7h6 f4f5 e6d4
Position; fen r1bqkbnr/pppp1ppp/2n5/4p3/2B1P3/5N2/PPPP1PPP/RNBQK2R b KQkq - 0 1
Moves; d7d6 b1c3 c8e6 c4e6 f7e6 d2d4 g8f6 e1g1 d8d7 d4d5 c6d8 c1g5 f8e7 d1e2 a8c8 h2h3 e8g8 a2a3 f6h5 f3e5 d7e8 g5e7 h5f4 e2g4 e8e7 e5d3 e7f6 a1d1 f6g6 g1h2 g6g4 h3g4 f4d3 c2d3 c7c6 d5e6 d8e6 d3d4
Warning; Bestmove does not match beginning of last PV - move g7g5 from SF_2000
Info; info depth 10 seldepth 12 multipv 1 score cp -233 nodes 15750 nps 508064 hashfull 7 tbhits 0 time 31 pv d6d5 e4d5 c6d5 f1e1 d8d6 f2f3 c8c4 c3d5 c4d4 d1d4 e6d4
Position; fen r1bqkbnr/pppp1ppp/2n5/4p3/2B1P3/5N2/PPPP1PPP/RNBQK2R b KQkq - 0 1
Moves; d7d6 b1c3 c8e6 c4e6 f7e6 d2d4 g8f6 e1g1 d8d7 d4d5 c6d8 c1g5 f8e7 d1e2 a8c8 h2h3 e8g8 a2a3 f6h5 f3e5 d7e8 g5e7 h5f4 e2g4 e8e7 e5d3 e7f6 a1d1 f6g6 g1h2 g6g4 h3g4 f4d3 c2d3 c7c6 d5e6 d8e6 d3d4 f8d8 h2g3
Warning; Bestmove does not match beginning of last PV - move h7h6 from SF_2000
Info; info depth 12 seldepth 17 multipv 1 score cp -208 nodes 19925 nps 538513 hashfull 5 tbhits 0 time 37 pv c6c5 c3d5 c5d4 d5e7 g8g7 e7c8 d8c8 d1d2
Position; fen r1bqkbnr/pppp1ppp/2n5/4p3/2B1P3/5N2/PPPP1PPP/RNBQK2R b KQkq - 0 1
Moves; d7d6 b1c3 c8e6 c4e6 f7e6 d2d4 g8f6 e1g1 d8d7 d4d5 c6d8 c1g5 f8e7 d1e2 a8c8 h2h3 e8g8 a2a3 f6h5 f3e5 d7e8 g5e7 h5f4 e2g4 e8e7 e5d3 e7f6 a1d1 f6g6 g1h2 g6g4 h3g4 f4d3 c2d3 c7c6 d5e6 d8e6 d3d4 f8d8 h2g3 g7g5 f1e1
Warning; Bestmove does not match beginning of last PV - move g8g7 from SF_2000
Info; info depth 10 seldepth 16 multipv 1 score cp -199 nodes 8788 nps 627714 hashfull 2 tbhits 0 time 14 pv g8f7 g2g3 c6c5 d4c5 d6c5 h2g2 d8d1 e1d1 c8d8 d1d8 e6d8 f2f4 d8c6 c3d5
Position; fen r1bqkbnr/pppp1ppp/2n5/4p3/2B1P3/5N2/PPPP1PPP/RNBQK2R b KQkq - 0 1
Moves; d7d6 b1c3 c8e6 c4e6 f7e6 d2d4 g8f6 e1g1 d8d7 d4d5 c6d8 c1g5 f8e7 d1e2 a8c8 h2h3 e8g8 a2a3 f6h5 f3e5 d7e8 g5e7 h5f4 e2g4 e8e7 e5d3 e7f6 a1d1 f6g6 g1h2 g6g4 h3g4 f4d3 c2d3 c7c6 d5e6 d8e6 d3d4 f8d8 h2g3 g7g5 f1e1 h7h6 g3h2
Warning; Bestmove does not match beginning of last PV - move e6c5 from SF_2000
Info; info depth 10 seldepth 10 multipv 1 score cp -179 nodes 6551 nps 655100 hashfull 2 tbhits 0 time 10 pv e6f4 d1d2 c6d5 c3d5 f4d5 d2d5
Position; fen r1bqkbnr/pppp1ppp/2n5/4p3/2B1P3/5N2/PPPP1PPP/RNBQK2R b KQkq - 0 1
Moves; d7d6 b1c3 c8e6 c4e6 f7e6 d2d4 g8f6 e1g1 d8d7 d4d5 c6d8 c1g5 f8e7 d1e2 a8c8 h2h3 e8g8 a2a3 f6h5 f3e5 d7e8 g5e7 h5f4 e2g4 e8e7 e5d3 e7f6 a1d1 f6g6 g1h2 g6g4 h3g4 f4d3 c2d3 c7c6 d5e6 d8e6 d3d4 f8d8 h2g3 g7g5 f1e1 h7h6 g3h2 g8g7 d4d5
Warning; Bestmove does not match beginning of last PV - move a7a6 from SF_2000
Info; info depth 13 seldepth 13 multipv 1 score cp -233 nodes 32363 nps 513698 hashfull 10 tbhits 0 time 63 pv c5b3 f2f3 b3a5 c3e2 c6c5 g3f2 a5c4 e2g3 c4b2 g3f5 g7f6
Position; fen r1bqkbnr/pppp1ppp/2n5/4p3/2B1P3/5N2/PPPP1PPP/RNBQK2R b KQkq - 0 1
Moves; d7d6 b1c3 c8e6 c4e6 f7e6 d2d4 g8f6 e1g1 d8d7 d4d5 c6d8 c1g5 f8e7 d1e2 a8c8 h2h3 e8g8 a2a3 f6h5 f3e5 d7e8 g5e7 h5f4 e2g4 e8e7 e5d3 e7f6 a1d1 f6g6 g1h2 g6g4 h3g4 f4d3 c2d3 c7c6 d5e6 d8e6 d3d4 f8d8 h2g3 g7g5 f1e1 h7h6 g3h2 g8g7 d4d5 e6c5 h2g3
Warning; Bestmove does not match beginning of last PV - move g7f7 from SF_2000
Info; info depth 13 seldepth 20 multipv 1 score cp -239 nodes 32137 nps 535616 hashfull 11 tbhits 0 time 60 pv c5b3 f2f3 g7f7 g3f2 b3a5 e2c2 b7b5 d5c6 c8c6 c2e2
Position; fen r1bqkbnr/pppp1ppp/2n5/4p3/2B1P3/5N2/PPPP1PPP/RNBQK2R b KQkq - 0 1
Moves; d7d6 b1c3 c8e6 c4e6 f7e6 d2d4 g8f6 e1g1 d8d7 d4d5 c6d8 c1g5 f8e7 d1e2 a8c8 h2h3 e8g8 a2a3 f6h5 f3e5 d7e8 g5e7 h5f4 e2g4 e8e7 e5d3 e7f6 a1d1 f6g6 g1h2 g6g4 h3g4 f4d3 c2d3 c7c6 d5e6 d8e6 d3d4 f8d8 h2g3 g7g5 f1e1 h7h6 g3h2 g8g7 d4d5 e6c5 h2g3 a7a6 e1e2
Warning; Bestmove does not match beginning of last PV - move c5b3 from SF_2000
Info; info depth 11 seldepth 21 multipv 1 score cp -253 nodes 27019 nps 675475 hashfull 5 tbhits 0 time 40 pv c5d7 d5c6 d7b6 c3d5 b6d5 e4d5 b7c6 d5c6 c8c6 f2f3 c6c3 a3a4
Position; fen r1bqkbnr/pppp1ppp/2n5/4p3/2B1P3/5N2/PPPP1PPP/RNBQK2R b KQkq - 0 1
Moves; d7d6 b1c3 c8e6 c4e6 f7e6 d2d4 g8f6 e1g1 d8d7 d4d5 c6d8 c1g5 f8e7 d1e2 a8c8 h2h3 e8g8 a2a3 f6h5 f3e5 d7e8 g5e7 h5f4 e2g4 e8e7 e5d3 e7f6 a1d1 f6g6 g1h2 g6g4 h3g4 f4d3 c2d3 c7c6 d5e6 d8e6 d3d4 f8d8 h2g3 g7g5 f1e1 h7h6 g3h2 g8g7 d4d5 e6c5 h2g3 a7a6 e1e2 g7f7 b2b4
Warning; Bestmove does not match beginning of last PV - move b3a1 from SF_2000
Info; info depth 12 seldepth 15 multipv 1 score cp -396 nodes 19740 nps 858260 hashfull 6 tbhits 0 time 23 pv b3d4 d1d4 c6d5 c3d5
Position; fen r1bqkbnr/pppp1ppp/2n5/4p3/2B1P3/5N2/PPPP1PPP/RNBQK2R b KQkq - 0 1
Moves; d7d6 b1c3 c8e6 c4e6 f7e6 d2d4 g8f6 e1g1 d8d7 d4d5 c6d8 c1g5 f8e7 d1e2 a8c8 h2h3 e8g8 a2a3 f6h5 f3e5 d7e8 g5e7 h5f4 e2g4 e8e7 e5d3 e7f6 a1d1 f6g6 g1h2 g6g4 h3g4 f4d3 c2d3 c7c6 d5e6 d8e6 d3d4 f8d8 h2g3 g7g5 f1e1 h7h6 g3h2 g8g7 d4d5 e6c5 h2g3 a7a6 e1e2 g7f7 b2b4 c5b3 e2b2
Warning; Bestmove does not match beginning of last PV - move c6d5 from SF_2000
Info; info depth 13 seldepth 14 multipv 1 score cp -473 nodes 46179 nps 905470 hashfull 16 tbhits 0 time 51 pv b7b5 f2f3 c6c5 e4e5 c5b4 e5e6 f7e7 c3e4 b4a3 a1a3
Position; fen r1bqkbnr/pppp1ppp/2n5/4p3/2B1P3/5N2/PPPP1PPP/RNBQK2R b KQkq - 0 1
Moves; d7d6 b1c3 c8e6 c4e6 f7e6 d2d4 g8f6 e1g1 d8d7 d4d5 c6d8 c1g5 f8e7 d1e2 a8c8 h2h3 e8g8 a2a3 f6h5 f3e5 d7e8 g5e7 h5f4 e2g4 e8e7 e5d3 e7f6 a1d1 f6g6 g1h2 g6g4 h3g4 f4d3 c2d3 c7c6 d5e6 d8e6 d3d4 f8d8 h2g3 g7g5 f1e1 h7h6 g3h2 g8g7 d4d5 e6c5 h2g3 a7a6 e1e2 g7f7 b2b4 c5b3 e2b2 b3a1 d1a1
Warning; Bestmove does not match beginning of last PV - move d8g8 from SF_2000
Info; info depth 13 seldepth 17 multipv 1 score cp -535 nodes 58081 nps 1210020 hashfull 21 tbhits 0 time 48 pv b7b6 a1h1 d8h8 f2f3 f7e6 d5e3 c8c3
Position; fen r1bqkbnr/pppp1ppp/2n5/4p3/2B1P3/5N2/PPPP1PPP/RNBQK2R b KQkq - 0 1
Moves; d7d6 b1c3 c8e6 c4e6 f7e6 d2d4 g8f6 e1g1 d8d7 d4d5 c6d8 c1g5 f8e7 d1e2 a8c8 h2h3 e8g8 a2a3 f6h5 f3e5 d7e8 g5e7 h5f4 e2g4 e8e7 e5d3 e7f6 a1d1 f6g6 g1h2 g6g4 h3g4 f4d3 c2d3 c7c6 d5e6 d8e6 d3d4 f8d8 h2g3 g7g5 f1e1 h7h6 g3h2 g8g7 d4d5 e6c5 h2g3 a7a6 e1e2 g7f7 b2b4 c5b3 e2b2 b3a1 d1a1 c6d5 c3d5
Warning; Bestmove does not match beginning of last PV - move c8c4 from SF_2000
Info; info depth 13 seldepth 19 multipv 1 score cp -526 nodes 43887 nps 975266 hashfull 12 tbhits 0 time 45 pv a6a5 f2f3 a5a4 a1d1 f7e6
Position; fen r1bqkbnr/pppp1ppp/2n5/4p3/2B1P3/5N2/PPPP1PPP/RNBQK2R b KQkq - 0 1
Moves; d7d6 b1c3 c8e6 c4e6 f7e6 d2d4 g8f6 e1g1 d8d7 d4d5 c6d8 c1g5 f8e7 d1e2 a8c8 h2h3 e8g8 a2a3 f6h5 f3e5 d7e8 g5e7 h5f4 e2g4 e8e7 e5d3 e7f6 a1d1 f6g6 g1h2 g6g4 h3g4 f4d3 c2d3 c7c6 d5e6 d8e6 d3d4 f8d8 h2g3 g7g5 f1e1 h7h6 g3h2 g8g7 d4d5 e6c5 h2g3 a7a6 e1e2 g7f7 b2b4 c5b3 e2b2 b3a1 d1a1 c6d5 c3d5 d8g8 b4b5
Warning; Bestmove does not match beginning of last PV - move b7b5 from SF_2000
Info; info depth 13 seldepth 15 multipv 1 score cp -571 nodes 48278 nps 1149476 hashfull 16 tbhits 0 time 42 pv c4e4 a1d1 f7e6 a6b7 g8b8 d5e3 e6d7
Position; fen r1bqkbnr/pppp1ppp/2n5/4p3/2B1P3/5N2/PPPP1PPP/RNBQK2R b KQkq - 0 1
Moves; d7d6 b1c3 c8e6 c4e6 f7e6 d2d4 g8f6 e1g1 d8d7 d4d5 c6d8 c1g5 f8e7 d1e2 a8c8 h2h3 e8g8 a2a3 f6h5 f3e5 d7e8 g5e7 h5f4 e2g4 e8e7 e5d3 e7f6 a1d1 f6g6 g1h2 g6g4 h3g4 f4d3 c2d3 c7c6 d5e6 d8e6 d3d4 f8d8 h2g3 g7g5 f1e1 h7h6 g3h2 g8g7 d4d5 e6c5 h2g3 a7a6 e1e2 g7f7 b2b4 c5b3 e2b2 b3a1 d1a1 c6d5 c3d5 d8g8 b4b5 c8c4 b5a6
Warning; Bestmove does not match beginning of last PV - move f7e6 from SF_2000
Info; info depth 12 seldepth 16 multipv 1 score cp -530 nodes 22683 nps 1260166 hashfull 29 tbhits 0 time 18 pv c4c6 a3a4 c6b6 a4b5 g8b8 f2f3 f7e6 a1a5
Position; fen r1bqkbnr/pppp1ppp/2n5/4p3/2B1P3/5N2/PPPP1PPP/RNBQK2R b KQkq - 0 1
Moves; d7d6 b1c3 c8e6 c4e6 f7e6 d2d4 g8f6 e1g1 d8d7 d4d5 c6d8 c1g5 f8e7 d1e2 a8c8 h2h3 e8g8 a2a3 f6h5 f3e5 d7e8 g5e7 h5f4 e2g4 e8e7 e5d3 e7f6 a1d1 f6g6 g1h2 g6g4 h3g4 f4d3 c2d3 c7c6 d5e6 d8e6 d3d4 f8d8 h2g3 g7g5 f1e1 h7h6 g3h2 g8g7 d4d5 e6c5 h2g3 a7a6 e1e2 g7f7 b2b4 c5b3 e2b2 b3a1 d1a1 c6d5 c3d5 d8g8 b4b5 c8c4 b5a6 b7b5 d5b6
Warning; Bestmove does not match beginning of last PV - move c4c5 from SF_2000
Info; info depth 14 seldepth 21 multipv 1 score cp -674 nodes 67445 nps 1605833 hashfull 42 tbhits 0 time 42 pv c4d4 a7a8q g8a8 b6a8 e6d7 f2f3 d7c6 a1c1 d4c4 c1c4 b5c4 b2b6 c6c5 b6b7
Position; fen r1bqkbnr/pppp1ppp/2n5/4p3/2B1P3/5N2/PPPP1PPP/RNBQK2R b KQkq - 0 1
Moves; d7d6 b1c3 c8e6 c4e6 f7e6 d2d4 g8f6 e1g1 d8d7 d4d5 c6d8 c1g5 f8e7 d1e2 a8c8 h2h3 e8g8 a2a3 f6h5 f3e5 d7e8 g5e7 h5f4 e2g4 e8e7 e5d3 e7f6 a1d1 f6g6 g1h2 g6g4 h3g4 f4d3 c2d3 c7c6 d5e6 d8e6 d3d4 f8d8 h2g3 g7g5 f1e1 h7h6 g3h2 g8g7 d4d5 e6c5 h2g3 a7a6 e1e2 g7f7 b2b4 c5b3 e2b2 b3a1 d1a1 c6d5 c3d5 d8g8 b4b5 c8c4 b5a6 b7b5 d5b6 f7e6 a6a7
Warning; Bestmove does not match beginning of last PV - move h6h5 from SF_2000
Info; info depth 13 seldepth 17 multipv 1 score cp -707 nodes 63511 nps 1764194 hashfull 50 tbhits 0 time 36 pv d6d5 e4d5 e6d6 f2f3 c5d5 a1c1 d5d3 g3h2 d3a3
Position; fen r1bqkbnr/pppp1ppp/2n5/4p3/2B1P3/5N2/PPPP1PPP/RNBQK2R b KQkq - 0 1
Moves; d7d6 b1c3 c8e6 c4e6 f7e6 d2d4 g8f6 e1g1 d8d7 d4d5 c6d8 c1g5 f8e7 d1e2 a8c8 h2h3 e8g8 a2a3 f6h5 f3e5 d7e8 g5e7 h5f4 e2g4 e8e7 e5d3 e7f6 a1d1 f6g6 g1h2 g6g4 h3g4 f4d3 c2d3 c7c6 d5e6 d8e6 d3d4 f8d8 h2g3 g7g5 f1e1 h7h6 g3h2 g8g7 d4d5 e6c5 h2g3 a7a6 e1e2 g7f7 b2b4 c5b3 e2b2 b3a1 d1a1 c6d5 c3d5 d8g8 b4b5 c8c4 b5a6 b7b5 d5b6 f7e6 a6a7 c4c5 a7a8q g8a8 b6a8
Warning; Bestmove does not match beginning of last PV - move c5c4 from SF_2000
Info; info depth 13 seldepth 18 multipv 1 score cp -715 nodes 62993 nps 1852735 hashfull 30 tbhits 0 time 34 pv d6d5 e4d5 e6d5 b2d2 d5e6 a1e1 e6f5 a8b6 c5c3 g3h2 c3a3 b6d5 a3a4 h2g1 a4e4 e1e4
Position; fen r1bqkbnr/pppp1ppp/2n5/4p3/2B1P3/5N2/PPPP1PPP/RNBQK2R b KQkq - 0 1
Moves; d7d6 b1c3 c8e6 c4e6 f7e6 d2d4 g8f6 e1g1 d8d7 d4d5 c6d8 c1g5 f8e7 d1e2 a8c8 h2h3 e8g8 a2a3 f6h5 f3e5 d7e8 g5e7 h5f4 e2g4 e8e7 e5d3 e7f6 a1d1 f6g6 g1h2 g6g4 h3g4 f4d3 c2d3 c7c6 d5e6 d8e6 d3d4 f8d8 h2g3 g7g5 f1e1 h7h6 g3h2 g8g7 d4d5 e6c5 h2g3 a7a6 e1e2 g7f7 b2b4 c5b3 e2b2 b3a1 d1a1 c6d5 c3d5 d8g8 b4b5 c8c4 b5a6 b7b5 d5b6 f7e6 a6a7 c4c5 a7a8q g8a8 b6a8 h6h5 g4h5
Warning; Bestmove does not match beginning of last PV - move f6e6 from SF_2000
Info; info depth 13 seldepth 14 multipv 1 score cp -740 nodes 48605 nps 1800185 hashfull 24 tbhits 0 time 27 pv e4a4 a8b6 a4a6 d5d6 f6f7 d6d5 a6b6 f2f3
Position; fen r1bqkbnr/pppp1ppp/2n5/4p3/2B1P3/5N2/PPPP1PPP/RNBQK2R b KQkq - 0 1
Moves; d7d6 b1c3 c8e6 c4e6 f7e6 d2d4 g8f6 e1g1 d8d7 d4d5 c6d8 c1g5 f8e7 d1e2 a8c8 h2h3 e8g8 a2a3 f6h5 f3e5 d7e8 g5e7 h5f4 e2g4 e8e7 e5d3 e7f6 a1d1 f6g6 g1h2 g6g4 h3g4 f4d3 c2d3 c7c6 d5e6 d8e6 d3d4 f8d8 h2g3 g7g5 f1e1 h7h6 g3h2 g8g7 d4d5 e6c5 h2g3 a7a6 e1e2 g7f7 b2b4 c5b3 e2b2 b3a1 d1a1 c6d5 c3d5 d8g8 b4b5 c8c4 b5a6 b7b5 d5b6 f7e6 a6a7 c4c5 a7a8q g8a8 b6a8 h6h5 g4h5 c5c4 b2b5 c4e4 b5g5 e6f6 g5d5
Warning; Bestmove does not match beginning of last PV - move e4e5 from SF_2000
Info; info depth 18 seldepth 31 multipv 1 score cp -803 nodes 1645163 nps 1944637 hashfull 441 tbhits 0 time 846 pv e4c4 f2f3 c4c3 g3h3 c3a3 d5d6 e6f7 a8b6 a3a5 d1d5 a5d5 b6d5
Position; fen r1bqkbnr/pppp1ppp/2n5/4p3/2B1P3/5N2/PPPP1PPP/RNBQK2R b KQkq - 0 1
Moves; d7d6 b1c3 c8e6 c4e6 f7e6 d2d4 g8f6 e1g1 d8d7 d4d5 c6d8 c1g5 f8e7 d1e2 a8c8 h2h3 e8g8 a2a3 f6h5 f3e5 d7e8 g5e7 h5f4 e2g4 e8e7 e5d3 e7f6 a1d1 f6g6 g1h2 g6g4 h3g4 f4d3 c2d3 c7c6 d5e6 d8e6 d3d4 f8d8 h2g3 g7g5 f1e1 h7h6 g3h2 g8g7 d4d5 e6c5 h2g3 a7a6 e1e2 g7f7 b2b4 c5b3 e2b2 b3a1 d1a1 c6d5 c3d5 d8g8 b4b5 c8c4 b5a6 b7b5 d5b6 f7e6 a6a7 c4c5 a7a8q g8a8 b6a8 h6h5 g4h5 c5c4 b2b5 c4e4 b5g5 e6f6 g5d5 f6e6 a1d1
Warning; Bestmove does not match beginning of last PV - move e6d7 from SF_2000
Info; info depth 30 seldepth 27 multipv 1 score mate -13 nodes 370085 nps 2202886 hashfull 76 tbhits 0 time 168 pv e6e5 a8c7 e5e4 d1d6 e4e5 d6d1 e5e4 g3g4 e4e5 f2f3 e5f6 d1d5 f6f7 g4f5 f7e7 g2g4 e7f7 g4g5 f7g7 d5d7 g7g8 c7e6 g8h8 g5g6 h8g8 d7d8
Position; fen r1bqkbnr/pppp1ppp/2n5/4p3/2B1P3/5N2/PPPP1PPP/RNBQK2R b KQkq - 0 1
Moves; d7d6 b1c3 c8e6 c4e6 f7e6 d2d4 g8f6 e1g1 d8d7 d4d5 c6d8 c1g5 f8e7 d1e2 a8c8 h2h3 e8g8 a2a3 f6h5 f3e5 d7e8 g5e7 h5f4 e2g4 e8e7 e5d3 e7f6 a1d1 f6g6 g1h2 g6g4 h3g4 f4d3 c2d3 c7c6 d5e6 d8e6 d3d4 f8d8 h2g3 g7g5 f1e1 h7h6 g3h2 g8g7 d4d5 e6c5 h2g3 a7a6 e1e2 g7f7 b2b4 c5b3 e2b2 b3a1 d1a1 c6d5 c3d5 d8g8 b4b5 c8c4 b5a6 b7b5 d5b6 f7e6 a6a7 c4c5 a7a8q g8a8 b6a8 h6h5 g4h5 c5c4 b2b5 c4e4 b5g5 e6f6 g5d5 f6e6 a1d1 e4e5 d5e5
Warning; Bestmove does not match beginning of last PV - move d7c8 from SF_2000
Info; info depth 44 seldepth 11 multipv 1 score mate -5 nodes 128117 nps 2417301 hashfull 34 tbhits 0 time 53 pv d6d5 d1d5 d7c6 h6h7 c6b7 h7h8q b7a6 d5d6 a6b7 e5e7
Position; fen r1bqkbnr/pppp1ppp/2n5/4p3/2B1P3/5N2/PPPP1PPP/RNBQK2R b KQkq - 0 1
Moves; d7d6 b1c3 c8e6 c4e6 f7e6 d2d4 g8f6 e1g1 d8d7 d4d5 c6d8 c1g5 f8e7 d1e2 a8c8 h2h3 e8g8 a2a3 f6h5 f3e5 d7e8 g5e7 h5f4 e2g4 e8e7 e5d3 e7f6 a1d1 f6g6 g1h2 g6g4 h3g4 f4d3 c2d3 c7c6 d5e6 d8e6 d3d4 f8d8 h2g3 g7g5 f1e1 h7h6 g3h2 g8g7 d4d5 e6c5 h2g3 a7a6 e1e2 g7f7 b2b4 c5b3 e2b2 b3a1 d1a1 c6d5 c3d5 d8g8 b4b5 c8c4 b5a6 b7b5 d5b6 f7e6 a6a7 c4c5 a7a8q g8a8 b6a8 h6h5 g4h5 c5c4 b2b5 c4e4 b5g5 e6f6 g5d5 f6e6 a1d1 e4e5 d5e5 e6d7 h5h6
Warning; Bestmove does not match beginning of last PV - move c8b8 from SF_2000
Info; info depth 245 seldepth 7 multipv 1 score mate -3 nodes 337564 nps 8037238 hashfull 3 tbhits 0 time 42 pv c8b7 e5e7 b7c8 a8b6 c8b8 d6d8
Position; fen r1bqkbnr/pppp1ppp/2n5/4p3/2B1P3/5N2/PPPP1PPP/RNBQK2R b KQkq - 0 1
Moves; d7d6 b1c3 c8e6 c4e6 f7e6 d2d4 g8f6 e1g1 d8d7 d4d5 c6d8 c1g5 f8e7 d1e2 a8c8 h2h3 e8g8 a2a3 f6h5 f3e5 d7e8 g5e7 h5f4 e2g4 e8e7 e5d3 e7f6 a1d1 f6g6 g1h2 g6g4 h3g4 f4d3 c2d3 c7c6 d5e6 d8e6 d3d4 f8d8 h2g3 g7g5 f1e1 h7h6 g3h2 g8g7 d4d5 e6c5 h2g3 a7a6 e1e2 g7f7 b2b4 c5b3 e2b2 b3a1 d1a1 c6d5 c3d5 d8g8 b4b5 c8c4 b5a6 b7b5 d5b6 f7e6 a6a7 c4c5 a7a8q g8a8 b6a8 h6h5 g4h5 c5c4 b2b5 c4e4 b5g5 e6f6 g5d5 f6e6 a1d1 e4e5 d5e5 e6d7 h5h6 d7c8 d1d6
Warning; Bestmove does not match beginning of last PV - move b7a8 from SF_2000
Info; info depth 245 seldepth 5 multipv 1 score mate -2 nodes 13983 nps 4661000 hashfull 5 tbhits 0 time 3 pv b7c8 a8b6 c8b8 d6d8
Position; fen r1bqkbnr/pppp1ppp/2n5/4p3/2B1P3/5N2/PPPP1PPP/RNBQK2R b KQkq - 0 1
Moves; d7d6 b1c3 c8e6 c4e6 f7e6 d2d4 g8f6 e1g1 d8d7 d4d5 c6d8 c1g5 f8e7 d1e2 a8c8 h2h3 e8g8 a2a3 f6h5 f3e5 d7e8 g5e7 h5f4 e2g4 e8e7 e5d3 e7f6 a1d1 f6g6 g1h2 g6g4 h3g4 f4d3 c2d3 c7c6 d5e6 d8e6 d3d4 f8d8 h2g3 g7g5 f1e1 h7h6 g3h2 g8g7 d4d5 e6c5 h2g3 a7a6 e1e2 g7f7 b2b4 c5b3 e2b2 b3a1 d1a1 c6d5 c3d5 d8g8 b4b5 c8c4 b5a6 b7b5 d5b6 f7e6 a6a7 c4c5 a7a8q g8a8 b6a8 h6h5 g4h5 c5c4 b2b5 c4e4 b5g5 e6f6 g5d5 f6e6 a1d1 e4e5 d5e5 e6d7 h5h6 d7c8 d1d6 c8b8 e5e8 b8b7 e8e7
Finished game 1 (HiveChess vs SF_2000): 1-0 {White mates}
Started game 2 of 10 (SF_2000 vs HiveChess)
Warning; Bestmove does not match beginning of last PV - move d2d4 from SF_2000
Info; info depth 13 seldepth 19 multipv 1 score cp 26 nodes 207532 nps 469529 hashfull 58 tbhits 0 time 442 pv d2d3 f8c5 e1g1 a7a6 c4b3 c5a7 c2c3
Position; fen r1bqkbnr/pppp1ppp/2n5/4p3/2B1P3/5N2/PPPP1PPP/RNBQK2R b KQkq - 0 1
Moves; g8f6
Warning; Bestmove does not match beginning of last PV - move e4e5 from SF_2000
Info; info depth 11 seldepth 16 multipv 1 score cp 7 nodes 110475 nps 528588 hashfull 29 tbhits 0 time 209 pv e1g1 f6e4 f1e1 d7d5 c4d5 d8d5 b1c3 d5h5 c3e4 c8e6 e4g5 e8c8 g5e6 f7e6 e1e6
Position; fen r1bqkbnr/pppp1ppp/2n5/4p3/2B1P3/5N2/PPPP1PPP/RNBQK2R b KQkq - 0 1
Moves; g8f6 d2d4 e5d4
Warning; Bestmove does not match beginning of last PV - move d1e2 from SF_2000
Info; info depth 13 seldepth 28 multipv 1 score cp 138 nodes 83767 nps 475948 hashfull 27 tbhits 0 time 176 pv e1g1 f6g4 f1e1 e7c5 d1e2 f8e7 b2b4 c6b4 b1d2 d4d3 c4d3 b4d3 c2d3
Position; fen r1bqkbnr/pppp1ppp/2n5/4p3/2B1P3/5N2/PPPP1PPP/RNBQK2R b KQkq - 0 1
Moves; g8f6 d2d4 e5d4 e4e5 d8e7
Warning; Bestmove does not match beginning of last PV - move c1g5 from SF_2000
Info; info depth 13 seldepth 17 multipv 1 score cp -38 nodes 174854 nps 489787 hashfull 52 tbhits 0 time 357 pv c1f4 f7f6 e5f6 g4f6 e1g1 e7e2 c4e2 d7d6 f1d1 c8f5 f3d4 c6d4 d1d4 e8c8 b1c3 f5c2
Position; fen r1bqkbnr/pppp1ppp/2n5/4p3/2B1P3/5N2/PPPP1PPP/RNBQK2R b KQkq - 0 1
Moves; g8f6 d2d4 e5d4 e4e5 d8e7 d1e2 f6g4
Warning; Bestmove does not match beginning of last PV - move g5f4 from SF_2000
Info; info depth 9 seldepth 17 multipv 1 score cp 153 nodes 32720 nps 467428 hashfull 10 tbhits 0 time 70 pv b1d2 h7h6 g5f4 g7g5 f4g3 f8g7 e1c1 g4e5
Position; fen r1bqkbnr/pppp1ppp/2n5/4p3/2B1P3/5N2/PPPP1PPP/RNBQK2R b KQkq - 0 1
Moves; g8f6 d2d4 e5d4 e4e5 d8e7 d1e2 f6g4 c1g5 e7c5
Warning; Bestmove does not match beginning of last PV - move e1g1 from SF_2000
Info; info depth 11 seldepth 14 multipv 1 score cp 48 nodes 153508 nps 465175 hashfull 51 tbhits 0 time 330 pv h1f1 f2g4 b1d2 g4e3 f4e3 d4e3 d2e4
Position; fen r1bqkbnr/pppp1ppp/2n5/4p3/2B1P3/5N2/PPPP1PPP/RNBQK2R b KQkq - 0 1
Moves; g8f6 d2d4 e5d4 e4e5 d8e7 d1e2 f6g4 c1g5 e7c5 g5f4 g4f2
Warning; Bestmove does not match beginning of last PV - move c4f7 from SF_2000
Info; info depth 13 seldepth 18 multipv 1 score cp -90 nodes 92541 nps 571240 hashfull 27 tbhits 0 time 162 pv e2f2 c5c4 f3d2 c4e6 b1c3 b7b6 c3b5 e8d8 f4g5 f8e7 g5e7 e6e7 c2d3 c8a6 a2a4 e7e5 a1e1
Position; fen r1bqkbnr/pppp1ppp/2n5/4p3/2B1P3/5N2/PPPP1PPP/RNBQK2R b KQkq - 0 1
Moves; g8f6 d2d4 e5d4 e4e5 d8e7 d1e2 f6g4 c1g5 e7c5 g5f4 g4f2 e1g1 d4d3
Warning; Bestmove does not match beginning of last PV - move e5e6 from SF_2000
Info; info depth 13 seldepth 22 multipv 1 score cp -159 nodes 90435 nps 717738 hashfull 29 tbhits 0 time 126 pv e2f2 c5f2 g1f2 c6b4 c2d3 b4d3 f2e3 d3f4 e3f4
Position; fen r1bqkbnr/pppp1ppp/2n5/4p3/2B1P3/5N2/PPPP1PPP/RNBQK2R b KQkq - 0 1
Moves; g8f6 d2d4 e5d4 e4e5 d8e7 d1e2 f6g4 c1g5 e7c5 g5f4 g4f2 e1g1 d4d3 c4f7 e8f7
Warning; Bestmove does not match beginning of last PV - move f3g5 from SF_2000
Info; info depth 12 seldepth 20 multipv 1 score cp -95 nodes 64382 nps 607377 hashfull 20 tbhits 0 time 106 pv f4e3 c5f5 b1c3 f7e8 f2e2 f8c5 e3c5 f5c5 g1h1 c8d7 e2c2 h8f8 c2e2
Position; fen r1bqkbnr/pppp1ppp/2n5/4p3/2B1P3/5N2/PPPP1PPP/RNBQK2R b KQkq - 0 1
Moves; g8f6 d2d4 e5d4 e4e5 d8e7 d1e2 f6g4 c1g5 e7c5 g5f4 g4f2 e1g1 d4d3 c4f7 e8f7 e5e6 d7e6 e2f2 d3c2
Warning; Bestmove does not match beginning of last PV - move f2f7 from SF_2000
Info; info depth 13 seldepth 25 multipv 1 score cp -196 nodes 180987 nps 793802 hashfull 56 tbhits 0 time 228 pv e3c5 b1f5 f2f5 e6f5 a1e1 c6e7 f1f3 h7h6 c5e7 h6g5 f3e3
Position; fen r1bqkbnr/pppp1ppp/2n5/4p3/2B1P3/5N2/PPPP1PPP/RNBQK2R b KQkq - 0 1
Moves; g8f6 d2d4 e5d4 e4e5 d8e7 d1e2 f6g4 c1g5 e7c5 g5f4 g4f2 e1g1 d4d3 c4f7 e8f7 e5e6 d7e6 e2f2 d3c2 f3g5 f7e8 f4e3 c2b1q
Warning; Bestmove does not match beginning of last PV - move g1h1 from SF_2000
Info; info depth 12 seldepth 21 multipv 1 score cp -224 nodes 179034 nps 1000189 hashfull 68 tbhits 0 time 179 pv f1d1 b1d1 a1d1 c5d6 d1d6 c7d6 f7f4 d8c7 g5f7 h8g8 b2b4 a7a6 a2a4 f8e7
Position; fen r1bqkbnr/pppp1ppp/2n5/4p3/2B1P3/5N2/PPPP1PPP/RNBQK2R b KQkq - 0 1
Moves; g8f6 d2d4 e5d4 e4e5 d8e7 d1e2 f6g4 c1g5 e7c5 g5f4 g4f2 e1g1 d4d3 c4f7 e8f7 e5e6 d7e6 e2f2 d3c2 f3g5 f7e8 f4e3 c2b1q f2f7 e8d8
Warning; Bestmove does not match beginning of last PV - move d1d4 from SF_2000
Info; info depth 14 seldepth 31 multipv 1 score cp -706 nodes 236817 nps 1547823 hashfull 94 tbhits 0 time 153 pv g5f3 c8d7 f3d4 f8d6 f7g7 h8e8 g7f6 d8c8 d4f3 e3c5 f3g5 e6e5
Position; fen r1bqkbnr/pppp1ppp/2n5/4p3/2B1P3/5N2/PPPP1PPP/RNBQK2R b KQkq - 0 1
Moves; g8f6 d2d4 e5d4 e4e5 d8e7 d1e2 f6g4 c1g5 e7c5 g5f4 g4f2 e1g1 d4d3 c4f7 e8f7 e5e6 d7e6 e2f2 d3c2 f3g5 f7e8 f4e3 c2b1q f2f7 e8d8 g1h1 c5e3 f1d1 b1d1 a1d1 c6d4
Warning; Bestmove does not match beginning of last PV - move h2h4 from SF_2000
Info; info depth 13 seldepth 17 multipv 1 score cp -822 nodes 111273 nps 1711892 hashfull 36 tbhits 0 time 65 pv f7h5 c8d7 h2h3 d8c8 g5f7 d4f6 h1g1 a7a5 f7h8 f6d4 g1h1
Position; fen r1bqkbnr/pppp1ppp/2n5/4p3/2B1P3/5N2/PPPP1PPP/RNBQK2R b KQkq - 0 1
Moves; g8f6 d2d4 e5d4 e4e5 d8e7 d1e2 f6g4 c1g5 e7c5 g5f4 g4f2 e1g1 d4d3 c4f7 e8f7 e5e6 d7e6 e2f2 d3c2 f3g5 f7e8 f4e3 c2b1q f2f7 e8d8 g1h1 c5e3 f1d1 b1d1 a1d1 c6d4 d1d4 e3d4
Warning; Bestmove does not match beginning of last PV - move h1g1 from SF_2000
Info; info depth 13 seldepth 20 multipv 1 score cp -1004 nodes 59469 nps 1918354 hashfull 23 tbhits 0 time 31 pv g5h3 c8d7 f7f1 f8e7 h1h2 a7a5 h2g1 h4d4 g1h1 e7d6 h3g5 d4h4 g5h3
Position; fen r1bqkbnr/pppp1ppp/2n5/4p3/2B1P3/5N2/PPPP1PPP/RNBQK2R b KQkq - 0 1
Moves; g8f6 d2d4 e5d4 e4e5 d8e7 d1e2 f6g4 c1g5 e7c5 g5f4 g4f2 e1g1 d4d3 c4f7 e8f7 e5e6 d7e6 e2f2 d3c2 f3g5 f7e8 f4e3 c2b1q f2f7 e8d8 g1h1 c5e3 f1d1 b1d1 a1d1 c6d4 d1d4 e3d4 h2h4 d4h4
Warning; Bestmove does not match beginning of last PV - move a2a4 from SF_2000
Info; info depth 24 seldepth 13 multipv 1 score mate -6 nodes 98554 nps 1825074 hashfull 33 tbhits 0 time 54 pv g5e4 f1g1 h2g3 g1e1 g3h3 e6e5 g2g4 e1e4 h3h2 e4g4 a2a3 g4g1
Position; fen r1bqkbnr/pppp1ppp/2n5/4p3/2B1P3/5N2/PPPP1PPP/RNBQK2R b KQkq - 0 1
Moves; g8f6 d2d4 e5d4 e4e5 d8e7 d1e2 f6g4 c1g5 e7c5 g5f4 g4f2 e1g1 d4d3 c4f7 e8f7 e5e6 d7e6 e2f2 d3c2 f3g5 f7e8 f4e3 c2b1q f2f7 e8d8 g1h1 c5e3 f1d1 b1d1 a1d1 c6d4 d1d4 e3d4 h2h4 d4h4 h1g1 h4e1 f7f1 f8c5 g1h2 e1f1
Warning; Bestmove does not match beginning of last PV - move h2h3 from SF_2000
Info; info depth 21 seldepth 11 multipv 1 score mate -5 nodes 7454 nps 1490800 hashfull 3 tbhits 0 time 5 pv h2g3 f1f2 g3g4 e6e5 g5e6 c8e6 g4h5 f2f4 g2g4 f4g4
Position; fen r1bqkbnr/pppp1ppp/2n5/4p3/2B1P3/5N2/PPPP1PPP/RNBQK2R b KQkq - 0 1
Moves; g8f6 d2d4 e5d4 e4e5 d8e7 d1e2 f6g4 c1g5 e7c5 g5f4 g4f2 e1g1 d4d3 c4f7 e8f7 e5e6 d7e6 e2f2 d3c2 f3g5 f7e8 f4e3 c2b1q f2f7 e8d8 g1h1 c5e3 f1d1 b1d1 a1d1 c6d4 d1d4 e3d4 h2h4 d4h4 h1g1 h4e1 f7f1 f8c5 g1h2 e1f1 a2a4 c5g1
Warning; Bestmove does not match beginning of last PV - move h3g3 from SF_2000
Info; info depth 245 seldepth 5 multipv 1 score mate -2 nodes 17369 nps 4342250 hashfull 0 tbhits 0 time 4 pv h3h4 f1f4 h4h5 f4g4
Position; fen r1bqkbnr/pppp1ppp/2n5/4p3/2B1P3/5N2/PPPP1PPP/RNBQK2R b KQkq - 0 1
Moves; g8f6 d2d4 e5d4 e4e5 d8e7 d1e2 f6g4 c1g5 e7c5 g5f4 g4f2 e1g1 d4d3 c4f7 e8f7 e5e6 d7e6 e2f2 d3c2 f3g5 f7e8 f4e3 c2b1q f2f7 e8d8 g1h1 c5e3 f1d1 b1d1 a1d1 c6d4 d1d4 e3d4 h2h4 d4h4 h1g1 h4e1 f7f1 f8c5 g1h2 e1f1 a2a4 c5g1 h2h3 e6e5 g5e6 c8e6
Finished game 2 (SF_2000 vs HiveChess): 0-1 {Black mates}
Started game 3 of 10 (HiveChess vs SF_2100)
Warning; Bestmove does not match beginning of last PV - move a7a6 from SF_2100
Info; info depth 11 seldepth 13 multipv 1 score cp 9 nodes 65369 nps 491496 hashfull 19 tbhits 0 time 133 pv f8c5 e1g1 e8g8 d2d3 f8e8 a2a4 h7h6 b1c3 d7d6 h2h3
Position; fen r1bqkbnr/pppp1ppp/2n5/4p3/2B1P3/5N2/PPPP1PPP/RNBQK2R b KQkq - 0 1
Moves; g8f6 d1e2
Warning; Bestmove does not match beginning of last PV - move f8d6 from SF_2100
Info; info depth 10 seldepth 13 multipv 1 score cp -10 nodes 74883 nps 495913 hashfull 19 tbhits 0 time 151 pv d7d6 h2h3 f8e7 a2a4 e8g8 d2d3 c6d4 f3d4 e5d4 c3d5 f6d5 c4d5
Position; fen r1bqkbnr/pppp1ppp/2n5/4p3/2B1P3/5N2/PPPP1PPP/RNBQK2R b KQkq - 0 1
Moves; g8f6 d1e2 a7a6 b1c3
Warning; Bestmove does not match beginning of last PV - move c6d4 from SF_2100
Info; info depth 12 seldepth 16 multipv 1 score cp -13 nodes 94721 nps 473605 hashfull 30 tbhits 0 time 200 pv b7b5 c4b3 c6a5 f3h4 d6c5 e2f3 a5b3 a2b3 h7h6 h4f5 d7d6
Position; fen r1bqkbnr/pppp1ppp/2n5/4p3/2B1P3/5N2/PPPP1PPP/RNBQK2R b KQkq - 0 1
Moves; g8f6 d1e2 a7a6 b1c3 f8d6 e1g1 e8g8 d2d3
Warning; Bestmove does not match beginning of last PV - move b7b5 from SF_2100
Info; info depth 14 seldepth 30 multipv 1 score cp -98 nodes 105430 nps 458391 hashfull 44 tbhits 0 time 230 pv e5d4 c3d5 c7c6 d5f6 d8f6 f2f4 d6c7 c4b3 a6a5 a2a4 d7d5 e4d5 c8d7 f4f5
Position; fen r1bqkbnr/pppp1ppp/2n5/4p3/2B1P3/5N2/PPPP1PPP/RNBQK2R b KQkq - 0 1
Moves; g8f6 d1e2 a7a6 b1c3 f8d6 e1g1 e8g8 d2d3 c6d4 f3d4
Warning; Bestmove does not match beginning of last PV - move d6b4 from SF_2100
Info; info depth 15 seldepth 20 multipv 1 score cp -241 nodes 145967 nps 433136 hashfull 54 tbhits 0 time 337 pv d6e7 d3d4 c7c6 d4e5 c6b5 e5f6 b5c4 f6e7 d8e7 f1e1 c4c3 b2b3 f8e8 e2d3 c8b7 d3c3
Position; fen r1bqkbnr/pppp1ppp/2n5/4p3/2B1P3/5N2/PPPP1PPP/RNBQK2R b KQkq - 0 1
Moves; g8f6 d1e2 a7a6 b1c3 f8d6 e1g1 e8g8 d2d3 c6d4 f3d4 b7b5 d4b5 a6b5 c3b5
Warning; Bestmove does not match beginning of last PV - move c6b5 from SF_2100
Info; info depth 15 seldepth 24 multipv 1 score cp -196 nodes 152125 nps 530052 hashfull 56 tbhits 0 time 287 pv b4c5 b5c3 h7h6 g5e3 c5d4 e2f3 a8b8 c4b3 d7d6 h2h3 c8e6 b3e6 f7e6 f1b1 d8a5
Position; fen r1bqkbnr/pppp1ppp/2n5/4p3/2B1P3/5N2/PPPP1PPP/RNBQK2R b KQkq - 0 1
Moves; g8f6 d1e2 a7a6 b1c3 f8d6 e1g1 e8g8 d2d3 c6d4 f3d4 b7b5 d4b5 a6b5 c3b5 d6b4 c1g5 c7c6 a2a3
Warning; Bestmove does not match beginning of last PV - move b2a3 from SF_2100
Info; info depth 15 seldepth 25 multipv 1 score cp -313 nodes 157186 nps 692449 hashfull 56 tbhits 0 time 227 pv b2d4 a8d5 c8a6 e2d2 h7h6 g5f6 d8f6 c2c3 d4c5 b1a1 b5b4 c3b4 c5d4 a1a2 f6b6 d5c4
Position; fen r1bqkbnr/pppp1ppp/2n5/4p3/2B1P3/5N2/PPPP1PPP/RNBQK2R b KQkq - 0 1
Moves; g8f6 d1e2 a7a6 b1c3 f8d6 e1g1 e8g8 d2d3 c6d4 f3d4 b7b5 d4b5 a6b5 c3b5 d6b4 c1g5 c7c6 a2a3 c6b5 c4d5 b4a3 d5a8 a3b2 a1b1
Warning; Bestmove does not match beginning of last PV - move d8a5 from SF_2100
Info; info depth 13 seldepth 25 multipv 1 score cp -393 nodes 75311 nps 738343 hashfull 25 tbhits 0 time 102 pv a3c5 e2f3 d7a4 b3b2 c5d4 b2a2 a4d7 g5f6 g7f6 b7d5 g8g7 f1b1 f8g8 h2h3 d8c7 g1h2 h7h5
Position; fen r1bqkbnr/pppp1ppp/2n5/4p3/2B1P3/5N2/PPPP1PPP/RNBQK2R b KQkq - 0 1
Moves; g8f6 d1e2 a7a6 b1c3 f8d6 e1g1 e8g8 d2d3 c6d4 f3d4 b7b5 d4b5 a6b5 c3b5 d6b4 c1g5 c7c6 a2a3 c6b5 c4d5 b4a3 d5a8 a3b2 a1b1 b2a3 b1b5 d7d6 a8b7 c8d7 b5b3
Warning; Bestmove does not match beginning of last PV - move f6g4 from SF_2100
Info; info depth 14 seldepth 15 multipv 1 score cp -471 nodes 65486 nps 1169392 hashfull 21 tbhits 0 time 56 pv b8b3 a3b3 c7a5 b3b8 f6e8 b8b1 a5a6 g5h4
Position; fen r1bqkbnr/pppp1ppp/2n5/4p3/2B1P3/5N2/PPPP1PPP/RNBQK2R b KQkq - 0 1
Moves; g8f6 d1e2 a7a6 b1c3 f8d6 e1g1 e8g8 d2d3 c6d4 f3d4 b7b5 d4b5 a6b5 c3b5 d6b4 c1g5 c7c6 a2a3 c6b5 c4d5 b4a3 d5a8 a3b2 a1b1 b2a3 b1b5 d7d6 a8b7 c8d7 b5b3 d8a5 f1a1 a5c7 a1a3 f8b8 b7a6
Warning; Bestmove does not match beginning of last PV - move h7h5 from SF_2100
Info; info depth 12 seldepth 22 multipv 1 score cp -518 nodes 49072 nps 1291368 hashfull 17 tbhits 0 time 38 pv h7h6 a3a8 g8h7 h2h3 h6g5 h3g4 g7g6
Position; fen r1bqkbnr/pppp1ppp/2n5/4p3/2B1P3/5N2/PPPP1PPP/RNBQK2R b KQkq - 0 1
Moves; g8f6 d1e2 a7a6 b1c3 f8d6 e1g1 e8g8 d2d3 c6d4 f3d4 b7b5 d4b5 a6b5 c3b5 d6b4 c1g5 c7c6 a2a3 c6b5 c4d5 b4a3 d5a8 a3b2 a1b1 b2a3 b1b5 d7d6 a8b7 c8d7 b5b3 d8a5 f1a1 a5c7 a1a3 f8b8 b7a6 f6g4 a6c4 b8b3 c2b3
Warning; Bestmove does not match beginning of last PV - move c7b7 from SF_2100
Info; info depth 14 seldepth 16 multipv 1 score cp -613 nodes 66916 nps 1423744 hashfull 26 tbhits 0 time 47 pv c7c8 a3a1 g8h7 e2e1 c8h8 h3g4 h5g4 c4f7 g4g3 f2g3 d7g4
Position; fen r1bqkbnr/pppp1ppp/2n5/4p3/2B1P3/5N2/PPPP1PPP/RNBQK2R b KQkq - 0 1
Moves; g8f6 d1e2 a7a6 b1c3 f8d6 e1g1 e8g8 d2d3 c6d4 f3d4 b7b5 d4b5 a6b5 c3b5 d6b4 c1g5 c7c6 a2a3 c6b5 c4d5 b4a3 d5a8 a3b2 a1b1 b2a3 b1b5 d7d6 a8b7 c8d7 b5b3 d8a5 f1a1 a5c7 a1a3 f8b8 b7a6 f6g4 a6c4 b8b3 c2b3 h7h5 h2h3
Warning; Bestmove does not match beginning of last PV - move d7e6 from SF_2100
Info; info depth 14 seldepth 17 multipv 1 score cp -635 nodes 68525 nps 1557386 hashfull 32 tbhits 0 time 44 pv h5g4 a3a1 g8h7 g5e3 b7c8 f2f3 f7f5 e4f5 d6d5 c4a6
Position; fen r1bqkbnr/pppp1ppp/2n5/4p3/2B1P3/5N2/PPPP1PPP/RNBQK2R b KQkq - 0 1
Moves; g8f6 d1e2 a7a6 b1c3 f8d6 e1g1 e8g8 d2d3 c6d4 f3d4 b7b5 d4b5 a6b5 c3b5 d6b4 c1g5 c7c6 a2a3 c6b5 c4d5 b4a3 d5a8 a3b2 a1b1 b2a3 b1b5 d7d6 a8b7 c8d7 b5b3 d8a5 f1a1 a5c7 a1a3 f8b8 b7a6 f6g4 a6c4 b8b3 c2b3 h7h5 h2h3 c7b7 h3g4
Warning; Bestmove does not match beginning of last PV - move e6c4 from SF_2100
Info; info depth 11 seldepth 15 multipv 1 score cp -670 nodes 17212 nps 1721200 hashfull 3 tbhits 0 time 10 pv b7c8 c4a6 c8a8 g1h2 g8h7
Position; fen r1bqkbnr/pppp1ppp/2n5/4p3/2B1P3/5N2/PPPP1PPP/RNBQK2R b KQkq - 0 1
Moves; g8f6 d1e2 a7a6 b1c3 f8d6 e1g1 e8g8 d2d3 c6d4 f3d4 b7b5 d4b5 a6b5 c3b5 d6b4 c1g5 c7c6 a2a3 c6b5 c4d5 b4a3 d5a8 a3b2 a1b1 b2a3 b1b5 d7d6 a8b7 c8d7 b5b3 d8a5 f1a1 a5c7 a1a3 f8b8 b7a6 f6g4 a6c4 b8b3 c2b3 h7h5 h2h3 c7b7 h3g4 d7e6 g4h5
Warning; Bestmove does not match beginning of last PV - move g8h7 from SF_2100
Info; info depth 14 seldepth 18 multipv 1 score cp -688 nodes 71691 nps 1748560 hashfull 23 tbhits 0 time 41 pv f7f6 a3a1 f6g5 c4c5 d6c5 e2a2 g8h7 a2e6 c5c4 d3c4 b7e4 e6g6 e4g6 h5g6 h7g6 c4c5
Position; fen r1bqkbnr/pppp1ppp/2n5/4p3/2B1P3/5N2/PPPP1PPP/RNBQK2R b KQkq - 0 1
Moves; g8f6 d1e2 a7a6 b1c3 f8d6 e1g1 e8g8 d2d3 c6d4 f3d4 b7b5 d4b5 a6b5 c3b5 d6b4 c1g5 c7c6 a2a3 c6b5 c4d5 b4a3 d5a8 a3b2 a1b1 b2a3 b1b5 d7d6 a8b7 c8d7 b5b3 d8a5 f1a1 a5c7 a1a3 f8b8 b7a6 f6g4 a6c4 b8b3 c2b3 h7h5 h2h3 c7b7 h3g4 d7e6 g4h5 e6c4 b3c4
Warning; Bestmove does not match beginning of last PV - move d6d5 from SF_2100
Info; info depth 13 seldepth 19 multipv 1 score cp -750 nodes 63133 nps 1578325 hashfull 19 tbhits 0 time 40 pv h7g8 a3a1 d6d5 c4d5 b7d5 e2f3 d5d3 f5f6 g7f6
Position; fen r1bqkbnr/pppp1ppp/2n5/4p3/2B1P3/5N2/PPPP1PPP/RNBQK2R b KQkq - 0 1
Moves; g8f6 d1e2 a7a6 b1c3 f8d6 e1g1 e8g8 d2d3 c6d4 f3d4 b7b5 d4b5 a6b5 c3b5 d6b4 c1g5 c7c6 a2a3 c6b5 c4d5 b4a3 d5a8 a3b2 a1b1 b2a3 b1b5 d7d6 a8b7 c8d7 b5b3 d8a5 f1a1 a5c7 a1a3 f8b8 b7a6 f6g4 a6c4 b8b3 c2b3 h7h5 h2h3 c7b7 h3g4 d7e6 g4h5 e6c4 b3c4 g8h7 g5e3 f7f5 e4f5
Warning; Bestmove does not match beginning of last PV - move h7g8 from SF_2100
Info; info depth 13 seldepth 17 multipv 1 score cp -718 nodes 63755 nps 1723108 hashfull 18 tbhits 0 time 37 pv b7b1 g1h2 b1b4 e3g5 b4a3 f5f6 g7f6 e2e4 h7h8 g5f6 h8g8 f6e5 a3c1
Position; fen r1bqkbnr/pppp1ppp/2n5/4p3/2B1P3/5N2/PPPP1PPP/RNBQK2R b KQkq - 0 1
Moves; g8f6 d1e2 a7a6 b1c3 f8d6 e1g1 e8g8 d2d3 c6d4 f3d4 b7b5 d4b5 a6b5 c3b5 d6b4 c1g5 c7c6 a2a3 c6b5 c4d5 b4a3 d5a8 a3b2 a1b1 b2a3 b1b5 d7d6 a8b7 c8d7 b5b3 d8a5 f1a1 a5c7 a1a3 f8b8 b7a6 f6g4 a6c4 b8b3 c2b3 h7h5 h2h3 c7b7 h3g4 d7e6 g4h5 e6c4 b3c4 g8h7 g5e3 f7f5 e4f5 d6d5 c4d5
Warning; Bestmove does not match beginning of last PV - move b7b2 from SF_2100
Info; info depth 13 seldepth 21 multipv 1 score cp -819 nodes 62312 nps 1780342 hashfull 20 tbhits 0 time 35 pv b7c8 a3a1 g8h7 g4g6 h7h8
Position; fen r1bqkbnr/pppp1ppp/2n5/4p3/2B1P3/5N2/PPPP1PPP/RNBQK2R b KQkq - 0 1
Moves; g8f6 d1e2 a7a6 b1c3 f8d6 e1g1 e8g8 d2d3 c6d4 f3d4 b7b5 d4b5 a6b5 c3b5 d6b4 c1g5 c7c6 a2a3 c6b5 c4d5 b4a3 d5a8 a3b2 a1b1 b2a3 b1b5 d7d6 a8b7 c8d7 b5b3 d8a5 f1a1 a5c7 a1a3 f8b8 b7a6 f6g4 a6c4 b8b3 c2b3 h7h5 h2h3 c7b7 h3g4 d7e6 g4h5 e6c4 b3c4 g8h7 g5e3 f7f5 e4f5 d6d5 c4d5 h7g8 e2g4
Warning; Bestmove does not match beginning of last PV - move g8f7 from SF_2100
Info; info depth 113 seldepth 7 multipv 1 score mate -3 nodes 81454 nps 6265692 hashfull 1 tbhits 0 time 13 pv b2b8 a8b8 g8f7 g4g6 f7e7 g6e6
Position; fen r1bqkbnr/pppp1ppp/2n5/4p3/2B1P3/5N2/PPPP1PPP/RNBQK2R b KQkq - 0 1
Moves; g8f6 d1e2 a7a6 b1c3 f8d6 e1g1 e8g8 d2d3 c6d4 f3d4 b7b5 d4b5 a6b5 c3b5 d6b4 c1g5 c7c6 a2a3 c6b5 c4d5 b4a3 d5a8 a3b2 a1b1 b2a3 b1b5 d7d6 a8b7 c8d7 b5b3 d8a5 f1a1 a5c7 a1a3 f8b8 b7a6 f6g4 a6c4 b8b3 c2b3 h7h5 h2h3 c7b7 h3g4 d7e6 g4h5 e6c4 b3c4 g8h7 g5e3 f7f5 e4f5 d6d5 c4d5 h7g8 e2g4 b7b2 a3a8
Finished game 3 (HiveChess vs SF_2100): 1-0 {White mates}
Started game 4 of 10 (SF_2100 vs HiveChess)
Warning; Bestmove does not match beginning of last PV - move c1f4 from SF_2100
Info; info depth 12 seldepth 28 multipv 1 score cp 148 nodes 62537 nps 525521 hashfull 17 tbhits 0 time 119 pv e1g1 c6e5 f3e5 e7e5 f1e1 f6e4 f2f4 e5e7 b1d2 f7f5 c4d5 e8d8 d5e4 f5e4 d2e4 d7d5
Position; fen r1bqkbnr/pppp1ppp/2n5/4p3/2B1P3/5N2/PPPP1PPP/RNBQK2R b KQkq - 0 1
Moves; g8f6 d2d4 e5d4 e4e5 d8e7
Warning; Bestmove does not match beginning of last PV - move f4g5 from SF_2100
Info; info depth 14 seldepth 15 multipv 1 score cp -7 nodes 177999 nps 472145 hashfull 56 tbhits 0 time 377 pv f4d2 g7g6 e1g1 f8g7 c2c3 e8g8 c3d4 d7d6 b1c3
Position; fen r1bqkbnr/pppp1ppp/2n5/4p3/2B1P3/5N2/PPPP1PPP/RNBQK2R b KQkq - 0 1
Moves; g8f6 d2d4 e5d4 e4e5 d8e7 c1f4 f6h5
Warning; Bestmove does not match beginning of last PV - move g5c1 from SF_2100
Info; info depth 13 seldepth 34 multipv 1 score cp -154 nodes 159479 nps 501506 hashfull 47 tbhits 0 time 318 pv g5h4 d7d6 e1g1 d6e5 f3e5 c6e5 d1h5 g7g6 h5e2 c8f5 b1d2 e8c8 d2f3 e5c6 f1e1 g6g5 h4g3 e7e2 e1e2 f8c5 h2h4
Position; fen r1bqkbnr/pppp1ppp/2n5/4p3/2B1P3/5N2/PPPP1PPP/RNBQK2R b KQkq - 0 1
Moves; g8f6 d2d4 e5d4 e4e5 d8e7 c1f4 f6h5 f4g5 f7f6
Warning; Bestmove does not match beginning of last PV - move c4b3 from SF_2100
Info; info depth 12 seldepth 21 multipv 1 score cp -102 nodes 74141 nps 514868 hashfull 30 tbhits 0 time 144 pv f3e5 e7e5 c4e2 h5f4 c1f4 e5f4 e1g1 f8c5
Position; fen r1bqkbnr/pppp1ppp/2n5/4p3/2B1P3/5N2/PPPP1PPP/RNBQK2R b KQkq - 0 1
Moves; g8f6 d2d4 e5d4 e4e5 d8e7 c1f4 f6h5 f4g5 f7f6 g5c1 c6e5
Warning; Bestmove does not match beginning of last PV - move b1d2 from SF_2100
Info; info depth 14 seldepth 23 multipv 1 score cp -307 nodes 141136 nps 483342 hashfull 53 tbhits 0 time 292 pv g2f3 e4h4 h2h3 f8c5 b1d2 b7b6 d2e4 c8a6 f1g2 e8c8 b3f7 h8f8
Position; fen r1bqkbnr/pppp1ppp/2n5/4p3/2B1P3/5N2/PPPP1PPP/RNBQK2R b KQkq - 0 1
Moves; g8f6 d2d4 e5d4 e4e5 d8e7 c1f4 f6h5 f4g5 f7f6 g5c1 c6e5 c4b3 e5f3 e1f1 e7e4
Warning; Bestmove does not match beginning of last PV - move f3f4 from SF_2100
Info; info depth 14 seldepth 20 multipv 1 score cp -339 nodes 163563 nps 817815 hashfull 60 tbhits 0 time 200 pv g2g3 e8d8 f1g2 f8c5 h1e1 e5d6 d2h6 b7b6 d1e2 a8b8
Position; fen r1bqkbnr/pppp1ppp/2n5/4p3/2B1P3/5N2/PPPP1PPP/RNBQK2R b KQkq - 0 1
Moves; g8f6 d2d4 e5d4 e4e5 d8e7 c1f4 f6h5 f4g5 f7f6 g5c1 c6e5 c4b3 e5f3 e1f1 e7e4 b1d2 f3d2 c1d2 g7g6 f2f3 e4e5
Warning; Bestmove does not match beginning of last PV - move h2h4 from SF_2100
Info; info depth 13 seldepth 21 multipv 1 score cp -432 nodes 185617 nps 932748 hashfull 72 tbhits 0 time 199 pv f1f2 e8d8 d1f3 f4e6 h1f1 e5f5 f3f5 g6f5 f2g1 c7c6 f1f5 f8e7 b3e6
Position; fen r1bqkbnr/pppp1ppp/2n5/4p3/2B1P3/5N2/PPPP1PPP/RNBQK2R b KQkq - 0 1
Moves; g8f6 d2d4 e5d4 e4e5 d8e7 c1f4 f6h5 f4g5 f7f6 g5c1 c6e5 c4b3 e5f3 e1f1 e7e4 b1d2 f3d2 c1d2 g7g6 f2f3 e4e5 f3f4 h5f4
Warning; Bestmove does not match beginning of last PV - move g2g4 from SF_2100
Info; info depth 14 seldepth 20 multipv 1 score cp -370 nodes 138582 nps 949191 hashfull 46 tbhits 0 time 146 pv h1h3 e5b5 f1g1 b5c6 d1g4 d7d5
Position; fen r1bqkbnr/pppp1ppp/2n5/4p3/2B1P3/5N2/PPPP1PPP/RNBQK2R b KQkq - 0 1
Moves; g8f6 d2d4 e5d4 e4e5 d8e7 c1f4 f6h5 f4g5 f7f6 g5c1 c6e5 c4b3 e5f3 e1f1 e7e4 b1d2 f3d2 c1d2 g7g6 f2f3 e4e5 f3f4 h5f4 h2h4 f4h5
Warning; Bestmove does not match beginning of last PV - move f1g1 from SF_2100
Info; info depth 15 seldepth 23 multipv 1 score cp -498 nodes 147473 nps 939318 hashfull 57 tbhits 0 time 157 pv f1g2 g3h1 d1f3 e5g3 f3g3 h1g3 a1e1 e8d8 b3f7 f8c5
Position; fen r1bqkbnr/pppp1ppp/2n5/4p3/2B1P3/5N2/PPPP1PPP/RNBQK2R b KQkq - 0 1
Moves; g8f6 d2d4 e5d4 e4e5 d8e7 c1f4 f6h5 f4g5 f7f6 g5c1 c6e5 c4b3 e5f3 e1f1 e7e4 b1d2 f3d2 c1d2 g7g6 f2f3 e4e5 f3f4 h5f4 h2h4 f4h5 g2g4 h5g3
Warning; Bestmove does not match beginning of last PV - move a2a4 from SF_2100
Info; info depth 15 seldepth 17 multipv 1 score cp -526 nodes 165832 nps 1256303 hashfull 56 tbhits 0 time 132 pv d1f1 e5g3 g1h1 g3h4 h1g2 h4g4 g2h1 g4h4 h1g2 e8d8 a1e1 f8d6 f1f3 h4h2 g2f1
Position; fen r1bqkbnr/pppp1ppp/2n5/4p3/2B1P3/5N2/PPPP1PPP/RNBQK2R b KQkq - 0 1
Moves; g8f6 d2d4 e5d4 e4e5 d8e7 c1f4 f6h5 f4g5 f7f6 g5c1 c6e5 c4b3 e5f3 e1f1 e7e4 b1d2 f3d2 c1d2 g7g6 f2f3 e4e5 f3f4 h5f4 h2h4 f4h5 g2g4 h5g3 f1g1 g3h1
Warning; Bestmove does not match beginning of last PV - move d1f3 from SF_2100
Info; info depth 13 seldepth 25 multipv 1 score cp -689 nodes 70161 nps 1461687 hashfull 24 tbhits 0 time 48 pv d1e1 e8d8 e1e5 d6e5 g1h1 b7b6 a4a5 c8b7 h1g1 b7c6 a1e1 h7h5 g4g5
Position; fen r1bqkbnr/pppp1ppp/2n5/4p3/2B1P3/5N2/PPPP1PPP/RNBQK2R b KQkq - 0 1
Moves; g8f6 d2d4 e5d4 e4e5 d8e7 c1f4 f6h5 f4g5 f7f6 g5c1 c6e5 c4b3 e5f3 e1f1 e7e4 b1d2 f3d2 c1d2 g7g6 f2f3 e4e5 f3f4 h5f4 h2h4 f4h5 g2g4 h5g3 f1g1 g3h1 a2a4 f8d6
Warning; Bestmove does not match beginning of last PV - move d2e3 from SF_2100
Info; info depth 14 seldepth 25 multipv 1 score cp -1140 nodes 98301 nps 1755375 hashfull 47 tbhits 0 time 56 pv d2e1 h2h1 f1e2 h1g2 e2d1 g2f1 c2c3 d4d3 d1c1 f1e1 b3d1 g3f4 c1b1 e1d1 b1a2 d1a4 a2b1 a4d1 b1a2 d1g4
Position; fen r1bqkbnr/pppp1ppp/2n5/4p3/2B1P3/5N2/PPPP1PPP/RNBQK2R b KQkq - 0 1
Moves; g8f6 d2d4 e5d4 e4e5 d8e7 c1f4 f6h5 f4g5 f7f6 g5c1 c6e5 c4b3 e5f3 e1f1 e7e4 b1d2 f3d2 c1d2 g7g6 f2f3 e4e5 f3f4 h5f4 h2h4 f4h5 g2g4 h5g3 f1g1 g3h1 a2a4 f8d6 d1f3 e5h2 g1f1 h1g3 f3g3 d6g3
Warning; Bestmove does not match beginning of last PV - move c2c3 from SF_2100
Info; info depth 146 seldepth 5 multipv 1 score mate -2 nodes 16087 nps 4021750 hashfull 0 tbhits 0 time 4 pv b3f7 e8d8 f7e8 h2f2
Position; fen r1bqkbnr/pppp1ppp/2n5/4p3/2B1P3/5N2/PPPP1PPP/RNBQK2R b KQkq - 0 1
Moves; g8f6 d2d4 e5d4 e4e5 d8e7 c1f4 f6h5 f4g5 f7f6 g5c1 c6e5 c4b3 e5f3 e1f1 e7e4 b1d2 f3d2 c1d2 g7g6 f2f3 e4e5 f3f4 h5f4 h2h4 f4h5 g2g4 h5g3 f1g1 g3h1 a2a4 f8d6 d1f3 e5h2 g1f1 h1g3 f3g3 d6g3 d2e3 d4e3
Finished game 4 (SF_2100 vs HiveChess): 0-1 {Black mates}
Started game 5 of 10 (HiveChess vs SF_2200)
Warning; Bestmove does not match beginning of last PV - move f8d6 from SF_2200
Info; info depth 10 seldepth 10 multipv 1 score cp 15 nodes 40708 nps 581542 hashfull 8 tbhits 0 time 70 pv f8c5 e1g1 e8g8 d2d3 h7h6 a2a4 f8e8 c1e3 c5f8
Position; fen r1bqkbnr/pppp1ppp/2n5/4p3/2B1P3/5N2/PPPP1PPP/RNBQK2R b KQkq - 0 1
Moves; g8f6 d1e2
Warning; Bestmove does not match beginning of last PV - move a7a6 from SF_2200
Info; info depth 10 seldepth 11 multipv 1 score cp 0 nodes 41371 nps 510753 hashfull 11 tbhits 0 time 81 pv e8g8 e1g1 c6d4 f3d4 e5d4
Position; fen r1bqkbnr/pppp1ppp/2n5/4p3/2B1P3/5N2/PPPP1PPP/RNBQK2R b KQkq - 0 1
Moves; g8f6 d1e2 f8d6 b1c3
Warning; Bestmove does not match beginning of last PV - move d6e7 from SF_2200
Info; info depth 13 seldepth 20 multipv 1 score cp -30 nodes 192629 nps 445900 hashfull 56 tbhits 0 time 432 pv e8g8 c3d5 b7b5 c4b3 c6a5 d2d4 a5b3 a2b3 f6d5 d4e5 d6e5 f3e5 d5b4 e5d3 b4d3 e2d3 f8e8
Position; fen r1bqkbnr/pppp1ppp/2n5/4p3/2B1P3/5N2/PPPP1PPP/RNBQK2R b KQkq - 0 1
Moves; g8f6 d1e2 f8d6 b1c3 a7a6 e1g1
Warning; Bestmove does not match beginning of last PV - move h7h6 from SF_2200
Info; info depth 8 seldepth 16 multipv 1 score cp -35 nodes 35121 nps 365843 hashfull 8 tbhits 0 time 96 pv d7d6 h2h3 c6a5 d3d4 e5d4 f3d4 a5c4 e2c4
Position; fen r1bqkbnr/pppp1ppp/2n5/4p3/2B1P3/5N2/PPPP1PPP/RNBQK2R b KQkq - 0 1
Moves; g8f6 d1e2 f8d6 b1c3 a7a6 e1g1 d6e7 d2d3
Warning; Bestmove does not match beginning of last PV - move e7c5 from SF_2200
Info; info depth 13 seldepth 18 multipv 1 score cp -35 nodes 100789 nps 468786 hashfull 33 tbhits 0 time 215 pv d7d6 a2a4 e8g8 c1e3 f8e8 c2c3 f6d5 c4d5 e7f6
Position; fen r1bqkbnr/pppp1ppp/2n5/4p3/2B1P3/5N2/PPPP1PPP/RNBQK2R b KQkq - 0 1
Moves; g8f6 d1e2 f8d6 b1c3 a7a6 e1g1 d6e7 d2d3 h7h6 c3d5
Warning; Bestmove does not match beginning of last PV - move c6d4 from SF_2200
Info; info depth 11 seldepth 16 multipv 1 score cp -33 nodes 87185 nps 427377 hashfull 31 tbhits 0 time 204 pv c5a7 a2a4 e8g8 a1b1 d7d6 b4b5 a6b5 a4b5 c6d4 f3d4 a7d4
Position; fen r1bqkbnr/pppp1ppp/2n5/4p3/2B1P3/5N2/PPPP1PPP/RNBQK2R b KQkq - 0 1
Moves; g8f6 d1e2 f8d6 b1c3 a7a6 e1g1 d6e7 d2d3 h7h6 c3d5 e7c5 b2b4
Warning; Bestmove does not match beginning of last PV - move d4b6 from SF_2200
Info; info depth 13 seldepth 21 multipv 1 score cp -134 nodes 82168 nps 408796 hashfull 31 tbhits 0 time 201 pv d4a7 g1h1 f6d5 c4d5 c7c6 d5b3 a7b8 f2f4 e5f4 c1f4 b8f4 f1f4 e8g8
Position; fen r1bqkbnr/pppp1ppp/2n5/4p3/2B1P3/5N2/PPPP1PPP/RNBQK2R b KQkq - 0 1
Moves; g8f6 d1e2 f8d6 b1c3 a7a6 e1g1 d6e7 d2d3 h7h6 c3d5 e7c5 b2b4 c6d4 f3d4 c5d4 c2c3
Warning; Bestmove does not match beginning of last PV - move d8c7 from SF_2200
Info; info depth 9 seldepth 15 multipv 1 score cp -62 nodes 24260 nps 485200 hashfull 4 tbhits 0 time 50 pv e8g8 f1b1 d6d5 e4d5 f6d5 e3d2 d5f4 d2f4 e5f4 e2f3 c8e6 c4e6 f7e6
Position; fen r1bqkbnr/pppp1ppp/2n5/4p3/2B1P3/5N2/PPPP1PPP/RNBQK2R b KQkq - 0 1
Moves; g8f6 d1e2 f8d6 b1c3 a7a6 e1g1 d6e7 d2d3 h7h6 c3d5 e7c5 b2b4 c6d4 f3d4 c5d4 c2c3 d4b6 d5b6 c7b6 c1e3 d7d6 b4b5
Warning; Bestmove does not match beginning of last PV - move f6d7 from SF_2200
Info; info depth 11 seldepth 16 multipv 1 score cp -77 nodes 65504 nps 467885 hashfull 24 tbhits 0 time 140 pv a8b8 h2h3 c7c6 e2a2 b6b5 a4b5 a6b5
Position; fen r1bqkbnr/pppp1ppp/2n5/4p3/2B1P3/5N2/PPPP1PPP/RNBQK2R b KQkq - 0 1
Moves; g8f6 d1e2 f8d6 b1c3 a7a6 e1g1 d6e7 d2d3 h7h6 c3d5 e7c5 b2b4 c6d4 f3d4 c5d4 c2c3 d4b6 d5b6 c7b6 c1e3 d7d6 b4b5 d8c7 b5a6 b7a6 a2a4 e8g8 f1b1
Warning; Bestmove does not match beginning of last PV - move a6a5 from SF_2200
Info; info depth 11 seldepth 18 multipv 1 score cp -81 nodes 90240 nps 401066 hashfull 31 tbhits 0 time 225 pv a8b8 h2h3 d7c5 c4d5 c8e6 d3d4 e6d5 d4c5 d5c6 c5b6 c7b7 b1b4
Position; fen r1bqkbnr/pppp1ppp/2n5/4p3/2B1P3/5N2/PPPP1PPP/RNBQK2R b KQkq - 0 1
Moves; g8f6 d1e2 f8d6 b1c3 a7a6 e1g1 d6e7 d2d3 h7h6 c3d5 e7c5 b2b4 c6d4 f3d4 c5d4 c2c3 d4b6 d5b6 c7b6 c1e3 d7d6 b4b5 d8c7 b5a6 b7a6 a2a4 e8g8 f1b1 f6d7 e2f3
Warning; Bestmove does not match beginning of last PV - move c7c6 from SF_2200
Info; info depth 9 seldepth 13 multipv 1 score cp -18 nodes 23265 nps 567439 hashfull 6 tbhits 0 time 41 pv f7f5 e4f5 f8f5 d3d4 f5f6 b1b5 c7c6 a1c1 a6a8 c3c4 f6g6
Position; fen r1bqkbnr/pppp1ppp/2n5/4p3/2B1P3/5N2/PPPP1PPP/RNBQK2R b KQkq - 0 1
Moves; g8f6 d1e2 f8d6 b1c3 a7a6 e1g1 d6e7 d2d3 h7h6 c3d5 e7c5 b2b4 c6d4 f3d4 c5d4 c2c3 d4b6 d5b6 c7b6 c1e3 d7d6 b4b5 d8c7 b5a6 b7a6 a2a4 e8g8 f1b1 f6d7 e2f3 a6a5 f3g3 g8h7 g3h4 c8a6 c4a6 a8a6 h4e7
Warning; Bestmove does not match beginning of last PV - move d6d5 from SF_2200
Info; info depth 9 seldepth 12 multipv 1 score cp -61 nodes 35386 nps 599762 hashfull 7 tbhits 0 time 59 pv h7g8 d4d5 c6c7 b1b5 f7f5 e4f5 f8f5 c3c4
Position; fen r1bqkbnr/pppp1ppp/2n5/4p3/2B1P3/5N2/PPPP1PPP/RNBQK2R b KQkq - 0 1
Moves; g8f6 d1e2 f8d6 b1c3 a7a6 e1g1 d6e7 d2d3 h7h6 c3d5 e7c5 b2b4 c6d4 f3d4 c5d4 c2c3 d4b6 d5b6 c7b6 c1e3 d7d6 b4b5 d8c7 b5a6 b7a6 a2a4 e8g8 f1b1 f6d7 e2f3 a6a5 f3g3 g8h7 g3h4 c8a6 c4a6 a8a6 h4e7 c7c6 d3d4
Warning; Bestmove does not match beginning of last PV - move f8g8 from SF_2200
Info; info depth 10 seldepth 11 multipv 1 score cp -217 nodes 34512 nps 616285 hashfull 10 tbhits 0 time 56 pv c6e6 e7e6 f7e6 e4d5 e6d5 b1d1 f8e8 d1d5 d7e5 e3d4
Position; fen r1bqkbnr/pppp1ppp/2n5/4p3/2B1P3/5N2/PPPP1PPP/RNBQK2R b KQkq - 0 1
Moves; g8f6 d1e2 f8d6 b1c3 a7a6 e1g1 d6e7 d2d3 h7h6 c3d5 e7c5 b2b4 c6d4 f3d4 c5d4 c2c3 d4b6 d5b6 c7b6 c1e3 d7d6 b4b5 d8c7 b5a6 b7a6 a2a4 e8g8 f1b1 f6d7 e2f3 a6a5 f3g3 g8h7 g3h4 c8a6 c4a6 a8a6 h4e7 c7c6 d3d4 d6d5 d4e5
Warning; Bestmove does not match beginning of last PV - move c6c3 from SF_2200
Info; info depth 12 seldepth 14 multipv 1 score cp -392 nodes 37294 nps 776958 hashfull 16 tbhits 0 time 48 pv c6c8 d5d6 g8e8 e7f7 d7e5 f7d5 c8c3 d6d7 e8d8
Position; fen r1bqkbnr/pppp1ppp/2n5/4p3/2B1P3/5N2/PPPP1PPP/RNBQK2R b KQkq - 0 1
Moves; g8f6 d1e2 f8d6 b1c3 a7a6 e1g1 d6e7 d2d3 h7h6 c3d5 e7c5 b2b4 c6d4 f3d4 c5d4 c2c3 d4b6 d5b6 c7b6 c1e3 d7d6 b4b5 d8c7 b5a6 b7a6 a2a4 e8g8 f1b1 f6d7 e2f3 a6a5 f3g3 g8h7 g3h4 c8a6 c4a6 a8a6 h4e7 c7c6 d3d4 d6d5 d4e5 f8g8 e4d5
Warning; Bestmove does not match beginning of last PV - move g8c8 from SF_2200
Info; info depth 12 seldepth 15 multipv 1 score cp -548 nodes 41694 nps 850897 hashfull 14 tbhits 0 time 49 pv b6b5 d7f5 a6g6 g2g3 g8e8 b1c1 c3e5
Position; fen r1bqkbnr/pppp1ppp/2n5/4p3/2B1P3/5N2/PPPP1PPP/RNBQK2R b KQkq - 0 1
Moves; g8f6 d1e2 f8d6 b1c3 a7a6 e1g1 d6e7 d2d3 h7h6 c3d5 e7c5 b2b4 c6d4 f3d4 c5d4 c2c3 d4b6 d5b6 c7b6 c1e3 d7d6 b4b5 d8c7 b5a6 b7a6 a2a4 e8g8 f1b1 f6d7 e2f3 a6a5 f3g3 g8h7 g3h4 c8a6 c4a6 a8a6 h4e7 c7c6 d3d4 d6d5 d4e5 f8g8 e4d5 c6c3 e7d7
Warning; Bestmove does not match beginning of last PV - move c3e5 from SF_2200
Info; info depth 15 seldepth 21 multipv 1 score cp -694 nodes 82840 nps 1624313 hashfull 30 tbhits 0 time 51 pv a6a8 c1c3 c8c3 e5e6 c3b3 d7f7 b6b5 g2g4
Position; fen r1bqkbnr/pppp1ppp/2n5/4p3/2B1P3/5N2/PPPP1PPP/RNBQK2R b KQkq - 0 1
Moves; g8f6 d1e2 f8d6 b1c3 a7a6 e1g1 d6e7 d2d3 h7h6 c3d5 e7c5 b2b4 c6d4 f3d4 c5d4 c2c3 d4b6 d5b6 c7b6 c1e3 d7d6 b4b5 d8c7 b5a6 b7a6 a2a4 e8g8 f1b1 f6d7 e2f3 a6a5 f3g3 g8h7 g3h4 c8a6 c4a6 a8a6 h4e7 c7c6 d3d4 d6d5 d4e5 f8g8 e4d5 c6c3 e7d7 g8c8 b1c1
Warning; Bestmove does not match beginning of last PV - move e5h5 from SF_2200
Info; info depth 14 seldepth 15 multipv 1 score cp -743 nodes 85760 nps 1786666 hashfull 21 tbhits 0 time 48 pv a6a7 c8c4 f7f5 c4f1 a7c7 c1e1 e5d5
Position; fen r1bqkbnr/pppp1ppp/2n5/4p3/2B1P3/5N2/PPPP1PPP/RNBQK2R b KQkq - 0 1
Moves; g8f6 d1e2 f8d6 b1c3 a7a6 e1g1 d6e7 d2d3 h7h6 c3d5 e7c5 b2b4 c6d4 f3d4 c5d4 c2c3 d4b6 d5b6 c7b6 c1e3 d7d6 b4b5 d8c7 b5a6 b7a6 a2a4 e8g8 f1b1 f6d7 e2f3 a6a5 f3g3 g8h7 g3h4 c8a6 c4a6 a8a6 h4e7 c7c6 d3d4 d6d5 d4e5 f8g8 e4d5 c6c3 e7d7 g8c8 b1c1 c3e5 d7c8
Warning; Bestmove does not match beginning of last PV - move f7f6 from SF_2200
Info; info depth 14 seldepth 17 multipv 1 score cp -866 nodes 88111 nps 1958022 hashfull 30 tbhits 0 time 45 pv h5d5 a6f1 d5e5 c1e1 e5e7 f2f3 e7c7 f1d3 g7g6 d3d4 c7h2 g1h2
Position; fen r1bqkbnr/pppp1ppp/2n5/4p3/2B1P3/5N2/PPPP1PPP/RNBQK2R b KQkq - 0 1
Moves; g8f6 d1e2 f8d6 b1c3 a7a6 e1g1 d6e7 d2d3 h7h6 c3d5 e7c5 b2b4 c6d4 f3d4 c5d4 c2c3 d4b6 d5b6 c7b6 c1e3 d7d6 b4b5 d8c7 b5a6 b7a6 a2a4 e8g8 f1b1 f6d7 e2f3 a6a5 f3g3 g8h7 g3h4 c8a6 c4a6 a8a6 h4e7 c7c6 d3d4 d6d5 d4e5 f8g8 e4d5 c6c3 e7d7 g8c8 b1c1 c3e5 d7c8 e5h5 c8a6
Warning; Bestmove does not match beginning of last PV - move h5e5 from SF_2200
Info; info depth 12 seldepth 21 multipv 1 score cp -863 nodes 71986 nps 1713952 hashfull 28 tbhits 0 time 42 pv h7g8 f2f3 f6f5 b5d3 b6b5 d3d4 b5a4 a1a4 h5e8 c1e1
Position; fen r1bqkbnr/pppp1ppp/2n5/4p3/2B1P3/5N2/PPPP1PPP/RNBQK2R b KQkq - 0 1
Moves; g8f6 d1e2 f8d6 b1c3 a7a6 e1g1 d6e7 d2d3 h7h6 c3d5 e7c5 b2b4 c6d4 f3d4 c5d4 c2c3 d4b6 d5b6 c7b6 c1e3 d7d6 b4b5 d8c7 b5a6 b7a6 a2a4 e8g8 f1b1 f6d7 e2f3 a6a5 f3g3 g8h7 g3h4 c8a6 c4a6 a8a6 h4e7 c7c6 d3d4 d6d5 d4e5 f8g8 e4d5 c6c3 e7d7 g8c8 b1c1 c3e5 d7c8 e5h5 c8a6 f7f6 a6b5
Warning; Bestmove does not match beginning of last PV - move e5g5 from SF_2200
Info; info depth 13 seldepth 20 multipv 1 score cp -880 nodes 71473 nps 1832641 hashfull 26 tbhits 0 time 39 pv e5e4 b5f1 f6f5 f2f3 e4d5 c1e1 d5b3 b6f2
Position; fen r1bqkbnr/pppp1ppp/2n5/4p3/2B1P3/5N2/PPPP1PPP/RNBQK2R b KQkq - 0 1
Moves; g8f6 d1e2 f8d6 b1c3 a7a6 e1g1 d6e7 d2d3 h7h6 c3d5 e7c5 b2b4 c6d4 f3d4 c5d4 c2c3 d4b6 d5b6 c7b6 c1e3 d7d6 b4b5 d8c7 b5a6 b7a6 a2a4 e8g8 f1b1 f6d7 e2f3 a6a5 f3g3 g8h7 g3h4 c8a6 c4a6 a8a6 h4e7 c7c6 d3d4 d6d5 d4e5 f8g8 e4d5 c6c3 e7d7 g8c8 b1c1 c3e5 d7c8 e5h5 c8a6 f7f6 a6b5 h5e5 e3b6
Warning; Bestmove does not match beginning of last PV - move f6f5 from SF_2200
Info; info depth 13 seldepth 19 multipv 1 score cp -861 nodes 67805 nps 1832567 hashfull 22 tbhits 0 time 37 pv g5g6 c1e1 h6h5 b5f1 h5h4 h2h3 f6f5 g1h1 g6g2 h1g2
Position; fen r1bqkbnr/pppp1ppp/2n5/4p3/2B1P3/5N2/PPPP1PPP/RNBQK2R b KQkq - 0 1
Moves; g8f6 d1e2 f8d6 b1c3 a7a6 e1g1 d6e7 d2d3 h7h6 c3d5 e7c5 b2b4 c6d4 f3d4 c5d4 c2c3 d4b6 d5b6 c7b6 c1e3 d7d6 b4b5 d8c7 b5a6 b7a6 a2a4 e8g8 f1b1 f6d7 e2f3 a6a5 f3g3 g8h7 g3h4 c8a6 c4a6 a8a6 h4e7 c7c6 d3d4 d6d5 d4e5 f8g8 e4d5 c6c3 e7d7 g8c8 b1c1 c3e5 d7c8 e5h5 c8a6 f7f6 a6b5 h5e5 e3b6 e5g5 b6a5
Warning; Bestmove does not match beginning of last PV - move h6h5 from SF_2200
Info; info depth 13 seldepth 15 multipv 1 score cp -870 nodes 68175 nps 2005147 hashfull 21 tbhits 0 time 34 pv g5f4 b5d3 f4g4 f2f3 g4f4 a5b6
Position; fen r1bqkbnr/pppp1ppp/2n5/4p3/2B1P3/5N2/PPPP1PPP/RNBQK2R b KQkq - 0 1
Moves; g8f6 d1e2 f8d6 b1c3 a7a6 e1g1 d6e7 d2d3 h7h6 c3d5 e7c5 b2b4 c6d4 f3d4 c5d4 c2c3 d4b6 d5b6 c7b6 c1e3 d7d6 b4b5 d8c7 b5a6 b7a6 a2a4 e8g8 f1b1 f6d7 e2f3 a6a5 f3g3 g8h7 g3h4 c8a6 c4a6 a8a6 h4e7 c7c6 d3d4 d6d5 d4e5 f8g8 e4d5 c6c3 e7d7 g8c8 b1c1 c3e5 d7c8 e5h5 c8a6 f7f6 a6b5 h5e5 e3b6 e5g5 b6a5 f6f5 d5d6
Warning; Bestmove does not match beginning of last PV - move g5g4 from SF_2200
Info; info depth 12 seldepth 21 multipv 1 score cp -1006 nodes 69029 nps 2157156 hashfull 18 tbhits 0 time 32 pv g5g6 b5d3 g6g4 d3h3 g4h3 g2h3 f5f4 d7d8q h5h4
Position; fen r1bqkbnr/pppp1ppp/2n5/4p3/2B1P3/5N2/PPPP1PPP/RNBQK2R b KQkq - 0 1
Moves; g8f6 d1e2 f8d6 b1c3 a7a6 e1g1 d6e7 d2d3 h7h6 c3d5 e7c5 b2b4 c6d4 f3d4 c5d4 c2c3 d4b6 d5b6 c7b6 c1e3 d7d6 b4b5 d8c7 b5a6 b7a6 a2a4 e8g8 f1b1 f6d7 e2f3 a6a5 f3g3 g8h7 g3h4 c8a6 c4a6 a8a6 h4e7 c7c6 d3d4 d6d5 d4e5 f8g8 e4d5 c6c3 e7d7 g8c8 b1c1 c3e5 d7c8 e5h5 c8a6 f7f6 a6b5 h5e5 e3b6 e5g5 b6a5 f6f5 d5d6 h6h5 d6d7
Warning; Bestmove does not match beginning of last PV - move g4e4 from SF_2200
Info; info depth 13 seldepth 15 multipv 1 score cp -1028 nodes 62717 nps 2090566 hashfull 41 tbhits 0 time 30 pv g4g6 b5d3 g6g4 d3g3 g4g3 h2g3 h5h4 c1c8 h4g3 d8h8 h7g6
Position; fen r1bqkbnr/pppp1ppp/2n5/4p3/2B1P3/5N2/PPPP1PPP/RNBQK2R b KQkq - 0 1
Moves; g8f6 d1e2 f8d6 b1c3 a7a6 e1g1 d6e7 d2d3 h7h6 c3d5 e7c5 b2b4 c6d4 f3d4 c5d4 c2c3 d4b6 d5b6 c7b6 c1e3 d7d6 b4b5 d8c7 b5a6 b7a6 a2a4 e8g8 f1b1 f6d7 e2f3 a6a5 f3g3 g8h7 g3h4 c8a6 c4a6 a8a6 h4e7 c7c6 d3d4 d6d5 d4e5 f8g8 e4d5 c6c3 e7d7 g8c8 b1c1 c3e5 d7c8 e5h5 c8a6 f7f6 a6b5 h5e5 e3b6 e5g5 b6a5 f6f5 d5d6 h6h5 d6d7 g5g4 d7d8q
Warning; Bestmove does not match beginning of last PV - move h7h8 from SF_2200
Info; info depth 33 seldepth 9 multipv 1 score mate -4 nodes 10150 nps 1691666 hashfull 10 tbhits 0 time 6 pv g4f5 g5f5 g7g6 c1c7 h7h6 a5d2 g6g5 f5g5
Position; fen r1bqkbnr/pppp1ppp/2n5/4p3/2B1P3/5N2/PPPP1PPP/RNBQK2R b KQkq - 0 1
Moves; g8f6 d1e2 f8d6 b1c3 a7a6 e1g1 d6e7 d2d3 h7h6 c3d5 e7c5 b2b4 c6d4 f3d4 c5d4 c2c3 d4b6 d5b6 c7b6 c1e3 d7d6 b4b5 d8c7 b5a6 b7a6 a2a4 e8g8 f1b1 f6d7 e2f3 a6a5 f3g3 g8h7 g3h4 c8a6 c4a6 a8a6 h4e7 c7c6 d3d4 d6d5 d4e5 f8g8 e4d5 c6c3 e7d7 g8c8 b1c1 c3e5 d7c8 e5h5 c8a6 f7f6 a6b5 h5e5 e3b6 e5g5 b6a5 f6f5 d5d6 h6h5 d6d7 g5g4 d7d8q g4e4 d8g5 e4g4 b5f5
Finished game 5 (HiveChess vs SF_2200): 1-0 {White mates}
Started game 6 of 10 (SF_2200 vs HiveChess)
Warning; Bestmove does not match beginning of last PV - move d2d4 from SF_2200
Info; info depth 11 seldepth 32 multipv 1 score cp 100 nodes 146754 nps 506048 hashfull 45 tbhits 0 time 290 pv g5f7 e8f7 d1f3 f7e6 b1c3 c6b4 c4b3 c7c6 a2a3 d8f6 f3e2 b4a6 d2d4 a6c7 c3e4 f6g6 c2c4 d5f4 c1f4 e5f4 e1g1
Position; fen r1bqkbnr/pppp1ppp/2n5/4p3/2B1P3/5N2/PPPP1PPP/RNBQK2R b KQkq - 0 1
Moves; g8f6 f3g5 d7d5 e4d5 f6d5
Warning; Bestmove does not match beginning of last PV - move g5f7 from SF_2200
Info; info depth 10 seldepth 15 multipv 1 score cp 204 nodes 41013 nps 525807 hashfull 10 tbhits 0 time 78 pv c2c3 b4e7 g5f7 e8f7 d1f3 f7e8 c4d5 h8f8 d5c6 b7c6 f3h5 g7g6 h5h7
Position; fen r1bqkbnr/pppp1ppp/2n5/4p3/2B1P3/5N2/PPPP1PPP/RNBQK2R b KQkq - 0 1
Moves; g8f6 f3g5 d7d5 e4d5 f6d5 d2d4 e5d4 e1g1 f8b4
Warning; Bestmove does not match beginning of last PV - move d1h5 from SF_2200
Info; info depth 12 seldepth 18 multipv 1 score cp 153 nodes 157028 nps 452530 hashfull 48 tbhits 0 time 347 pv a2a3 c8e6 a3b4 h8e8 f1e1 c6b4 c1d2 d8f6 c2c3 d4c3 b1c3 f7g8 e1e6 f6e6 d1b3
Position; fen r1bqkbnr/pppp1ppp/2n5/4p3/2B1P3/5N2/PPPP1PPP/RNBQK2R b KQkq - 0 1
Moves; g8f6 f3g5 d7d5 e4d5 f6d5 d2d4 e5d4 e1g1 f8b4 g5f7 e8f7
Warning; Bestmove does not match beginning of last PV - move c1g5 from SF_2200
Info; info depth 11 seldepth 23 multipv 1 score cp 144 nodes 97141 nps 483288 hashfull 35 tbhits 0 time 201 pv c3d4 c6d4 b1c3 c7c6 d5e4 f6e5 h5h4 c8f5 f1d1 a8e8 c1e3 d6e7 h4g3 e5g3
Position; fen r1bqkbnr/pppp1ppp/2n5/4p3/2B1P3/5N2/PPPP1PPP/RNBQK2R b KQkq - 0 1
Moves; g8f6 f3g5 d7d5 e4d5 f6d5 d2d4 e5d4 e1g1 f8b4 g5f7 e8f7 d1h5 f7f8 c4d5 d8f6 c2c3 b4d6
Warning; Bestmove does not match beginning of last PV - move h5f3 from SF_2200
Info; info depth 14 seldepth 13 multipv 1 score cp 119 nodes 112594 nps 479123 hashfull 42 tbhits 0 time 235 pv h5g6 h7g6 h2h4 a8b8 c3d4 c6d4 b1c3 c8f5
Position; fen r1bqkbnr/pppp1ppp/2n5/4p3/2B1P3/5N2/PPPP1PPP/RNBQK2R b KQkq - 0 1
Moves; g8f6 f3g5 d7d5 e4d5 f6d5 d2d4 e5d4 e1g1 f8b4 g5f7 e8f7 d1h5 f7f8 c4d5 d8f6 c2c3 b4d6 c1g5 f6g6
Warning; Bestmove does not match beginning of last PV - move f3f5 from SF_2200
Info; info depth 10 seldepth 21 multipv 1 score cp 119 nodes 73823 nps 595346 hashfull 20 tbhits 0 time 124 pv f1d1 h7h6 g5h4 f5f3 d5f3 g7g5 h4g3 d6g3 h2g3 c6e5 c3d4 e5f3 g2f3 h8h7 g1g2
Position; fen r1bqkbnr/pppp1ppp/2n5/4p3/2B1P3/5N2/PPPP1PPP/RNBQK2R b KQkq - 0 1
Moves; g8f6 f3g5 d7d5 e4d5 f6d5 d2d4 e5d4 e1g1 f8b4 g5f7 e8f7 d1h5 f7f8 c4d5 d8f6 c2c3 b4d6 c1g5 f6g6 h5f3 g6f5
Warning; Bestmove does not match beginning of last PV - move f1e1 from SF_2200
Info; info depth 12 seldepth 16 multipv 1 score cp 67 nodes 109774 nps 568777 hashfull 34 tbhits 0 time 193 pv c3d4 c6d4 b1c3 f5e6 d5e4 f8f7 f1e1 h8e8 a1d1 h7h6 g5e3
Position; fen r1bqkbnr/pppp1ppp/2n5/4p3/2B1P3/5N2/PPPP1PPP/RNBQK2R b KQkq - 0 1
Moves; g8f6 f3g5 d7d5 e4d5 f6d5 d2d4 e5d4 e1g1 f8b4 g5f7 e8f7 d1h5 f7f8 c4d5 d8f6 c2c3 b4d6 c1g5 f6g6 h5f3 g6f5 f3f5 c8f5
Warning; Bestmove does not match beginning of last PV - move g5c1 from SF_2200
Info; info depth 11 seldepth 28 multipv 1 score cp 60 nodes 58900 nps 613541 hashfull 19 tbhits 0 time 96 pv g5d2 d4d3 h2h3 g7g5 b1a3 a8d8 a3c4
Position; fen r1bqkbnr/pppp1ppp/2n5/4p3/2B1P3/5N2/PPPP1PPP/RNBQK2R b KQkq - 0 1
Moves; g8f6 f3g5 d7d5 e4d5 f6d5 d2d4 e5d4 e1g1 f8b4 g5f7 e8f7 d1h5 f7f8 c4d5 d8f6 c2c3 b4d6 c1g5 f6g6 h5f3 g6f5 f3f5 c8f5 f1e1 h7h6
Warning; Bestmove does not match beginning of last PV - move b2b3 from SF_2200
Info; info depth 12 seldepth 12 multipv 1 score cp 56 nodes 59508 nps 743850 hashfull 15 tbhits 0 time 80 pv c3d4 f8f7 c1e3 d8b8 b2b3 a7a5 b1d2 a5a4 e1c1 a4b3 d2b3
Position; fen r1bqkbnr/pppp1ppp/2n5/4p3/2B1P3/5N2/PPPP1PPP/RNBQK2R b KQkq - 0 1
Moves; g8f6 f3g5 d7d5 e4d5 f6d5 d2d4 e5d4 e1g1 f8b4 g5f7 e8f7 d1h5 f7f8 c4d5 d8f6 c2c3 b4d6 c1g5 f6g6 h5f3 g6f5 f3f5 c8f5 f1e1 h7h6 g5c1 a8d8 d5c6 b7c6
Warning; Bestmove does not match beginning of last PV - move e1d1 from SF_2200
Info; info depth 10 seldepth 11 multipv 1 score cp -33 nodes 25511 nps 797218 hashfull 10 tbhits 0 time 32 pv e1e5 f5d3 c1b2 f8f7 a3b5 c7c5 a2a3
Position; fen r1bqkbnr/pppp1ppp/2n5/4p3/2B1P3/5N2/PPPP1PPP/RNBQK2R b KQkq - 0 1
Moves; g8f6 f3g5 d7d5 e4d5 f6d5 d2d4 e5d4 e1g1 f8b4 g5f7 e8f7 d1h5 f7f8 c4d5 d8f6 c2c3 b4d6 c1g5 f6g6 h5f3 g6f5 f3f5 c8f5 f1e1 h7h6 g5c1 a8d8 d5c6 b7c6 b2b3 c6c5 c3d4 c5d4 b1a3 d6b4
Warning; Bestmove does not match beginning of last PV - move a1b1 from SF_2200
Info; info depth 13 seldepth 21 multipv 1 score cp -267 nodes 32341 nps 703065 hashfull 8 tbhits 0 time 46 pv c1f4 c3a1 d1a1 f8g8 f4c7 d8d5 f2f4 g8h7 a3c4 h8e8
Position; fen r1bqkbnr/pppp1ppp/2n5/4p3/2B1P3/5N2/PPPP1PPP/RNBQK2R b KQkq - 0 1
Moves; g8f6 f3g5 d7d5 e4d5 f6d5 d2d4 e5d4 e1g1 f8b4 g5f7 e8f7 d1h5 f7f8 c4d5 d8f6 c2c3 b4d6 c1g5 f6g6 h5f3 g6f5 f3f5 c8f5 f1e1 h7h6 g5c1 a8d8 d5c6 b7c6 b2b3 c6c5 c3d4 c5d4 b1a3 d6b4 e1d1 b4c3
Warning; Bestmove does not match beginning of last PV - move g1f1 from SF_2200
Info; info depth 10 seldepth 12 multipv 1 score cp -330 nodes 8322 nps 832200 hashfull 1 tbhits 0 time 10 pv c1d2 f5b1 a3b1 c3d2 d1d2 d4d3 g1f1
Position; fen r1bqkbnr/pppp1ppp/2n5/4p3/2B1P3/5N2/PPPP1PPP/RNBQK2R b KQkq - 0 1
Moves; g8f6 f3g5 d7d5 e4d5 f6d5 d2d4 e5d4 e1g1 f8b4 g5f7 e8f7 d1h5 f7f8 c4d5 d8f6 c2c3 b4d6 c1g5 f6g6 h5f3 g6f5 f3f5 c8f5 f1e1 h7h6 g5c1 a8d8 d5c6 b7c6 b2b3 c6c5 c3d4 c5d4 b1a3 d6b4 e1d1 b4c3 a1b1 f8f7
Warning; Bestmove does not match beginning of last PV - move f2f4 from SF_2200
Info; info depth 13 seldepth 18 multipv 1 score cp -336 nodes 24957 nps 623925 hashfull 6 tbhits 0 time 40 pv c1b2 f5b1 b2c3 d4c3 d1b1 d8d2 b1c1 d2a2 c1c3 a2a1 f1e2
Position; fen r1bqkbnr/pppp1ppp/2n5/4p3/2B1P3/5N2/PPPP1PPP/RNBQK2R b KQkq - 0 1
Moves; g8f6 f3g5 d7d5 e4d5 f6d5 d2d4 e5d4 e1g1 f8b4 g5f7 e8f7 d1h5 f7f8 c4d5 d8f6 c2c3 b4d6 c1g5 f6g6 h5f3 g6f5 f3f5 c8f5 f1e1 h7h6 g5c1 a8d8 d5c6 b7c6 b2b3 c6c5 c3d4 c5d4 b1a3 d6b4 e1d1 b4c3 a1b1 f8f7 g1f1 g7g5
Warning; Bestmove does not match beginning of last PV - move f4g5 from SF_2200
Info; info depth 13 seldepth 23 multipv 1 score cp -416 nodes 33689 nps 635641 hashfull 13 tbhits 0 time 53 pv h2h3 f7g8 g2g4 f5b1 a3b1 g5f4 c1d2 c3d2 b1d2
Position; fen r1bqkbnr/pppp1ppp/2n5/4p3/2B1P3/5N2/PPPP1PPP/RNBQK2R b KQkq - 0 1
Moves; g8f6 f3g5 d7d5 e4d5 f6d5 d2d4 e5d4 e1g1 f8b4 g5f7 e8f7 d1h5 f7f8 c4d5 d8f6 c2c3 b4d6 c1g5 f6g6 h5f3 g6f5 f3f5 c8f5 f1e1 h7h6 g5c1 a8d8 d5c6 b7c6 b2b3 c6c5 c3d4 c5d4 b1a3 d6b4 e1d1 b4c3 a1b1 f8f7 g1f1 g7g5 f2f4 h8f8
Warning; Bestmove does not match beginning of last PV - move b2c2 from SF_2200
Info; info depth 12 seldepth 15 multipv 1 score cp -467 nodes 29140 nps 710731 hashfull 12 tbhits 0 time 41 pv d2f2 f8f2 b2f2 e1c1 f2f8 d4d3 f8g8 g6f7 g8c8
Position; fen r1bqkbnr/pppp1ppp/2n5/4p3/2B1P3/5N2/PPPP1PPP/RNBQK2R b KQkq - 0 1
Moves; g8f6 f3g5 d7d5 e4d5 f6d5 d2d4 e5d4 e1g1 f8b4 g5f7 e8f7 d1h5 f7f8 c4d5 d8f6 c2c3 b4d6 c1g5 f6g6 h5f3 g6f5 f3f5 c8f5 f1e1 h7h6 g5c1 a8d8 d5c6 b7c6 b2b3 c6c5 c3d4 c5d4 b1a3 d6b4 e1d1 b4c3 a1b1 f8f7 g1f1 g7g5 f2f4 h8f8 f4g5 f7g6 f1g1 h6g5 b1b2 f5g4 d1d2 d8e8 h2h3 e8e1 g1h2 g4c8
Warning; Bestmove does not match beginning of last PV - move h2g1 from SF_2200
Info; info depth 13 seldepth 18 multipv 1 score cp -561 nodes 17203 nps 716791 hashfull 8 tbhits 0 time 24 pv g2g3 d4d3 c2g2 f4d6 a3c4 f8h8 g2d2 h8h3 h2g2 h3g3 g2h2 g3f3 h2g2 f3h3
Position; fen r1bqkbnr/pppp1ppp/2n5/4p3/2B1P3/5N2/PPPP1PPP/RNBQK2R b KQkq - 0 1
Moves; g8f6 f3g5 d7d5 e4d5 f6d5 d2d4 e5d4 e1g1 f8b4 g5f7 e8f7 d1h5 f7f8 c4d5 d8f6 c2c3 b4d6 c1g5 f6g6 h5f3 g6f5 f3f5 c8f5 f1e1 h7h6 g5c1 a8d8 d5c6 b7c6 b2b3 c6c5 c3d4 c5d4 b1a3 d6b4 e1d1 b4c3 a1b1 f8f7 g1f1 g7g5 f2f4 h8f8 f4g5 f7g6 f1g1 h6g5 b1b2 f5g4 d1d2 d8e8 h2h3 e8e1 g1h2 g4c8 b2c2 e1c1 c2c1 c3d2 c1c2 d2f4
Warning; Bestmove does not match beginning of last PV - move a3b1 from SF_2200
Info; info depth 12 seldepth 16 multipv 1 score cp -607 nodes 27453 nps 915100 hashfull 55 tbhits 0 time 30 pv a3c4 c8b7 c6c5 d3d2 g1f2 d2d1q c4e5 f7e6
Position; fen r1bqkbnr/pppp1ppp/2n5/4p3/2B1P3/5N2/PPPP1PPP/RNBQK2R b KQkq - 0 1
Moves; g8f6 f3g5 d7d5 e4d5 f6d5 d2d4 e5d4 e1g1 f8b4 g5f7 e8f7 d1h5 f7f8 c4d5 d8f6 c2c3 b4d6 c1g5 f6g6 h5f3 g6f5 f3f5 c8f5 f1e1 h7h6 g5c1 a8d8 d5c6 b7c6 b2b3 c6c5 c3d4 c5d4 b1a3 d6b4 e1d1 b4c3 a1b1 f8f7 g1f1 g7g5 f2f4 h8f8 f4g5 f7g6 f1g1 h6g5 b1b2 f5g4 d1d2 d8e8 h2h3 e8e1 g1h2 g4c8 b2c2 e1c1 c2c1 c3d2 c1c2 d2f4 h2g1 d4d3 c2c6 g6f7
Warning; Bestmove does not match beginning of last PV - move g2g3 from SF_2200
Info; info depth 13 seldepth 14 multipv 1 score cp -632 nodes 33394 nps 1451913 hashfull 17 tbhits 0 time 23 pv h4g5 f4e3 g1h2 f7g6 c4g4 d2a2 h2h3 e3g5 g4g3 g6f6
Position; fen r1bqkbnr/pppp1ppp/2n5/4p3/2B1P3/5N2/PPPP1PPP/RNBQK2R b KQkq - 0 1
Moves; g8f6 f3g5 d7d5 e4d5 f6d5 d2d4 e5d4 e1g1 f8b4 g5f7 e8f7 d1h5 f7f8 c4d5 d8f6 c2c3 b4d6 c1g5 f6g6 h5f3 g6f5 f3f5 c8f5 f1e1 h7h6 g5c1 a8d8 d5c6 b7c6 b2b3 c6c5 c3d4 c5d4 b1a3 d6b4 e1d1 b4c3 a1b1 f8f7 g1f1 g7g5 f2f4 h8f8 f4g5 f7g6 f1g1 h6g5 b1b2 f5g4 d1d2 d8e8 h2h3 e8e1 g1h2 g4c8 b2c2 e1c1 c2c1 c3d2 c1c2 d2f4 h2g1 d4d3 c2c6 g6f7 a3b1 f8d8 h3h4 c8b7 c6c4 d3d2 b1d2 d8d2
Warning; Bestmove does not match beginning of last PV - move c4c1 from SF_2200
Info; info depth 12 seldepth 15 multipv 1 score cp -725 nodes 32097 nps 1528428 hashfull 44 tbhits 0 time 21 pv g1f1 b7a6 h4g5 a6c4 b3c4 f7g8 c4c5 g3f4 c5c6
Position; fen r1bqkbnr/pppp1ppp/2n5/4p3/2B1P3/5N2/PPPP1PPP/RNBQK2R b KQkq - 0 1
Moves; g8f6 f3g5 d7d5 e4d5 f6d5 d2d4 e5d4 e1g1 f8b4 g5f7 e8f7 d1h5 f7f8 c4d5 d8f6 c2c3 b4d6 c1g5 f6g6 h5f3 g6f5 f3f5 c8f5 f1e1 h7h6 g5c1 a8d8 d5c6 b7c6 b2b3 c6c5 c3d4 c5d4 b1a3 d6b4 e1d1 b4c3 a1b1 f8f7 g1f1 g7g5 f2f4 h8f8 f4g5 f7g6 f1g1 h6g5 b1b2 f5g4 d1d2 d8e8 h2h3 e8e1 g1h2 g4c8 b2c2 e1c1 c2c1 c3d2 c1c2 d2f4 h2g1 d4d3 c2c6 g6f7 a3b1 f8d8 h3h4 c8b7 c6c4 d3d2 b1d2 d8d2 g2g3 f4g3
Warning; Bestmove does not match beginning of last PV - move c1c7 from SF_2200
Info; info depth 14 seldepth 25 multipv 1 score cp -732 nodes 34722 nps 1736100 hashfull 18 tbhits 0 time 20 pv c1f1 f7e6 f1f8 a2a1 f8f1 a1f1 g1f1 g5g4 h4h5 b7a6 f1g1 g3e5 h5h6 e5d4 g1g2 d4h8 g2g3
Position; fen r1bqkbnr/pppp1ppp/2n5/4p3/2B1P3/5N2/PPPP1PPP/RNBQK2R b KQkq - 0 1
Moves; g8f6 f3g5 d7d5 e4d5 f6d5 d2d4 e5d4 e1g1 f8b4 g5f7 e8f7 d1h5 f7f8 c4d5 d8f6 c2c3 b4d6 c1g5 f6g6 h5f3 g6f5 f3f5 c8f5 f1e1 h7h6 g5c1 a8d8 d5c6 b7c6 b2b3 c6c5 c3d4 c5d4 b1a3 d6b4 e1d1 b4c3 a1b1 f8f7 g1f1 g7g5 f2f4 h8f8 f4g5 f7g6 f1g1 h6g5 b1b2 f5g4 d1d2 d8e8 h2h3 e8e1 g1h2 g4c8 b2c2 e1c1 c2c1 c3d2 c1c2 d2f4 h2g1 d4d3 c2c6 g6f7 a3b1 f8d8 h3h4 c8b7 c6c4 d3d2 b1d2 d8d2 g2g3 f4g3 c4c1 d2a2
Warning; Bestmove does not match beginning of last PV - move f1g1 from SF_2200
Info; info depth 245 seldepth 7 multipv 1 score mate -3 nodes 271471 nps 7984441 hashfull 26 tbhits 0 time 34 pv h4g5 b7a6 f1g1 g3h2 g1h1 a6b7
Position; fen r1bqkbnr/pppp1ppp/2n5/4p3/2B1P3/5N2/PPPP1PPP/RNBQK2R b KQkq - 0 1
Moves; g8f6 f3g5 d7d5 e4d5 f6d5 d2d4 e5d4 e1g1 f8b4 g5f7 e8f7 d1h5 f7f8 c4d5 d8f6 c2c3 b4d6 c1g5 f6g6 h5f3 g6f5 f3f5 c8f5 f1e1 h7h6 g5c1 a8d8 d5c6 b7c6 b2b3 c6c5 c3d4 c5d4 b1a3 d6b4 e1d1 b4c3 a1b1 f8f7 g1f1 g7g5 f2f4 h8f8 f4g5 f7g6 f1g1 h6g5 b1b2 f5g4 d1d2 d8e8 h2h3 e8e1 g1h2 g4c8 b2c2 e1c1 c2c1 c3d2 c1c2 d2f4 h2g1 d4d3 c2c6 g6f7 a3b1 f8d8 h3h4 c8b7 c6c4 d3d2 b1d2 d8d2 g2g3 f4g3 c4c1 d2a2 c1c7 g3c7 g1f1 c7g3
Finished game 6 (SF_2200 vs HiveChess): 0-1 {Black mates}
Started game 7 of 10 (HiveChess vs SF_2300)
Warning; Bestmove does not match beginning of last PV - move b7c6 from SF_2300
Info; info depth 14 seldepth 25 multipv 1 score cp 327 nodes 74400 nps 425142 hashfull 23 tbhits 0 time 175 pv e8e2 c4e2 f6d5 d2d4 b7c6 c1d2 d8h4 b1a3 c8f5 a3c4 a8e8 c4e5 h7h6 e1c1
Position; fen r1bqkbnr/pppp1ppp/2n5/4p3/2B1P3/5N2/PPPP1PPP/RNBQK2R b KQkq - 0 1
Moves; g8f6 d1e2 f8c5 c2c3 e8g8 b2b4 d7d5 e4d5 e5e4 d5c6 e4f3 g2f3 f8e8 b4c5
Warning; Bestmove does not match beginning of last PV - move c8h3 from SF_2300
Info; info depth 14 seldepth 22 multipv 1 score cp 361 nodes 47772 nps 482545 hashfull 15 tbhits 0 time 99 pv f6d5 c1d2 c8f5 b1a3 d8h4 e1c1 a8b8 d1e1 h4f2 e2d1
Position; fen r1bqkbnr/pppp1ppp/2n5/4p3/2B1P3/5N2/PPPP1PPP/RNBQK2R b KQkq - 0 1
Moves; g8f6 d1e2 f8c5 c2c3 e8g8 b2b4 d7d5 e4d5 e5e4 d5c6 e4f3 g2f3 f8e8 b4c5 b7c6 d2d4 e8e2 c4e2
Warning; Bestmove does not match beginning of last PV - move g8f8 from SF_2300
Info; info depth 13 seldepth 19 multipv 1 score cp 360 nodes 71296 nps 285184 hashfull 27 tbhits 0 time 250 pv f6d5 c1h6 g7g6 h6e3 h3f5 b1d2 d5c3 d2e4 c3e4
Position; fen r1bqkbnr/pppp1ppp/2n5/4p3/2B1P3/5N2/PPPP1PPP/RNBQK2R b KQkq - 0 1
Moves; g8f6 d1e2 f8c5 c2c3 e8g8 b2b4 d7d5 e4d5 e5e4 d5c6 e4f3 g2f3 f8e8 b4c5 b7c6 d2d4 e8e2 c4e2 c8h3 h1g1
Warning; Bestmove does not match beginning of last PV - move d8e7 from SF_2300
Info; info depth 15 seldepth 19 multipv 1 score cp 293 nodes 50894 nps 471240 hashfull 19 tbhits 0 time 108 pv f6d5 d2e4 h3f5 c1g5 d8e8 e1c1 f5e4 d1e1 e4g6 e2c4 e8b8 c4b3 g6f5
Position; fen r1bqkbnr/pppp1ppp/2n5/4p3/2B1P3/5N2/PPPP1PPP/RNBQK2R b KQkq - 0 1
Moves; g8f6 d1e2 f8c5 c2c3 e8g8 b2b4 d7d5 e4d5 e5e4 d5c6 e4f3 g2f3 f8e8 b4c5 b7c6 d2d4 e8e2 c4e2 c8h3 h1g1 g8f8 b1d2
Warning; Bestmove does not match beginning of last PV - move a8b8 from SF_2300
Info; info depth 13 seldepth 17 multipv 1 score cp 315 nodes 51277 nps 488352 hashfull 18 tbhits 0 time 105 pv e7e6 h3g3 d5c3 f3e4 c3e2 e1e2 e6e4 c1e3 a8b8 a1d1 f8g8 d1d3 b8b2 d3d2
Position; fen r1bqkbnr/pppp1ppp/2n5/4p3/2B1P3/5N2/PPPP1PPP/RNBQK2R b KQkq - 0 1
Moves; g8f6 d1e2 f8c5 c2c3 e8g8 b2b4 d7d5 e4d5 e5e4 d5c6 e4f3 g2f3 f8e8 b4c5 b7c6 d2d4 e8e2 c4e2 c8h3 h1g1 g8f8 b1d2 d8e7 g1g5 f6d5 d2e4 f7f5 g5g3 f5e4 g3h3
Warning; Bestmove does not match beginning of last PV - move b8b2 from SF_2300
Info; info depth 13 seldepth 30 multipv 1 score cp 310 nodes 76106 nps 453011 hashfull 27 tbhits 0 time 168 pv e7e6 h3g3 e4e3 f2e3 d5e3 e1f2 e3d5 c3c4 d5f6 a1d1 e6f5 f2g1 f5c2 g3g2 b8e8 g1f2 c2a2 e2d3
Position; fen r1bqkbnr/pppp1ppp/2n5/4p3/2B1P3/5N2/PPPP1PPP/RNBQK2R b KQkq - 0 1
Moves; g8f6 d1e2 f8c5 c2c3 e8g8 b2b4 d7d5 e4d5 e5e4 d5c6 e4f3 g2f3 f8e8 b4c5 b7c6 d2d4 e8e2 c4e2 c8h3 h1g1 g8f8 b1d2 d8e7 g1g5 f6d5 d2e4 f7f5 g5g3 f5e4 g3h3 a8b8 c1d2
Warning; Bestmove does not match beginning of last PV - move d5b4 from SF_2300
Info; info depth 12 seldepth 17 multipv 1 score cp 423 nodes 29866 nps 497766 hashfull 10 tbhits 0 time 60 pv e4e3 c4d5 e3d2 e1d1 c6d5 h3h7 e7f6 h7h8 f8f7
Position; fen r1bqkbnr/pppp1ppp/2n5/4p3/2B1P3/5N2/PPPP1PPP/RNBQK2R b KQkq - 0 1
Moves; g8f6 d1e2 f8c5 c2c3 e8g8 b2b4 d7d5 e4d5 e5e4 d5c6 e4f3 g2f3 f8e8 b4c5 b7c6 d2d4 e8e2 c4e2 c8h3 h1g1 g8f8 b1d2 d8e7 g1g5 f6d5 d2e4 f7f5 g5g3 f5e4 g3h3 a8b8 c1d2 b8b2 c3c4
Warning; Bestmove does not match beginning of last PV - move e4f3 from SF_2300
Info; info depth 12 seldepth 17 multipv 1 score cp 368 nodes 19799 nps 618718 hashfull 6 tbhits 0 time 32 pv b2c2 c1b1 e4e3 d2b4 c2e2 f2e3 e7e3 h3h7 e3f3 d1d2
Position; fen r1bqkbnr/pppp1ppp/2n5/4p3/2B1P3/5N2/PPPP1PPP/RNBQK2R b KQkq - 0 1
Moves; g8f6 d1e2 f8c5 c2c3 e8g8 b2b4 d7d5 e4d5 e5e4 d5c6 e4f3 g2f3 f8e8 b4c5 b7c6 d2d4 e8e2 c4e2 c8h3 h1g1 g8f8 b1d2 d8e7 g1g5 f6d5 d2e4 f7f5 g5g3 f5e4 g3h3 a8b8 c1d2 b8b2 c3c4 d5b4 e1c1
Warning; Bestmove does not match beginning of last PV - move e7d7 from SF_2300
Info; info depth 11 seldepth 23 multipv 1 score cp -330 nodes 57974 nps 1017087 hashfull 16 tbhits 0 time 57 pv e7f7 d2b4 c2e2 e3e2 f7c4 e2b2 a7a5 b4a3 a5a4 b2c2 c4f7 b1b2 f7f3 d1d2 h7h5 c2c1
Position; fen r1bqkbnr/pppp1ppp/2n5/4p3/2B1P3/5N2/PPPP1PPP/RNBQK2R b KQkq - 0 1
Moves; g8f6 d1e2 f8c5 c2c3 e8g8 b2b4 d7d5 e4d5 e5e4 d5c6 e4f3 g2f3 f8e8 b4c5 b7c6 d2d4 e8e2 c4e2 c8h3 h1g1 g8f8 b1d2 d8e7 g1g5 f6d5 d2e4 f7f5 g5g3 f5e4 g3h3 a8b8 c1d2 b8b2 c3c4 d5b4 e1c1 e4f3 h3f3 f8g8 f3e3 b2c2 c1b1
Warning; Bestmove does not match beginning of last PV - move c2e2 from SF_2300
Info; info depth 13 seldepth 19 multipv 1 score cp -450 nodes 52926 nps 980111 hashfull 22 tbhits 0 time 54 pv a7a5 b1c2 a5b4 c2d2 d7d4 d2e1 d4b2 e1f1 b2a2 d1d8 g8f7 d8d7 f7f8
Position; fen r1bqkbnr/pppp1ppp/2n5/4p3/2B1P3/5N2/PPPP1PPP/RNBQK2R b KQkq - 0 1
Moves; g8f6 d1e2 f8c5 c2c3 e8g8 b2b4 d7d5 e4d5 e5e4 d5c6 e4f3 g2f3 f8e8 b4c5 b7c6 d2d4 e8e2 c4e2 c8h3 h1g1 g8f8 b1d2 d8e7 g1g5 f6d5 d2e4 f7f5 g5g3 f5e4 g3h3 a8b8 c1d2 b8b2 c3c4 d5b4 e1c1 e4f3 h3f3 f8g8 f3e3 b2c2 c1b1 e7d7 d2b4
Warning; Bestmove does not match beginning of last PV - move d7g4 from SF_2300
Info; info depth 10 seldepth 14 multipv 1 score cp -424 nodes 19564 nps 1029684 hashfull 4 tbhits 0 time 19 pv d7h3 b1b2 h3h2 d4d5 c6d5 c4d5 h2f4 b4c3 f4a4 e2c2 a4b5 b2a1
Position; fen r1bqkbnr/pppp1ppp/2n5/4p3/2B1P3/5N2/PPPP1PPP/RNBQK2R b KQkq - 0 1
Moves; g8f6 d1e2 f8c5 c2c3 e8g8 b2b4 d7d5 e4d5 e5e4 d5c6 e4f3 g2f3 f8e8 b4c5 b7c6 d2d4 e8e2 c4e2 c8h3 h1g1 g8f8 b1d2 d8e7 g1g5 f6d5 d2e4 f7f5 g5g3 f5e4 g3h3 a8b8 c1d2 b8b2 c3c4 d5b4 e1c1 e4f3 h3f3 f8g8 f3e3 b2c2 c1b1 e7d7 d2b4 c2e2 e3e2
Warning; Bestmove does not match beginning of last PV - move h7h6 from SF_2300
Info; info depth 12 seldepth 23 multipv 1 score cp -414 nodes 41948 nps 998761 hashfull 10 tbhits 0 time 42 pv a7a5 b4a5 g4c8 e2e1 c8a6 a5c3 g8f8 d2c2 a6c4 c3b2 c4b5 d4d5
Position; fen r1bqkbnr/pppp1ppp/2n5/4p3/2B1P3/5N2/PPPP1PPP/RNBQK2R b KQkq - 0 1
Moves; g8f6 d1e2 f8c5 c2c3 e8g8 b2b4 d7d5 e4d5 e5e4 d5c6 e4f3 g2f3 f8e8 b4c5 b7c6 d2d4 e8e2 c4e2 c8h3 h1g1 g8f8 b1d2 d8e7 g1g5 f6d5 d2e4 f7f5 g5g3 f5e4 g3h3 a8b8 c1d2 b8b2 c3c4 d5b4 e1c1 e4f3 h3f3 f8g8 f3e3 b2c2 c1b1 e7d7 d2b4 c2e2 e3e2 d7g4 d1d2
Warning; Bestmove does not match beginning of last PV - move g8h7 from SF_2300
Info; info depth 15 seldepth 19 multipv 1 score cp -436 nodes 36732 nps 706384 hashfull 11 tbhits 0 time 52 pv g8f7 e8e1 a7a5 b4a5 g4c8 a5b4 c8a6 b1a1 a6c4 a2a3 g7g6
Position; fen r1bqkbnr/pppp1ppp/2n5/4p3/2B1P3/5N2/PPPP1PPP/RNBQK2R b KQkq - 0 1
Moves; g8f6 d1e2 f8c5 c2c3 e8g8 b2b4 d7d5 e4d5 e5e4 d5c6 e4f3 g2f3 f8e8 b4c5 b7c6 d2d4 e8e2 c4e2 c8h3 h1g1 g8f8 b1d2 d8e7 g1g5 f6d5 d2e4 f7f5 g5g3 f5e4 g3h3 a8b8 c1d2 b8b2 c3c4 d5b4 e1c1 e4f3 h3f3 f8g8 f3e3 b2c2 c1b1 e7d7 d2b4 c2e2 e3e2 d7g4 d1d2 h7h6 e2e8
Warning; Bestmove does not match beginning of last PV - move e6f5 from SF_2300
Info; info depth 13 seldepth 19 multipv 1 score cp -340 nodes 44296 nps 984355 hashfull 16 tbhits 0 time 45 pv e6h3 b1b2 h3h2 a8a7 h2f4 a7a3 f4d4 a3c3 d4f4 c3h3 h6h5 h3e3 h5h4
Position; fen r1bqkbnr/pppp1ppp/2n5/4p3/2B1P3/5N2/PPPP1PPP/RNBQK2R b KQkq - 0 1
Moves; g8f6 d1e2 f8c5 c2c3 e8g8 b2b4 d7d5 e4d5 e5e4 d5c6 e4f3 g2f3 f8e8 b4c5 b7c6 d2d4 e8e2 c4e2 c8h3 h1g1 g8f8 b1d2 d8e7 g1g5 f6d5 d2e4 f7f5 g5g3 f5e4 g3h3 a8b8 c1d2 b8b2 c3c4 d5b4 e1c1 e4f3 h3f3 f8g8 f3e3 b2c2 c1b1 e7d7 d2b4 c2e2 e3e2 d7g4 d1d2 h7h6 e2e8 g8h7 e8a8 g4e6 d2c2
Warning; Bestmove does not match beginning of last PV - move g7g5 from SF_2300
Info; info depth 13 seldepth 15 multipv 1 score cp -434 nodes 49090 nps 1326756 hashfull 19 tbhits 0 time 37 pv h6h5 b4d2 f4d4 a7c7 d4c5 c7b7 h7g8 d2c3 c5c4 b7g7 g8f8
Position; fen r1bqkbnr/pppp1ppp/2n5/4p3/2B1P3/5N2/PPPP1PPP/RNBQK2R b KQkq - 0 1
Moves; g8f6 d1e2 f8c5 c2c3 e8g8 b2b4 d7d5 e4d5 e5e4 d5c6 e4f3 g2f3 f8e8 b4c5 b7c6 d2d4 e8e2 c4e2 c8h3 h1g1 g8f8 b1d2 d8e7 g1g5 f6d5 d2e4 f7f5 g5g3 f5e4 g3h3 a8b8 c1d2 b8b2 c3c4 d5b4 e1c1 e4f3 h3f3 f8g8 f3e3 b2c2 c1b1 e7d7 d2b4 c2e2 e3e2 d7g4 d1d2 h7h6 e2e8 g8h7 e8a8 g4e6 d2c2 e6f5 a8a7 f5f4 h2h3
Warning; Bestmove does not match beginning of last PV - move h7g8 from SF_2300
Info; info depth 13 seldepth 19 multipv 1 score cp -469 nodes 53783 nps 1453594 hashfull 20 tbhits 0 time 37 pv f4d4 a7c7 h7g6 c7c6 g6h5 c6d6 d4c5 d6d5 c5c8 d5d3 c8c6 b1b2
Position; fen r1bqkbnr/pppp1ppp/2n5/4p3/2B1P3/5N2/PPPP1PPP/RNBQK2R b KQkq - 0 1
Moves; g8f6 d1e2 f8c5 c2c3 e8g8 b2b4 d7d5 e4d5 e5e4 d5c6 e4f3 g2f3 f8e8 b4c5 b7c6 d2d4 e8e2 c4e2 c8h3 h1g1 g8f8 b1d2 d8e7 g1g5 f6d5 d2e4 f7f5 g5g3 f5e4 g3h3 a8b8 c1d2 b8b2 c3c4 d5b4 e1c1 e4f3 h3f3 f8g8 f3e3 b2c2 c1b1 e7d7 d2b4 c2e2 e3e2 d7g4 d1d2 h7h6 e2e8 g8h7 e8a8 g4e6 d2c2 e6f5 a8a7 f5f4 h2h3 g7g5 b4a5
Warning; Bestmove does not match beginning of last PV - move h6h5 from SF_2300
Info; info depth 13 seldepth 17 multipv 1 score cp -505 nodes 54411 nps 1554600 hashfull 18 tbhits 0 time 35 pv f4d4 c7c6 d4d7 c6g6 g8h7 g6b6 h7g8 a5b4 d7h3
Position; fen r1bqkbnr/pppp1ppp/2n5/4p3/2B1P3/5N2/PPPP1PPP/RNBQK2R b KQkq - 0 1
Moves; g8f6 d1e2 f8c5 c2c3 e8g8 b2b4 d7d5 e4d5 e5e4 d5c6 e4f3 g2f3 f8e8 b4c5 b7c6 d2d4 e8e2 c4e2 c8h3 h1g1 g8f8 b1d2 d8e7 g1g5 f6d5 d2e4 f7f5 g5g3 f5e4 g3h3 a8b8 c1d2 b8b2 c3c4 d5b4 e1c1 e4f3 h3f3 f8g8 f3e3 b2c2 c1b1 e7d7 d2b4 c2e2 e3e2 d7g4 d1d2 h7h6 e2e8 g8h7 e8a8 g4e6 d2c2 e6f5 a8a7 f5f4 h2h3 g7g5 b4a5 h7g8 a7c7
Warning; Bestmove does not match beginning of last PV - move h5h4 from SF_2300
Info; info depth 15 seldepth 16 multipv 1 score cp -487 nodes 50862 nps 1541272 hashfull 43 tbhits 0 time 33 pv g5g4 c6c8 g8f7 a5d2 f4d4 h3g4 h5g4 d2c3 d4c4 c8c7 f7g6 c7g7 g6h5
Position; fen r1bqkbnr/pppp1ppp/2n5/4p3/2B1P3/5N2/PPPP1PPP/RNBQK2R b KQkq - 0 1
Moves; g8f6 d1e2 f8c5 c2c3 e8g8 b2b4 d7d5 e4d5 e5e4 d5c6 e4f3 g2f3 f8e8 b4c5 b7c6 d2d4 e8e2 c4e2 c8h3 h1g1 g8f8 b1d2 d8e7 g1g5 f6d5 d2e4 f7f5 g5g3 f5e4 g3h3 a8b8 c1d2 b8b2 c3c4 d5b4 e1c1 e4f3 h3f3 f8g8 f3e3 b2c2 c1b1 e7d7 d2b4 c2e2 e3e2 d7g4 d1d2 h7h6 e2e8 g8h7 e8a8 g4e6 d2c2 e6f5 a8a7 f5f4 h2h3 g7g5 b4a5 h7g8 a7c7 h6h5 c7c6
Warning; Bestmove does not match beginning of last PV - move g5g4 from SF_2300
Info; info depth 14 seldepth 14 multipv 1 score cp -546 nodes 44553 nps 1485100 hashfull 15 tbhits 0 time 30 pv f4f5 c6e6 g5g4 h3g4 f5g4 c5c6 h4h3 c6c7 g8f7 c7c8q
Position; fen r1bqkbnr/pppp1ppp/2n5/4p3/2B1P3/5N2/PPPP1PPP/RNBQK2R b KQkq - 0 1
Moves; g8f6 d1e2 f8c5 c2c3 e8g8 b2b4 d7d5 e4d5 e5e4 d5c6 e4f3 g2f3 f8e8 b4c5 b7c6 d2d4 e8e2 c4e2 c8h3 h1g1 g8f8 b1d2 d8e7 g1g5 f6d5 d2e4 f7f5 g5g3 f5e4 g3h3 a8b8 c1d2 b8b2 c3c4 d5b4 e1c1 e4f3 h3f3 f8g8 f3e3 b2c2 c1b1 e7d7 d2b4 c2e2 e3e2 d7g4 d1d2 h7h6 e2e8 g8h7 e8a8 g4e6 d2c2 e6f5 a8a7 f5f4 h2h3 g7g5 b4a5 h7g8 a7c7 h6h5 c7c6 h5h4 d4d5
Warning; Bestmove does not match beginning of last PV - move g8f8 from SF_2300
Info; info depth 14 seldepth 19 multipv 1 score cp -595 nodes 41813 nps 1441827 hashfull 33 tbhits 0 time 29 pv g8f7 g6g4 f4b8 b1c1 b8a7 g4f4 f7g8 a5c3 a7c5
Position; fen r1bqkbnr/pppp1ppp/2n5/4p3/2B1P3/5N2/PPPP1PPP/RNBQK2R b KQkq - 0 1
Moves; g8f6 d1e2 f8c5 c2c3 e8g8 b2b4 d7d5 e4d5 e5e4 d5c6 e4f3 g2f3 f8e8 b4c5 b7c6 d2d4 e8e2 c4e2 c8h3 h1g1 g8f8 b1d2 d8e7 g1g5 f6d5 d2e4 f7f5 g5g3 f5e4 g3h3 a8b8 c1d2 b8b2 c3c4 d5b4 e1c1 e4f3 h3f3 f8g8 f3e3 b2c2 c1b1 e7d7 d2b4 c2e2 e3e2 d7g4 d1d2 h7h6 e2e8 g8h7 e8a8 g4e6 d2c2 e6f5 a8a7 f5f4 h2h3 g7g5 b4a5 h7g8 a7c7 h6h5 c7c6 h5h4 d4d5 g5g4 c6g6
Warning; Bestmove does not match beginning of last PV - move f4b8 from SF_2300
Info; info depth 13 seldepth 26 multipv 1 score cp -671 nodes 45111 nps 1670777 hashfull 53 tbhits 0 time 27 pv f4f3 a5c3 f8e7 g4h4 e7d7 b1b2 f3d1 h4d4 d1g1 c5c6 d7c8
Position; fen r1bqkbnr/pppp1ppp/2n5/4p3/2B1P3/5N2/PPPP1PPP/RNBQK2R b KQkq - 0 1
Moves; g8f6 d1e2 f8c5 c2c3 e8g8 b2b4 d7d5 e4d5 e5e4 d5c6 e4f3 g2f3 f8e8 b4c5 b7c6 d2d4 e8e2 c4e2 c8h3 h1g1 g8f8 b1d2 d8e7 g1g5 f6d5 d2e4 f7f5 g5g3 f5e4 g3h3 a8b8 c1d2 b8b2 c3c4 d5b4 e1c1 e4f3 h3f3 f8g8 f3e3 b2c2 c1b1 e7d7 d2b4 c2e2 e3e2 d7g4 d1d2 h7h6 e2e8 g8h7 e8a8 g4e6 d2c2 e6f5 a8a7 f5f4 h2h3 g7g5 b4a5 h7g8 a7c7 h6h5 c7c6 h5h4 d4d5 g5g4 c6g6 g8f8 g6g4
Warning; Bestmove does not match beginning of last PV - move b8e5 from SF_2300
Info; info depth 13 seldepth 18 multipv 1 score cp -640 nodes 39575 nps 1583000 hashfull 36 tbhits 0 time 25 pv b8h2 a5c3 f8f7 b2c2 h2h3 g4f4 f7g6 c5c6 g6g5
Position; fen r1bqkbnr/pppp1ppp/2n5/4p3/2B1P3/5N2/PPPP1PPP/RNBQK2R b KQkq - 0 1
Moves; g8f6 d1e2 f8c5 c2c3 e8g8 b2b4 d7d5 e4d5 e5e4 d5c6 e4f3 g2f3 f8e8 b4c5 b7c6 d2d4 e8e2 c4e2 c8h3 h1g1 g8f8 b1d2 d8e7 g1g5 f6d5 d2e4 f7f5 g5g3 f5e4 g3h3 a8b8 c1d2 b8b2 c3c4 d5b4 e1c1 e4f3 h3f3 f8g8 f3e3 b2c2 c1b1 e7d7 d2b4 c2e2 e3e2 d7g4 d1d2 h7h6 e2e8 g8h7 e8a8 g4e6 d2c2 e6f5 a8a7 f5f4 h2h3 g7g5 b4a5 h7g8 a7c7 h6h5 c7c6 h5h4 d4d5 g5g4 c6g6 g8f8 g6g4 f4b8 c2b2
Warning; Bestmove does not match beginning of last PV - move e5f5 from SF_2300
Info; info depth 12 seldepth 15 multipv 1 score cp -686 nodes 36451 nps 1584826 hashfull 30 tbhits 0 time 23 pv f8e7 b2c2 e5b8 b1c1 b8h2 g4e4 e7f7 c1b2 h2h3
Position; fen r1bqkbnr/pppp1ppp/2n5/4p3/2B1P3/5N2/PPPP1PPP/RNBQK2R b KQkq - 0 1
Moves; g8f6 d1e2 f8c5 c2c3 e8g8 b2b4 d7d5 e4d5 e5e4 d5c6 e4f3 g2f3 f8e8 b4c5 b7c6 d2d4 e8e2 c4e2 c8h3 h1g1 g8f8 b1d2 d8e7 g1g5 f6d5 d2e4 f7f5 g5g3 f5e4 g3h3 a8b8 c1d2 b8b2 c3c4 d5b4 e1c1 e4f3 h3f3 f8g8 f3e3 b2c2 c1b1 e7d7 d2b4 c2e2 e3e2 d7g4 d1d2 h7h6 e2e8 g8h7 e8a8 g4e6 d2c2 e6f5 a8a7 f5f4 h2h3 g7g5 b4a5 h7g8 a7c7 h6h5 c7c6 h5h4 d4d5 g5g4 c6g6 g8f8 g6g4 f4b8 c2b2 b8e5 c5c6
Warning; Bestmove does not match beginning of last PV - move e7f8 from SF_2300
Info; info depth 54 seldepth 11 multipv 1 score mate -5 nodes 118838 nps 1563657 hashfull 28 tbhits 0 time 76 pv e7e8 g4g8 f5f8 c6c7 e8f7 c7c8q f7g8 c8g4 f8g7 g4g7
Position; fen r1bqkbnr/pppp1ppp/2n5/4p3/2B1P3/5N2/PPPP1PPP/RNBQK2R b KQkq - 0 1
Moves; g8f6 d1e2 f8c5 c2c3 e8g8 b2b4 d7d5 e4d5 e5e4 d5c6 e4f3 g2f3 f8e8 b4c5 b7c6 d2d4 e8e2 c4e2 c8h3 h1g1 g8f8 b1d2 d8e7 g1g5 f6d5 d2e4 f7f5 g5g3 f5e4 g3h3 a8b8 c1d2 b8b2 c3c4 d5b4 e1c1 e4f3 h3f3 f8g8 f3e3 b2c2 c1b1 e7d7 d2b4 c2e2 e3e2 d7g4 d1d2 h7h6 e2e8 g8h7 e8a8 g4e6 d2c2 e6f5 a8a7 f5f4 h2h3 g7g5 b4a5 h7g8 a7c7 h6h5 c7c6 h5h4 d4d5 g5g4 c6g6 g8f8 g6g4 f4b8 c2b2 b8e5 c5c6 e5f5 b1a1 f8e7 b2b7 e7d6 a5c7 d6e7 c7e5
Finished game 7 (HiveChess vs SF_2300): 1-0 {White mates}
Started game 8 of 10 (SF_2300 vs HiveChess)
Warning; Bestmove does not match beginning of last PV - move c4b5 from SF_2300
Info; info depth 11 seldepth 17 multipv 1 score cp 40 nodes 77666 nps 479419 hashfull 21 tbhits 0 time 162 pv e4d5 f6d5 e1g1 d5b6 c4b5 f8d6 f3e5 d6e5
Position; fen r1bqkbnr/pppp1ppp/2n5/4p3/2B1P3/5N2/PPPP1PPP/RNBQK2R b KQkq - 0 1
Moves; g8f6 d2d3 d7d5
Warning; Bestmove does not match beginning of last PV - move b5c6 from SF_2300
Info; info depth 14 seldepth 22 multipv 1 score cp -80 nodes 175440 nps 448695 hashfull 61 tbhits 0 time 391 pv f3e5 d8d5 b5c6 b7c6 d3d4 f8b4 c1d2 b4d6 d2e3 d5b5 b2b3 e8g8 d1d2 d6e5 b1c3
Position; fen r1bqkbnr/pppp1ppp/2n5/4p3/2B1P3/5N2/PPPP1PPP/RNBQK2R b KQkq - 0 1
Moves; g8f6 d2d3 d7d5 c4b5 d5e4
Warning; Bestmove does not match beginning of last PV - move d2a5 from SF_2300
Info; info depth 13 seldepth 27 multipv 1 score cp -86 nodes 155891 nps 514491 hashfull 49 tbhits 0 time 303 pv e1g1 e4d3 d2d3 d4d3 c2d3 f8c5 c1e3 c5e3 c4e3 d8d3 b1c3 h8d8 e3g4 f6g4 c3e4 d3d5
Position; fen r1bqkbnr/pppp1ppp/2n5/4p3/2B1P3/5N2/PPPP1PPP/RNBQK2R b KQkq - 0 1
Moves; g8f6 d2d3 d7d5 c4b5 d5e4 b5c6 b7c6 f3e5 d8d4 e5c4 c8g4 d1d2 e8c8
Warning; Bestmove does not match beginning of last PV - move c1f4 from SF_2300
Info; info depth 12 seldepth 16 multipv 1 score cp -257 nodes 44261 nps 670621 hashfull 15 tbhits 0 time 66 pv b1c3 f8d6 d3e4 f6e4 c1e3 e4c3 b2c3 h8e8
Position; fen r1bqkbnr/pppp1ppp/2n5/4p3/2B1P3/5N2/PPPP1PPP/RNBQK2R b KQkq - 0 1
Moves; g8f6 d2d3 d7d5 c4b5 d5e4 b5c6 b7c6 f3e5 d8d4 e5c4 c8g4 d1d2 e8c8 d2a5 d4c4 e1g1 c4c2
Warning; Bestmove does not match beginning of last PV - move a5a6 from SF_2300
Info; info depth 14 seldepth 26 multipv 1 score cp -359 nodes 175304 nps 745974 hashfull 70 tbhits 0 time 235 pv f4e5 f7f6 d3e4 c2c5 a5a4 c5b5 a4a7 b5b7 a7b7 c8b7 e4d5 f6e5 d5c6 b7a8
Position; fen r1bqkbnr/pppp1ppp/2n5/4p3/2B1P3/5N2/PPPP1PPP/RNBQK2R b KQkq - 0 1
Moves; g8f6 d2d3 d7d5 c4b5 d5e4 b5c6 b7c6 f3e5 d8d4 e5c4 c8g4 d1d2 e8c8 d2a5 d4c4 e1g1 c4c2 c1f4 f6d5
Warning; Bestmove does not match beginning of last PV - move f4e5 from SF_2300
Info; info depth 13 seldepth 29 multipv 1 score cp -416 nodes 204479 nps 1012272 hashfull 77 tbhits 0 time 202 pv b1a3 g4c8 a6a5 c2c5 a5d2 c5b4 d2c1 b4b7 a3c4 b8a8 c4a5 b7b5 a5c6 d5f4 c6d8
Position; fen r1bqkbnr/pppp1ppp/2n5/4p3/2B1P3/5N2/PPPP1PPP/RNBQK2R b KQkq - 0 1
Moves; g8f6 d2d3 d7d5 c4b5 d5e4 b5c6 b7c6 f3e5 d8d4 e5c4 c8g4 d1d2 e8c8 d2a5 d4c4 e1g1 c4c2 c1f4 f6d5 a5a6 c8b8
Warning; Bestmove does not match beginning of last PV - move a1b1 from SF_2300
Info; info depth 12 seldepth 25 multipv 1 score cp -421 nodes 118134 nps 1158176 hashfull 41 tbhits 0 time 102 pv a1f1 c2d3 a6c6 f8d6 c3d5 d6e5 d5b4 d8d6 c6a4 d3c4 g2g3 h8d8
Position; fen r1bqkbnr/pppp1ppp/2n5/4p3/2B1P3/5N2/PPPP1PPP/RNBQK2R b KQkq - 0 1
Moves; g8f6 d2d3 d7d5 c4b5 d5e4 b5c6 b7c6 f3e5 d8d4 e5c4 c8g4 d1d2 e8c8 d2a5 d4c4 e1g1 c4c2 c1f4 f6d5 a5a6 c8b8 f4e5 g4e2 b1c3 e2f1
Warning; Bestmove does not match beginning of last PV - move g2g4 from SF_2300
Info; info depth 12 seldepth 18 multipv 1 score cp -630 nodes 208797 nps 1581795 hashfull 71 tbhits 0 time 132 pv e5d4 d5b6 a2a4 d8d4 c6e8 b8b7 a4a5 f8c5 e8h8 d4d6 a5b6 c5b6
Position; fen r1bqkbnr/pppp1ppp/2n5/4p3/2B1P3/5N2/PPPP1PPP/RNBQK2R b KQkq - 0 1
Moves; g8f6 d2d3 d7d5 c4b5 d5e4 b5c6 b7c6 f3e5 d8d4 e5c4 c8g4 d1d2 e8c8 d2a5 d4c4 e1g1 c4c2 c1f4 f6d5 a5a6 c8b8 f4e5 g4e2 b1c3 e2f1 a1b1 f1d3 a6c6 f7f6
Warning; Bestmove does not match beginning of last PV - move g1g2 from SF_2300
Info; info depth 12 seldepth 21 multipv 1 score cp -1044 nodes 104489 nps 2009403 hashfull 34 tbhits 0 time 52 pv b1e1 c3e2 e1e2 c2c6 b2b4 c6a4 e2e3 f8d6 e3d3 e4d3
Position; fen r1bqkbnr/pppp1ppp/2n5/4p3/2B1P3/5N2/PPPP1PPP/RNBQK2R b KQkq - 0 1
Moves; g8f6 d2d3 d7d5 c4b5 d5e4 b5c6 b7c6 f3e5 d8d4 e5c4 c8g4 d1d2 e8c8 d2a5 d4c4 e1g1 c4c2 c1f4 f6d5 a5a6 c8b8 f4e5 g4e2 b1c3 e2f1 a1b1 f1d3 a6c6 f7f6 g2g4 f6e5 a2a3 d5c3
Warning; Bestmove does not match beginning of last PV - move h2h3 from SF_2300
Info; info depth 13 seldepth 18 multipv 1 score cp -1080 nodes 104439 nps 1898890 hashfull 34 tbhits 0 time 55 pv h2h4 b1f1 g2h2 f1f2 h2h1 f2b6 c6b6 a7b6 b2c3 b8b7 h1g1 f8c5 g1h2 c5d6
Position; fen r1bqkbnr/pppp1ppp/2n5/4p3/2B1P3/5N2/PPPP1PPP/RNBQK2R b KQkq - 0 1
Moves; g8f6 d2d3 d7d5 c4b5 d5e4 b5c6 b7c6 f3e5 d8d4 e5c4 c8g4 d1d2 e8c8 d2a5 d4c4 e1g1 c4c2 c1f4 f6d5 a5a6 c8b8 f4e5 g4e2 b1c3 e2f1 a1b1 f1d3 a6c6 f7f6 g2g4 f6e5 a2a3 d5c3 g1g2 c2b1
Warning; Bestmove does not match beginning of last PV - move c6b6 from SF_2300
Info; info depth 79 seldepth 7 multipv 1 score mate -3 nodes 64384 nps 5365333 hashfull 1 tbhits 0 time 12 pv c6c1 b1c1 h3h4 c1g1 g2h3 e2f4
Position; fen r1bqkbnr/pppp1ppp/2n5/4p3/2B1P3/5N2/PPPP1PPP/RNBQK2R b KQkq - 0 1
Moves; g8f6 d2d3 d7d5 c4b5 d5e4 b5c6 b7c6 f3e5 d8d4 e5c4 c8g4 d1d2 e8c8 d2a5 d4c4 e1g1 c4c2 c1f4 f6d5 a5a6 c8b8 f4e5 g4e2 b1c3 e2f1 a1b1 f1d3 a6c6 f7f6 g2g4 f6e5 a2a3 d5c3 g1g2 c2b1 h2h3 c3e2
Warning; Bestmove does not match beginning of last PV - move f2f3 from SF_2300
Info; info depth 245 seldepth 5 multipv 1 score mate -2 nodes 21693 nps 4338600 hashfull 0 tbhits 0 time 5 pv h3h4 b1g1 g2h3 e2f4
Position; fen r1bqkbnr/pppp1ppp/2n5/4p3/2B1P3/5N2/PPPP1PPP/RNBQK2R b KQkq - 0 1
Moves; g8f6 d2d3 d7d5 c4b5 d5e4 b5c6 b7c6 f3e5 d8d4 e5c4 c8g4 d1d2 e8c8 d2a5 d4c4 e1g1 c4c2 c1f4 f6d5 a5a6 c8b8 f4e5 g4e2 b1c3 e2f1 a1b1 f1d3 a6c6 f7f6 g2g4 f6e5 a2a3 d5c3 g1g2 c2b1 h2h3 c3e2 c6b6 c7b6
Warning; Bestmove does not match beginning of last PV - move h3h4 from SF_2300
Info; info depth 207 seldepth 5 multipv 1 score mate -2 nodes 31634 nps 5272333 hashfull 0 tbhits 0 time 6 pv f3f4 b1g1 g2f3 g1f2
Position; fen r1bqkbnr/pppp1ppp/2n5/4p3/2B1P3/5N2/PPPP1PPP/RNBQK2R b KQkq - 0 1
Moves; g8f6 d2d3 d7d5 c4b5 d5e4 b5c6 b7c6 f3e5 d8d4 e5c4 c8g4 d1d2 e8c8 d2a5 d4c4 e1g1 c4c2 c1f4 f6d5 a5a6 c8b8 f4e5 g4e2 b1c3 e2f1 a1b1 f1d3 a6c6 f7f6 g2g4 f6e5 a2a3 d5c3 g1g2 c2b1 h2h3 c3e2 c6b6 c7b6 f2f3 e4e3
Warning; Bestmove does not match beginning of last PV - move g2g3 from SF_2300
Info; info depth 245 seldepth 5 multipv 1 score mate -2 nodes 20583 nps 5145750 hashfull 0 tbhits 0 time 4 pv g2h2 b1b2 h2g1 b2g2
Position; fen r1bqkbnr/pppp1ppp/2n5/4p3/2B1P3/5N2/PPPP1PPP/RNBQK2R b KQkq - 0 1
Moves; g8f6 d2d3 d7d5 c4b5 d5e4 b5c6 b7c6 f3e5 d8d4 e5c4 c8g4 d1d2 e8c8 d2a5 d4c4 e1g1 c4c2 c1f4 f6d5 a5a6 c8b8 f4e5 g4e2 b1c3 e2f1 a1b1 f1d3 a6c6 f7f6 g2g4 f6e5 a2a3 d5c3 g1g2 c2b1 h2h3 c3e2 c6b6 c7b6 f2f3 e4e3 h3h4 e2f4
Warning; Bestmove does not match beginning of last PV - move h4h5 from SF_2300
Info; info depth 205 seldepth 5 multipv 1 score mate -2 nodes 36252 nps 7250400 hashfull 0 tbhits 0 time 5 pv g3h2 b1b2 h2g1 e2e1q
Position; fen r1bqkbnr/pppp1ppp/2n5/4p3/2B1P3/5N2/PPPP1PPP/RNBQK2R b KQkq - 0 1
Moves; g8f6 d2d3 d7d5 c4b5 d5e4 b5c6 b7c6 f3e5 d8d4 e5c4 c8g4 d1d2 e8c8 d2a5 d4c4 e1g1 c4c2 c1f4 f6d5 a5a6 c8b8 f4e5 g4e2 b1c3 e2f1 a1b1 f1d3 a6c6 f7f6 g2g4 f6e5 a2a3 d5c3 g1g2 c2b1 h2h3 c3e2 c6b6 c7b6 f2f3 e4e3 h3h4 e2f4 g2g3 e3e2
Finished game 8 (SF_2300 vs HiveChess): 0-1 {Black mates}
Started game 9 of 10 (HiveChess vs SF_2400)
Warning; Bestmove does not match beginning of last PV - move a7a6 from SF_2400
Info; info depth 11 seldepth 18 multipv 1 score cp -20 nodes 101319 nps 458457 hashfull 33 tbhits 0 time 221 pv g8f6 b1c3 f8b4 c3d5 f6e4 e1g1
Position; fen r1bqkbnr/pppp1ppp/2n5/4p3/2B1P3/5N2/PPPP1PPP/RNBQK2R b KQkq - 0 1
Moves; 
Warning; Bestmove does not match beginning of last PV - move g8f6 from SF_2400
Info; info depth 9 seldepth 21 multipv 1 score cp -56 nodes 43429 nps 493511 hashfull 11 tbhits 0 time 88 pv f8c5 c3d5 d7d6 c2c3 g8f6 d2d4 e5d4 c3d4 f6d5 e4d5
Position; fen r1bqkbnr/pppp1ppp/2n5/4p3/2B1P3/5N2/PPPP1PPP/RNBQK2R b KQkq - 0 1
Moves; a7a6 b1c3
Warning; Bestmove does not match beginning of last PV - move f8b4 from SF_2400
Info; info depth 13 seldepth 21 multipv 1 score cp -44 nodes 70679 nps 512166 hashfull 22 tbhits 0 time 138 pv d7d5 e4d5 c6a5 c4d3 h7h6 g5f3 f8d6 e1g1 c7c6 d5c6 e8g8 f1e1 a5c6 c3e4 f6e4 d3e4 c8g4 h2h3
Position; fen r1bqkbnr/pppp1ppp/2n5/4p3/2B1P3/5N2/PPPP1PPP/RNBQK2R b KQkq - 0 1
Moves; a7a6 b1c3 g8f6 f3g5
Warning; Bestmove does not match beginning of last PV - move d7d5 from SF_2400
Info; info depth 16 seldepth 20 multipv 1 score cp -375 nodes 339948 nps 837310 hashfull 124 tbhits 0 time 406 pv c6d4 e1g1 b4c5 c4f7 e8f8 g1h1 d7d6 f2f3 g7g6 d2d3 f8g7 c3d5 f6d5 f7d5 c7c6
Position; fen r1bqkbnr/pppp1ppp/2n5/4p3/2B1P3/5N2/PPPP1PPP/RNBQK2R b KQkq - 0 1
Moves; a7a6 b1c3 g8f6 f3g5 f8b4 g5f7 d8e7 f7h8
Warning; Bestmove does not match beginning of last PV - move e7h4 from SF_2400
Info; info depth 16 seldepth 28 multipv 1 score cp -475 nodes 359593 nps 1004449 hashfull 151 tbhits 0 time 358 pv e7g5 d5c6 b7c6 d1f3 c8e6 c2c3 b4d6 d2d3 g5h4 h8f7 e6f7
Position; fen r1bqkbnr/pppp1ppp/2n5/4p3/2B1P3/5N2/PPPP1PPP/RNBQK2R b KQkq - 0 1
Moves; a7a6 b1c3 g8f6 f3g5 f8b4 g5f7 d8e7 f7h8 d7d5 c3d5 f6d5 c4d5
Warning; Bestmove does not match beginning of last PV - move d8f7 from SF_2400
Info; info depth 13 seldepth 16 multipv 1 score cp -473 nodes 84177 nps 1065531 hashfull 32 tbhits 0 time 79 pv c7c6 d5c4 b7b5 f7e5 b4d6 b3g3 h4g3 h2g3 d6e5 c4e2
Position; fen r1bqkbnr/pppp1ppp/2n5/4p3/2B1P3/5N2/PPPP1PPP/RNBQK2R b KQkq - 0 1
Moves; a7a6 b1c3 g8f6 f3g5 f8b4 g5f7 d8e7 f7h8 d7d5 c3d5 f6d5 c4d5 e7h4 d1f3 c6d8 h8f7 c8g4 f3b3
Warning; Bestmove does not match beginning of last PV - move e8d7 from SF_2400
Info; info depth 13 seldepth 33 multipv 1 score cp -575 nodes 294867 nps 1233753 hashfull 123 tbhits 0 time 239 pv e8e7 b3b4 c7c5 b4c3 a8f8
Position; fen r1bqkbnr/pppp1ppp/2n5/4p3/2B1P3/5N2/PPPP1PPP/RNBQK2R b KQkq - 0 1
Moves; a7a6 b1c3 g8f6 f3g5 f8b4 g5f7 d8e7 f7h8 d7d5 c3d5 f6d5 c4d5 e7h4 d1f3 c6d8 h8f7 c8g4 f3b3 d8f7 d5f7
Warning; Bestmove does not match beginning of last PV - move a8b8 from SF_2400
Info; info depth 14 seldepth 21 multipv 1 score cp -676 nodes 274860 nps 1334271 hashfull 107 tbhits 0 time 206 pv h4f6 b4b3 a8f8 b3g3 h7h5 f7d5 d7e8 e1g1 g4e2
Position; fen r1bqkbnr/pppp1ppp/2n5/4p3/2B1P3/5N2/PPPP1PPP/RNBQK2R b KQkq - 0 1
Moves; a7a6 b1c3 g8f6 f3g5 f8b4 g5f7 d8e7 f7h8 d7d5 c3d5 f6d5 c4d5 e7h4 d1f3 c6d8 h8f7 c8g4 f3b3 d8f7 d5f7 e8d7 b3b4
Warning; Bestmove does not match beginning of last PV - move h4h5 from SF_2400
Info; info depth 15 seldepth 21 multipv 1 score cp -657 nodes 197522 nps 1290993 hashfull 74 tbhits 0 time 153 pv b8f8 a4a3 e7e8 a3g3 h4h5 d2d3 g4d1 f2f3 f8f3 g2f3 d1f3 e1g1 c7c6 g3f3
Position; fen r1bqkbnr/pppp1ppp/2n5/4p3/2B1P3/5N2/PPPP1PPP/RNBQK2R b KQkq - 0 1
Moves; a7a6 b1c3 g8f6 f3g5 f8b4 g5f7 d8e7 f7h8 d7d5 c3d5 f6d5 c4d5 e7h4 d1f3 c6d8 h8f7 c8g4 f3b3 d8f7 d5f7 e8d7 b3b4 a8b8 b4a4 d7e7 f7d5
Warning; Bestmove does not match beginning of last PV - move e7e8 from SF_2400
Info; info depth 14 seldepth 21 multipv 1 score cp -728 nodes 178567 nps 1352780 hashfull 78 tbhits 0 time 132 pv e7d7 d2d3 c7c6 d5c4 g4f3 g2f3 h5f3 h1f1 b7b5 b4d2 b5c4 d2e2 f3e2 e1e2
Position; fen r1bqkbnr/pppp1ppp/2n5/4p3/2B1P3/5N2/PPPP1PPP/RNBQK2R b KQkq - 0 1
Moves; a7a6 b1c3 g8f6 f3g5 f8b4 g5f7 d8e7 f7h8 d7d5 c3d5 f6d5 c4d5 e7h4 d1f3 c6d8 h8f7 c8g4 f3b3 d8f7 d5f7 e8d7 b3b4 a8b8 b4a4 d7e7 f7d5 h4h5 a4b4
Warning; Bestmove does not match beginning of last PV - move c7c5 from SF_2400
Info; info depth 12 seldepth 17 multipv 1 score cp -591 nodes 36214 nps 1448560 hashfull 13 tbhits 0 time 25 pv g4d1 b7c6 e8f7 b4c4 f7f8 c4c5 f8g8 c5e3 h5g4 c6d5 g8f8
Position; fen r1bqkbnr/pppp1ppp/2n5/4p3/2B1P3/5N2/PPPP1PPP/RNBQK2R b KQkq - 0 1
Moves; a7a6 b1c3 g8f6 f3g5 f8b4 g5f7 d8e7 f7h8 d7d5 c3d5 f6d5 c4d5 e7h4 d1f3 c6d8 h8f7 c8g4 f3b3 d8f7 d5f7 e8d7 b3b4 a8b8 b4a4 d7e7 f7d5 h4h5 a4b4 e7e8 d5b7
Warning; Bestmove does not match beginning of last PV - move g4d7 from SF_2400
Info; info depth 13 seldepth 23 multipv 1 score cp -949 nodes 102282 nps 1859672 hashfull 40 tbhits 0 time 55 pv e8e7 b4b8 h5h4 d2d3 e7e6 c1e3 h4f6 b8b3 e6e7
Position; fen r1bqkbnr/pppp1ppp/2n5/4p3/2B1P3/5N2/PPPP1PPP/RNBQK2R b KQkq - 0 1
Moves; a7a6 b1c3 g8f6 f3g5 f8b4 g5f7 d8e7 f7h8 d7d5 c3d5 f6d5 c4d5 e7h4 d1f3 c6d8 h8f7 c8g4 f3b3 d8f7 d5f7 e8d7 b3b4 a8b8 b4a4 d7e7 f7d5 h4h5 a4b4 e7e8 d5b7 c7c5 b7c6
Warning; Bestmove does not match beginning of last PV - move e8f7 from SF_2400
Info; info depth 14 seldepth 29 multipv 1 score cp -1029 nodes 125814 nps 2169206 hashfull 48 tbhits 0 time 58 pv e8e7 b8c7 h5g4 d2d3 h7h6 c7d7 g4d7 c6d7 e7d7 c1e3 a6a5 f2f3 d7c6 a1d1 a5a4 e1e2 g7g5 h2h3
Position; fen r1bqkbnr/pppp1ppp/2n5/4p3/2B1P3/5N2/PPPP1PPP/RNBQK2R b KQkq - 0 1
Moves; a7a6 b1c3 g8f6 f3g5 f8b4 g5f7 d8e7 f7h8 d7d5 c3d5 f6d5 c4d5 e7h4 d1f3 c6d8 h8f7 c8g4 f3b3 d8f7 d5f7 e8d7 b3b4 a8b8 b4a4 d7e7 f7d5 h4h5 a4b4 e7e8 d5b7 c7c5 b7c6 g4d7 b4b8
Warning; Bestmove does not match beginning of last PV - move f7f6 from SF_2400
Info; info depth 13 seldepth 18 multipv 1 score cp -1002 nodes 77819 nps 1898024 hashfull 30 tbhits 0 time 41 pv f7e7 b8e8 h5e8 d7e8 e7e8 d2d3 a6a5 c1g5 a5a4 f2f3 a4a3 b2a3
Position; fen r1bqkbnr/pppp1ppp/2n5/4p3/2B1P3/5N2/PPPP1PPP/RNBQK2R b KQkq - 0 1
Moves; a7a6 b1c3 g8f6 f3g5 f8b4 g5f7 d8e7 f7h8 d7d5 c3d5 f6d5 c4d5 e7h4 d1f3 c6d8 h8f7 c8g4 f3b3 d8f7 d5f7 e8d7 b3b4 a8b8 b4a4 d7e7 f7d5 h4h5 a4b4 e7e8 d5b7 c7c5 b7c6 g4d7 b4b8 e8f7 c6d7
Warning; Bestmove does not match beginning of last PV - move g6g5 from SF_2400
Info; info depth 35 seldepth 9 multipv 1 score mate -4 nodes 14916 nps 2486000 hashfull 3 tbhits 0 time 6 pv g6h6 d2d3 h5g5 c1g5 h6g5 f8g7 g5f4 g7g3
Position; fen r1bqkbnr/pppp1ppp/2n5/4p3/2B1P3/5N2/PPPP1PPP/RNBQK2R b KQkq - 0 1
Moves; a7a6 b1c3 g8f6 f3g5 f8b4 g5f7 d8e7 f7h8 d7d5 c3d5 f6d5 c4d5 e7h4 d1f3 c6d8 h8f7 c8g4 f3b3 d8f7 d5f7 e8d7 b3b4 a8b8 b4a4 d7e7 f7d5 h4h5 a4b4 e7e8 d5b7 c7c5 b7c6 g4d7 b4b8 e8f7 c6d7 f7f6 b8f8 f6g6 d7e8
Finished game 9 (HiveChess vs SF_2400): 1-0 {White mates}
Started game 10 of 10 (SF_2400 vs HiveChess)
Warning; Bestmove does not match beginning of last PV - move e1g1 from SF_2400
Info; info depth 13 seldepth 19 multipv 1 score cp 26 nodes 207532 nps 470594 hashfull 58 tbhits 0 time 441 pv d2d3 f8c5 e1g1 a7a6 c4b3 c5a7 c2c3
Position; fen r1bqkbnr/pppp1ppp/2n5/4p3/2B1P3/5N2/PPPP1PPP/RNBQK2R b KQkq - 0 1
Moves; g8f6
Warning; Bestmove does not match beginning of last PV - move d1e2 from SF_2400
Info; info depth 13 seldepth 22 multipv 1 score cp -39 nodes 166333 nps 501003 hashfull 49 tbhits 0 time 332 pv b5c6 d7c6 d1e2 e4f6 e2e5 d8e7 d2d3 e7e5 f3e5 f6d5 f1e1 c8e6 c1d2 e8c8 e5f3 h8e8 f3g5
Position; fen r1bqkbnr/pppp1ppp/2n5/4p3/2B1P3/5N2/PPPP1PPP/RNBQK2R b KQkq - 0 1
Moves; g8f6 e1g1 f6e4 c4b5 f8c5
Warning; Bestmove does not match beginning of last PV - move b1c3 from SF_2400
Info; info depth 11 seldepth 18 multipv 1 score cp -37 nodes 76297 nps 537302 hashfull 24 tbhits 0 time 142 pv d2d3 e7e5 f3e5 f6d5 f1e1 c8e6 c1d2 e8c8 e5f3 h8e8 a2a3 c5d6
Position; fen r1bqkbnr/pppp1ppp/2n5/4p3/2B1P3/5N2/PPPP1PPP/RNBQK2R b KQkq - 0 1
Moves; g8f6 e1g1 f6e4 c4b5 f8c5 d1e2 e4f6 b5c6 d7c6 e2e5 d8e7
Warning; Bestmove does not match beginning of last PV - move h2h3 from SF_2400
Info; info depth 11 seldepth 19 multipv 1 score cp -38 nodes 49555 nps 550611 hashfull 15 tbhits 0 time 90 pv d2d3 f8e8 e5c4 a7a5 c1e3 c5f8 f1e1 b7b5 c4d2 a5a4 e3d4 a4a3 e1e8 f6e8
Position; fen r1bqkbnr/pppp1ppp/2n5/4p3/2B1P3/5N2/PPPP1PPP/RNBQK2R b KQkq - 0 1
Moves; g8f6 e1g1 f6e4 c4b5 f8c5 d1e2 e4f6 b5c6 d7c6 e2e5 d8e7 b1c3 e7e5 f3e5 e8g8
Warning; Bestmove does not match beginning of last PV - move e5f3 from SF_2400
Info; info depth 12 seldepth 30 multipv 1 score cp -52 nodes 147895 nps 526316 hashfull 53 tbhits 0 time 281 pv f1e1 f6d5 e5d3 e8e1 d3e1 c8d7 c3e4 a8e8 d2d3 c5f8 c1d2 c6c5 a2a4 c5c4 d3c4 d5b6
Position; fen r1bqkbnr/pppp1ppp/2n5/4p3/2B1P3/5N2/PPPP1PPP/RNBQK2R b KQkq - 0 1
Moves; g8f6 e1g1 f6e4 c4b5 f8c5 d1e2 e4f6 b5c6 d7c6 e2e5 d8e7 b1c3 e7e5 f3e5 e8g8 h2h3 f8e8
Warning; Bestmove does not match beginning of last PV - move b2b3 from SF_2400
Info; info depth 13 seldepth 19 multipv 1 score cp -45 nodes 125137 nps 534773 hashfull 52 tbhits 0 time 234 pv d2d3 d5c3 b2c3 c5d6 a2a4 c6c5 f3d2 e8e2 a1a2 c8f5 a2b2 f5d7 a4a5 b7b5
Position; fen r1bqkbnr/pppp1ppp/2n5/4p3/2B1P3/5N2/PPPP1PPP/RNBQK2R b KQkq - 0 1
Moves; g8f6 e1g1 f6e4 c4b5 f8c5 d1e2 e4f6 b5c6 d7c6 e2e5 d8e7 b1c3 e7e5 f3e5 e8g8 h2h3 f8e8 e5f3 f6d5
Warning; Bestmove does not match beginning of last PV - move c3d5 from SF_2400
Info; info depth 10 seldepth 13 multipv 1 score cp -42 nodes 71406 nps 532880 hashfull 21 tbhits 0 time 134 pv c1b2 f7f6 d2d3 c5f8 a2a4 b5b4 c3e4 c6c5
Position; fen r1bqkbnr/pppp1ppp/2n5/4p3/2B1P3/5N2/PPPP1PPP/RNBQK2R b KQkq - 0 1
Moves; g8f6 e1g1 f6e4 c4b5 f8c5 d1e2 e4f6 b5c6 d7c6 e2e5 d8e7 b1c3 e7e5 f3e5 e8g8 h2h3 f8e8 e5f3 f6d5 b2b3 b7b5
Warning; Bestmove does not match beginning of last PV - move c2c3 from SF_2400
Info; info depth 13 seldepth 15 multipv 1 score cp -28 nodes 83971 nps 641000 hashfull 24 tbhits 0 time 131 pv c1f4 c8f5 f4e3 c5e3 f2e3 e2e3 a1e1
Position; fen r1bqkbnr/pppp1ppp/2n5/4p3/2B1P3/5N2/PPPP1PPP/RNBQK2R b KQkq - 0 1
Moves; g8f6 e1g1 f6e4 c4b5 f8c5 d1e2 e4f6 b5c6 d7c6 e2e5 d8e7 b1c3 e7e5 f3e5 e8g8 h2h3 f8e8 e5f3 f6d5 b2b3 b7b5 c3d5 c6d5 d2d3 e8e2
Warning; Bestmove does not match beginning of last PV - move d3d4 from SF_2400
Info; info depth 11 seldepth 20 multipv 1 score cp -45 nodes 71665 nps 602226 hashfull 20 tbhits 0 time 119 pv f3d4 c5d4 c3d4 f5d3 c1e3 a7a5 f1d1 d3c2 d1e1 e2e1 a1e1 a5a4 b3b4 h7h5
Position; fen r1bqkbnr/pppp1ppp/2n5/4p3/2B1P3/5N2/PPPP1PPP/RNBQK2R b KQkq - 0 1
Moves; g8f6 e1g1 f6e4 c4b5 f8c5 d1e2 e4f6 b5c6 d7c6 e2e5 d8e7 b1c3 e7e5 f3e5 e8g8 h2h3 f8e8 e5f3 f6d5 b2b3 b7b5 c3d5 c6d5 d2d3 e8e2 c2c3 c8f5
Warning; Bestmove does not match beginning of last PV - move a1c1 from SF_2400
Info; info depth 11 seldepth 10 multipv 1 score cp -67 nodes 24071 nps 752218 hashfull 5 tbhits 0 time 32 pv a4b5 c3b3 a1a5 f5d3 f1a1 b3b5 a5a7 a8a7 a1a7
Position; fen r1bqkbnr/pppp1ppp/2n5/4p3/2B1P3/5N2/PPPP1PPP/RNBQK2R b KQkq - 0 1
Moves; g8f6 e1g1 f6e4 c4b5 f8c5 d1e2 e4f6 b5c6 d7c6 e2e5 d8e7 b1c3 e7e5 f3e5 e8g8 h2h3 f8e8 e5f3 f6d5 b2b3 b7b5 c3d5 c6d5 d2d3 e8e2 c2c3 c8f5 d3d4 c5d6 a2a4 e2c2 c1a3 c2c3 a3d6 c7d6
Warning; Bestmove does not match beginning of last PV - move a4a5 from SF_2400
Info; info depth 11 seldepth 17 multipv 1 score cp -231 nodes 26707 nps 593488 hashfull 8 tbhits 0 time 45 pv a4b5 b3b5 c1c7 a7a5 f3g5 b5b1 g5f7 b1f1 g1f1 f5d3 f1e1
Position; fen r1bqkbnr/pppp1ppp/2n5/4p3/2B1P3/5N2/PPPP1PPP/RNBQK2R b KQkq - 0 1
Moves; g8f6 e1g1 f6e4 c4b5 f8c5 d1e2 e4f6 b5c6 d7c6 e2e5 d8e7 b1c3 e7e5 f3e5 e8g8 h2h3 f8e8 e5f3 f6d5 b2b3 b7b5 c3d5 c6d5 d2d3 e8e2 c2c3 c8f5 d3d4 c5d6 a2a4 e2c2 c1a3 c2c3 a3d6 c7d6 a1c1 c3b3
Warning; Bestmove does not match beginning of last PV - move c1c6 from SF_2400
Info; info depth 14 seldepth 18 multipv 1 score cp -265 nodes 39391 nps 703410 hashfull 13 tbhits 0 time 56 pv c1c7 h7h6 f3h4 f5e4 f1e1 a3a5 f2f3 e4d3 e1e3 d3h7 e3e7 a8f8 g2g4 g7g5 h4f5
Position; fen r1bqkbnr/pppp1ppp/2n5/4p3/2B1P3/5N2/PPPP1PPP/RNBQK2R b KQkq - 0 1
Moves; g8f6 e1g1 f6e4 c4b5 f8c5 d1e2 e4f6 b5c6 d7c6 e2e5 d8e7 b1c3 e7e5 f3e5 e8g8 h2h3 f8e8 e5f3 f6d5 b2b3 b7b5 c3d5 c6d5 d2d3 e8e2 c2c3 c8f5 d3d4 c5d6 a2a4 e2c2 c1a3 c2c3 a3d6 c7d6 a1c1 c3b3 a4a5 b3a3
Warning; Bestmove does not match beginning of last PV - move c6a6 from SF_2400
Info; info depth 12 seldepth 20 multipv 1 score cp -181 nodes 27928 nps 649488 hashfull 12 tbhits 0 time 43 pv f1e1 f5e4 c6c7 a3a5 f3g5 e4g6
Position; fen r1bqkbnr/pppp1ppp/2n5/4p3/2B1P3/5N2/PPPP1PPP/RNBQK2R b KQkq - 0 1
Moves; g8f6 e1g1 f6e4 c4b5 f8c5 d1e2 e4f6 b5c6 d7c6 e2e5 d8e7 b1c3 e7e5 f3e5 e8g8 h2h3 f8e8 e5f3 f6d5 b2b3 b7b5 c3d5 c6d5 d2d3 e8e2 c2c3 c8f5 d3d4 c5d6 a2a4 e2c2 c1a3 c2c3 a3d6 c7d6 a1c1 c3b3 a4a5 b3a3 c1c6 a8d8
Warning; Bestmove does not match beginning of last PV - move g2g4 from SF_2400
Info; info depth 13 seldepth 24 multipv 1 score cp -226 nodes 33194 nps 663880 hashfull 11 tbhits 0 time 50 pv f1c1 g8f8 c1c8 f8e7 c8a8 b5b4 a8a7 b4b3 a7d7 e7d7 a6b6 f5c2 f3d2 h7h5 b6b4 g7g5 g1f1 f7f6
Position; fen r1bqkbnr/pppp1ppp/2n5/4p3/2B1P3/5N2/PPPP1PPP/RNBQK2R b KQkq - 0 1
Moves; g8f6 e1g1 f6e4 c4b5 f8c5 d1e2 e4f6 b5c6 d7c6 e2e5 d8e7 b1c3 e7e5 f3e5 e8g8 h2h3 f8e8 e5f3 f6d5 b2b3 b7b5 c3d5 c6d5 d2d3 e8e2 c2c3 c8f5 d3d4 c5d6 a2a4 e2c2 c1a3 c2c3 a3d6 c7d6 a1c1 c3b3 a4a5 b3a3 c1c6 a8d8 c6a6 d8d7
Warning; Bestmove does not match beginning of last PV - move a6c6 from SF_2400
Info; info depth 10 seldepth 16 multipv 1 score cp -229 nodes 23244 nps 645666 hashfull 10 tbhits 0 time 36 pv h3g4 a3f3 f1b1 g7g6 b1b5 f3f4 b5d5 f4g4 g1f1 g8g7
Position; fen r1bqkbnr/pppp1ppp/2n5/4p3/2B1P3/5N2/PPPP1PPP/RNBQK2R b KQkq - 0 1
Moves; g8f6 e1g1 f6e4 c4b5 f8c5 d1e2 e4f6 b5c6 d7c6 e2e5 d8e7 b1c3 e7e5 f3e5 e8g8 h2h3 f8e8 e5f3 f6d5 b2b3 b7b5 c3d5 c6d5 d2d3 e8e2 c2c3 c8f5 d3d4 c5d6 a2a4 e2c2 c1a3 c2c3 a3d6 c7d6 a1c1 c3b3 a4a5 b3a3 c1c6 a8d8 c6a6 d8d7 g2g4 f5g4
Warning; Bestmove does not match beginning of last PV - move c6a6 from SF_2400
Info; info depth 11 seldepth 23 multipv 1 score cp -183 nodes 27702 nps 577125 hashfull 9 tbhits 0 time 48 pv a5a6
Position; fen r1bqkbnr/pppp1ppp/2n5/4p3/2B1P3/5N2/PPPP1PPP/RNBQK2R b KQkq - 0 1
Moves; g8f6 e1g1 f6e4 c4b5 f8c5 d1e2 e4f6 b5c6 d7c6 e2e5 d8e7 b1c3 e7e5 f3e5 e8g8 h2h3 f8e8 e5f3 f6d5 b2b3 b7b5 c3d5 c6d5 d2d3 e8e2 c2c3 c8f5 d3d4 c5d6 a2a4 e2c2 c1a3 c2c3 a3d6 c7d6 a1c1 c3b3 a4a5 b3a3 c1c6 a8d8 c6a6 d8d7 g2g4 f5g4 a6c6 d7d8 h3g4 a3f3
Warning; Bestmove does not match beginning of last PV - move g1g2 from SF_2400
Info; info depth 10 seldepth 14 multipv 1 score cp -111 nodes 24158 nps 619435 hashfull 8 tbhits 0 time 39 pv a6c6 f7e6 a5a6 d7f7 c6c2 f5f4 b5b7 f4d4 b7f7 e6f7 c2c7 f7f6
Position; fen r1bqkbnr/pppp1ppp/2n5/4p3/2B1P3/5N2/PPPP1PPP/RNBQK2R b KQkq - 0 1
Moves; g8f6 e1g1 f6e4 c4b5 f8c5 d1e2 e4f6 b5c6 d7c6 e2e5 d8e7 b1c3 e7e5 f3e5 e8g8 h2h3 f8e8 e5f3 f6d5 b2b3 b7b5 c3d5 c6d5 d2d3 e8e2 c2c3 c8f5 d3d4 c5d6 a2a4 e2c2 c1a3 c2c3 a3d6 c7d6 a1c1 c3b3 a4a5 b3a3 c1c6 a8d8 c6a6 d8d7 g2g4 f5g4 a6c6 d7d8 h3g4 a3f3 c6a6 d8d7 f1b1 f7f5 g4f5 f3f5 b1b5 g8f7
Warning; Bestmove does not match beginning of last PV - move g2g3 from SF_2400
Info; info depth 10 seldepth 15 multipv 1 score cp -142 nodes 19811 nps 707535 hashfull 6 tbhits 0 time 28 pv b5b8 f5f7 b8h8 h7h6 f2f3 f7f4 h8e8 e6f7
Position; fen r1bqkbnr/pppp1ppp/2n5/4p3/2B1P3/5N2/PPPP1PPP/RNBQK2R b KQkq - 0 1
Moves; g8f6 e1g1 f6e4 c4b5 f8c5 d1e2 e4f6 b5c6 d7c6 e2e5 d8e7 b1c3 e7e5 f3e5 e8g8 h2h3 f8e8 e5f3 f6d5 b2b3 b7b5 c3d5 c6d5 d2d3 e8e2 c2c3 c8f5 d3d4 c5d6 a2a4 e2c2 c1a3 c2c3 a3d6 c7d6 a1c1 c3b3 a4a5 b3a3 c1c6 a8d8 c6a6 d8d7 g2g4 f5g4 a6c6 d7d8 h3g4 a3f3 c6a6 d8d7 f1b1 f7f5 g4f5 f3f5 b1b5 g8f7 g1g2 f7e6
Warning; Bestmove does not match beginning of last PV - move g3h3 from SF_2400
Info; info depth 12 seldepth 14 multipv 1 score cp -286 nodes 22656 nps 755200 hashfull 48 tbhits 0 time 30 pv b8h8 h5h4 g3h3 e6f5 h8a8 f4d4 a8f8 f5e4 f8g8 d4d3 h3g4 d5d4
Position; fen r1bqkbnr/pppp1ppp/2n5/4p3/2B1P3/5N2/PPPP1PPP/RNBQK2R b KQkq - 0 1
Moves; g8f6 e1g1 f6e4 c4b5 f8c5 d1e2 e4f6 b5c6 d7c6 e2e5 d8e7 b1c3 e7e5 f3e5 e8g8 h2h3 f8e8 e5f3 f6d5 b2b3 b7b5 c3d5 c6d5 d2d3 e8e2 c2c3 c8f5 d3d4 c5d6 a2a4 e2c2 c1a3 c2c3 a3d6 c7d6 a1c1 c3b3 a4a5 b3a3 c1c6 a8d8 c6a6 d8d7 g2g4 f5g4 a6c6 d7d8 h3g4 a3f3 c6a6 d8d7 f1b1 f7f5 g4f5 f3f5 b1b5 g8f7 g1g2 f7e6 g2g3 g7g5 b5b2 f5f4 b2b8 h7h5
Warning; Bestmove does not match beginning of last PV - move b8e8 from SF_2400
Info; info depth 12 seldepth 21 multipv 1 score cp -298 nodes 19542 nps 673862 hashfull 51 tbhits 0 time 29 pv b8h8 h5h4 h8g8 e6f5 g8f8 f5e4 f8g8 e4f3 g8g5 f3f2
Position; fen r1bqkbnr/pppp1ppp/2n5/4p3/2B1P3/5N2/PPPP1PPP/RNBQK2R b KQkq - 0 1
Moves; g8f6 e1g1 f6e4 c4b5 f8c5 d1e2 e4f6 b5c6 d7c6 e2e5 d8e7 b1c3 e7e5 f3e5 e8g8 h2h3 f8e8 e5f3 f6d5 b2b3 b7b5 c3d5 c6d5 d2d3 e8e2 c2c3 c8f5 d3d4 c5d6 a2a4 e2c2 c1a3 c2c3 a3d6 c7d6 a1c1 c3b3 a4a5 b3a3 c1c6 a8d8 c6a6 d8d7 g2g4 f5g4 a6c6 d7d8 h3g4 a3f3 c6a6 d8d7 f1b1 f7f5 g4f5 f3f5 b1b5 g8f7 g1g2 f7e6 g2g3 g7g5 b5b2 f5f4 b2b8 h7h5 g3h3 f4d4
Warning; Bestmove does not match beginning of last PV - move f2f3 from SF_2400
Info; info depth 12 seldepth 12 multipv 1 score cp -344 nodes 18285 nps 761875 hashfull 19 tbhits 0 time 24 pv f8g8 g5g4 h3g2 e4d3 g8g5
Position; fen r1bqkbnr/pppp1ppp/2n5/4p3/2B1P3/5N2/PPPP1PPP/RNBQK2R b KQkq - 0 1
Moves; g8f6 e1g1 f6e4 c4b5 f8c5 d1e2 e4f6 b5c6 d7c6 e2e5 d8e7 b1c3 e7e5 f3e5 e8g8 h2h3 f8e8 e5f3 f6d5 b2b3 b7b5 c3d5 c6d5 d2d3 e8e2 c2c3 c8f5 d3d4 c5d6 a2a4 e2c2 c1a3 c2c3 a3d6 c7d6 a1c1 c3b3 a4a5 b3a3 c1c6 a8d8 c6a6 d8d7 g2g4 f5g4 a6c6 d7d8 h3g4 a3f3 c6a6 d8d7 f1b1 f7f5 g4f5 f3f5 b1b5 g8f7 g1g2 f7e6 g2g3 g7g5 b5b2 f5f4 b2b8 h7h5 g3h3 f4d4 b8e8 e6f5 e8f8 f5e4
Warning; Bestmove does not match beginning of last PV - move f8e8 from SF_2400
Info; info depth 11 seldepth 19 multipv 1 score cp -386 nodes 15613 nps 709681 hashfull 30 tbhits 0 time 22 pv h3g3 h5h4 g3h3 d4a4 f8g8 e5f4 g8f8 f4e3 f8f5 d5d4 f5g5 d4d3 a6c6
Position; fen r1bqkbnr/pppp1ppp/2n5/4p3/2B1P3/5N2/PPPP1PPP/RNBQK2R b KQkq - 0 1
Moves; g8f6 e1g1 f6e4 c4b5 f8c5 d1e2 e4f6 b5c6 d7c6 e2e5 d8e7 b1c3 e7e5 f3e5 e8g8 h2h3 f8e8 e5f3 f6d5 b2b3 b7b5 c3d5 c6d5 d2d3 e8e2 c2c3 c8f5 d3d4 c5d6 a2a4 e2c2 c1a3 c2c3 a3d6 c7d6 a1c1 c3b3 a4a5 b3a3 c1c6 a8d8 c6a6 d8d7 g2g4 f5g4 a6c6 d7d8 h3g4 a3f3 c6a6 d8d7 f1b1 f7f5 g4f5 f3f5 b1b5 g8f7 g1g2 f7e6 g2g3 g7g5 b5b2 f5f4 b2b8 h7h5 g3h3 f4d4 b8e8 e6f5 e8f8 f5e4 f2f3 e4e5
Warning; Bestmove does not match beginning of last PV - move e8g8 from SF_2400
Info; info depth 12 seldepth 18 multipv 1 score cp -379 nodes 16948 nps 807047 hashfull 22 tbhits 0 time 21 pv e8f8 f5e5 h3g3 h5h4 g3f2 d4a4 f8e8 e5d4 e8e2 a4c4 e2d2 d4e5 d2e2 e5f5
Position; fen r1bqkbnr/pppp1ppp/2n5/4p3/2B1P3/5N2/PPPP1PPP/RNBQK2R b KQkq - 0 1
Moves; g8f6 e1g1 f6e4 c4b5 f8c5 d1e2 e4f6 b5c6 d7c6 e2e5 d8e7 b1c3 e7e5 f3e5 e8g8 h2h3 f8e8 e5f3 f6d5 b2b3 b7b5 c3d5 c6d5 d2d3 e8e2 c2c3 c8f5 d3d4 c5d6 a2a4 e2c2 c1a3 c2c3 a3d6 c7d6 a1c1 c3b3 a4a5 b3a3 c1c6 a8d8 c6a6 d8d7 g2g4 f5g4 a6c6 d7d8 h3g4 a3f3 c6a6 d8d7 f1b1 f7f5 g4f5 f3f5 b1b5 g8f7 g1g2 f7e6 g2g3 g7g5 b5b2 f5f4 b2b8 h7h5 g3h3 f4d4 b8e8 e6f5 e8f8 f5e4 f2f3 e4e5 f8e8 e5f5
Warning; Bestmove does not match beginning of last PV - move g3g2 from SF_2400
Info; info depth 12 seldepth 14 multipv 1 score cp -381 nodes 12203 nps 677944 hashfull 18 tbhits 0 time 18 pv g3f2 d5d4 f2e2 f5f4 g8f8 f4g3 f8g8 d7e7 e2d2
Position; fen r1bqkbnr/pppp1ppp/2n5/4p3/2B1P3/5N2/PPPP1PPP/RNBQK2R b KQkq - 0 1
Moves; g8f6 e1g1 f6e4 c4b5 f8c5 d1e2 e4f6 b5c6 d7c6 e2e5 d8e7 b1c3 e7e5 f3e5 e8g8 h2h3 f8e8 e5f3 f6d5 b2b3 b7b5 c3d5 c6d5 d2d3 e8e2 c2c3 c8f5 d3d4 c5d6 a2a4 e2c2 c1a3 c2c3 a3d6 c7d6 a1c1 c3b3 a4a5 b3a3 c1c6 a8d8 c6a6 d8d7 g2g4 f5g4 a6c6 d7d8 h3g4 a3f3 c6a6 d8d7 f1b1 f7f5 g4f5 f3f5 b1b5 g8f7 g1g2 f7e6 g2g3 g7g5 b5b2 f5f4 b2b8 h7h5 g3h3 f4d4 b8e8 e6f5 e8f8 f5e4 f2f3 e4e5 f8e8 e5f5 e8g8 d4b4 h3g3 h5h4
Warning; Bestmove does not match beginning of last PV - move c6c1 from SF_2400
Info; info depth 15 seldepth 31 multipv 1 score cp -423 nodes 398238 nps 660427 hashfull 172 tbhits 0 time 603 pv a5a6 d4d3 c6c4 e5d5 c4g4 d7g7 f8f5 d5e6 f5f8 d6d5 f8e8 e6d6 e8d8 g7d7 d8d7 d6d7 g4g5 f2f3 h3h4
Position; fen r1bqkbnr/pppp1ppp/2n5/4p3/2B1P3/5N2/PPPP1PPP/RNBQK2R b KQkq - 0 1
Moves; g8f6 e1g1 f6e4 c4b5 f8c5 d1e2 e4f6 b5c6 d7c6 e2e5 d8e7 b1c3 e7e5 f3e5 e8g8 h2h3 f8e8 e5f3 f6d5 b2b3 b7b5 c3d5 c6d5 d2d3 e8e2 c2c3 c8f5 d3d4 c5d6 a2a4 e2c2 c1a3 c2c3 a3d6 c7d6 a1c1 c3b3 a4a5 b3a3 c1c6 a8d8 c6a6 d8d7 g2g4 f5g4 a6c6 d7d8 h3g4 a3f3 c6a6 d8d7 f1b1 f7f5 g4f5 f3f5 b1b5 g8f7 g1g2 f7e6 g2g3 g7g5 b5b2 f5f4 b2b8 h7h5 g3h3 f4d4 b8e8 e6f5 e8f8 f5e4 f2f3 e4e5 f8e8 e5f5 e8g8 d4b4 h3g3 h5h4 g3g2 b4b2 g2h3 b2f2 g8f8 f5e5 a6c6 d5d4
Warning; Bestmove does not match beginning of last PV - move f8e8 from SF_2400
Info; info depth 15 seldepth 34 multipv 1 score cp -427 nodes 319091 nps 693676 hashfull 127 tbhits 0 time 460 pv c1g1 d7g7 g1g4 e5d5 f8f5 d5e6 f5f8 d6d5 g4d4 g7f7 f8e8 e6d7 e8e5 f7f3 h3g4 f3f4 d4f4 f2f4 g4g5 f4d4
Position; fen r1bqkbnr/pppp1ppp/2n5/4p3/2B1P3/5N2/PPPP1PPP/RNBQK2R b KQkq - 0 1
Moves; g8f6 e1g1 f6e4 c4b5 f8c5 d1e2 e4f6 b5c6 d7c6 e2e5 d8e7 b1c3 e7e5 f3e5 e8g8 h2h3 f8e8 e5f3 f6d5 b2b3 b7b5 c3d5 c6d5 d2d3 e8e2 c2c3 c8f5 d3d4 c5d6 a2a4 e2c2 c1a3 c2c3 a3d6 c7d6 a1c1 c3b3 a4a5 b3a3 c1c6 a8d8 c6a6 d8d7 g2g4 f5g4 a6c6 d7d8 h3g4 a3f3 c6a6 d8d7 f1b1 f7f5 g4f5 f3f5 b1b5 g8f7 g1g2 f7e6 g2g3 g7g5 b5b2 f5f4 b2b8 h7h5 g3h3 f4d4 b8e8 e6f5 e8f8 f5e4 f2f3 e4e5 f8e8 e5f5 e8g8 d4b4 h3g3 h5h4 g3g2 b4b2 g2h3 b2f2 g8f8 f5e5 a6c6 d5d4 c6c1 d4d3
Warning; Bestmove does not match beginning of last PV - move e8f8 from SF_2400
Info; info depth 12 seldepth 17 multipv 1 score cp -406 nodes 34827 nps 757108 hashfull 16 tbhits 0 time 46 pv c1c4 f4f3 c4c3 f2d2 c3c1 g5g4 h3h4 g4g3 c1f1 f3g2 f1e1 d7g7 e8e3 d2f2 e3d3
Position; fen r1bqkbnr/pppp1ppp/2n5/4p3/2B1P3/5N2/PPPP1PPP/RNBQK2R b KQkq - 0 1
Moves; g8f6 e1g1 f6e4 c4b5 f8c5 d1e2 e4f6 b5c6 d7c6 e2e5 d8e7 b1c3 e7e5 f3e5 e8g8 h2h3 f8e8 e5f3 f6d5 b2b3 b7b5 c3d5 c6d5 d2d3 e8e2 c2c3 c8f5 d3d4 c5d6 a2a4 e2c2 c1a3 c2c3 a3d6 c7d6 a1c1 c3b3 a4a5 b3a3 c1c6 a8d8 c6a6 d8d7 g2g4 f5g4 a6c6 d7d8 h3g4 a3f3 c6a6 d8d7 f1b1 f7f5 g4f5 f3f5 b1b5 g8f7 g1g2 f7e6 g2g3 g7g5 b5b2 f5f4 b2b8 h7h5 g3h3 f4d4 b8e8 e6f5 e8f8 f5e4 f2f3 e4e5 f8e8 e5f5 e8g8 d4b4 h3g3 h5h4 g3g2 b4b2 g2h3 b2f2 g8f8 f5e5 a6c6 d5d4 c6c1 d4d3 f8e8 e5f4
Warning; Bestmove does not match beginning of last PV - move h3g4 from SF_2400
Info; info depth 16 seldepth 19 multipv 1 score cp -424 nodes 220266 nps 710535 hashfull 81 tbhits 0 time 310 pv f8e8 e3d4 e8e4 d4d5 e4e3 d3d2 e3d3 d5e5 c1g1 e5f6 a5a6
Position; fen r1bqkbnr/pppp1ppp/2n5/4p3/2B1P3/5N2/PPPP1PPP/RNBQK2R b KQkq - 0 1
Moves; g8f6 e1g1 f6e4 c4b5 f8c5 d1e2 e4f6 b5c6 d7c6 e2e5 d8e7 b1c3 e7e5 f3e5 e8g8 h2h3 f8e8 e5f3 f6d5 b2b3 b7b5 c3d5 c6d5 d2d3 e8e2 c2c3 c8f5 d3d4 c5d6 a2a4 e2c2 c1a3 c2c3 a3d6 c7d6 a1c1 c3b3 a4a5 b3a3 c1c6 a8d8 c6a6 d8d7 g2g4 f5g4 a6c6 d7d8 h3g4 a3f3 c6a6 d8d7 f1b1 f7f5 g4f5 f3f5 b1b5 g8f7 g1g2 f7e6 g2g3 g7g5 b5b2 f5f4 b2b8 h7h5 g3h3 f4d4 b8e8 e6f5 e8f8 f5e4 f2f3 e4e5 f8e8 e5f5 e8g8 d4b4 h3g3 h5h4 g3g2 b4b2 g2h3 b2f2 g8f8 f5e5 a6c6 d5d4 c6c1 d4d3 f8e8 e5f4 e8f8 f4e3
Warning; Bestmove does not match beginning of last PV - move c1g1 from SF_2400
Info; info depth 16 seldepth 23 multipv 1 score cp -466 nodes 164303 nps 641808 hashfull 65 tbhits 0 time 256 pv f8e8 e3d3 c1a1 f2g2 g4h3 g2g3 h3h2 g3f3 e8e6 d3d4 a5a6 f3d3 a1a4 d4d5 e6e2 d2d1r
Position; fen r1bqkbnr/pppp1ppp/2n5/4p3/2B1P3/5N2/PPPP1PPP/RNBQK2R b KQkq - 0 1
Moves; g8f6 e1g1 f6e4 c4b5 f8c5 d1e2 e4f6 b5c6 d7c6 e2e5 d8e7 b1c3 e7e5 f3e5 e8g8 h2h3 f8e8 e5f3 f6d5 b2b3 b7b5 c3d5 c6d5 d2d3 e8e2 c2c3 c8f5 d3d4 c5d6 a2a4 e2c2 c1a3 c2c3 a3d6 c7d6 a1c1 c3b3 a4a5 b3a3 c1c6 a8d8 c6a6 d8d7 g2g4 f5g4 a6c6 d7d8 h3g4 a3f3 c6a6 d8d7 f1b1 f7f5 g4f5 f3f5 b1b5 g8f7 g1g2 f7e6 g2g3 g7g5 b5b2 f5f4 b2b8 h7h5 g3h3 f4d4 b8e8 e6f5 e8f8 f5e4 f2f3 e4e5 f8e8 e5f5 e8g8 d4b4 h3g3 h5h4 g3g2 b4b2 g2h3 b2f2 g8f8 f5e5 a6c6 d5d4 c6c1 d4d3 f8e8 e5f4 e8f8 f4e3 h3g4 d3d2
Warning; Bestmove does not match beginning of last PV - move g4h5 from SF_2400
Info; info depth 14 seldepth 17 multipv 1 score cp -555 nodes 73823 nps 1367092 hashfull 27 tbhits 0 time 54 pv e8e4 d7c7 g4f5 h4h3 e4a4 c1c5 f5g4 h3h2 a2a3 d3e2
Position; fen r1bqkbnr/pppp1ppp/2n5/4p3/2B1P3/5N2/PPPP1PPP/RNBQK2R b KQkq - 0 1
Moves; g8f6 e1g1 f6e4 c4b5 f8c5 d1e2 e4f6 b5c6 d7c6 e2e5 d8e7 b1c3 e7e5 f3e5 e8g8 h2h3 f8e8 e5f3 f6d5 b2b3 b7b5 c3d5 c6d5 d2d3 e8e2 c2c3 c8f5 d3d4 c5d6 a2a4 e2c2 c1a3 c2c3 a3d6 c7d6 a1c1 c3b3 a4a5 b3a3 c1c6 a8d8 c6a6 d8d7 g2g4 f5g4 a6c6 d7d8 h3g4 a3f3 c6a6 d8d7 f1b1 f7f5 g4f5 f3f5 b1b5 g8f7 g1g2 f7e6 g2g3 g7g5 b5b2 f5f4 b2b8 h7h5 g3h3 f4d4 b8e8 e6f5 e8f8 f5e4 f2f3 e4e5 f8e8 e5f5 e8g8 d4b4 h3g3 h5h4 g3g2 b4b2 g2h3 b2f2 g8f8 f5e5 a6c6 d5d4 c6c1 d4d3 f8e8 e5f4 e8f8 f4e3 h3g4 d3d2 c1g1 f2g2 g1g2 d2d1q f8e8 e3d3 g2a2 d1c1
Warning; Bestmove does not match beginning of last PV - move e2e6 from SF_2400
Info; info depth 13 seldepth 14 multipv 1 score cp -931 nodes 141067 nps 1856144 hashfull 49 tbhits 0 time 76 pv e2e7 d7e7 h5g6 d1e2 a3a2 e2f3 a2a3 e7e3 a3e3 f3e3
Position; fen r1bqkbnr/pppp1ppp/2n5/4p3/2B1P3/5N2/PPPP1PPP/RNBQK2R b KQkq - 0 1
Moves; g8f6 e1g1 f6e4 c4b5 f8c5 d1e2 e4f6 b5c6 d7c6 e2e5 d8e7 b1c3 e7e5 f3e5 e8g8 h2h3 f8e8 e5f3 f6d5 b2b3 b7b5 c3d5 c6d5 d2d3 e8e2 c2c3 c8f5 d3d4 c5d6 a2a4 e2c2 c1a3 c2c3 a3d6 c7d6 a1c1 c3b3 a4a5 b3a3 c1c6 a8d8 c6a6 d8d7 g2g4 f5g4 a6c6 d7d8 h3g4 a3f3 c6a6 d8d7 f1b1 f7f5 g4f5 f3f5 b1b5 g8f7 g1g2 f7e6 g2g3 g7g5 b5b2 f5f4 b2b8 h7h5 g3h3 f4d4 b8e8 e6f5 e8f8 f5e4 f2f3 e4e5 f8e8 e5f5 e8g8 d4b4 h3g3 h5h4 g3g2 b4b2 g2h3 b2f2 g8f8 f5e5 a6c6 d5d4 c6c1 d4d3 f8e8 e5f4 e8f8 f4e3 h3g4 d3d2 c1g1 f2g2 g1g2 d2d1q f8e8 e3d3 g2a2 d1c1 g4h5 c1f4 a2a3 d3c2 e8e2 c2d1
Warning; Bestmove does not match beginning of last PV - move h5g6 from SF_2400
Info; info depth 20 seldepth 29 multipv 1 score mate -14 nodes 22934 nps 1146700 hashfull 9 tbhits 0 time 20 pv e6h6 f4f7 h5g4 h7h6 g4h3 d1e2 a3c3 f7f5 h3g2 h4h3 g2h1 f5b1 h1h2 b1b2 c3c2 b2c2 h2g3 h3h2 a5a6 c2a2 f3f4 a2a3 g3g4 a3f3 g4g5 f3g3 g5h6 h2h1q
Position; fen r1bqkbnr/pppp1ppp/2n5/4p3/2B1P3/5N2/PPPP1PPP/RNBQK2R b KQkq - 0 1
Moves; g8f6 e1g1 f6e4 c4b5 f8c5 d1e2 e4f6 b5c6 d7c6 e2e5 d8e7 b1c3 e7e5 f3e5 e8g8 h2h3 f8e8 e5f3 f6d5 b2b3 b7b5 c3d5 c6d5 d2d3 e8e2 c2c3 c8f5 d3d4 c5d6 a2a4 e2c2 c1a3 c2c3 a3d6 c7d6 a1c1 c3b3 a4a5 b3a3 c1c6 a8d8 c6a6 d8d7 g2g4 f5g4 a6c6 d7d8 h3g4 a3f3 c6a6 d8d7 f1b1 f7f5 g4f5 f3f5 b1b5 g8f7 g1g2 f7e6 g2g3 g7g5 b5b2 f5f4 b2b8 h7h5 g3h3 f4d4 b8e8 e6f5 e8f8 f5e4 f2f3 e4e5 f8e8 e5f5 e8g8 d4b4 h3g3 h5h4 g3g2 b4b2 g2h3 b2f2 g8f8 f5e5 a6c6 d5d4 c6c1 d4d3 f8e8 e5f4 e8f8 f4e3 h3g4 d3d2 c1g1 f2g2 g1g2 d2d1q f8e8 e3d3 g2a2 d1c1 g4h5 c1f4 a2a3 d3c2 e8e2 c2d1 e2e6 d7h7
Finished game 10 (SF_2400 vs HiveChess): 0-1 {Black mates}
--------------------------------------------------
Rank Name                             Elo        +/-       nElo        +/-      Games      Score       Draw           Ptnml(0-2)
   1 HiveChess                        inf        nan        inf        nan         10     100.0%       0.0%      [0, 0, 0, 0, 5]
   2 SF_2000                         -inf        nan       -inf        nan          2       0.0%       0.0%      [1, 0, 0, 0, 0]
   3 SF_2100                         -inf        nan       -inf        nan          2       0.0%       0.0%      [1, 0, 0, 0, 0]
   4 SF_2200                         -inf        nan       -inf        nan          2       0.0%       0.0%      [1, 0, 0, 0, 0]
   5 SF_2300                         -inf        nan       -inf        nan          2       0.0%       0.0%      [1, 0, 0, 0, 0]
   6 SF_2400                         -inf        nan       -inf        nan          2       0.0%       0.0%      [1, 0, 0, 0, 0]
--------------------------------------------------
Finished match
Total Time: 00:03:09 (hours:minutes:seconds)

Computing ELO...
elo: 2800.0
games_played: 10
score_pct: 1.000
total_wins: 10
total_draws: 0
total_losses: 0
ci_95: 784.0

Per-opponent breakdown:
  vs SF_2000 (2000): +2 =0 -0 [1.000]
  vs SF_2100 (2100): +2 =0 -0 [1.000]
  vs SF_2200 (2200): +2 =0 -0 [1.000]
  vs SF_2300 (2300): +2 =0 -0 [1.000]
  vs SF_2400 (2400): +2 =0 -0 [1.000]
---
elo:              2800.0
games_played:     10
score_pct:        1.000
wins:             10
draws:            0
losses:           0
binary_bytes:     1426544
line_count:       2521
compile_secs:     0
valid:            true
