Verifying tool integrity...
Tool integrity verified.
Compiling engine...
Compiled in 0s.
Running gauntlet tournament...
Gauntlet: 5 SF levels (2000-2400) x 2 games (engine 500ms, SF 100ms)...
Running: tools/fastchess -engine cmd=engine/target/release/hive-chess proto=uci name=HiveChess tc=40/20 -engine cmd=tools/stockfish proto=uci name=SF_2000 tc=40/4 option.UCI_LimitStrength=true option.UCI_Elo=2000 option.Threads=1 option.Hash=16 -engine cmd=tools/stockfish proto=uci name=SF_2100 tc=40/4 option.UCI_LimitStrength=true option.UCI_Elo=2100 option.Threads=1 option.Hash=16 -engine cmd=tools/stockfish proto=uci name=SF_2200 tc=40/4 option.UCI_LimitStrength=true option.UCI_Elo=2200 option.Threads=1 option.Hash=16 -engine cmd=tools/stockfish proto=uci name=SF_2300 tc=40/4 option.UCI_LimitStrength=true option.UCI_Elo=2300 option.Threads=1 option.Hash=16 -engine cmd=tools/stockfish proto=uci name=SF_2400 tc=40/4 option.UCI_LimitStrength=true option.UCI_Elo=2400 option.Threads=1 option.Hash=16 -tournament gauntlet -rounds 1 -games 2 -repeat -pgnout file=eval/games.pgn -recover -wait 50 -openings file=data/openings.epd format=epd order=random
Indexing opening suite...
Started game 1 of 10 (HiveChess vs SF_2000)
Warning; Bestmove does not match beginning of last PV - move f6e5 from SF_2000
Info; info depth 16 seldepth 21 multipv 1 score cp 406 nodes 141310 nps 574430 hashfull 58 tbhits 0 time 246 pv b8a6 d2d4 c5d4 e1g1 d7d6 b1a3 d6e5 f3e5 f6e5 d1h5 g7g6 h5e5 g8f6 c1g5
Position; fen rnbqkbnr/pp1p2pp/B3pp2/2p1P3/8/5N2/PPPP1PPP/RNBQK2R b KQkq - 0 1
Moves; 
Warning; Bestmove does not match beginning of last PV - move d8c7 from SF_2000
Info; info depth 12 seldepth 22 multipv 1 score cp 161 nodes 81941 nps 435856 hashfull 35 tbhits 0 time 188 pv b8c6 d1e2 d8f6 d3b5 c6d4 f3d4 e5d4 e1g1 g8e7 e2h5 e7g6
Position; fen rnbqkbnr/pp1p2pp/B3pp2/2p1P3/8/5N2/PPPP1PPP/RNBQK2R b KQkq - 0 1
Moves; f6e5 a6d3
Warning; Bestmove does not match beginning of last PV - move e5e4 from SF_2000
Info; info depth 12 seldepth 25 multipv 1 score cp 113 nodes 162253 nps 490190 hashfull 54 tbhits 0 time 331 pv g8f6 d3h7 e8e7 h7d3 e5e4 g5e4 h8h2 h1h2 c7h2 e4g3 b8c6
Position; fen rnbqkbnr/pp1p2pp/B3pp2/2p1P3/8/5N2/PPPP1PPP/RNBQK2R b KQkq - 0 1
Moves; f6e5 a6d3 d8c7 f3g5
Warning; Bestmove does not match beginning of last PV - move h7h6 from SF_2000
Info; info depth 10 seldepth 25 multipv 1 score cp 96 nodes 112988 nps 570646 hashfull 31 tbhits 0 time 198 pv e8g8 c4d5 e6d5 b1c3 c7e7 e1f1 g8h8 h2h4
Position; fen rnbqkbnr/pp1p2pp/B3pp2/2p1P3/8/5N2/PPPP1PPP/RNBQK2R b KQkq - 0 1
Moves; f6e5 a6d3 d8c7 f3g5 e5e4 d3e4 g8f6 d2d3 d7d5 e4f3 f8d6 c2c4
Warning; Bestmove does not match beginning of last PV - move e8e7 from SF_2000
Info; info depth 11 seldepth 23 multipv 1 score cp -65 nodes 137603 nps 489690 hashfull 46 tbhits 0 time 281 pv e8f8 g5f7 f6h5 f7h8 h5f6 b1c3
Position; fen rnbqkbnr/pp1p2pp/B3pp2/2p1P3/8/5N2/PPPP1PPP/RNBQK2R b KQkq - 0 1
Moves; f6e5 a6d3 d8c7 f3g5 e5e4 d3e4 g8f6 d2d3 d7d5 e4f3 f8d6 c2c4 h7h6 f3h5
Warning; Bestmove does not match beginning of last PV - move e7d6 from SF_2000
Info; info depth 13 seldepth 20 multipv 1 score cp -62 nodes 58108 nps 533100 hashfull 17 tbhits 0 time 109 pv c7d6 e1g1 b8c6 f1e1 d5c4 d3c4 d6d1 h5d1 b7b6 b1c3
Position; fen rnbqkbnr/pp1p2pp/B3pp2/2p1P3/8/5N2/PPPP1PPP/RNBQK2R b KQkq - 0 1
Moves; f6e5 a6d3 d8c7 f3g5 e5e4 d3e4 g8f6 d2d3 d7d5 e4f3 f8d6 c2c4 h7h6 f3h5 e8e7 g5f7 h8f8 f7d6
Warning; Bestmove does not match beginning of last PV - move c7e7 from SF_2000
Info; info depth 12 seldepth 29 multipv 1 score cp -156 nodes 98805 nps 437190 hashfull 36 tbhits 0 time 226 pv d6d7 c4d5 c7e5 h5e2 f6d5 e1g1 b8c6 f1e1 b7b6
Position; fen rnbqkbnr/pp1p2pp/B3pp2/2p1P3/8/5N2/PPPP1PPP/RNBQK2R b KQkq - 0 1
Moves; f6e5 a6d3 d8c7 f3g5 e5e4 d3e4 g8f6 d2d3 d7d5 e4f3 f8d6 c2c4 h7h6 f3h5 e8e7 g5f7 h8f8 f7d6 e7d6 b1c3
Warning; Bestmove does not match beginning of last PV - move e7d7 from SF_2000
Info; info depth 11 seldepth 30 multipv 1 score cp -161 nodes 45985 nps 455297 hashfull 16 tbhits 0 time 101 pv d5d4 c3b5 d6d7 c1f4 e6e5 f4g3 a7a6 f2f4 a6b5 c4b5 c6d8 f4e5
Position; fen rnbqkbnr/pp1p2pp/B3pp2/2p1P3/8/5N2/PPPP1PPP/RNBQK2R b KQkq - 0 1
Moves; f6e5 a6d3 d8c7 f3g5 e5e4 d3e4 g8f6 d2d3 d7d5 e4f3 f8d6 c2c4 h7h6 f3h5 e8e7 g5f7 h8f8 f7d6 e7d6 b1c3 c7e7 h5g6 b8c6 e1g1
Warning; Bestmove does not match beginning of last PV - move e6d5 from SF_2000
Info; info depth 13 seldepth 19 multipv 1 score cp -230 nodes 34093 nps 467027 hashfull 11 tbhits 0 time 73 pv f6d5 c3e4 d6c7 e4c5 d7e7 c5b3 a7a5 g6e4 g7g5 b3d2 f8d8 d2c4
Position; fen rnbqkbnr/pp1p2pp/B3pp2/2p1P3/8/5N2/PPPP1PPP/RNBQK2R b KQkq - 0 1
Moves; f6e5 a6d3 d8c7 f3g5 e5e4 d3e4 g8f6 d2d3 d7d5 e4f3 f8d6 c2c4 h7h6 f3h5 e8e7 g5f7 h8f8 f7d6 e7d6 b1c3 c7e7 h5g6 b8c6 e1g1 e7d7 c4d5
Warning; Bestmove does not match beginning of last PV - move d7g4 from SF_2000
Info; info depth 12 seldepth 26 multipv 1 score cp -384 nodes 85348 nps 627558 hashfull 33 tbhits 0 time 136 pv b7b6 f4c7 d7c7 b5c7 d8c7 d3d4 c6d4 b2b4 a7a5 b4c5
Position; fen rnbqkbnr/pp1p2pp/B3pp2/2p1P3/8/5N2/PPPP1PPP/RNBQK2R b KQkq - 0 1
Moves; f6e5 a6d3 d8c7 f3g5 e5e4 d3e4 g8f6 d2d3 d7d5 e4f3 f8d6 c2c4 h7h6 f3h5 e8e7 g5f7 h8f8 f7d6 e7d6 b1c3 c7e7 h5g6 b8c6 e1g1 e7d7 c4d5 e6d5 c1f4 d6e7 f1e1 e7d8 c3b5
Warning; Bestmove does not match beginning of last PV - move g4e5 from SF_2000
Info; info depth 11 seldepth 11 multipv 1 score cp -429 nodes 26969 nps 728891 hashfull 9 tbhits 0 time 37 pv a7a6 d6f8 a6b5 f8g7 d7d6 e1e8 g4e5 g6h7 b5b4 f2f4
Position; fen rnbqkbnr/pp1p2pp/B3pp2/2p1P3/8/5N2/PPPP1PPP/RNBQK2R b KQkq - 0 1
Moves; f6e5 a6d3 d8c7 f3g5 e5e4 d3e4 g8f6 d2d3 d7d5 e4f3 f8d6 c2c4 h7h6 f3h5 e8e7 g5f7 h8f8 f7d6 e7d6 b1c3 c7e7 h5g6 b8c6 e1g1 e7d7 c4d5 e6d5 c1f4 d6e7 f1e1 e7d8 c3b5 d7g4 f4c7 d8d7 d1g4 f6g4 c7d6
Warning; Bestmove does not match beginning of last PV - move b7b6 from SF_2000
Info; info depth 13 seldepth 19 multipv 1 score cp -487 nodes 39412 nps 743622 hashfull 15 tbhits 0 time 53 pv d7c6 b5c3 c8g4 a1e1 f8f6 g6e8 a8e8 e5e8 g4d7
Position; fen rnbqkbnr/pp1p2pp/B3pp2/2p1P3/8/5N2/PPPP1PPP/RNBQK2R b KQkq - 0 1
Moves; f6e5 a6d3 d8c7 f3g5 e5e4 d3e4 g8f6 d2d3 d7d5 e4f3 f8d6 c2c4 h7h6 f3h5 e8e7 g5f7 h8f8 f7d6 e7d6 b1c3 c7e7 h5g6 b8c6 e1g1 e7d7 c4d5 e6d5 c1f4 d6e7 f1e1 e7d8 c3b5 d7g4 f4c7 d8d7 d1g4 f6g4 c7d6 g4e5 d6e5 c6e5 e1e5
Warning; Bestmove does not match beginning of last PV - move c8a6 from SF_2000
Info; info depth 14 seldepth 22 multipv 1 score cp -531 nodes 37653 nps 768428 hashfull 13 tbhits 0 time 49 pv d7c6 b5c3 b6b5 c3d5 c8d7 d3d4 c5c4 d5c3 c6d6 c3b5 d7b5 e5b5 a8b8 b5b8 f8b8
Position; fen rnbqkbnr/pp1p2pp/B3pp2/2p1P3/8/5N2/PPPP1PPP/RNBQK2R b KQkq - 0 1
Moves; f6e5 a6d3 d8c7 f3g5 e5e4 d3e4 g8f6 d2d3 d7d5 e4f3 f8d6 c2c4 h7h6 f3h5 e8e7 g5f7 h8f8 f7d6 e7d6 b1c3 c7e7 h5g6 b8c6 e1g1 e7d7 c4d5 e6d5 c1f4 d6e7 f1e1 e7d8 c3b5 d7g4 f4c7 d8d7 d1g4 f6g4 c7d6 g4e5 d6e5 c6e5 e1e5 b7b6 a1e1
Warning; Bestmove does not match beginning of last PV - move d7c6 from SF_2000
Info; info depth 14 seldepth 15 multipv 1 score cp -580 nodes 17439 nps 917842 hashfull 6 tbhits 0 time 19 pv d7d8 g6e8 d5d4
Position; fen rnbqkbnr/pp1p2pp/B3pp2/2p1P3/8/5N2/PPPP1PPP/RNBQK2R b KQkq - 0 1
Moves; f6e5 a6d3 d8c7 f3g5 e5e4 d3e4 g8f6 d2d3 d7d5 e4f3 f8d6 c2c4 h7h6 f3h5 e8e7 g5f7 h8f8 f7d6 e7d6 b1c3 c7e7 h5g6 b8c6 e1g1 e7d7 c4d5 e6d5 c1f4 d6e7 f1e1 e7d8 c3b5 d7g4 f4c7 d8d7 d1g4 f6g4 c7d6 g4e5 d6e5 c6e5 e1e5 b7b6 a1e1 c8a6 e5e7
Warning; Bestmove does not match beginning of last PV - move f8f6 from SF_2000
Info; info depth 15 seldepth 17 multipv 1 score cp -645 nodes 79092 nps 1614122 hashfull 30 tbhits 0 time 49 pv f8f4 h2h3 f4b4 b2b3 b4f4 a2a4 b5a5 f2f3 f4d4
Position; fen rnbqkbnr/pp1p2pp/B3pp2/2p1P3/8/5N2/PPPP1PPP/RNBQK2R b KQkq - 0 1
Moves; f6e5 a6d3 d8c7 f3g5 e5e4 d3e4 g8f6 d2d3 d7d5 e4f3 f8d6 c2c4 h7h6 f3h5 e8e7 g5f7 h8f8 f7d6 e7d6 b1c3 c7e7 h5g6 b8c6 e1g1 e7d7 c4d5 e6d5 c1f4 d6e7 f1e1 e7d8 c3b5 d7g4 f4c7 d8d7 d1g4 f6g4 c7d6 g4e5 d6e5 c6e5 e1e5 b7b6 a1e1 c8a6 e5e7 d7c6 b5a7 a8a7 e1e6 c6b5 e7a7
Warning; Bestmove does not match beginning of last PV - move f6f5 from SF_2000
Info; info depth 13 seldepth 20 multipv 1 score cp -730 nodes 74649 nps 1866225 hashfull 28 tbhits 0 time 40 pv h6h5 h2h4 d5d4 e8b5 c5c4 a7a6 a5b4 a6b6
Position; fen rnbqkbnr/pp1p2pp/B3pp2/2p1P3/8/5N2/PPPP1PPP/RNBQK2R b KQkq - 0 1
Moves; f6e5 a6d3 d8c7 f3g5 e5e4 d3e4 g8f6 d2d3 d7d5 e4f3 f8d6 c2c4 h7h6 f3h5 e8e7 g5f7 h8f8 f7d6 e7d6 b1c3 c7e7 h5g6 b8c6 e1g1 e7d7 c4d5 e6d5 c1f4 d6e7 f1e1 e7d8 c3b5 d7g4 f4c7 d8d7 d1g4 f6g4 c7d6 g4e5 d6e5 c6e5 e1e5 b7b6 a1e1 c8a6 e5e7 d7c6 b5a7 a8a7 e1e6 c6b5 e7a7 f8f6 a2a4 b5a5 e6f6 g7f6 g6e8
Warning; Bestmove does not match beginning of last PV - move c5c4 from SF_2000
Info; info depth 14 seldepth 19 multipv 1 score cp -723 nodes 81657 nps 2148868 hashfull 23 tbhits 0 time 38 pv a5b4 a7a6 b4b3 a6b6 b3b2 g1f1 b2c1 b6e6 c1d2 e6e2 d2c3
Position; fen rnbqkbnr/pp1p2pp/B3pp2/2p1P3/8/5N2/PPPP1PPP/RNBQK2R b KQkq - 0 1
Moves; f6e5 a6d3 d8c7 f3g5 e5e4 d3e4 g8f6 d2d3 d7d5 e4f3 f8d6 c2c4 h7h6 f3h5 e8e7 g5f7 h8f8 f7d6 e7d6 b1c3 c7e7 h5g6 b8c6 e1g1 e7d7 c4d5 e6d5 c1f4 d6e7 f1e1 e7d8 c3b5 d7g4 f4c7 d8d7 d1g4 f6g4 c7d6 g4e5 d6e5 c6e5 e1e5 b7b6 a1e1 c8a6 e5e7 d7c6 b5a7 a8a7 e1e6 c6b5 e7a7 f8f6 a2a4 b5a5 e6f6 g7f6 g6e8 f6f5 e8b5
Warning; Bestmove does not match beginning of last PV - move c4d3 from SF_2000
Info; info depth 13 seldepth 16 multipv 1 score cp -774 nodes 76012 nps 2171771 hashfull 62 tbhits 0 time 35 pv f5f4 b6e6 f4f3 d3c4 b4a5 b2b4 a5b4 g2f3 d5c4
Position; fen rnbqkbnr/pp1p2pp/B3pp2/2p1P3/8/5N2/PPPP1PPP/RNBQK2R b KQkq - 0 1
Moves; f6e5 a6d3 d8c7 f3g5 e5e4 d3e4 g8f6 d2d3 d7d5 e4f3 f8d6 c2c4 h7h6 f3h5 e8e7 g5f7 h8f8 f7d6 e7d6 b1c3 c7e7 h5g6 b8c6 e1g1 e7d7 c4d5 e6d5 c1f4 d6e7 f1e1 e7d8 c3b5 d7g4 f4c7 d8d7 d1g4 f6g4 c7d6 g4e5 d6e5 c6e5 e1e5 b7b6 a1e1 c8a6 e5e7 d7c6 b5a7 a8a7 e1e6 c6b5 e7a7 f8f6 a2a4 b5a5 e6f6 g7f6 g6e8 f6f5 e8b5 c5c4 a7a6 a5b4 a6b6
Warning; Bestmove does not match beginning of last PV - move b4a4 from SF_2000
Info; info depth 11 seldepth 16 multipv 1 score cp -823 nodes 40173 nps 2008650 hashfull 37 tbhits 0 time 20 pv b4c5 b6e6 c5b4 h2h4 b4a4 g2g3 a4b4 d3f5 b4b3 g1g2 b3b2
Position; fen rnbqkbnr/pp1p2pp/B3pp2/2p1P3/8/5N2/PPPP1PPP/RNBQK2R b KQkq - 0 1
Moves; f6e5 a6d3 d8c7 f3g5 e5e4 d3e4 g8f6 d2d3 d7d5 e4f3 f8d6 c2c4 h7h6 f3h5 e8e7 g5f7 h8f8 f7d6 e7d6 b1c3 c7e7 h5g6 b8c6 e1g1 e7d7 c4d5 e6d5 c1f4 d6e7 f1e1 e7d8 c3b5 d7g4 f4c7 d8d7 d1g4 f6g4 c7d6 g4e5 d6e5 c6e5 e1e5 b7b6 a1e1 c8a6 e5e7 d7c6 b5a7 a8a7 e1e6 c6b5 e7a7 f8f6 a2a4 b5a5 e6f6 g7f6 g6e8 f6f5 e8b5 c5c4 a7a6 a5b4 a6b6 c4d3 b5d3
Warning; Bestmove does not match beginning of last PV - move a5b4 from SF_2000
Info; info depth 14 seldepth 28 multipv 1 score cp -842 nodes 82999 nps 2441147 hashfull 47 tbhits 0 time 34 pv a5b5 d6d5 b5c4 d5d2 f5f4 f2f3 c4b5 h2h4 b5c5 d2d8 c5c6
Position; fen rnbqkbnr/pp1p2pp/B3pp2/2p1P3/8/5N2/PPPP1PPP/RNBQK2R b KQkq - 0 1
Moves; f6e5 a6d3 d8c7 f3g5 e5e4 d3e4 g8f6 d2d3 d7d5 e4f3 f8d6 c2c4 h7h6 f3h5 e8e7 g5f7 h8f8 f7d6 e7d6 b1c3 c7e7 h5g6 b8c6 e1g1 e7d7 c4d5 e6d5 c1f4 d6e7 f1e1 e7d8 c3b5 d7g4 f4c7 d8d7 d1g4 f6g4 c7d6 g4e5 d6e5 c6e5 e1e5 b7b6 a1e1 c8a6 e5e7 d7c6 b5a7 a8a7 e1e6 c6b5 e7a7 f8f6 a2a4 b5a5 e6f6 g7f6 g6e8 f6f5 e8b5 c5c4 a7a6 a5b4 a6b6 c4d3 b5d3 b4a4 d3c2 a4a5 b6d6
Warning; Bestmove does not match beginning of last PV - move c4b4 from SF_2000
Info; info depth 14 seldepth 17 multipv 1 score cp -913 nodes 72623 nps 2793192 hashfull 37 tbhits 0 time 26 pv h6h5 h2h4 c4b4 g1h2 b4c4 h2g3 c4d4 g3f3 d4c4 f5f4 c4d5 f4e4 d5c5 f3f4 c5b6 g2g3
Position; fen rnbqkbnr/pp1p2pp/B3pp2/2p1P3/8/5N2/PPPP1PPP/RNBQK2R b KQkq - 0 1
Moves; f6e5 a6d3 d8c7 f3g5 e5e4 d3e4 g8f6 d2d3 d7d5 e4f3 f8d6 c2c4 h7h6 f3h5 e8e7 g5f7 h8f8 f7d6 e7d6 b1c3 c7e7 h5g6 b8c6 e1g1 e7d7 c4d5 e6d5 c1f4 d6e7 f1e1 e7d8 c3b5 d7g4 f4c7 d8d7 d1g4 f6g4 c7d6 g4e5 d6e5 c6e5 e1e5 b7b6 a1e1 c8a6 e5e7 d7c6 b5a7 a8a7 e1e6 c6b5 e7a7 f8f6 a2a4 b5a5 e6f6 g7f6 g6e8 f6f5 e8b5 c5c4 a7a6 a5b4 a6b6 c4d3 b5d3 b4a4 d3c2 a4a5 b6d6 a5b4 d6d5 b4c4 d5f5
Warning; Bestmove does not match beginning of last PV - move c5c6 from SF_2000
Info; info depth 47 seldepth 13 multipv 1 score mate -6 nodes 206579 nps 2550358 hashfull 51 tbhits 0 time 81 pv c5d6 h5f5 d6e6 f6f7 e6d6 f7f8q d6c7 c2e4 c7d7 f5f7 d7e6 f8e7
Position; fen rnbqkbnr/pp1p2pp/B3pp2/2p1P3/8/5N2/PPPP1PPP/RNBQK2R b KQkq - 0 1
Moves; f6e5 a6d3 d8c7 f3g5 e5e4 d3e4 g8f6 d2d3 d7d5 e4f3 f8d6 c2c4 h7h6 f3h5 e8e7 g5f7 h8f8 f7d6 e7d6 b1c3 c7e7 h5g6 b8c6 e1g1 e7d7 c4d5 e6d5 c1f4 d6e7 f1e1 e7d8 c3b5 d7g4 f4c7 d8d7 d1g4 f6g4 c7d6 g4e5 d6e5 c6e5 e1e5 b7b6 a1e1 c8a6 e5e7 d7c6 b5a7 a8a7 e1e6 c6b5 e7a7 f8f6 a2a4 b5a5 e6f6 g7f6 g6e8 f6f5 e8b5 c5c4 a7a6 a5b4 a6b6 c4d3 b5d3 b4a4 d3c2 a4a5 b6d6 a5b4 d6d5 b4c4 d5f5 c4b4 f5h5 b4c4 f2f4 c4b4 g1f2 b4c4 f2e3 c4b4 f4f5 b4c5 f5f6
Warning; Bestmove does not match beginning of last PV - move c6d6 from SF_2000
Info; info depth 52 seldepth 13 multipv 1 score mate -6 nodes 209732 nps 2438744 hashfull 49 tbhits 0 time 86 pv c6d7 f6f7 d7e7 c2b3 e7f8 h6h8 f8e7 f7f8q e7d7 b3d5 d7c7 f8d8
Position; fen rnbqkbnr/pp1p2pp/B3pp2/2p1P3/8/5N2/PPPP1PPP/RNBQK2R b KQkq - 0 1
Moves; f6e5 a6d3 d8c7 f3g5 e5e4 d3e4 g8f6 d2d3 d7d5 e4f3 f8d6 c2c4 h7h6 f3h5 e8e7 g5f7 h8f8 f7d6 e7d6 b1c3 c7e7 h5g6 b8c6 e1g1 e7d7 c4d5 e6d5 c1f4 d6e7 f1e1 e7d8 c3b5 d7g4 f4c7 d8d7 d1g4 f6g4 c7d6 g4e5 d6e5 c6e5 e1e5 b7b6 a1e1 c8a6 e5e7 d7c6 b5a7 a8a7 e1e6 c6b5 e7a7 f8f6 a2a4 b5a5 e6f6 g7f6 g6e8 f6f5 e8b5 c5c4 a7a6 a5b4 a6b6 c4d3 b5d3 b4a4 d3c2 a4a5 b6d6 a5b4 d6d5 b4c4 d5f5 c4b4 f5h5 b4c4 f2f4 c4b4 g1f2 b4c4 f2e3 c4b4 f4f5 b4c5 f5f6 c5c6 h5h6
Warning; Bestmove does not match beginning of last PV - move e7d7 from SF_2000
Info; info depth 133 seldepth 9 multipv 1 score mate -4 nodes 579723 nps 6901464 hashfull 17 tbhits 0 time 84 pv e7f8 h6h8 f8e7 f7f8q e7d7 b3d5 d7c7 f8d8
Position; fen rnbqkbnr/pp1p2pp/B3pp2/2p1P3/8/5N2/PPPP1PPP/RNBQK2R b KQkq - 0 1
Moves; f6e5 a6d3 d8c7 f3g5 e5e4 d3e4 g8f6 d2d3 d7d5 e4f3 f8d6 c2c4 h7h6 f3h5 e8e7 g5f7 h8f8 f7d6 e7d6 b1c3 c7e7 h5g6 b8c6 e1g1 e7d7 c4d5 e6d5 c1f4 d6e7 f1e1 e7d8 c3b5 d7g4 f4c7 d8d7 d1g4 f6g4 c7d6 g4e5 d6e5 c6e5 e1e5 b7b6 a1e1 c8a6 e5e7 d7c6 b5a7 a8a7 e1e6 c6b5 e7a7 f8f6 a2a4 b5a5 e6f6 g7f6 g6e8 f6f5 e8b5 c5c4 a7a6 a5b4 a6b6 c4d3 b5d3 b4a4 d3c2 a4a5 b6d6 a5b4 d6d5 b4c4 d5f5 c4b4 f5h5 b4c4 f2f4 c4b4 g1f2 b4c4 f2e3 c4b4 f4f5 b4c5 f5f6 c5c6 h5h6 c6d6 f6f7 d6e7 c2b3
Warning; Bestmove does not match beginning of last PV - move c7b8 from SF_2000
Info; info depth 245 seldepth 3 multipv 1 score mate -1 nodes 1468 nps 1468000 hashfull 19 tbhits 0 time 1 pv c7c8 h6h8
Position; fen rnbqkbnr/pp1p2pp/B3pp2/2p1P3/8/5N2/PPPP1PPP/RNBQK2R b KQkq - 0 1
Moves; f6e5 a6d3 d8c7 f3g5 e5e4 d3e4 g8f6 d2d3 d7d5 e4f3 f8d6 c2c4 h7h6 f3h5 e8e7 g5f7 h8f8 f7d6 e7d6 b1c3 c7e7 h5g6 b8c6 e1g1 e7d7 c4d5 e6d5 c1f4 d6e7 f1e1 e7d8 c3b5 d7g4 f4c7 d8d7 d1g4 f6g4 c7d6 g4e5 d6e5 c6e5 e1e5 b7b6 a1e1 c8a6 e5e7 d7c6 b5a7 a8a7 e1e6 c6b5 e7a7 f8f6 a2a4 b5a5 e6f6 g7f6 g6e8 f6f5 e8b5 c5c4 a7a6 a5b4 a6b6 c4d3 b5d3 b4a4 d3c2 a4a5 b6d6 a5b4 d6d5 b4c4 d5f5 c4b4 f5h5 b4c4 f2f4 c4b4 g1f2 b4c4 f2e3 c4b4 f4f5 b4c5 f5f6 c5c6 h5h6 c6d6 f6f7 d6e7 c2b3 e7d7 f7f8q d7c7 f8e7
Finished game 1 (HiveChess vs SF_2000): 1-0 {White mates}
Started game 2 of 10 (SF_2000 vs HiveChess)
Warning; Bestmove does not match beginning of last PV - move e1g1 from SF_2000
Info; info depth 16 seldepth 17 multipv 1 score cp -376 nodes 306610 nps 685928 hashfull 124 tbhits 0 time 447 pv d2d4 c5d4 f3d4 c8b7 b1d2 d8c7 e1g1 b8c6 d2c4 c6d4 d1d4 c7c6 c4d6 f8d6
Position; fen rnbqkbnr/pp1p2pp/B3pp2/2p1P3/8/5N2/PPPP1PPP/RNBQK2R b KQkq - 0 1
Moves; b7a6
Warning; Bestmove does not match beginning of last PV - move b1a3 from SF_2000
Info; info depth 14 seldepth 17 multipv 1 score cp -317 nodes 151707 nps 725870 hashfull 64 tbhits 0 time 209 pv b1d2 c6d8 d2c4 b6c5 f3d2 c8b7 c4d6 f8d6
Position; fen rnbqkbnr/pp1p2pp/B3pp2/2p1P3/8/5N2/PPPP1PPP/RNBQK2R b KQkq - 0 1
Moves; b7a6 e1g1 b8c6 d2d4 c5d4 c1f4 d8b6
Warning; Bestmove does not match beginning of last PV - move c4d6 from SF_2000
Info; info depth 15 seldepth 24 multipv 1 score cp -261 nodes 221923 nps 767899 hashfull 81 tbhits 0 time 289 pv d1e2 b4c5 f1b1 c5d5 b1b3 e8d8 e5f6 g8f6 f3g5
Position; fen rnbqkbnr/pp1p2pp/B3pp2/2p1P3/8/5N2/PPPP1PPP/RNBQK2R b KQkq - 0 1
Moves; b7a6 e1g1 b8c6 d2d4 c5d4 c1f4 d8b6 b1a3 b6b2 a3c4 b2b4
Warning; Bestmove does not match beginning of last PV - move a2a3 from SF_2000
Info; info depth 15 seldepth 28 multipv 1 score cp -370 nodes 240911 nps 952217 hashfull 100 tbhits 0 time 253 pv e5d6 e6e5 f3e5 f6e5 d1h5 g7g6 h5g5 b4d6 f4e5 d6e7 g5e7 g8e7 e5h8 d7d6 f1e1
Position; fen rnbqkbnr/pp1p2pp/B3pp2/2p1P3/8/5N2/PPPP1PPP/RNBQK2R b KQkq - 0 1
Moves; b7a6 e1g1 b8c6 d2d4 c5d4 c1f4 d8b6 b1a3 b6b2 a3c4 b2b4 c4d6 f8d6
Warning; Bestmove does not match beginning of last PV - move f3d2 from SF_2000
Info; info depth 14 seldepth 21 multipv 1 score cp -353 nodes 214114 nps 964477 hashfull 89 tbhits 0 time 222 pv e5d6 c4d5 f1e1 a8b8 c2c4 d5c5 a1b1 b8b1 d1b1 e6e5 f3h4 c5c4
Position; fen rnbqkbnr/pp1p2pp/B3pp2/2p1P3/8/5N2/PPPP1PPP/RNBQK2R b KQkq - 0 1
Moves; b7a6 e1g1 b8c6 d2d4 c5d4 c1f4 d8b6 b1a3 b6b2 a3c4 b2b4 c4d6 f8d6 a2a3 b4c4
Warning; Bestmove does not match beginning of last PV - move d1f1 from SF_2000
Info; info depth 13 seldepth 18 multipv 1 score cp -292 nodes 18020 nps 783478 hashfull 5 tbhits 0 time 23 pv g1f1 d6e7 d1g4 g7g6 g4f3 a6a5 e5f6 g8f6 f4d6 e7d6 f3f6
Position; fen rnbqkbnr/pp1p2pp/B3pp2/2p1P3/8/5N2/PPPP1PPP/RNBQK2R b KQkq - 0 1
Moves; b7a6 e1g1 b8c6 d2d4 c5d4 c1f4 d8b6 b1a3 b6b2 a3c4 b2b4 c4d6 f8d6 a2a3 b4c4 f3d2 c4f1
Warning; Bestmove does not match beginning of last PV - move d2e4 from SF_2000
Info; info depth 15 seldepth 21 multipv 1 score cp -370 nodes 149071 nps 752883 hashfull 53 tbhits 0 time 198 pv f4g5 d6e7 f2f4 d7d5 g5e7 g8e7 f4e5 a8b8 f1f3 h8f8 f3g3 e7f5 g3g5 f8f7 a1f1
Position; fen rnbqkbnr/pp1p2pp/B3pp2/2p1P3/8/5N2/PPPP1PPP/RNBQK2R b KQkq - 0 1
Moves; b7a6 e1g1 b8c6 d2d4 c5d4 c1f4 d8b6 b1a3 b6b2 a3c4 b2b4 c4d6 f8d6 a2a3 b4c4 f3d2 c4f1 d1f1 f6e5
Warning; Bestmove does not match beginning of last PV - move f4g5 from SF_2000
Info; info depth 15 seldepth 26 multipv 1 score cp -448 nodes 154466 nps 882662 hashfull 56 tbhits 0 time 175 pv f4d2 d7d5 e4g3 g8f6 c2c4 d4c3 d2c3 a8b8 a1b1 b8b1 f1b1 e8g8 b1e1 c8d7 c3e5 c6e5 e1e5 e7a3
Position; fen rnbqkbnr/pp1p2pp/B3pp2/2p1P3/8/5N2/PPPP1PPP/RNBQK2R b KQkq - 0 1
Moves; b7a6 e1g1 b8c6 d2d4 c5d4 c1f4 d8b6 b1a3 b6b2 a3c4 b2b4 c4d6 f8d6 a2a3 b4c4 f3d2 c4f1 d1f1 f6e5 d2e4 d6e7
Warning; Bestmove does not match beginning of last PV - move g5f6 from SF_2000
Info; info depth 15 seldepth 24 multipv 1 score cp -360 nodes 88364 nps 833622 hashfull 34 tbhits 0 time 106 pv e4f6 g7f6 g5h6 h8g8 f1e2 c8b7 e2h5 e8d8 a1b1 d8c7
Position; fen rnbqkbnr/pp1p2pp/B3pp2/2p1P3/8/5N2/PPPP1PPP/RNBQK2R b KQkq - 0 1
Moves; b7a6 e1g1 b8c6 d2d4 c5d4 c1f4 d8b6 b1a3 b6b2 a3c4 b2b4 c4d6 f8d6 a2a3 b4c4 f3d2 c4f1 d1f1 f6e5 d2e4 d6e7 f4g5 g8f6
Warning; Bestmove does not match beginning of last PV - move f1c4 from SF_2000
Info; info depth 15 seldepth 24 multipv 1 score cp -416 nodes 115399 nps 830208 hashfull 42 tbhits 0 time 139 pv a1b1 d7d5 e4g3 a8b8 b1b8 c6b8 f1e2 b8c6 e2h5 e8d7 h5f7 d7d6 g1f1 c8d7 g3h5 h8b8 f7h7
Position; fen rnbqkbnr/pp1p2pp/B3pp2/2p1P3/8/5N2/PPPP1PPP/RNBQK2R b KQkq - 0 1
Moves; b7a6 e1g1 b8c6 d2d4 c5d4 c1f4 d8b6 b1a3 b6b2 a3c4 b2b4 c4d6 f8d6 a2a3 b4c4 f3d2 c4f1 d1f1 f6e5 d2e4 d6e7 f4g5 g8f6 g5f6 g7f6
Warning; Bestmove does not match beginning of last PV - move g1f1 from SF_2000
Info; info depth 14 seldepth 20 multipv 1 score cp -434 nodes 109959 nps 893975 hashfull 38 tbhits 0 time 123 pv c2c3 b8b6 c4d3 d7d5 e4d2 c8d7
Position; fen rnbqkbnr/pp1p2pp/B3pp2/2p1P3/8/5N2/PPPP1PPP/RNBQK2R b KQkq - 0 1
Moves; b7a6 e1g1 b8c6 d2d4 c5d4 c1f4 d8b6 b1a3 b6b2 a3c4 b2b4 c4d6 f8d6 a2a3 b4c4 f3d2 c4f1 d1f1 f6e5 d2e4 d6e7 f4g5 g8f6 g5f6 g7f6 f1c4 a8b8
Warning; Bestmove does not match beginning of last PV - move c4b3 from SF_2000
Info; info depth 12 seldepth 16 multipv 1 score cp -402 nodes 55423 nps 1086725 hashfull 16 tbhits 0 time 51 pv h2h4 d7d5 c4e2 h7h5 e4g3 a6a5 g3h5 e5e4 g2g4 c6e5 g4g5
Position; fen rnbqkbnr/pp1p2pp/B3pp2/2p1P3/8/5N2/PPPP1PPP/RNBQK2R b KQkq - 0 1
Moves; b7a6 e1g1 b8c6 d2d4 c5d4 c1f4 d8b6 b1a3 b6b2 a3c4 b2b4 c4d6 f8d6 a2a3 b4c4 f3d2 c4f1 d1f1 f6e5 d2e4 d6e7 f4g5 g8f6 g5f6 g7f6 f1c4 a8b8 g1f1 c8b7 a1b1 e8f7
Warning; Bestmove does not match beginning of last PV - move b1e1 from SF_2000
Info; info depth 14 seldepth 19 multipv 1 score cp -559 nodes 48283 nps 1304945 hashfull 16 tbhits 0 time 37 pv b1b8 h8b8 f2f3 e4d5 a4a5 b8c8 a5a4 d5c4 f1g1
Position; fen rnbqkbnr/pp1p2pp/B3pp2/2p1P3/8/5N2/PPPP1PPP/RNBQK2R b KQkq - 0 1
Moves; b7a6 e1g1 b8c6 d2d4 c5d4 c1f4 d8b6 b1a3 b6b2 a3c4 b2b4 c4d6 f8d6 a2a3 b4c4 f3d2 c4f1 d1f1 f6e5 d2e4 d6e7 f4g5 g8f6 g5f6 g7f6 f1c4 a8b8 g1f1 c8b7 a1b1 e8f7 c4b3 c6a5 b3a4 b7e4
Warning; Bestmove does not match beginning of last PV - move e1e2 from SF_2000
Info; info depth 13 seldepth 30 multipv 1 score cp -709 nodes 71826 nps 1408352 hashfull 31 tbhits 0 time 51 pv f2f4 b7c5 a4a5 b8g8 f4e5 f6f5 a5c7
Position; fen rnbqkbnr/pp1p2pp/B3pp2/2p1P3/8/5N2/PPPP1PPP/RNBQK2R b KQkq - 0 1
Moves; b7a6 e1g1 b8c6 d2d4 c5d4 c1f4 d8b6 b1a3 b6b2 a3c4 b2b4 c4d6 f8d6 a2a3 b4c4 f3d2 c4f1 d1f1 f6e5 d2e4 d6e7 f4g5 g8f6 g5f6 g7f6 f1c4 a8b8 g1f1 c8b7 a1b1 e8f7 c4b3 c6a5 b3a4 b7e4 b1e1 a5b7
Warning; Bestmove does not match beginning of last PV - move a4b4 from SF_2000
Info; info depth 14 seldepth 15 multipv 1 score cp -872 nodes 78253 nps 1630270 hashfull 28 tbhits 0 time 48 pv a4a5 d4d3 c2d3 e4d3 f1e1 d3e2 e1e2
Position; fen rnbqkbnr/pp1p2pp/B3pp2/2p1P3/8/5N2/PPPP1PPP/RNBQK2R b KQkq - 0 1
Moves; b7a6 e1g1 b8c6 d2d4 c5d4 c1f4 d8b6 b1a3 b6b2 a3c4 b2b4 c4d6 f8d6 a2a3 b4c4 f3d2 c4f1 d1f1 f6e5 d2e4 d6e7 f4g5 g8f6 g5f6 g7f6 f1c4 a8b8 g1f1 c8b7 a1b1 e8f7 c4b3 c6a5 b3a4 b7e4 b1e1 a5b7 e1e2 b7c5
Warning; Bestmove does not match beginning of last PV - move e2e4 from SF_2000
Info; info depth 13 seldepth 14 multipv 1 score cp -907 nodes 42192 nps 2009142 hashfull 15 tbhits 0 time 21 pv a3b4 h8g8 f2f3 e4c6 b4c5 e7c5 e2d2 f7e7 d2d3
Position; fen rnbqkbnr/pp1p2pp/B3pp2/2p1P3/8/5N2/PPPP1PPP/RNBQK2R b KQkq - 0 1
Moves; b7a6 e1g1 b8c6 d2d4 c5d4 c1f4 d8b6 b1a3 b6b2 a3c4 b2b4 c4d6 f8d6 a2a3 b4c4 f3d2 c4f1 d1f1 f6e5 d2e4 d6e7 f4g5 g8f6 g5f6 g7f6 f1c4 a8b8 g1f1 c8b7 a1b1 e8f7 c4b3 c6a5 b3a4 b7e4 b1e1 a5b7 e1e2 b7c5 a4b4 b8b4
Warning; Bestmove does not match beginning of last PV - move f2f3 from SF_2000
Info; info depth 13 seldepth 15 multipv 1 score cp -947 nodes 61094 nps 2349769 hashfull 16 tbhits 0 time 26 pv a3b4 e7b4 f2f4 e5f4 f1e2 d4d3 e2d3
Position; fen rnbqkbnr/pp1p2pp/B3pp2/2p1P3/8/5N2/PPPP1PPP/RNBQK2R b KQkq - 0 1
Moves; b7a6 e1g1 b8c6 d2d4 c5d4 c1f4 d8b6 b1a3 b6b2 a3c4 b2b4 c4d6 f8d6 a2a3 b4c4 f3d2 c4f1 d1f1 f6e5 d2e4 d6e7 f4g5 g8f6 g5f6 g7f6 f1c4 a8b8 g1f1 c8b7 a1b1 e8f7 c4b3 c6a5 b3a4 b7e4 b1e1 a5b7 e1e2 b7c5 a4b4 b8b4 e2e4 c5e4
Warning; Bestmove does not match beginning of last PV - move f2f1 from SF_2000
Info; info depth 14 seldepth 17 multipv 1 score cp -1274 nodes 91271 nps 2226121 hashfull 22 tbhits 0 time 41 pv f2f3 d4d3 f3g4 d3d2 g4g3 f7e8 f4f5
Position; fen rnbqkbnr/pp1p2pp/B3pp2/2p1P3/8/5N2/PPPP1PPP/RNBQK2R b KQkq - 0 1
Moves; b7a6 e1g1 b8c6 d2d4 c5d4 c1f4 d8b6 b1a3 b6b2 a3c4 b2b4 c4d6 f8d6 a2a3 b4c4 f3d2 c4f1 d1f1 f6e5 d2e4 d6e7 f4g5 g8f6 g5f6 g7f6 f1c4 a8b8 g1f1 c8b7 a1b1 e8f7 c4b3 c6a5 b3a4 b7e4 b1e1 a5b7 e1e2 b7c5 a4b4 b8b4 e2e4 c5e4 f2f3 b4b1 f1e2 e4c3 e2f2 b1b2 f3f4 b2c2
Finished game 2 (SF_2000 vs HiveChess): 0-1 {Black mates}
Started game 3 of 10 (HiveChess vs SF_2100)
Warning; Bestmove does not match beginning of last PV - move d7d6 from SF_2100
Info; info depth 17 seldepth 28 multipv 1 score cp 429 nodes 307983 nps 751178 hashfull 132 tbhits 0 time 410 pv f6e5 d2d3 f8e7 f3g5 g8f6 b1c3 e8g8 c3e4 f6e4 g5h7 e4f6 h7f8 g8f8
Position; fen rnbqkbnr/pp1p2pp/B3pp2/2p1P3/8/5N2/PPPP1PPP/RNBQK2R b KQkq - 0 1
Moves; b8a6 e1g1
Warning; Bestmove does not match beginning of last PV - move b7b6 from SF_2100
Info; info depth 15 seldepth 22 multipv 1 score cp 465 nodes 148550 nps 524911 hashfull 53 tbhits 0 time 283 pv f8d6 d2d4 g8e7 b1c3 e8g8 d4c5 d6b8
Position; fen rnbqkbnr/pp1p2pp/B3pp2/2p1P3/8/5N2/PPPP1PPP/RNBQK2R b KQkq - 0 1
Moves; b8a6 e1g1 d7d6 e5d6
Warning; Bestmove does not match beginning of last PV - move g8h6 from SF_2100
Info; info depth 14 seldepth 16 multipv 1 score cp 425 nodes 57155 nps 519590 hashfull 14 tbhits 0 time 110 pv f8d6 d2d4 g8e7 d1e2 e8g8 f1d1 d8e8 c3b5 d6b8 d4d5 e6e5 f3e5 b8e5
Position; fen rnbqkbnr/pp1p2pp/B3pp2/2p1P3/8/5N2/PPPP1PPP/RNBQK2R b KQkq - 0 1
Moves; b8a6 e1g1 d7d6 e5d6 b7b6 b1c3
Warning; Bestmove does not match beginning of last PV - move d8d7 from SF_2100
Info; info depth 14 seldepth 20 multipv 1 score cp 486 nodes 72909 nps 464388 hashfull 22 tbhits 0 time 157 pv c8b7 d3d4 f8d6 d1e2 e8g8 c3b5 c5d4 f3d4 d8d7 b5d6 f7d6
Position; fen rnbqkbnr/pp1p2pp/B3pp2/2p1P3/8/5N2/PPPP1PPP/RNBQK2R b KQkq - 0 1
Moves; b8a6 e1g1 d7d6 e5d6 b7b6 b1c3 g8h6 d2d3 h6f7 c1e3
Warning; Bestmove does not match beginning of last PV - move c8b7 from SF_2100
Info; info depth 15 seldepth 27 multipv 1 score cp 501 nodes 144517 nps 494921 hashfull 57 tbhits 0 time 292 pv f8d6 d3d4 c5d4 f3d4 e8g8 d1e2 d7e8 f1d1 a6c7 d4b5 c7b5 c3e4 b5c7
Position; fen rnbqkbnr/pp1p2pp/B3pp2/2p1P3/8/5N2/PPPP1PPP/RNBQK2R b KQkq - 0 1
Moves; b8a6 e1g1 d7d6 e5d6 b7b6 b1c3 g8h6 d2d3 h6f7 c1e3 d8d7 a2a3
Warning; Bestmove does not match beginning of last PV - move a6c7 from SF_2100
Info; info depth 16 seldepth 17 multipv 1 score cp 524 nodes 108993 nps 531673 hashfull 40 tbhits 0 time 205 pv e8g8 c3e4 d6f5 f1e1 g8h8 c2c4 e6e5 b2b4 a8e8 a1d1 f5d4 f3d4 e5d4
Position; fen rnbqkbnr/pp1p2pp/B3pp2/2p1P3/8/5N2/PPPP1PPP/RNBQK2R b KQkq - 0 1
Moves; b8a6 e1g1 d7d6 e5d6 b7b6 b1c3 g8h6 d2d3 h6f7 c1e3 d8d7 a2a3 c8b7 e3f4 f8d6 f4d6 f7d6 d1e2
Warning; Bestmove does not match beginning of last PV - move d6e4 from SF_2100
Info; info depth 12 seldepth 15 multipv 1 score cp 529 nodes 36597 nps 425546 hashfull 9 tbhits 0 time 86 pv d6f5 f1e1 a8d8 c2c4 b7a8 b2b4
Position; fen rnbqkbnr/pp1p2pp/B3pp2/2p1P3/8/5N2/PPPP1PPP/RNBQK2R b KQkq - 0 1
Moves; b8a6 e1g1 d7d6 e5d6 b7b6 b1c3 g8h6 d2d3 h6f7 c1e3 d8d7 a2a3 c8b7 e3f4 f8d6 f4d6 f7d6 d1e2 a6c7 a1d1 e8g8 c3e4
Warning; Bestmove does not match beginning of last PV - move d7a4 from SF_2100
Info; info depth 14 seldepth 15 multipv 1 score cp 447 nodes 86234 nps 495597 hashfull 30 tbhits 0 time 174 pv d7e8 f1e1 e8e7 e4e5 f6f5 b2b4 a8d8 b4c5
Position; fen rnbqkbnr/pp1p2pp/B3pp2/2p1P3/8/5N2/PPPP1PPP/RNBQK2R b KQkq - 0 1
Moves; b8a6 e1g1 d7d6 e5d6 b7b6 b1c3 g8h6 d2d3 h6f7 c1e3 d8d7 a2a3 c8b7 e3f4 f8d6 f4d6 f7d6 d1e2 a6c7 a1d1 e8g8 c3e4 d6e4 d3e4
Warning; Bestmove does not match beginning of last PV - move f8f7 from SF_2100
Info; info depth 14 seldepth 18 multipv 1 score cp 424 nodes 82048 nps 536261 hashfull 29 tbhits 0 time 153 pv a4c6 e4e5 c7d5 c2c4 d5f4 e2e3 f4h3 g1f1
Position; fen rnbqkbnr/pp1p2pp/B3pp2/2p1P3/8/5N2/PPPP1PPP/RNBQK2R b KQkq - 0 1
Moves; b8a6 e1g1 d7d6 e5d6 b7b6 b1c3 g8h6 d2d3 h6f7 c1e3 d8d7 a2a3 c8b7 e3f4 f8d6 f4d6 f7d6 d1e2 a6c7 a1d1 e8g8 c3e4 d6e4 d3e4 d7a4 f1e1
Warning; Bestmove does not match beginning of last PV - move a4c6 from SF_2100
Info; info depth 14 seldepth 21 multipv 1 score cp 437 nodes 69006 nps 522772 hashfull 23 tbhits 0 time 132 pv a8f8 c2c4 a4e8 e4e5 b7f3 d3f3 f6e5 f3b3 e5e4 d1d6
Position; fen rnbqkbnr/pp1p2pp/B3pp2/2p1P3/8/5N2/PPPP1PPP/RNBQK2R b KQkq - 0 1
Moves; b8a6 e1g1 d7d6 e5d6 b7b6 b1c3 g8h6 d2d3 h6f7 c1e3 d8d7 a2a3 c8b7 e3f4 f8d6 f4d6 f7d6 d1e2 a6c7 a1d1 e8g8 c3e4 d6e4 d3e4 d7a4 f1e1 f8f7 e2d3
Warning; Bestmove does not match beginning of last PV - move e6e5 from SF_2100
Info; info depth 12 seldepth 15 multipv 1 score cp 449 nodes 27399 nps 489267 hashfull 8 tbhits 0 time 56 pv c7b5 c3e3 b5d6 e3e2 e6e5
Position; fen rnbqkbnr/pp1p2pp/B3pp2/2p1P3/8/5N2/PPPP1PPP/RNBQK2R b KQkq - 0 1
Moves; b8a6 e1g1 d7d6 e5d6 b7b6 b1c3 g8h6 d2d3 h6f7 c1e3 d8d7 a2a3 c8b7 e3f4 f8d6 f4d6 f7d6 d1e2 a6c7 a1d1 e8g8 c3e4 d6e4 d3e4 d7a4 f1e1 f8f7 e2d3 a4c6 d3c3
Warning; Bestmove does not match beginning of last PV - move a7a5 from SF_2100
Info; info depth 11 seldepth 19 multipv 1 score cp 494 nodes 27353 nps 581978 hashfull 7 tbhits 0 time 47 pv b6b5 c4f1 b5b4 a3b4 c5b4 f1e2
Position; fen rnbqkbnr/pp1p2pp/B3pp2/2p1P3/8/5N2/PPPP1PPP/RNBQK2R b KQkq - 0 1
Moves; b8a6 e1g1 d7d6 e5d6 b7b6 b1c3 g8h6 d2d3 h6f7 c1e3 d8d7 a2a3 c8b7 e3f4 f8d6 f4d6 f7d6 d1e2 a6c7 a1d1 e8g8 c3e4 d6e4 d3e4 d7a4 f1e1 f8f7 e2d3 a4c6 d3c3 e6e5 c3c4
Warning; Bestmove does not match beginning of last PV - move g7g6 from SF_2100
Info; info depth 12 seldepth 15 multipv 1 score cp 466 nodes 29911 nps 534125 hashfull 12 tbhits 0 time 56 pv b6b5 c4e2 c7e6 f3h4 e6d4 e2g4 b7c8 h4f5 c8f5 e4f5 f7c7
Position; fen rnbqkbnr/pp1p2pp/B3pp2/2p1P3/8/5N2/PPPP1PPP/RNBQK2R b KQkq - 0 1
Moves; b8a6 e1g1 d7d6 e5d6 b7b6 b1c3 g8h6 d2d3 h6f7 c1e3 d8d7 a2a3 c8b7 e3f4 f8d6 f4d6 f7d6 d1e2 a6c7 a1d1 e8g8 c3e4 d6e4 d3e4 d7a4 f1e1 f8f7 e2d3 a4c6 d3c3 e6e5 c3c4 a7a5 h2h3
Warning; Bestmove does not match beginning of last PV - move c7b5 from SF_2100
Info; info depth 12 seldepth 13 multipv 1 score cp 468 nodes 26924 nps 517769 hashfull 7 tbhits 0 time 52 pv c7e6 f3h2 h7h5 h2f3 c5c4
Position; fen rnbqkbnr/pp1p2pp/B3pp2/2p1P3/8/5N2/PPPP1PPP/RNBQK2R b KQkq - 0 1
Moves; b8a6 e1g1 d7d6 e5d6 b7b6 b1c3 g8h6 d2d3 h6f7 c1e3 d8d7 a2a3 c8b7 e3f4 f8d6 f4d6 f7d6 d1e2 a6c7 a1d1 e8g8 c3e4 d6e4 d3e4 d7a4 f1e1 f8f7 e2d3 a4c6 d3c3 e6e5 c3c4 a7a5 h2h3 g7g6 c4c3
Warning; Bestmove does not match beginning of last PV - move f7d7 from SF_2100
Info; info depth 11 seldepth 15 multipv 1 score cp 481 nodes 15904 nps 513032 hashfull 5 tbhits 0 time 31 pv d4f3 g2f3 b6b5 b2b4 c5b4
Position; fen rnbqkbnr/pp1p2pp/B3pp2/2p1P3/8/5N2/PPPP1PPP/RNBQK2R b KQkq - 0 1
Moves; b8a6 e1g1 d7d6 e5d6 b7b6 b1c3 g8h6 d2d3 h6f7 c1e3 d8d7 a2a3 c8b7 e3f4 f8d6 f4d6 f7d6 d1e2 a6c7 a1d1 e8g8 c3e4 d6e4 d3e4 d7a4 f1e1 f8f7 e2d3 a4c6 d3c3 e6e5 c3c4 a7a5 h2h3 g7g6 c4c3 c7b5 c3d2 b5d4 h3h4
Warning; Bestmove does not match beginning of last PV - move d7f7 from SF_2100
Info; info depth 12 seldepth 15 multipv 1 score cp 454 nodes 23568 nps 535636 hashfull 5 tbhits 0 time 44 pv a8d8 f3d4 c5d4 e3b3 g8h8 b3g3 c6d6 h4h5 g6g5
Position; fen rnbqkbnr/pp1p2pp/B3pp2/2p1P3/8/5N2/PPPP1PPP/RNBQK2R b KQkq - 0 1
Moves; b8a6 e1g1 d7d6 e5d6 b7b6 b1c3 g8h6 d2d3 h6f7 c1e3 d8d7 a2a3 c8b7 e3f4 f8d6 f4d6 f7d6 d1e2 a6c7 a1d1 e8g8 c3e4 d6e4 d3e4 d7a4 f1e1 f8f7 e2d3 a4c6 d3c3 e6e5 c3c4 a7a5 h2h3 g7g6 c4c3 c7b5 c3d2 b5d4 h3h4 f7d7 d2e3
Warning; Bestmove does not match beginning of last PV - move f7d7 from SF_2100
Info; info depth 9 seldepth 10 multipv 1 score cp 477 nodes 8602 nps 716833 hashfull 0 tbhits 0 time 12 pv a8d8 f3h2 f7d7 d2h6 b7c8 c2c3 d4e6 f2f4
Position; fen rnbqkbnr/pp1p2pp/B3pp2/2p1P3/8/5N2/PPPP1PPP/RNBQK2R b KQkq - 0 1
Moves; b8a6 e1g1 d7d6 e5d6 b7b6 b1c3 g8h6 d2d3 h6f7 c1e3 d8d7 a2a3 c8b7 e3f4 f8d6 f4d6 f7d6 d1e2 a6c7 a1d1 e8g8 c3e4 d6e4 d3e4 d7a4 f1e1 f8f7 e2d3 a4c6 d3c3 e6e5 c3c4 a7a5 h2h3 g7g6 c4c3 c7b5 c3d2 b5d4 h3h4 f7d7 d2e3 d7f7 e3d2
Warning; Bestmove does not match beginning of last PV - move b6b5 from SF_2100
Info; info depth 12 seldepth 14 multipv 1 score cp 471 nodes 25063 nps 611292 hashfull 5 tbhits 0 time 41 pv c6e6 f3d4 c5d4 e3f3
Position; fen rnbqkbnr/pp1p2pp/B3pp2/2p1P3/8/5N2/PPPP1PPP/RNBQK2R b KQkq - 0 1
Moves; b8a6 e1g1 d7d6 e5d6 b7b6 b1c3 g8h6 d2d3 h6f7 c1e3 d8d7 a2a3 c8b7 e3f4 f8d6 f4d6 f7d6 d1e2 a6c7 a1d1 e8g8 c3e4 d6e4 d3e4 d7a4 f1e1 f8f7 e2d3 a4c6 d3c3 e6e5 c3c4 a7a5 h2h3 g7g6 c4c3 c7b5 c3d2 b5d4 h3h4 f7d7 d2e3 d7f7 e3d2 f7d7 d2e3
Warning; Bestmove does not match beginning of last PV - move d7c7 from SF_2100
Info; info depth 11 seldepth 15 multipv 1 score cp 492 nodes 20520 nps 540000 hashfull 7 tbhits 0 time 38 pv a8d8 a1d1 d4e6 d1d7 c6d7
Position; fen rnbqkbnr/pp1p2pp/B3pp2/2p1P3/8/5N2/PPPP1PPP/RNBQK2R b KQkq - 0 1
Moves; b8a6 e1g1 d7d6 e5d6 b7b6 b1c3 g8h6 d2d3 h6f7 c1e3 d8d7 a2a3 c8b7 e3f4 f8d6 f4d6 f7d6 d1e2 a6c7 a1d1 e8g8 c3e4 d6e4 d3e4 d7a4 f1e1 f8f7 e2d3 a4c6 d3c3 e6e5 c3c4 a7a5 h2h3 g7g6 c4c3 c7b5 c3d2 b5d4 h3h4 f7d7 d2e3 d7f7 e3d2 f7d7 d2e3 b6b5 d1a1
Warning; Bestmove does not match beginning of last PV - move b7a6 from SF_2100
Info; info depth 12 seldepth 14 multipv 1 score cp 450 nodes 19876 nps 584588 hashfull 7 tbhits 0 time 34 pv e6f4 d3c3 b5b4 c3e3 a5a4 h4h5 c7f7 a3b4 c5b4
Position; fen rnbqkbnr/pp1p2pp/B3pp2/2p1P3/8/5N2/PPPP1PPP/RNBQK2R b KQkq - 0 1
Moves; b8a6 e1g1 d7d6 e5d6 b7b6 b1c3 g8h6 d2d3 h6f7 c1e3 d8d7 a2a3 c8b7 e3f4 f8d6 f4d6 f7d6 d1e2 a6c7 a1d1 e8g8 c3e4 d6e4 d3e4 d7a4 f1e1 f8f7 e2d3 a4c6 d3c3 e6e5 c3c4 a7a5 h2h3 g7g6 c4c3 c7b5 c3d2 b5d4 h3h4 f7d7 d2e3 d7f7 e3d2 f7d7 d2e3 b6b5 d1a1 d7c7 e3d3 d4e6 c2c4
Warning; Bestmove does not match beginning of last PV - move c5c4 from SF_2100
Info; info depth 12 seldepth 14 multipv 1 score cp 441 nodes 20869 nps 596257 hashfull 10 tbhits 0 time 35 pv a6b5 d3e3 e6d4 b2b4 c5b4 f3d4 e5d4 e3b3 b5c4
Position; fen rnbqkbnr/pp1p2pp/B3pp2/2p1P3/8/5N2/PPPP1PPP/RNBQK2R b KQkq - 0 1
Moves; b8a6 e1g1 d7d6 e5d6 b7b6 b1c3 g8h6 d2d3 h6f7 c1e3 d8d7 a2a3 c8b7 e3f4 f8d6 f4d6 f7d6 d1e2 a6c7 a1d1 e8g8 c3e4 d6e4 d3e4 d7a4 f1e1 f8f7 e2d3 a4c6 d3c3 e6e5 c3c4 a7a5 h2h3 g7g6 c4c3 c7b5 c3d2 b5d4 h3h4 f7d7 d2e3 d7f7 e3d2 f7d7 d2e3 b6b5 d1a1 d7c7 e3d3 d4e6 c2c4 b7a6 c4b5
Warning; Bestmove does not match beginning of last PV - move e6f4 from SF_2100
Info; info depth 11 seldepth 14 multipv 1 score cp 428 nodes 17191 nps 592793 hashfull 7 tbhits 0 time 29 pv c7f7 a5c3 c6c7 b2b4 c4b3
Position; fen rnbqkbnr/pp1p2pp/B3pp2/2p1P3/8/5N2/PPPP1PPP/RNBQK2R b KQkq - 0 1
Moves; b8a6 e1g1 d7d6 e5d6 b7b6 b1c3 g8h6 d2d3 h6f7 c1e3 d8d7 a2a3 c8b7 e3f4 f8d6 f4d6 f7d6 d1e2 a6c7 a1d1 e8g8 c3e4 d6e4 d3e4 d7a4 f1e1 f8f7 e2d3 a4c6 d3c3 e6e5 c3c4 a7a5 h2h3 g7g6 c4c3 c7b5 c3d2 b5d4 h3h4 f7d7 d2e3 d7f7 e3d2 f7d7 d2e3 b6b5 d1a1 d7c7 e3d3 d4e6 c2c4 b7a6 c4b5 c5c4 d3d5 a6b5 a3a4 b5a6 d5a5
Warning; Bestmove does not match beginning of last PV - move a8d8 from SF_2100
Info; info depth 11 seldepth 14 multipv 1 score cp 444 nodes 15795 nps 607500 hashfull 45 tbhits 0 time 26 pv d7d3 c3c1 d3e3 c1e3 g8g7 g2g3
Position; fen rnbqkbnr/pp1p2pp/B3pp2/2p1P3/8/5N2/PPPP1PPP/RNBQK2R b KQkq - 0 1
Moves; b8a6 e1g1 d7d6 e5d6 b7b6 b1c3 g8h6 d2d3 h6f7 c1e3 d8d7 a2a3 c8b7 e3f4 f8d6 f4d6 f7d6 d1e2 a6c7 a1d1 e8g8 c3e4 d6e4 d3e4 d7a4 f1e1 f8f7 e2d3 a4c6 d3c3 e6e5 c3c4 a7a5 h2h3 g7g6 c4c3 c7b5 c3d2 b5d4 h3h4 f7d7 d2e3 d7f7 e3d2 f7d7 d2e3 b6b5 d1a1 d7c7 e3d3 d4e6 c2c4 b7a6 c4b5 c5c4 d3d5 a6b5 a3a4 b5a6 d5a5 e6f4 a5c3 c7d7 e1e3
Warning; Bestmove does not match beginning of last PV - move d7d1 from SF_2100
Info; info depth 12 seldepth 14 multipv 1 score cp 452 nodes 15296 nps 637333 hashfull 99 tbhits 0 time 24 pv d7d3 c3b4 d3e3 f2e3 f4d3 a1d1 d8e8
Position; fen rnbqkbnr/pp1p2pp/B3pp2/2p1P3/8/5N2/PPPP1PPP/RNBQK2R b KQkq - 0 1
Moves; b8a6 e1g1 d7d6 e5d6 b7b6 b1c3 g8h6 d2d3 h6f7 c1e3 d8d7 a2a3 c8b7 e3f4 f8d6 f4d6 f7d6 d1e2 a6c7 a1d1 e8g8 c3e4 d6e4 d3e4 d7a4 f1e1 f8f7 e2d3 a4c6 d3c3 e6e5 c3c4 a7a5 h2h3 g7g6 c4c3 c7b5 c3d2 b5d4 h3h4 f7d7 d2e3 d7f7 e3d2 f7d7 d2e3 b6b5 d1a1 d7c7 e3d3 d4e6 c2c4 b7a6 c4b5 c5c4 d3d5 a6b5 a3a4 b5a6 d5a5 e6f4 a5c3 c7d7 e1e3 a8d8 g2g3
Warning; Bestmove does not match beginning of last PV - move f4h5 from SF_2100
Info; info depth 10 seldepth 19 multipv 1 score cp 436 nodes 9431 nps 725461 hashfull 15 tbhits 0 time 13 pv f4e6 b2b4 c6a4 b4b5 a6b7 h4h5 a4b5 c3a3 b5d7 g1h2 c4c3
Position; fen rnbqkbnr/pp1p2pp/B3pp2/2p1P3/8/5N2/PPPP1PPP/RNBQK2R b KQkq - 0 1
Moves; b8a6 e1g1 d7d6 e5d6 b7b6 b1c3 g8h6 d2d3 h6f7 c1e3 d8d7 a2a3 c8b7 e3f4 f8d6 f4d6 f7d6 d1e2 a6c7 a1d1 e8g8 c3e4 d6e4 d3e4 d7a4 f1e1 f8f7 e2d3 a4c6 d3c3 e6e5 c3c4 a7a5 h2h3 g7g6 c4c3 c7b5 c3d2 b5d4 h3h4 f7d7 d2e3 d7f7 e3d2 f7d7 d2e3 b6b5 d1a1 d7c7 e3d3 d4e6 c2c4 b7a6 c4b5 c5c4 d3d5 a6b5 a3a4 b5a6 d5a5 e6f4 a5c3 c7d7 e1e3 a8d8 g2g3 d7d1 a1d1 d8d1 f3e1
Warning; Bestmove does not match beginning of last PV - move a6b7 from SF_2100
Info; info depth 11 seldepth 14 multipv 1 score cp 410 nodes 9712 nps 539555 hashfull 38 tbhits 0 time 18 pv c6b7 e3e2 g8f7 e2d2 d1e1 g1h2
Position; fen rnbqkbnr/pp1p2pp/B3pp2/2p1P3/8/5N2/PPPP1PPP/RNBQK2R b KQkq - 0 1
Moves; b8a6 e1g1 d7d6 e5d6 b7b6 b1c3 g8h6 d2d3 h6f7 c1e3 d8d7 a2a3 c8b7 e3f4 f8d6 f4d6 f7d6 d1e2 a6c7 a1d1 e8g8 c3e4 d6e4 d3e4 d7a4 f1e1 f8f7 e2d3 a4c6 d3c3 e6e5 c3c4 a7a5 h2h3 g7g6 c4c3 c7b5 c3d2 b5d4 h3h4 f7d7 d2e3 d7f7 e3d2 f7d7 d2e3 b6b5 d1a1 d7c7 e3d3 d4e6 c2c4 b7a6 c4b5 c5c4 d3d5 a6b5 a3a4 b5a6 d5a5 e6f4 a5c3 c7d7 e1e3 a8d8 g2g3 d7d1 a1d1 d8d1 f3e1 f4h5 c3a5
Warning; Bestmove does not match beginning of last PV - move d1d7 from SF_2100
Info; info depth 11 seldepth 14 multipv 1 score cp 382 nodes 11648 nps 728000 hashfull 50 tbhits 0 time 16 pv g7e6 f3d2 b7a6 h2g2 g8f7 g2h2 c6c5 a5a6 d1d2 h2g2 d2d6
Position; fen rnbqkbnr/pp1p2pp/B3pp2/2p1P3/8/5N2/PPPP1PPP/RNBQK2R b KQkq - 0 1
Moves; b8a6 e1g1 d7d6 e5d6 b7b6 b1c3 g8h6 d2d3 h6f7 c1e3 d8d7 a2a3 c8b7 e3f4 f8d6 f4d6 f7d6 d1e2 a6c7 a1d1 e8g8 c3e4 d6e4 d3e4 d7a4 f1e1 f8f7 e2d3 a4c6 d3c3 e6e5 c3c4 a7a5 h2h3 g7g6 c4c3 c7b5 c3d2 b5d4 h3h4 f7d7 d2e3 d7f7 e3d2 f7d7 d2e3 b6b5 d1a1 d7c7 e3d3 d4e6 c2c4 b7a6 c4b5 c5c4 d3d5 a6b5 a3a4 b5a6 d5a5 e6f4 a5c3 c7d7 e1e3 a8d8 g2g3 d7d1 a1d1 d8d1 f3e1 f4h5 c3a5 a6b7 g1h2 h5g7 e1f3
Warning; Bestmove does not match beginning of last PV - move g7e8 from SF_2100
Info; info depth 10 seldepth 13 multipv 1 score cp 408 nodes 9517 nps 594812 hashfull 15 tbhits 0 time 16 pv h7h5 a5b4 b7a6 b4b8 g8h7 b2b4 d7d2
Position; fen rnbqkbnr/pp1p2pp/B3pp2/2p1P3/8/5N2/PPPP1PPP/RNBQK2R b KQkq - 0 1
Moves; b8a6 e1g1 d7d6 e5d6 b7b6 b1c3 g8h6 d2d3 h6f7 c1e3 d8d7 a2a3 c8b7 e3f4 f8d6 f4d6 f7d6 d1e2 a6c7 a1d1 e8g8 c3e4 d6e4 d3e4 d7a4 f1e1 f8f7 e2d3 a4c6 d3c3 e6e5 c3c4 a7a5 h2h3 g7g6 c4c3 c7b5 c3d2 b5d4 h3h4 f7d7 d2e3 d7f7 e3d2 f7d7 d2e3 b6b5 d1a1 d7c7 e3d3 d4e6 c2c4 b7a6 c4b5 c5c4 d3d5 a6b5 a3a4 b5a6 d5a5 e6f4 a5c3 c7d7 e1e3 a8d8 g2g3 d7d1 a1d1 d8d1 f3e1 f4h5 c3a5 a6b7 g1h2 h5g7 e1f3 d1d7 f3d2
Warning; Bestmove does not match beginning of last PV - move d7d4 from SF_2100
Info; info depth 15 seldepth 22 multipv 1 score cp 368 nodes 179552 nps 489242 hashfull 100 tbhits 0 time 367 pv c6a4 d2c4 d7c7 b2b3 a4d7 e3d3 d7e7 c3e1 b7a6 e1d2 a6c4 b3c4
Position; fen rnbqkbnr/pp1p2pp/B3pp2/2p1P3/8/5N2/PPPP1PPP/RNBQK2R b KQkq - 0 1
Moves; b8a6 e1g1 d7d6 e5d6 b7b6 b1c3 g8h6 d2d3 h6f7 c1e3 d8d7 a2a3 c8b7 e3f4 f8d6 f4d6 f7d6 d1e2 a6c7 a1d1 e8g8 c3e4 d6e4 d3e4 d7a4 f1e1 f8f7 e2d3 a4c6 d3c3 e6e5 c3c4 a7a5 h2h3 g7g6 c4c3 c7b5 c3d2 b5d4 h3h4 f7d7 d2e3 d7f7 e3d2 f7d7 d2e3 b6b5 d1a1 d7c7 e3d3 d4e6 c2c4 b7a6 c4b5 c5c4 d3d5 a6b5 a3a4 b5a6 d5a5 e6f4 a5c3 c7d7 e1e3 a8d8 g2g3 d7d1 a1d1 d8d1 f3e1 f4h5 c3a5 a6b7 g1h2 h5g7 e1f3 d1d7 f3d2 g7e8 a5c3
Warning; Bestmove does not match beginning of last PV - move e8f6 from SF_2100
Info; info depth 18 seldepth 26 multipv 1 score cp 475 nodes 465427 nps 662058 hashfull 201 tbhits 0 time 703 pv f5e4 f3e5 c6d5 e5g4 h7h5 g4h6 g8h7 a4a5 h7h6 b2b3 h6h7 b3c4 d4c4 c2b2
Position; fen rnbqkbnr/pp1p2pp/B3pp2/2p1P3/8/5N2/PPPP1PPP/RNBQK2R b KQkq - 0 1
Moves; b8a6 e1g1 d7d6 e5d6 b7b6 b1c3 g8h6 d2d3 h6f7 c1e3 d8d7 a2a3 c8b7 e3f4 f8d6 f4d6 f7d6 d1e2 a6c7 a1d1 e8g8 c3e4 d6e4 d3e4 d7a4 f1e1 f8f7 e2d3 a4c6 d3c3 e6e5 c3c4 a7a5 h2h3 g7g6 c4c3 c7b5 c3d2 b5d4 h3h4 f7d7 d2e3 d7f7 e3d2 f7d7 d2e3 b6b5 d1a1 d7c7 e3d3 d4e6 c2c4 b7a6 c4b5 c5c4 d3d5 a6b5 a3a4 b5a6 d5a5 e6f4 a5c3 c7d7 e1e3 a8d8 g2g3 d7d1 a1d1 d8d1 f3e1 f4h5 c3a5 a6b7 g1h2 h5g7 e1f3 d1d7 f3d2 g7e8 a5c3 d7d4 c3c2 f6f5 d2f3
Warning; Bestmove does not match beginning of last PV - move f6g4 from SF_2100
Info; info depth 17 seldepth 31 multipv 1 score cp 541 nodes 373620 nps 679309 hashfull 152 tbhits 0 time 550 pv e5d4 e3f3 f6e4 a4a5 d4d3 c2c1 d3d2 c1c2 c6d5 a5a6 b7a6 c2a4 d5b5 f3a3 b5a4 a3a4 d2d1q a4a6 e4f2 a6a8 g8g7 a8a7 g7h6
Position; fen rnbqkbnr/pp1p2pp/B3pp2/2p1P3/8/5N2/PPPP1PPP/RNBQK2R b KQkq - 0 1
Moves; b8a6 e1g1 d7d6 e5d6 b7b6 b1c3 g8h6 d2d3 h6f7 c1e3 d8d7 a2a3 c8b7 e3f4 f8d6 f4d6 f7d6 d1e2 a6c7 a1d1 e8g8 c3e4 d6e4 d3e4 d7a4 f1e1 f8f7 e2d3 a4c6 d3c3 e6e5 c3c4 a7a5 h2h3 g7g6 c4c3 c7b5 c3d2 b5d4 h3h4 f7d7 d2e3 d7f7 e3d2 f7d7 d2e3 b6b5 d1a1 d7c7 e3d3 d4e6 c2c4 b7a6 c4b5 c5c4 d3d5 a6b5 a3a4 b5a6 d5a5 e6f4 a5c3 c7d7 e1e3 a8d8 g2g3 d7d1 a1d1 d8d1 f3e1 f4h5 c3a5 a6b7 g1h2 h5g7 e1f3 d1d7 f3d2 g7e8 a5c3 d7d4 c3c2 f6f5 d2f3 e8f6 f3d4
Warning; Bestmove does not match beginning of last PV - move d4d3 from SF_2100
Info; info depth 14 seldepth 21 multipv 1 score cp 572 nodes 107121 nps 575919 hashfull 46 tbhits 0 time 186 pv f5e4 e1e4 g4f2 c2f2 c6e4 a4a5 e4f5 f2f5 g6f5 h3h2 d4d3
Position; fen rnbqkbnr/pp1p2pp/B3pp2/2p1P3/8/5N2/PPPP1PPP/RNBQK2R b KQkq - 0 1
Moves; b8a6 e1g1 d7d6 e5d6 b7b6 b1c3 g8h6 d2d3 h6f7 c1e3 d8d7 a2a3 c8b7 e3f4 f8d6 f4d6 f7d6 d1e2 a6c7 a1d1 e8g8 c3e4 d6e4 d3e4 d7a4 f1e1 f8f7 e2d3 a4c6 d3c3 e6e5 c3c4 a7a5 h2h3 g7g6 c4c3 c7b5 c3d2 b5d4 h3h4 f7d7 d2e3 d7f7 e3d2 f7d7 d2e3 b6b5 d1a1 d7c7 e3d3 d4e6 c2c4 b7a6 c4b5 c5c4 d3d5 a6b5 a3a4 b5a6 d5a5 e6f4 a5c3 c7d7 e1e3 a8d8 g2g3 d7d1 a1d1 d8d1 f3e1 f4h5 c3a5 a6b7 g1h2 h5g7 e1f3 d1d7 f3d2 g7e8 a5c3 d7d4 c3c2 f6f5 d2f3 e8f6 f3d4 f6g4 h2h3 e5d4 e3e1
Warning; Bestmove does not match beginning of last PV - move c6e6 from SF_2100
Info; info depth 17 seldepth 20 multipv 1 score cp 456 nodes 185149 nps 580404 hashfull 74 tbhits 0 time 319 pv f5e4 d2f4 g4f6 h3g2 e4e3 f2f3 f6d5
Position; fen rnbqkbnr/pp1p2pp/B3pp2/2p1P3/8/5N2/PPPP1PPP/RNBQK2R b KQkq - 0 1
Moves; b8a6 e1g1 d7d6 e5d6 b7b6 b1c3 g8h6 d2d3 h6f7 c1e3 d8d7 a2a3 c8b7 e3f4 f8d6 f4d6 f7d6 d1e2 a6c7 a1d1 e8g8 c3e4 d6e4 d3e4 d7a4 f1e1 f8f7 e2d3 a4c6 d3c3 e6e5 c3c4 a7a5 h2h3 g7g6 c4c3 c7b5 c3d2 b5d4 h3h4 f7d7 d2e3 d7f7 e3d2 f7d7 d2e3 b6b5 d1a1 d7c7 e3d3 d4e6 c2c4 b7a6 c4b5 c5c4 d3d5 a6b5 a3a4 b5a6 d5a5 e6f4 a5c3 c7d7 e1e3 a8d8 g2g3 d7d1 a1d1 d8d1 f3e1 f4h5 c3a5 a6b7 g1h2 h5g7 e1f3 d1d7 f3d2 g7e8 a5c3 d7d4 c3c2 f6f5 d2f3 e8f6 f3d4 f6g4 h2h3 e5d4 e3e1 d4d3 c2d2
Warning; Bestmove does not match beginning of last PV - move g4f6 from SF_2100
Info; info depth 15 seldepth 26 multipv 1 score cp 340 nodes 163752 nps 562721 hashfull 59 tbhits 0 time 291 pv h7h5 f4b8 e6c8 b8d6 f5e4 d6g6 g8f8 g6d6 f8f7 d6f4 g4f6 h3h2 c8c5 e1c1 f7g6 h2g1 c5d5
Position; fen rnbqkbnr/pp1p2pp/B3pp2/2p1P3/8/5N2/PPPP1PPP/RNBQK2R b KQkq - 0 1
Moves; b8a6 e1g1 d7d6 e5d6 b7b6 b1c3 g8h6 d2d3 h6f7 c1e3 d8d7 a2a3 c8b7 e3f4 f8d6 f4d6 f7d6 d1e2 a6c7 a1d1 e8g8 c3e4 d6e4 d3e4 d7a4 f1e1 f8f7 e2d3 a4c6 d3c3 e6e5 c3c4 a7a5 h2h3 g7g6 c4c3 c7b5 c3d2 b5d4 h3h4 f7d7 d2e3 d7f7 e3d2 f7d7 d2e3 b6b5 d1a1 d7c7 e3d3 d4e6 c2c4 b7a6 c4b5 c5c4 d3d5 a6b5 a3a4 b5a6 d5a5 e6f4 a5c3 c7d7 e1e3 a8d8 g2g3 d7d1 a1d1 d8d1 f3e1 f4h5 c3a5 a6b7 g1h2 h5g7 e1f3 d1d7 f3d2 g7e8 a5c3 d7d4 c3c2 f6f5 d2f3 e8f6 f3d4 f6g4 h2h3 e5d4 e3e1 d4d3 c2d2 c6e6 d2f4
Warning; Bestmove does not match beginning of last PV - move f6e8 from SF_2100
Info; info depth 11 seldepth 17 multipv 1 score cp 322 nodes 33481 nps 301630 hashfull 16 tbhits 0 time 111 pv f6e4 a4a5 e6d5 a5a6 b7a6 e5e6 d5e6 h3h2 d3d2 e1a1 c4c3 b2c3
Position; fen rnbqkbnr/pp1p2pp/B3pp2/2p1P3/8/5N2/PPPP1PPP/RNBQK2R b KQkq - 0 1
Moves; b8a6 e1g1 d7d6 e5d6 b7b6 b1c3 g8h6 d2d3 h6f7 c1e3 d8d7 a2a3 c8b7 e3f4 f8d6 f4d6 f7d6 d1e2 a6c7 a1d1 e8g8 c3e4 d6e4 d3e4 d7a4 f1e1 f8f7 e2d3 a4c6 d3c3 e6e5 c3c4 a7a5 h2h3 g7g6 c4c3 c7b5 c3d2 b5d4 h3h4 f7d7 d2e3 d7f7 e3d2 f7d7 d2e3 b6b5 d1a1 d7c7 e3d3 d4e6 c2c4 b7a6 c4b5 c5c4 d3d5 a6b5 a3a4 b5a6 d5a5 e6f4 a5c3 c7d7 e1e3 a8d8 g2g3 d7d1 a1d1 d8d1 f3e1 f4h5 c3a5 a6b7 g1h2 h5g7 e1f3 d1d7 f3d2 g7e8 a5c3 d7d4 c3c2 f6f5 d2f3 e8f6 f3d4 f6g4 h2h3 e5d4 e3e1 d4d3 c2d2 c6e6 d2f4 g4f6 e4e5
Warning; Bestmove does not match beginning of last PV - move b7a6 from SF_2100
Info; info depth 13 seldepth 22 multipv 1 score cp 288 nodes 83462 nps 579597 hashfull 31 tbhits 0 time 144 pv e8c7 h3h2 b7a6 f4e3 e6d5 e3a7 d5e5 a7b8 g8f7 c1d1 f5f4 g3g4 e5e7
Position; fen rnbqkbnr/pp1p2pp/B3pp2/2p1P3/8/5N2/PPPP1PPP/RNBQK2R b KQkq - 0 1
Moves; b8a6 e1g1 d7d6 e5d6 b7b6 b1c3 g8h6 d2d3 h6f7 c1e3 d8d7 a2a3 c8b7 e3f4 f8d6 f4d6 f7d6 d1e2 a6c7 a1d1 e8g8 c3e4 d6e4 d3e4 d7a4 f1e1 f8f7 e2d3 a4c6 d3c3 e6e5 c3c4 a7a5 h2h3 g7g6 c4c3 c7b5 c3d2 b5d4 h3h4 f7d7 d2e3 d7f7 e3d2 f7d7 d2e3 b6b5 d1a1 d7c7 e3d3 d4e6 c2c4 b7a6 c4b5 c5c4 d3d5 a6b5 a3a4 b5a6 d5a5 e6f4 a5c3 c7d7 e1e3 a8d8 g2g3 d7d1 a1d1 d8d1 f3e1 f4h5 c3a5 a6b7 g1h2 h5g7 e1f3 d1d7 f3d2 g7e8 a5c3 d7d4 c3c2 f6f5 d2f3 e8f6 f3d4 f6g4 h2h3 e5d4 e3e1 d4d3 c2d2 c6e6 d2f4 g4f6 e4e5 f6e8 e1c1
Warning; Bestmove does not match beginning of last PV - move f5f4 from SF_2100
Info; info depth 14 seldepth 20 multipv 1 score cp 226 nodes 91698 nps 523988 hashfull 33 tbhits 0 time 175 pv h7h5 h3h2 g8h7 c1g1 e6c6 a4a5 c6f3
Position; fen rnbqkbnr/pp1p2pp/B3pp2/2p1P3/8/5N2/PPPP1PPP/RNBQK2R b KQkq - 0 1
Moves; b8a6 e1g1 d7d6 e5d6 b7b6 b1c3 g8h6 d2d3 h6f7 c1e3 d8d7 a2a3 c8b7 e3f4 f8d6 f4d6 f7d6 d1e2 a6c7 a1d1 e8g8 c3e4 d6e4 d3e4 d7a4 f1e1 f8f7 e2d3 a4c6 d3c3 e6e5 c3c4 a7a5 h2h3 g7g6 c4c3 c7b5 c3d2 b5d4 h3h4 f7d7 d2e3 d7f7 e3d2 f7d7 d2e3 b6b5 d1a1 d7c7 e3d3 d4e6 c2c4 b7a6 c4b5 c5c4 d3d5 a6b5 a3a4 b5a6 d5a5 e6f4 a5c3 c7d7 e1e3 a8d8 g2g3 d7d1 a1d1 d8d1 f3e1 f4h5 c3a5 a6b7 g1h2 h5g7 e1f3 d1d7 f3d2 g7e8 a5c3 d7d4 c3c2 f6f5 d2f3 e8f6 f3d4 f6g4 h2h3 e5d4 e3e1 d4d3 c2d2 c6e6 d2f4 g4f6 e4e5 f6e8 e1c1 b7a6 f4d4
Warning; Bestmove does not match beginning of last PV - move e8g7 from SF_2100
Info; info depth 14 seldepth 21 multipv 1 score cp 219 nodes 51760 nps 601860 hashfull 15 tbhits 0 time 86 pv h7h5 d4f4 e8g7 f2f3 e6d5 g4h5 g7h5 f4e4 d5f7 h3h2 g8h7 c1f1 h5g7 f1f2 a6b7 e4d4 b7d5 a4a5
Position; fen rnbqkbnr/pp1p2pp/B3pp2/2p1P3/8/5N2/PPPP1PPP/RNBQK2R b KQkq - 0 1
Moves; b8a6 e1g1 d7d6 e5d6 b7b6 b1c3 g8h6 d2d3 h6f7 c1e3 d8d7 a2a3 c8b7 e3f4 f8d6 f4d6 f7d6 d1e2 a6c7 a1d1 e8g8 c3e4 d6e4 d3e4 d7a4 f1e1 f8f7 e2d3 a4c6 d3c3 e6e5 c3c4 a7a5 h2h3 g7g6 c4c3 c7b5 c3d2 b5d4 h3h4 f7d7 d2e3 d7f7 e3d2 f7d7 d2e3 b6b5 d1a1 d7c7 e3d3 d4e6 c2c4 b7a6 c4b5 c5c4 d3d5 a6b5 a3a4 b5a6 d5a5 e6f4 a5c3 c7d7 e1e3 a8d8 g2g3 d7d1 a1d1 d8d1 f3e1 f4h5 c3a5 a6b7 g1h2 h5g7 e1f3 d1d7 f3d2 g7e8 a5c3 d7d4 c3c2 f6f5 d2f3 e8f6 f3d4 f6g4 h2h3 e5d4 e3e1 d4d3 c2d2 c6e6 d2f4 g4f6 e4e5 f6e8 e1c1 b7a6 f4d4 f5f4 g3g4
Warning; Bestmove does not match beginning of last PV - move e6d5 from SF_2100
Info; info depth 10 seldepth 17 multipv 1 score cp 250 nodes 29717 nps 530660 hashfull 9 tbhits 0 time 56 pv h7h5 f2f3 e6b6 g4h5 g7h5 f4g5 a6c8 h3g2 b6b2 g2f1
Position; fen rnbqkbnr/pp1p2pp/B3pp2/2p1P3/8/5N2/PPPP1PPP/RNBQK2R b KQkq - 0 1
Moves; b8a6 e1g1 d7d6 e5d6 b7b6 b1c3 g8h6 d2d3 h6f7 c1e3 d8d7 a2a3 c8b7 e3f4 f8d6 f4d6 f7d6 d1e2 a6c7 a1d1 e8g8 c3e4 d6e4 d3e4 d7a4 f1e1 f8f7 e2d3 a4c6 d3c3 e6e5 c3c4 a7a5 h2h3 g7g6 c4c3 c7b5 c3d2 b5d4 h3h4 f7d7 d2e3 d7f7 e3d2 f7d7 d2e3 b6b5 d1a1 d7c7 e3d3 d4e6 c2c4 b7a6 c4b5 c5c4 d3d5 a6b5 a3a4 b5a6 d5a5 e6f4 a5c3 c7d7 e1e3 a8d8 g2g3 d7d1 a1d1 d8d1 f3e1 f4h5 c3a5 a6b7 g1h2 h5g7 e1f3 d1d7 f3d2 g7e8 a5c3 d7d4 c3c2 f6f5 d2f3 e8f6 f3d4 f6g4 h2h3 e5d4 e3e1 d4d3 c2d2 c6e6 d2f4 g4f6 e4e5 f6e8 e1c1 b7a6 f4d4 f5f4 g3g4 e8g7 d4f4
Warning; Bestmove does not match beginning of last PV - move c4c3 from SF_2100
Info; info depth 11 seldepth 19 multipv 1 score cp 214 nodes 25575 nps 673026 hashfull 4 tbhits 0 time 38 pv g7h5 f4e4 d5f7 h3h2 g8h7 c1f1 a6b7 e4d4 h5f4 a4a5 f4e2 d4a7
Position; fen rnbqkbnr/pp1p2pp/B3pp2/2p1P3/8/5N2/PPPP1PPP/RNBQK2R b KQkq - 0 1
Moves; b8a6 e1g1 d7d6 e5d6 b7b6 b1c3 g8h6 d2d3 h6f7 c1e3 d8d7 a2a3 c8b7 e3f4 f8d6 f4d6 f7d6 d1e2 a6c7 a1d1 e8g8 c3e4 d6e4 d3e4 d7a4 f1e1 f8f7 e2d3 a4c6 d3c3 e6e5 c3c4 a7a5 h2h3 g7g6 c4c3 c7b5 c3d2 b5d4 h3h4 f7d7 d2e3 d7f7 e3d2 f7d7 d2e3 b6b5 d1a1 d7c7 e3d3 d4e6 c2c4 b7a6 c4b5 c5c4 d3d5 a6b5 a3a4 b5a6 d5a5 e6f4 a5c3 c7d7 e1e3 a8d8 g2g3 d7d1 a1d1 d8d1 f3e1 f4h5 c3a5 a6b7 g1h2 h5g7 e1f3 d1d7 f3d2 g7e8 a5c3 d7d4 c3c2 f6f5 d2f3 e8f6 f3d4 f6g4 h2h3 e5d4 e3e1 d4d3 c2d2 c6e6 d2f4 g4f6 e4e5 f6e8 e1c1 b7a6 f4d4 f5f4 g3g4 e8g7 d4f4 e6d5 f2f3 h7h5 g4h5
Warning; Bestmove does not match beginning of last PV - move g7h5 from SF_2100
Info; info depth 11 seldepth 16 multipv 1 score cp 154 nodes 44342 nps 661820 hashfull 13 tbhits 0 time 67 pv a6c8 h3h2 d5a2 h2h1 g7h5 f4g5 g8h7 c1d1
Position; fen rnbqkbnr/pp1p2pp/B3pp2/2p1P3/8/5N2/PPPP1PPP/RNBQK2R b KQkq - 0 1
Moves; b8a6 e1g1 d7d6 e5d6 b7b6 b1c3 g8h6 d2d3 h6f7 c1e3 d8d7 a2a3 c8b7 e3f4 f8d6 f4d6 f7d6 d1e2 a6c7 a1d1 e8g8 c3e4 d6e4 d3e4 d7a4 f1e1 f8f7 e2d3 a4c6 d3c3 e6e5 c3c4 a7a5 h2h3 g7g6 c4c3 c7b5 c3d2 b5d4 h3h4 f7d7 d2e3 d7f7 e3d2 f7d7 d2e3 b6b5 d1a1 d7c7 e3d3 d4e6 c2c4 b7a6 c4b5 c5c4 d3d5 a6b5 a3a4 b5a6 d5a5 e6f4 a5c3 c7d7 e1e3 a8d8 g2g3 d7d1 a1d1 d8d1 f3e1 f4h5 c3a5 a6b7 g1h2 h5g7 e1f3 d1d7 f3d2 g7e8 a5c3 d7d4 c3c2 f6f5 d2f3 e8f6 f3d4 f6g4 h2h3 e5d4 e3e1 d4d3 c2d2 c6e6 d2f4 g4f6 e4e5 f6e8 e1c1 b7a6 f4d4 f5f4 g3g4 e8g7 d4f4 e6d5 f2f3 h7h5 g4h5 c4c3 b2c3
Warning; Bestmove does not match beginning of last PV - move a6c8 from SF_2100
Info; info depth 12 seldepth 15 multipv 1 score cp 197 nodes 34840 nps 711020 hashfull 12 tbhits 0 time 49 pv d5a2 e5e6 a6c8 c3c4 g8h7 e3a7 h5g7 h4h5 g6h5 c1g1 c8e6 h3g3 a2c4
Position; fen rnbqkbnr/pp1p2pp/B3pp2/2p1P3/8/5N2/PPPP1PPP/RNBQK2R b KQkq - 0 1
Moves; b8a6 e1g1 d7d6 e5d6 b7b6 b1c3 g8h6 d2d3 h6f7 c1e3 d8d7 a2a3 c8b7 e3f4 f8d6 f4d6 f7d6 d1e2 a6c7 a1d1 e8g8 c3e4 d6e4 d3e4 d7a4 f1e1 f8f7 e2d3 a4c6 d3c3 e6e5 c3c4 a7a5 h2h3 g7g6 c4c3 c7b5 c3d2 b5d4 h3h4 f7d7 d2e3 d7f7 e3d2 f7d7 d2e3 b6b5 d1a1 d7c7 e3d3 d4e6 c2c4 b7a6 c4b5 c5c4 d3d5 a6b5 a3a4 b5a6 d5a5 e6f4 a5c3 c7d7 e1e3 a8d8 g2g3 d7d1 a1d1 d8d1 f3e1 f4h5 c3a5 a6b7 g1h2 h5g7 e1f3 d1d7 f3d2 g7e8 a5c3 d7d4 c3c2 f6f5 d2f3 e8f6 f3d4 f6g4 h2h3 e5d4 e3e1 d4d3 c2d2 c6e6 d2f4 g4f6 e4e5 f6e8 e1c1 b7a6 f4d4 f5f4 g3g4 e8g7 d4f4 e6d5 f2f3 h7h5 g4h5 c4c3 b2c3 g7h5 f4e3
Warning; Bestmove does not match beginning of last PV - move d5c4 from SF_2100
Info; info depth 10 seldepth 12 multipv 1 score cp 192 nodes 32228 nps 657714 hashfull 15 tbhits 0 time 49 pv d5a2 g2g1 c8h3 e3g5 g8h7 c1d1 h3f5 g5e3 a2a4 d1b1 a4h4
Position; fen rnbqkbnr/pp1p2pp/B3pp2/2p1P3/8/5N2/PPPP1PPP/RNBQK2R b KQkq - 0 1
Moves; b8a6 e1g1 d7d6 e5d6 b7b6 b1c3 g8h6 d2d3 h6f7 c1e3 d8d7 a2a3 c8b7 e3f4 f8d6 f4d6 f7d6 d1e2 a6c7 a1d1 e8g8 c3e4 d6e4 d3e4 d7a4 f1e1 f8f7 e2d3 a4c6 d3c3 e6e5 c3c4 a7a5 h2h3 g7g6 c4c3 c7b5 c3d2 b5d4 h3h4 f7d7 d2e3 d7f7 e3d2 f7d7 d2e3 b6b5 d1a1 d7c7 e3d3 d4e6 c2c4 b7a6 c4b5 c5c4 d3d5 a6b5 a3a4 b5a6 d5a5 e6f4 a5c3 c7d7 e1e3 a8d8 g2g3 d7d1 a1d1 d8d1 f3e1 f4h5 c3a5 a6b7 g1h2 h5g7 e1f3 d1d7 f3d2 g7e8 a5c3 d7d4 c3c2 f6f5 d2f3 e8f6 f3d4 f6g4 h2h3 e5d4 e3e1 d4d3 c2d2 c6e6 d2f4 g4f6 e4e5 f6e8 e1c1 b7a6 f4d4 f5f4 g3g4 e8g7 d4f4 e6d5 f2f3 h7h5 g4h5 c4c3 b2c3 g7h5 f4e3 a6c8 h3g2
Warning; Bestmove does not match beginning of last PV - move h7g8 from SF_2100
Info; info depth 10 seldepth 18 multipv 1 score cp 157 nodes 30308 nps 658869 hashfull 9 tbhits 0 time 46 pv h5g7 h4h5 g6h5 c1g1 f5g6 e7g5 c4a4 g2h1 a4e8 g5f6 e8f7 f6f7 g6f7
Position; fen rnbqkbnr/pp1p2pp/B3pp2/2p1P3/8/5N2/PPPP1PPP/RNBQK2R b KQkq - 0 1
Moves; b8a6 e1g1 d7d6 e5d6 b7b6 b1c3 g8h6 d2d3 h6f7 c1e3 d8d7 a2a3 c8b7 e3f4 f8d6 f4d6 f7d6 d1e2 a6c7 a1d1 e8g8 c3e4 d6e4 d3e4 d7a4 f1e1 f8f7 e2d3 a4c6 d3c3 e6e5 c3c4 a7a5 h2h3 g7g6 c4c3 c7b5 c3d2 b5d4 h3h4 f7d7 d2e3 d7f7 e3d2 f7d7 d2e3 b6b5 d1a1 d7c7 e3d3 d4e6 c2c4 b7a6 c4b5 c5c4 d3d5 a6b5 a3a4 b5a6 d5a5 e6f4 a5c3 c7d7 e1e3 a8d8 g2g3 d7d1 a1d1 d8d1 f3e1 f4h5 c3a5 a6b7 g1h2 h5g7 e1f3 d1d7 f3d2 g7e8 a5c3 d7d4 c3c2 f6f5 d2f3 e8f6 f3d4 f6g4 h2h3 e5d4 e3e1 d4d3 c2d2 c6e6 d2f4 g4f6 e4e5 f6e8 e1c1 b7a6 f4d4 f5f4 g3g4 e8g7 d4f4 e6d5 f2f3 h7h5 g4h5 c4c3 b2c3 g7h5 f4e3 a6c8 h3g2 d5c4 e3g5 c8f5 g5d8 g8h7 d8e7
Warning; Bestmove does not match beginning of last PV - move f5h3 from SF_2100
Info; info depth 10 seldepth 18 multipv 1 score cp 334 nodes 29458 nps 736450 hashfull 12 tbhits 0 time 40 pv a2e2 b4c4 g8h7 c1b1 e2f3 c4c7 h5g7 b1b7 f3g3
Position; fen rnbqkbnr/pp1p2pp/B3pp2/2p1P3/8/5N2/PPPP1PPP/RNBQK2R b KQkq - 0 1
Moves; b8a6 e1g1 d7d6 e5d6 b7b6 b1c3 g8h6 d2d3 h6f7 c1e3 d8d7 a2a3 c8b7 e3f4 f8d6 f4d6 f7d6 d1e2 a6c7 a1d1 e8g8 c3e4 d6e4 d3e4 d7a4 f1e1 f8f7 e2d3 a4c6 d3c3 e6e5 c3c4 a7a5 h2h3 g7g6 c4c3 c7b5 c3d2 b5d4 h3h4 f7d7 d2e3 d7f7 e3d2 f7d7 d2e3 b6b5 d1a1 d7c7 e3d3 d4e6 c2c4 b7a6 c4b5 c5c4 d3d5 a6b5 a3a4 b5a6 d5a5 e6f4 a5c3 c7d7 e1e3 a8d8 g2g3 d7d1 a1d1 d8d1 f3e1 f4h5 c3a5 a6b7 g1h2 h5g7 e1f3 d1d7 f3d2 g7e8 a5c3 d7d4 c3c2 f6f5 d2f3 e8f6 f3d4 f6g4 h2h3 e5d4 e3e1 d4d3 c2d2 c6e6 d2f4 g4f6 e4e5 f6e8 e1c1 b7a6 f4d4 f5f4 g3g4 e8g7 d4f4 e6d5 f2f3 h7h5 g4h5 c4c3 b2c3 g7h5 f4e3 a6c8 h3g2 d5c4 e3g5 c8f5 g5d8 g8h7 d8e7 h7g8 e7b4 c4a2 g2g1
Warning; Bestmove does not match beginning of last PV - move h7g8 from SF_2100
Info; info depth 11 seldepth 17 multipv 1 score cp 221 nodes 19271 nps 602218 hashfull 15 tbhits 0 time 32 pv h5g7 a7f2 a2a4 c3c4 h3f5 f2d2 a4a7 c4c5 g7e6 g1f2
Position; fen rnbqkbnr/pp1p2pp/B3pp2/2p1P3/8/5N2/PPPP1PPP/RNBQK2R b KQkq - 0 1
Moves; b8a6 e1g1 d7d6 e5d6 b7b6 b1c3 g8h6 d2d3 h6f7 c1e3 d8d7 a2a3 c8b7 e3f4 f8d6 f4d6 f7d6 d1e2 a6c7 a1d1 e8g8 c3e4 d6e4 d3e4 d7a4 f1e1 f8f7 e2d3 a4c6 d3c3 e6e5 c3c4 a7a5 h2h3 g7g6 c4c3 c7b5 c3d2 b5d4 h3h4 f7d7 d2e3 d7f7 e3d2 f7d7 d2e3 b6b5 d1a1 d7c7 e3d3 d4e6 c2c4 b7a6 c4b5 c5c4 d3d5 a6b5 a3a4 b5a6 d5a5 e6f4 a5c3 c7d7 e1e3 a8d8 g2g3 d7d1 a1d1 d8d1 f3e1 f4h5 c3a5 a6b7 g1h2 h5g7 e1f3 d1d7 f3d2 g7e8 a5c3 d7d4 c3c2 f6f5 d2f3 e8f6 f3d4 f6g4 h2h3 e5d4 e3e1 d4d3 c2d2 c6e6 d2f4 g4f6 e4e5 f6e8 e1c1 b7a6 f4d4 f5f4 g3g4 e8g7 d4f4 e6d5 f2f3 h7h5 g4h5 c4c3 b2c3 g7h5 f4e3 a6c8 h3g2 d5c4 e3g5 c8f5 g5d8 g8h7 d8e7 h7g8 e7b4 c4a2 g2g1 f5h3 b4b8 g8h7 b8a7
Warning; Bestmove does not match beginning of last PV - move a2a3 from SF_2100
Info; info depth 10 seldepth 16 multipv 1 score cp 165 nodes 18509 nps 685518 hashfull 40 tbhits 0 time 27 pv a2a4 c3c4 a4b4 c1a1 g8h7 a1a7 h5g7 g1h2 h3f5 f2d4 b4d2 h2g3 d2e1 g3g2
Position; fen rnbqkbnr/pp1p2pp/B3pp2/2p1P3/8/5N2/PPPP1PPP/RNBQK2R b KQkq - 0 1
Moves; b8a6 e1g1 d7d6 e5d6 b7b6 b1c3 g8h6 d2d3 h6f7 c1e3 d8d7 a2a3 c8b7 e3f4 f8d6 f4d6 f7d6 d1e2 a6c7 a1d1 e8g8 c3e4 d6e4 d3e4 d7a4 f1e1 f8f7 e2d3 a4c6 d3c3 e6e5 c3c4 a7a5 h2h3 g7g6 c4c3 c7b5 c3d2 b5d4 h3h4 f7d7 d2e3 d7f7 e3d2 f7d7 d2e3 b6b5 d1a1 d7c7 e3d3 d4e6 c2c4 b7a6 c4b5 c5c4 d3d5 a6b5 a3a4 b5a6 d5a5 e6f4 a5c3 c7d7 e1e3 a8d8 g2g3 d7d1 a1d1 d8d1 f3e1 f4h5 c3a5 a6b7 g1h2 h5g7 e1f3 d1d7 f3d2 g7e8 a5c3 d7d4 c3c2 f6f5 d2f3 e8f6 f3d4 f6g4 h2h3 e5d4 e3e1 d4d3 c2d2 c6e6 d2f4 g4f6 e4e5 f6e8 e1c1 b7a6 f4d4 f5f4 g3g4 e8g7 d4f4 e6d5 f2f3 h7h5 g4h5 c4c3 b2c3 g7h5 f4e3 a6c8 h3g2 d5c4 e3g5 c8f5 g5d8 g8h7 d8e7 h7g8 e7b4 c4a2 g2g1 f5h3 b4b8 g8h7 b8a7 h7g8 a7f2
Warning; Bestmove does not match beginning of last PV - move g8h7 from SF_2100
Info; info depth 9 seldepth 16 multipv 1 score cp 159 nodes 14881 nps 708619 hashfull 6 tbhits 0 time 21 pv h3f5 e5e6 h5g7 g5d8 g8h7 e6e7 a2e2
Position; fen rnbqkbnr/pp1p2pp/B3pp2/2p1P3/8/5N2/PPPP1PPP/RNBQK2R b KQkq - 0 1
Moves; b8a6 e1g1 d7d6 e5d6 b7b6 b1c3 g8h6 d2d3 h6f7 c1e3 d8d7 a2a3 c8b7 e3f4 f8d6 f4d6 f7d6 d1e2 a6c7 a1d1 e8g8 c3e4 d6e4 d3e4 d7a4 f1e1 f8f7 e2d3 a4c6 d3c3 e6e5 c3c4 a7a5 h2h3 g7g6 c4c3 c7b5 c3d2 b5d4 h3h4 f7d7 d2e3 d7f7 e3d2 f7d7 d2e3 b6b5 d1a1 d7c7 e3d3 d4e6 c2c4 b7a6 c4b5 c5c4 d3d5 a6b5 a3a4 b5a6 d5a5 e6f4 a5c3 c7d7 e1e3 a8d8 g2g3 d7d1 a1d1 d8d1 f3e1 f4h5 c3a5 a6b7 g1h2 h5g7 e1f3 d1d7 f3d2 g7e8 a5c3 d7d4 c3c2 f6f5 d2f3 e8f6 f3d4 f6g4 h2h3 e5d4 e3e1 d4d3 c2d2 c6e6 d2f4 g4f6 e4e5 f6e8 e1c1 b7a6 f4d4 f5f4 g3g4 e8g7 d4f4 e6d5 f2f3 h7h5 g4h5 c4c3 b2c3 g7h5 f4e3 a6c8 h3g2 d5c4 e3g5 c8f5 g5d8 g8h7 d8e7 h7g8 e7b4 c4a2 g2g1 f5h3 b4b8 g8h7 b8a7 h7g8 a7f2 a2a3 f2e3 a3a2 e3g5
Warning; Bestmove does not match beginning of last PV - move a2b3 from SF_2100
Info; info depth 9 seldepth 17 multipv 1 score cp 167 nodes 13073 nps 688052 hashfull 20 tbhits 0 time 19 pv h3f5 g5e3 a2a4 d1d2 a4a1 g1g2 a1c3 e5e6 f5e6 d2d3 h5f4 e3f4 c3d3
Position; fen rnbqkbnr/pp1p2pp/B3pp2/2p1P3/8/5N2/PPPP1PPP/RNBQK2R b KQkq - 0 1
Moves; b8a6 e1g1 d7d6 e5d6 b7b6 b1c3 g8h6 d2d3 h6f7 c1e3 d8d7 a2a3 c8b7 e3f4 f8d6 f4d6 f7d6 d1e2 a6c7 a1d1 e8g8 c3e4 d6e4 d3e4 d7a4 f1e1 f8f7 e2d3 a4c6 d3c3 e6e5 c3c4 a7a5 h2h3 g7g6 c4c3 c7b5 c3d2 b5d4 h3h4 f7d7 d2e3 d7f7 e3d2 f7d7 d2e3 b6b5 d1a1 d7c7 e3d3 d4e6 c2c4 b7a6 c4b5 c5c4 d3d5 a6b5 a3a4 b5a6 d5a5 e6f4 a5c3 c7d7 e1e3 a8d8 g2g3 d7d1 a1d1 d8d1 f3e1 f4h5 c3a5 a6b7 g1h2 h5g7 e1f3 d1d7 f3d2 g7e8 a5c3 d7d4 c3c2 f6f5 d2f3 e8f6 f3d4 f6g4 h2h3 e5d4 e3e1 d4d3 c2d2 c6e6 d2f4 g4f6 e4e5 f6e8 e1c1 b7a6 f4d4 f5f4 g3g4 e8g7 d4f4 e6d5 f2f3 h7h5 g4h5 c4c3 b2c3 g7h5 f4e3 a6c8 h3g2 d5c4 e3g5 c8f5 g5d8 g8h7 d8e7 h7g8 e7b4 c4a2 g2g1 f5h3 b4b8 g8h7 b8a7 h7g8 a7f2 a2a3 f2e3 a3a2 e3g5 g8h7 c1d1
Warning; Bestmove does not match beginning of last PV - move h7h8 from SF_2100
Info; info depth 8 seldepth 11 multipv 1 score cp 42 nodes 7648 nps 588307 hashfull 23 tbhits 0 time 13 pv h7h6 e7d8 b3b1 g1h2 h6h7 d8e7 h5g7
Position; fen rnbqkbnr/pp1p2pp/B3pp2/2p1P3/8/5N2/PPPP1PPP/RNBQK2R b KQkq - 0 1
Moves; b8a6 e1g1 d7d6 e5d6 b7b6 b1c3 g8h6 d2d3 h6f7 c1e3 d8d7 a2a3 c8b7 e3f4 f8d6 f4d6 f7d6 d1e2 a6c7 a1d1 e8g8 c3e4 d6e4 d3e4 d7a4 f1e1 f8f7 e2d3 a4c6 d3c3 e6e5 c3c4 a7a5 h2h3 g7g6 c4c3 c7b5 c3d2 b5d4 h3h4 f7d7 d2e3 d7f7 e3d2 f7d7 d2e3 b6b5 d1a1 d7c7 e3d3 d4e6 c2c4 b7a6 c4b5 c5c4 d3d5 a6b5 a3a4 b5a6 d5a5 e6f4 a5c3 c7d7 e1e3 a8d8 g2g3 d7d1 a1d1 d8d1 f3e1 f4h5 c3a5 a6b7 g1h2 h5g7 e1f3 d1d7 f3d2 g7e8 a5c3 d7d4 c3c2 f6f5 d2f3 e8f6 f3d4 f6g4 h2h3 e5d4 e3e1 d4d3 c2d2 c6e6 d2f4 g4f6 e4e5 f6e8 e1c1 b7a6 f4d4 f5f4 g3g4 e8g7 d4f4 e6d5 f2f3 h7h5 g4h5 c4c3 b2c3 g7h5 f4e3 a6c8 h3g2 d5c4 e3g5 c8f5 g5d8 g8h7 d8e7 h7g8 e7b4 c4a2 g2g1 f5h3 b4b8 g8h7 b8a7 h7g8 a7f2 a2a3 f2e3 a3a2 e3g5 g8h7 c1d1 a2b3 d1d2 h3f5 g5e7
Warning; Bestmove does not match beginning of last PV - move h8g7 from SF_2100
Info; info depth 9 seldepth 10 multipv 1 score cp 108 nodes 4481 nps 746833 hashfull 50 tbhits 0 time 6 pv h8h7 b8a7 h5g7 a7e3 d5b3 e5e6 g7e6 a4a5
Position; fen rnbqkbnr/pp1p2pp/B3pp2/2p1P3/8/5N2/PPPP1PPP/RNBQK2R b KQkq - 0 1
Moves; b8a6 e1g1 d7d6 e5d6 b7b6 b1c3 g8h6 d2d3 h6f7 c1e3 d8d7 a2a3 c8b7 e3f4 f8d6 f4d6 f7d6 d1e2 a6c7 a1d1 e8g8 c3e4 d6e4 d3e4 d7a4 f1e1 f8f7 e2d3 a4c6 d3c3 e6e5 c3c4 a7a5 h2h3 g7g6 c4c3 c7b5 c3d2 b5d4 h3h4 f7d7 d2e3 d7f7 e3d2 f7d7 d2e3 b6b5 d1a1 d7c7 e3d3 d4e6 c2c4 b7a6 c4b5 c5c4 d3d5 a6b5 a3a4 b5a6 d5a5 e6f4 a5c3 c7d7 e1e3 a8d8 g2g3 d7d1 a1d1 d8d1 f3e1 f4h5 c3a5 a6b7 g1h2 h5g7 e1f3 d1d7 f3d2 g7e8 a5c3 d7d4 c3c2 f6f5 d2f3 e8f6 f3d4 f6g4 h2h3 e5d4 e3e1 d4d3 c2d2 c6e6 d2f4 g4f6 e4e5 f6e8 e1c1 b7a6 f4d4 f5f4 g3g4 e8g7 d4f4 e6d5 f2f3 h7h5 g4h5 c4c3 b2c3 g7h5 f4e3 a6c8 h3g2 d5c4 e3g5 c8f5 g5d8 g8h7 d8e7 h7g8 e7b4 c4a2 g2g1 f5h3 b4b8 g8h7 b8a7 h7g8 a7f2 a2a3 f2e3 a3a2 e3g5 g8h7 c1d1 a2b3 d1d2 h3f5 g5e7 h7h8 e7b4 b3d5 b4b8
Warning; Bestmove does not match beginning of last PV - move e6d7 from SF_2100
Info; info depth 1 seldepth 4 multipv 1 score cp -139 nodes 86 nps 86000 hashfull 58 tbhits 0 time 1 pv e6c4
Position; fen rnbqkbnr/pp1p2pp/B3pp2/2p1P3/8/5N2/PPPP1PPP/RNBQK2R b KQkq - 0 1
Moves; b8a6 e1g1 d7d6 e5d6 b7b6 b1c3 g8h6 d2d3 h6f7 c1e3 d8d7 a2a3 c8b7 e3f4 f8d6 f4d6 f7d6 d1e2 a6c7 a1d1 e8g8 c3e4 d6e4 d3e4 d7a4 f1e1 f8f7 e2d3 a4c6 d3c3 e6e5 c3c4 a7a5 h2h3 g7g6 c4c3 c7b5 c3d2 b5d4 h3h4 f7d7 d2e3 d7f7 e3d2 f7d7 d2e3 b6b5 d1a1 d7c7 e3d3 d4e6 c2c4 b7a6 c4b5 c5c4 d3d5 a6b5 a3a4 b5a6 d5a5 e6f4 a5c3 c7d7 e1e3 a8d8 g2g3 d7d1 a1d1 d8d1 f3e1 f4h5 c3a5 a6b7 g1h2 h5g7 e1f3 d1d7 f3d2 g7e8 a5c3 d7d4 c3c2 f6f5 d2f3 e8f6 f3d4 f6g4 h2h3 e5d4 e3e1 d4d3 c2d2 c6e6 d2f4 g4f6 e4e5 f6e8 e1c1 b7a6 f4d4 f5f4 g3g4 e8g7 d4f4 e6d5 f2f3 h7h5 g4h5 c4c3 b2c3 g7h5 f4e3 a6c8 h3g2 d5c4 e3g5 c8f5 g5d8 g8h7 d8e7 h7g8 e7b4 c4a2 g2g1 f5h3 b4b8 g8h7 b8a7 h7g8 a7f2 a2a3 f2e3 a3a2 e3g5 g8h7 c1d1 a2b3 d1d2 h3f5 g5e7 h7h8 e7b4 b3d5 b4b8 h8g7 b8c7 g7h6 g1f2 h5g7 c7b6 d5e5 b6e3 e5e3 f2e3 f5d7 d2a2 d7e6 a2a1
Warning; Bestmove does not match beginning of last PV - move h6h5 from SF_2100
Info; info depth 17 seldepth 41 multipv 1 score cp -369 nodes 871688 nps 752103 hashfull 286 tbhits 0 time 1159 pv d7c6 a4a5 g7f5 a5a6 c6a8 a6a7 h6h5 a1b1 a8f3 b1b4 f3c6 b4b6 c6g2 c3c4 f5e7 b6b8 h5h4 b8e8 e7f5 a7a8q g2a8 e8a8 f5e7 a8e8 e7c6 c4c5 g6g5
Position; fen rnbqkbnr/pp1p2pp/B3pp2/2p1P3/8/5N2/PPPP1PPP/RNBQK2R b KQkq - 0 1
Moves; b8a6 e1g1 d7d6 e5d6 b7b6 b1c3 g8h6 d2d3 h6f7 c1e3 d8d7 a2a3 c8b7 e3f4 f8d6 f4d6 f7d6 d1e2 a6c7 a1d1 e8g8 c3e4 d6e4 d3e4 d7a4 f1e1 f8f7 e2d3 a4c6 d3c3 e6e5 c3c4 a7a5 h2h3 g7g6 c4c3 c7b5 c3d2 b5d4 h3h4 f7d7 d2e3 d7f7 e3d2 f7d7 d2e3 b6b5 d1a1 d7c7 e3d3 d4e6 c2c4 b7a6 c4b5 c5c4 d3d5 a6b5 a3a4 b5a6 d5a5 e6f4 a5c3 c7d7 e1e3 a8d8 g2g3 d7d1 a1d1 d8d1 f3e1 f4h5 c3a5 a6b7 g1h2 h5g7 e1f3 d1d7 f3d2 g7e8 a5c3 d7d4 c3c2 f6f5 d2f3 e8f6 f3d4 f6g4 h2h3 e5d4 e3e1 d4d3 c2d2 c6e6 d2f4 g4f6 e4e5 f6e8 e1c1 b7a6 f4d4 f5f4 g3g4 e8g7 d4f4 e6d5 f2f3 h7h5 g4h5 c4c3 b2c3 g7h5 f4e3 a6c8 h3g2 d5c4 e3g5 c8f5 g5d8 g8h7 d8e7 h7g8 e7b4 c4a2 g2g1 f5h3 b4b8 g8h7 b8a7 h7g8 a7f2 a2a3 f2e3 a3a2 e3g5 g8h7 c1d1 a2b3 d1d2 h3f5 g5e7 h7h8 e7b4 b3d5 b4b8 h8g7 b8c7 g7h6 g1f2 h5g7 c7b6 d5e5 b6e3 e5e3 f2e3 f5d7 d2a2 d7e6 a2a1 e6d7 e3d3
Warning; Bestmove does not match beginning of last PV - move d7b5 from SF_2100
Info; info depth 18 seldepth 29 multipv 1 score cp -376 nodes 630899 nps 787639 hashfull 213 tbhits 0 time 801 pv d7c6 a5a6 c6f3 a6a7 f3a8 a1a6 g7f5 a6e6 f5h4 e6e8 a8c6 a7a8q c6a8 e8a8 g6g5 c3c4 h5g6
Position; fen rnbqkbnr/pp1p2pp/B3pp2/2p1P3/8/5N2/PPPP1PPP/RNBQK2R b KQkq - 0 1
Moves; b8a6 e1g1 d7d6 e5d6 b7b6 b1c3 g8h6 d2d3 h6f7 c1e3 d8d7 a2a3 c8b7 e3f4 f8d6 f4d6 f7d6 d1e2 a6c7 a1d1 e8g8 c3e4 d6e4 d3e4 d7a4 f1e1 f8f7 e2d3 a4c6 d3c3 e6e5 c3c4 a7a5 h2h3 g7g6 c4c3 c7b5 c3d2 b5d4 h3h4 f7d7 d2e3 d7f7 e3d2 f7d7 d2e3 b6b5 d1a1 d7c7 e3d3 d4e6 c2c4 b7a6 c4b5 c5c4 d3d5 a6b5 a3a4 b5a6 d5a5 e6f4 a5c3 c7d7 e1e3 a8d8 g2g3 d7d1 a1d1 d8d1 f3e1 f4h5 c3a5 a6b7 g1h2 h5g7 e1f3 d1d7 f3d2 g7e8 a5c3 d7d4 c3c2 f6f5 d2f3 e8f6 f3d4 f6g4 h2h3 e5d4 e3e1 d4d3 c2d2 c6e6 d2f4 g4f6 e4e5 f6e8 e1c1 b7a6 f4d4 f5f4 g3g4 e8g7 d4f4 e6d5 f2f3 h7h5 g4h5 c4c3 b2c3 g7h5 f4e3 a6c8 h3g2 d5c4 e3g5 c8f5 g5d8 g8h7 d8e7 h7g8 e7b4 c4a2 g2g1 f5h3 b4b8 g8h7 b8a7 h7g8 a7f2 a2a3 f2e3 a3a2 e3g5 g8h7 c1d1 a2b3 d1d2 h3f5 g5e7 h7h8 e7b4 b3d5 b4b8 h8g7 b8c7 g7h6 g1f2 h5g7 c7b6 d5e5 b6e3 e5e3 f2e3 f5d7 d2a2 d7e6 a2a1 e6d7 e3d3 h6h5 a4a5
Warning; Bestmove does not match beginning of last PV - move b5a6 from SF_2100
Info; info depth 14 seldepth 28 multipv 1 score cp -366 nodes 226067 nps 840397 hashfull 86 tbhits 0 time 269 pv b5c6 a5a6 h5h4 a6a7 c6f3 a7a8q f3a8 a1a8 g6g5 c4c5 g7e6 c5c6 g5g4 d3e3 e6c7 a8a7 c7d5 e3d4 d5b4 c6c7
Position; fen rnbqkbnr/pp1p2pp/B3pp2/2p1P3/8/5N2/PPPP1PPP/RNBQK2R b KQkq - 0 1
Moves; b8a6 e1g1 d7d6 e5d6 b7b6 b1c3 g8h6 d2d3 h6f7 c1e3 d8d7 a2a3 c8b7 e3f4 f8d6 f4d6 f7d6 d1e2 a6c7 a1d1 e8g8 c3e4 d6e4 d3e4 d7a4 f1e1 f8f7 e2d3 a4c6 d3c3 e6e5 c3c4 a7a5 h2h3 g7g6 c4c3 c7b5 c3d2 b5d4 h3h4 f7d7 d2e3 d7f7 e3d2 f7d7 d2e3 b6b5 d1a1 d7c7 e3d3 d4e6 c2c4 b7a6 c4b5 c5c4 d3d5 a6b5 a3a4 b5a6 d5a5 e6f4 a5c3 c7d7 e1e3 a8d8 g2g3 d7d1 a1d1 d8d1 f3e1 f4h5 c3a5 a6b7 g1h2 h5g7 e1f3 d1d7 f3d2 g7e8 a5c3 d7d4 c3c2 f6f5 d2f3 e8f6 f3d4 f6g4 h2h3 e5d4 e3e1 d4d3 c2d2 c6e6 d2f4 g4f6 e4e5 f6e8 e1c1 b7a6 f4d4 f5f4 g3g4 e8g7 d4f4 e6d5 f2f3 h7h5 g4h5 c4c3 b2c3 g7h5 f4e3 a6c8 h3g2 d5c4 e3g5 c8f5 g5d8 g8h7 d8e7 h7g8 e7b4 c4a2 g2g1 f5h3 b4b8 g8h7 b8a7 h7g8 a7f2 a2a3 f2e3 a3a2 e3g5 g8h7 c1d1 a2b3 d1d2 h3f5 g5e7 h7h8 e7b4 b3d5 b4b8 h8g7 b8c7 g7h6 g1f2 h5g7 c7b6 d5e5 b6e3 e5e3 f2e3 f5d7 d2a2 d7e6 a2a1 e6d7 e3d3 h6h5 a4a5 d7b5 c3c4
Warning; Bestmove does not match beginning of last PV - move g7e6 from SF_2100
Info; info depth 15 seldepth 22 multipv 1 score cp -499 nodes 407330 nps 859345 hashfull 125 tbhits 0 time 474 pv g6g5 h4g5 a6c8 b1b6 h5g5 a5a6 c8a6 b6a6 g5f5 a6b6 f5f4 b6g6 g7e8 g6e6 e8c7 e6b6 f4e5 f3f4 e5f4 b6f6 f4g5
Position; fen rnbqkbnr/pp1p2pp/B3pp2/2p1P3/8/5N2/PPPP1PPP/RNBQK2R b KQkq - 0 1
Moves; b8a6 e1g1 d7d6 e5d6 b7b6 b1c3 g8h6 d2d3 h6f7 c1e3 d8d7 a2a3 c8b7 e3f4 f8d6 f4d6 f7d6 d1e2 a6c7 a1d1 e8g8 c3e4 d6e4 d3e4 d7a4 f1e1 f8f7 e2d3 a4c6 d3c3 e6e5 c3c4 a7a5 h2h3 g7g6 c4c3 c7b5 c3d2 b5d4 h3h4 f7d7 d2e3 d7f7 e3d2 f7d7 d2e3 b6b5 d1a1 d7c7 e3d3 d4e6 c2c4 b7a6 c4b5 c5c4 d3d5 a6b5 a3a4 b5a6 d5a5 e6f4 a5c3 c7d7 e1e3 a8d8 g2g3 d7d1 a1d1 d8d1 f3e1 f4h5 c3a5 a6b7 g1h2 h5g7 e1f3 d1d7 f3d2 g7e8 a5c3 d7d4 c3c2 f6f5 d2f3 e8f6 f3d4 f6g4 h2h3 e5d4 e3e1 d4d3 c2d2 c6e6 d2f4 g4f6 e4e5 f6e8 e1c1 b7a6 f4d4 f5f4 g3g4 e8g7 d4f4 e6d5 f2f3 h7h5 g4h5 c4c3 b2c3 g7h5 f4e3 a6c8 h3g2 d5c4 e3g5 c8f5 g5d8 g8h7 d8e7 h7g8 e7b4 c4a2 g2g1 f5h3 b4b8 g8h7 b8a7 h7g8 a7f2 a2a3 f2e3 a3a2 e3g5 g8h7 c1d1 a2b3 d1d2 h3f5 g5e7 h7h8 e7b4 b3d5 b4b8 h8g7 b8c7 g7h6 g1f2 h5g7 c7b6 d5e5 b6e3 e5e3 f2e3 f5d7 d2a2 d7e6 a2a1 e6d7 e3d3 h6h5 a4a5 d7b5 c3c4 b5a6 a1b1
Warning; Bestmove does not match beginning of last PV - move g6g5 from SF_2100
Info; info depth 15 seldepth 22 multipv 1 score cp -577 nodes 332792 nps 1033515 hashfull 86 tbhits 0 time 322 pv e6c7 d3d4 h5h4 b6c6 a6b7 c6c7 b7f3 d4e3 h4g4 c7f7 f3g2 a5a6 g6g5 a6a7 g2c6 f7c7 c6a8
Position; fen rnbqkbnr/pp1p2pp/B3pp2/2p1P3/8/5N2/PPPP1PPP/RNBQK2R b KQkq - 0 1
Moves; b8a6 e1g1 d7d6 e5d6 b7b6 b1c3 g8h6 d2d3 h6f7 c1e3 d8d7 a2a3 c8b7 e3f4 f8d6 f4d6 f7d6 d1e2 a6c7 a1d1 e8g8 c3e4 d6e4 d3e4 d7a4 f1e1 f8f7 e2d3 a4c6 d3c3 e6e5 c3c4 a7a5 h2h3 g7g6 c4c3 c7b5 c3d2 b5d4 h3h4 f7d7 d2e3 d7f7 e3d2 f7d7 d2e3 b6b5 d1a1 d7c7 e3d3 d4e6 c2c4 b7a6 c4b5 c5c4 d3d5 a6b5 a3a4 b5a6 d5a5 e6f4 a5c3 c7d7 e1e3 a8d8 g2g3 d7d1 a1d1 d8d1 f3e1 f4h5 c3a5 a6b7 g1h2 h5g7 e1f3 d1d7 f3d2 g7e8 a5c3 d7d4 c3c2 f6f5 d2f3 e8f6 f3d4 f6g4 h2h3 e5d4 e3e1 d4d3 c2d2 c6e6 d2f4 g4f6 e4e5 f6e8 e1c1 b7a6 f4d4 f5f4 g3g4 e8g7 d4f4 e6d5 f2f3 h7h5 g4h5 c4c3 b2c3 g7h5 f4e3 a6c8 h3g2 d5c4 e3g5 c8f5 g5d8 g8h7 d8e7 h7g8 e7b4 c4a2 g2g1 f5h3 b4b8 g8h7 b8a7 h7g8 a7f2 a2a3 f2e3 a3a2 e3g5 g8h7 c1d1 a2b3 d1d2 h3f5 g5e7 h7h8 e7b4 b3d5 b4b8 h8g7 b8c7 g7h6 g1f2 h5g7 c7b6 d5e5 b6e3 e5e3 f2e3 f5d7 d2a2 d7e6 a2a1 e6d7 e3d3 h6h5 a4a5 d7b5 c3c4 b5a6 a1b1 g7e6 b1b6
Warning; Bestmove does not match beginning of last PV - move g5h4 from SF_2100
Info; info depth 15 seldepth 26 multipv 1 score cp -656 nodes 255744 nps 1618632 hashfull 64 tbhits 0 time 158 pv a6c8 e6e8 c8b7 e8b8 b7f3 h4g5 h5g5 b8b6 g5f4 d3d4 f3g2 a5a6 f4g3 a6a7 g3f2 d4e5 f2e2
Position; fen rnbqkbnr/pp1p2pp/B3pp2/2p1P3/8/5N2/PPPP1PPP/RNBQK2R b KQkq - 0 1
Moves; b8a6 e1g1 d7d6 e5d6 b7b6 b1c3 g8h6 d2d3 h6f7 c1e3 d8d7 a2a3 c8b7 e3f4 f8d6 f4d6 f7d6 d1e2 a6c7 a1d1 e8g8 c3e4 d6e4 d3e4 d7a4 f1e1 f8f7 e2d3 a4c6 d3c3 e6e5 c3c4 a7a5 h2h3 g7g6 c4c3 c7b5 c3d2 b5d4 h3h4 f7d7 d2e3 d7f7 e3d2 f7d7 d2e3 b6b5 d1a1 d7c7 e3d3 d4e6 c2c4 b7a6 c4b5 c5c4 d3d5 a6b5 a3a4 b5a6 d5a5 e6f4 a5c3 c7d7 e1e3 a8d8 g2g3 d7d1 a1d1 d8d1 f3e1 f4h5 c3a5 a6b7 g1h2 h5g7 e1f3 d1d7 f3d2 g7e8 a5c3 d7d4 c3c2 f6f5 d2f3 e8f6 f3d4 f6g4 h2h3 e5d4 e3e1 d4d3 c2d2 c6e6 d2f4 g4f6 e4e5 f6e8 e1c1 b7a6 f4d4 f5f4 g3g4 e8g7 d4f4 e6d5 f2f3 h7h5 g4h5 c4c3 b2c3 g7h5 f4e3 a6c8 h3g2 d5c4 e3g5 c8f5 g5d8 g8h7 d8e7 h7g8 e7b4 c4a2 g2g1 f5h3 b4b8 g8h7 b8a7 h7g8 a7f2 a2a3 f2e3 a3a2 e3g5 g8h7 c1d1 a2b3 d1d2 h3f5 g5e7 h7h8 e7b4 b3d5 b4b8 h8g7 b8c7 g7h6 g1f2 h5g7 c7b6 d5e5 b6e3 e5e3 f2e3 f5d7 d2a2 d7e6 a2a1 e6d7 e3d3 h6h5 a4a5 d7b5 c3c4 b5a6 a1b1 g7e6 b1b6 g6g5 b6e6
Warning; Bestmove does not match beginning of last PV - move g6f5 from SF_2100
Info; info depth 21 seldepth 17 multipv 1 score mate -8 nodes 23433 nps 2130272 hashfull 5 tbhits 0 time 11 pv g6g7 h8h3 g7f7 a6a7 f7f6 a7a8q f6f7 h3h8 f7f6 a8g8 f6f5 h8h6 f5f4 h6f6 f4e5 g8g5
Position; fen rnbqkbnr/pp1p2pp/B3pp2/2p1P3/8/5N2/PPPP1PPP/RNBQK2R b KQkq - 0 1
Moves; b8a6 e1g1 d7d6 e5d6 b7b6 b1c3 g8h6 d2d3 h6f7 c1e3 d8d7 a2a3 c8b7 e3f4 f8d6 f4d6 f7d6 d1e2 a6c7 a1d1 e8g8 c3e4 d6e4 d3e4 d7a4 f1e1 f8f7 e2d3 a4c6 d3c3 e6e5 c3c4 a7a5 h2h3 g7g6 c4c3 c7b5 c3d2 b5d4 h3h4 f7d7 d2e3 d7f7 e3d2 f7d7 d2e3 b6b5 d1a1 d7c7 e3d3 d4e6 c2c4 b7a6 c4b5 c5c4 d3d5 a6b5 a3a4 b5a6 d5a5 e6f4 a5c3 c7d7 e1e3 a8d8 g2g3 d7d1 a1d1 d8d1 f3e1 f4h5 c3a5 a6b7 g1h2 h5g7 e1f3 d1d7 f3d2 g7e8 a5c3 d7d4 c3c2 f6f5 d2f3 e8f6 f3d4 f6g4 h2h3 e5d4 e3e1 d4d3 c2d2 c6e6 d2f4 g4f6 e4e5 f6e8 e1c1 b7a6 f4d4 f5f4 g3g4 e8g7 d4f4 e6d5 f2f3 h7h5 g4h5 c4c3 b2c3 g7h5 f4e3 a6c8 h3g2 d5c4 e3g5 c8f5 g5d8 g8h7 d8e7 h7g8 e7b4 c4a2 g2g1 f5h3 b4b8 g8h7 b8a7 h7g8 a7f2 a2a3 f2e3 a3a2 e3g5 g8h7 c1d1 a2b3 d1d2 h3f5 g5e7 h7h8 e7b4 b3d5 b4b8 h8g7 b8c7 g7h6 g1f2 h5g7 c7b6 d5e5 b6e3 e5e3 f2e3 f5d7 d2a2 d7e6 a2a1 e6d7 e3d3 h6h5 a4a5 d7b5 c3c4 b5a6 a1b1 g7e6 b1b6 g6g5 b6e6 g5h4 e6a6 h5g5 a6a8 g5g6 a8h8 h4h3 a5a6
Warning; Bestmove does not match beginning of last PV - move f5e5 from SF_2100
Info; info depth 20 seldepth 15 multipv 1 score mate -7 nodes 22414 nps 679212 hashfull 6 tbhits 0 time 33 pv f5g5 a6a7 g5g6 a7a8q g6f7 h3h8 f7f6 a8g8 f6f5 h8h6 f5f4 h6f6 f4e5 g8g5
Position; fen rnbqkbnr/pp1p2pp/B3pp2/2p1P3/8/5N2/PPPP1PPP/RNBQK2R b KQkq - 0 1
Moves; b8a6 e1g1 d7d6 e5d6 b7b6 b1c3 g8h6 d2d3 h6f7 c1e3 d8d7 a2a3 c8b7 e3f4 f8d6 f4d6 f7d6 d1e2 a6c7 a1d1 e8g8 c3e4 d6e4 d3e4 d7a4 f1e1 f8f7 e2d3 a4c6 d3c3 e6e5 c3c4 a7a5 h2h3 g7g6 c4c3 c7b5 c3d2 b5d4 h3h4 f7d7 d2e3 d7f7 e3d2 f7d7 d2e3 b6b5 d1a1 d7c7 e3d3 d4e6 c2c4 b7a6 c4b5 c5c4 d3d5 a6b5 a3a4 b5a6 d5a5 e6f4 a5c3 c7d7 e1e3 a8d8 g2g3 d7d1 a1d1 d8d1 f3e1 f4h5 c3a5 a6b7 g1h2 h5g7 e1f3 d1d7 f3d2 g7e8 a5c3 d7d4 c3c2 f6f5 d2f3 e8f6 f3d4 f6g4 h2h3 e5d4 e3e1 d4d3 c2d2 c6e6 d2f4 g4f6 e4e5 f6e8 e1c1 b7a6 f4d4 f5f4 g3g4 e8g7 d4f4 e6d5 f2f3 h7h5 g4h5 c4c3 b2c3 g7h5 f4e3 a6c8 h3g2 d5c4 e3g5 c8f5 g5d8 g8h7 d8e7 h7g8 e7b4 c4a2 g2g1 f5h3 b4b8 g8h7 b8a7 h7g8 a7f2 a2a3 f2e3 a3a2 e3g5 g8h7 c1d1 a2b3 d1d2 h3f5 g5e7 h7h8 e7b4 b3d5 b4b8 h8g7 b8c7 g7h6 g1f2 h5g7 c7b6 d5e5 b6e3 e5e3 f2e3 f5d7 d2a2 d7e6 a2a1 e6d7 e3d3 h6h5 a4a5 d7b5 c3c4 b5a6 a1b1 g7e6 b1b6 g6g5 b6e6 g5h4 e6a6 h5g5 a6a8 g5g6 a8h8 h4h3 a5a6 g6f5 h8h3
Warning; Bestmove does not match beginning of last PV - move e5d6 from SF_2100
Info; info depth 18 seldepth 11 multipv 1 score mate -5 nodes 6767 nps 322238 hashfull 1 tbhits 0 time 21 pv e5f4 a7a8q f4f5 a8g8 f5f6 h3h6 f6e7 g8g7 e7d8 h6h8
Position; fen rnbqkbnr/pp1p2pp/B3pp2/2p1P3/8/5N2/PPPP1PPP/RNBQK2R b KQkq - 0 1
Moves; b8a6 e1g1 d7d6 e5d6 b7b6 b1c3 g8h6 d2d3 h6f7 c1e3 d8d7 a2a3 c8b7 e3f4 f8d6 f4d6 f7d6 d1e2 a6c7 a1d1 e8g8 c3e4 d6e4 d3e4 d7a4 f1e1 f8f7 e2d3 a4c6 d3c3 e6e5 c3c4 a7a5 h2h3 g7g6 c4c3 c7b5 c3d2 b5d4 h3h4 f7d7 d2e3 d7f7 e3d2 f7d7 d2e3 b6b5 d1a1 d7c7 e3d3 d4e6 c2c4 b7a6 c4b5 c5c4 d3d5 a6b5 a3a4 b5a6 d5a5 e6f4 a5c3 c7d7 e1e3 a8d8 g2g3 d7d1 a1d1 d8d1 f3e1 f4h5 c3a5 a6b7 g1h2 h5g7 e1f3 d1d7 f3d2 g7e8 a5c3 d7d4 c3c2 f6f5 d2f3 e8f6 f3d4 f6g4 h2h3 e5d4 e3e1 d4d3 c2d2 c6e6 d2f4 g4f6 e4e5 f6e8 e1c1 b7a6 f4d4 f5f4 g3g4 e8g7 d4f4 e6d5 f2f3 h7h5 g4h5 c4c3 b2c3 g7h5 f4e3 a6c8 h3g2 d5c4 e3g5 c8f5 g5d8 g8h7 d8e7 h7g8 e7b4 c4a2 g2g1 f5h3 b4b8 g8h7 b8a7 h7g8 a7f2 a2a3 f2e3 a3a2 e3g5 g8h7 c1d1 a2b3 d1d2 h3f5 g5e7 h7h8 e7b4 b3d5 b4b8 h8g7 b8c7 g7h6 g1f2 h5g7 c7b6 d5e5 b6e3 e5e3 f2e3 f5d7 d2a2 d7e6 a2a1 e6d7 e3d3 h6h5 a4a5 d7b5 c3c4 b5a6 a1b1 g7e6 b1b6 g6g5 b6e6 g5h4 e6a6 h5g5 a6a8 g5g6 a8h8 h4h3 a5a6 g6f5 h8h3 f5e5 a6a7
Warning; Bestmove does not match beginning of last PV - move d6d7 from SF_2100
Info; info depth 21 seldepth 9 multipv 1 score mate -4 nodes 7061 nps 392277 hashfull 2 tbhits 0 time 18 pv d6e6 h3h6 e6f7 a8h8 f7e7 h8g7 e7d8 h6h8
Position; fen rnbqkbnr/pp1p2pp/B3pp2/2p1P3/8/5N2/PPPP1PPP/RNBQK2R b KQkq - 0 1
Moves; b8a6 e1g1 d7d6 e5d6 b7b6 b1c3 g8h6 d2d3 h6f7 c1e3 d8d7 a2a3 c8b7 e3f4 f8d6 f4d6 f7d6 d1e2 a6c7 a1d1 e8g8 c3e4 d6e4 d3e4 d7a4 f1e1 f8f7 e2d3 a4c6 d3c3 e6e5 c3c4 a7a5 h2h3 g7g6 c4c3 c7b5 c3d2 b5d4 h3h4 f7d7 d2e3 d7f7 e3d2 f7d7 d2e3 b6b5 d1a1 d7c7 e3d3 d4e6 c2c4 b7a6 c4b5 c5c4 d3d5 a6b5 a3a4 b5a6 d5a5 e6f4 a5c3 c7d7 e1e3 a8d8 g2g3 d7d1 a1d1 d8d1 f3e1 f4h5 c3a5 a6b7 g1h2 h5g7 e1f3 d1d7 f3d2 g7e8 a5c3 d7d4 c3c2 f6f5 d2f3 e8f6 f3d4 f6g4 h2h3 e5d4 e3e1 d4d3 c2d2 c6e6 d2f4 g4f6 e4e5 f6e8 e1c1 b7a6 f4d4 f5f4 g3g4 e8g7 d4f4 e6d5 f2f3 h7h5 g4h5 c4c3 b2c3 g7h5 f4e3 a6c8 h3g2 d5c4 e3g5 c8f5 g5d8 g8h7 d8e7 h7g8 e7b4 c4a2 g2g1 f5h3 b4b8 g8h7 b8a7 h7g8 a7f2 a2a3 f2e3 a3a2 e3g5 g8h7 c1d1 a2b3 d1d2 h3f5 g5e7 h7h8 e7b4 b3d5 b4b8 h8g7 b8c7 g7h6 g1f2 h5g7 c7b6 d5e5 b6e3 e5e3 f2e3 f5d7 d2a2 d7e6 a2a1 e6d7 e3d3 h6h5 a4a5 d7b5 c3c4 b5a6 a1b1 g7e6 b1b6 g6g5 b6e6 g5h4 e6a6 h5g5 a6a8 g5g6 a8h8 h4h3 a5a6 g6f5 h8h3 f5e5 a6a7 e5d6 a7a8q
Warning; Bestmove does not match beginning of last PV - move d7c6 from SF_2100
Info; info depth 62 seldepth 7 multipv 1 score mate -3 nodes 11829 nps 1075363 hashfull 2 tbhits 0 time 11 pv d7e6 h3h6 e6f5 a7f7 f5g5 f7f6
Position; fen rnbqkbnr/pp1p2pp/B3pp2/2p1P3/8/5N2/PPPP1PPP/RNBQK2R b KQkq - 0 1
Moves; b8a6 e1g1 d7d6 e5d6 b7b6 b1c3 g8h6 d2d3 h6f7 c1e3 d8d7 a2a3 c8b7 e3f4 f8d6 f4d6 f7d6 d1e2 a6c7 a1d1 e8g8 c3e4 d6e4 d3e4 d7a4 f1e1 f8f7 e2d3 a4c6 d3c3 e6e5 c3c4 a7a5 h2h3 g7g6 c4c3 c7b5 c3d2 b5d4 h3h4 f7d7 d2e3 d7f7 e3d2 f7d7 d2e3 b6b5 d1a1 d7c7 e3d3 d4e6 c2c4 b7a6 c4b5 c5c4 d3d5 a6b5 a3a4 b5a6 d5a5 e6f4 a5c3 c7d7 e1e3 a8d8 g2g3 d7d1 a1d1 d8d1 f3e1 f4h5 c3a5 a6b7 g1h2 h5g7 e1f3 d1d7 f3d2 g7e8 a5c3 d7d4 c3c2 f6f5 d2f3 e8f6 f3d4 f6g4 h2h3 e5d4 e3e1 d4d3 c2d2 c6e6 d2f4 g4f6 e4e5 f6e8 e1c1 b7a6 f4d4 f5f4 g3g4 e8g7 d4f4 e6d5 f2f3 h7h5 g4h5 c4c3 b2c3 g7h5 f4e3 a6c8 h3g2 d5c4 e3g5 c8f5 g5d8 g8h7 d8e7 h7g8 e7b4 c4a2 g2g1 f5h3 b4b8 g8h7 b8a7 h7g8 a7f2 a2a3 f2e3 a3a2 e3g5 g8h7 c1d1 a2b3 d1d2 h3f5 g5e7 h7h8 e7b4 b3d5 b4b8 h8g7 b8c7 g7h6 g1f2 h5g7 c7b6 d5e5 b6e3 e5e3 f2e3 f5d7 d2a2 d7e6 a2a1 e6d7 e3d3 h6h5 a4a5 d7b5 c3c4 b5a6 a1b1 g7e6 b1b6 g6g5 b6e6 g5h4 e6a6 h5g5 a6a8 g5g6 a8h8 h4h3 a5a6 g6f5 h8h3 f5e5 a6a7 e5d6 a7a8q d6d7 a8a7
Finished game 3 (HiveChess vs SF_2100): 1-0 {White mates}
Started game 4 of 10 (SF_2100 vs HiveChess)
Warning; Bestmove does not match beginning of last PV - move e1g1 from SF_2100
Info; info depth 16 seldepth 17 multipv 1 score cp -376 nodes 273359 nps 611541 hashfull 107 tbhits 0 time 447 pv d2d4 c5d4 f3d4 c8b7 b1d2 d8c7 e1g1 b8c6 d2c4 c6d4 d1d4 c7c6 c4d6 f8d6
Position; fen rnbqkbnr/pp1p2pp/B3pp2/2p1P3/8/5N2/PPPP1PPP/RNBQK2R b KQkq - 0 1
Moves; b7a6
Warning; Bestmove does not match beginning of last PV - move f1e1 from SF_2100
Info; info depth 16 seldepth 30 multipv 1 score cp -421 nodes 309162 nps 863581 hashfull 118 tbhits 0 time 358 pv c1f4 d7d6 f3d4 c6d4 e5d6 d4f5 d1f3 a8b8 b1c3 f8d6 f1d1 g8e7 f4d6 f5d6
Position; fen rnbqkbnr/pp1p2pp/B3pp2/2p1P3/8/5N2/PPPP1PPP/RNBQK2R b KQkq - 0 1
Moves; b7a6 e1g1 b8c6 d2d4 c5d4
Warning; Bestmove does not match beginning of last PV - move b1d2 from SF_2100
Info; info depth 16 seldepth 23 multipv 1 score cp -418 nodes 283893 nps 889946 hashfull 111 tbhits 0 time 319 pv f3e5 c6e5 e1e5 f8e7 d1g4 e7f6 g4f3 a8b8 b1d2 d7d6 f3c6 c8d7 e5e6 g8e7 c6d6 d7e6 d6e6
Position; fen rnbqkbnr/pp1p2pp/B3pp2/2p1P3/8/5N2/PPPP1PPP/RNBQK2R b KQkq - 0 1
Moves; b7a6 e1g1 b8c6 d2d4 c5d4 f1e1 f6e5
Warning; Bestmove does not match beginning of last PV - move g8f6 from HiveChess
Info; info depth 11 score cp 428 nodes 1265664 pv d8c7 d2c4 d7d6 c1g5 h7h6 c4d6 f8d6 g5h4 c8b7 d1d3 c6b4
Position; fen rnbqkbnr/pp1p2pp/B3pp2/2p1P3/8/5N2/PPPP1PPP/RNBQK2R b KQkq - 0 1
Moves; b7a6 e1g1 b8c6 d2d4 c5d4 f1e1 f6e5 b1d2
Warning; Bestmove does not match beginning of last PV - move d2c4 from SF_2100
Info; info depth 14 seldepth 27 multipv 1 score cp -449 nodes 149734 nps 896610 hashfull 60 tbhits 0 time 167 pv f3e5 c6e5 e1e5 f8e7 d1f3 d7d5 f3g3 e8g8 d2f3 f6e4 g3g4 e7f6 c1g5 a8b8 g5f6 e4f6 g4g3 c8d7
Position; fen rnbqkbnr/pp1p2pp/B3pp2/2p1P3/8/5N2/PPPP1PPP/RNBQK2R b KQkq - 0 1
Moves; b7a6 e1g1 b8c6 d2d4 c5d4 f1e1 f6e5 b1d2 g8f6
Warning; Bestmove does not match beginning of last PV - move f3g5 from SF_2100
Info; info depth 16 seldepth 21 multipv 1 score cp -425 nodes 230823 nps 858078 hashfull 97 tbhits 0 time 269 pv c2c3 f8e7 c3d4 e5e4 f3g5 e8g8 c1f4 h7h6 g5e4 f6e4 e1e4 d6d5 c4e5 c6e5 f4e5 d5e4
Position; fen rnbqkbnr/pp1p2pp/B3pp2/2p1P3/8/5N2/PPPP1PPP/RNBQK2R b KQkq - 0 1
Moves; b7a6 e1g1 b8c6 d2d4 c5d4 f1e1 f6e5 b1d2 g8f6 d2c4 d7d6
Warning; Bestmove does not match beginning of last PV - move d1f3 from SF_2100
Info; info depth 14 seldepth 18 multipv 1 score cp -434 nodes 112429 nps 1070752 hashfull 43 tbhits 0 time 105 pv f2f4 h7h6 d1d3 h6g5 f4e5 c6e5 e1e5 d6e5 d3g6 e8d7 g6f7 d7d8
Position; fen rnbqkbnr/pp1p2pp/B3pp2/2p1P3/8/5N2/PPPP1PPP/RNBQK2R b KQkq - 0 1
Moves; b7a6 e1g1 b8c6 d2d4 c5d4 f1e1 f6e5 b1d2 g8f6 d2c4 d7d6 f3g5 d8c7
Warning; Bestmove does not match beginning of last PV - move c4e5 from SF_2100
Info; info depth 14 seldepth 23 multipv 1 score cp -472 nodes 188544 nps 1208615 hashfull 72 tbhits 0 time 156 pv c1f4 d5c4 f4e5 c6e5 f3a8 f8d6 g5e6 c7b8 a8b8 d6b8 e6d4 e8g8 f2f4 e5f7 d4c6 b8d6 c6e7 d6e7 e1e7
Position; fen rnbqkbnr/pp1p2pp/B3pp2/2p1P3/8/5N2/PPPP1PPP/RNBQK2R b KQkq - 0 1
Moves; b7a6 e1g1 b8c6 d2d4 c5d4 f1e1 f6e5 b1d2 g8f6 d2c4 d7d6 f3g5 d8c7 d1f3 d6d5
Warning; Bestmove does not match beginning of last PV - move c1f4 from SF_2100
Info; info depth 14 seldepth 18 multipv 1 score cp -536 nodes 86179 nps 1180534 hashfull 34 tbhits 0 time 73 pv f2f4 e5f7 e1e6 c8e6 g5e6 c7b6 f4f5
Position; fen rnbqkbnr/pp1p2pp/B3pp2/2p1P3/8/5N2/PPPP1PPP/RNBQK2R b KQkq - 0 1
Moves; b7a6 e1g1 b8c6 d2d4 c5d4 f1e1 f6e5 b1d2 g8f6 d2c4 d7d6 f3g5 d8c7 d1f3 d6d5 c4e5 c6e5 f3b3 f8d6
Warning; Bestmove does not match beginning of last PV - move a1d1 from SF_2100
Info; info depth 15 seldepth 37 multipv 1 score cp -650 nodes 203299 nps 1093005 hashfull 82 tbhits 0 time 186 pv f4e5 d6e5 g2g3 e5d6 g5e6 c8e6 e1e6 g8h8 a1e1 a8b8 b3d3 a6a5 d3f5 c7d8
Position; fen rnbqkbnr/pp1p2pp/B3pp2/2p1P3/8/5N2/PPPP1PPP/RNBQK2R b KQkq - 0 1
Moves; b7a6 e1g1 b8c6 d2d4 c5d4 f1e1 f6e5 b1d2 g8f6 d2c4 d7d6 f3g5 d8c7 d1f3 d6d5 c4e5 c6e5 f3b3 f8d6 c1f4 e8g8
Warning; Bestmove does not match beginning of last PV - move f4e5 from SF_2100
Info; info depth 15 seldepth 21 multipv 1 score cp -653 nodes 202040 nps 1286878 hashfull 73 tbhits 0 time 157 pv b3h3 e5f3 g2f3 d6f4 g5e6 c8e6
Position; fen rnbqkbnr/pp1p2pp/B3pp2/2p1P3/8/5N2/PPPP1PPP/RNBQK2R b KQkq - 0 1
Moves; b7a6 e1g1 b8c6 d2d4 c5d4 f1e1 f6e5 b1d2 g8f6 d2c4 d7d6 f3g5 d8c7 d1f3 d6d5 c4e5 c6e5 f3b3 f8d6 c1f4 e8g8 a1d1 a8b8
Warning; Bestmove does not match beginning of last PV - move e1e5 from SF_2100
Info; info depth 15 seldepth 26 multipv 1 score cp -695 nodes 176111 nps 1344358 hashfull 60 tbhits 0 time 131 pv b3h3 f8e8 d1d3 e5f4 g5h7 f6h7 h3h4 f4h2 g1h1
Position; fen rnbqkbnr/pp1p2pp/B3pp2/2p1P3/8/5N2/PPPP1PPP/RNBQK2R b KQkq - 0 1
Moves; b7a6 e1g1 b8c6 d2d4 c5d4 f1e1 f6e5 b1d2 g8f6 d2c4 d7d6 f3g5 d8c7 d1f3 d6d5 c4e5 c6e5 f3b3 f8d6 c1f4 e8g8 a1d1 a8b8 f4e5 d6e5
Warning; Bestmove does not match beginning of last PV - move e5e6 from SF_2100
Info; info depth 14 seldepth 24 multipv 1 score cp -775 nodes 199203 nps 1673974 hashfull 79 tbhits 0 time 119 pv g5e6 c8e6 e5e6 b3b8 d1d4 c7f7 e6e3 f8e8 e3e8 f7e8 g2g3 g8f8 d4f4
Position; fen rnbqkbnr/pp1p2pp/B3pp2/2p1P3/8/5N2/PPPP1PPP/RNBQK2R b KQkq - 0 1
Moves; b7a6 e1g1 b8c6 d2d4 c5d4 f1e1 f6e5 b1d2 g8f6 d2c4 d7d6 f3g5 d8c7 d1f3 d6d5 c4e5 c6e5 f3b3 f8d6 c1f4 e8g8 a1d1 a8b8 f4e5 d6e5 e1e5 b8b3
Warning; Bestmove does not match beginning of last PV - move g2g3 from SF_2100
Info; info depth 13 seldepth 17 multipv 1 score cp -819 nodes 87953 nps 1628759 hashfull 32 tbhits 0 time 54 pv h2h3 b2b7 e6e2 h7h6 g5e6 c8e6 e2e6
Position; fen rnbqkbnr/pp1p2pp/B3pp2/2p1P3/8/5N2/PPPP1PPP/RNBQK2R b KQkq - 0 1
Moves; b7a6 e1g1 b8c6 d2d4 c5d4 f1e1 f6e5 b1d2 g8f6 d2c4 d7d6 f3g5 d8c7 d1f3 d6d5 c4e5 c6e5 f3b3 f8d6 c1f4 e8g8 a1d1 a8b8 f4e5 d6e5 e1e5 b8b3 e5e6 b3b2
Warning; Bestmove does not match beginning of last PV - move g1h1 from SF_2100
Info; info depth 13 seldepth 18 multipv 1 score cp -932 nodes 89635 nps 1757549 hashfull 29 tbhits 0 time 51 pv d1f1 c8e6 g5e6 f8e8 e6d4 c2c8 g1g2 b2b8 g2g1 g7g5 d4c6 c8c6
Position; fen rnbqkbnr/pp1p2pp/B3pp2/2p1P3/8/5N2/PPPP1PPP/RNBQK2R b KQkq - 0 1
Moves; b7a6 e1g1 b8c6 d2d4 c5d4 f1e1 f6e5 b1d2 g8f6 d2c4 d7d6 f3g5 d8c7 d1f3 d6d5 c4e5 c6e5 f3b3 f8d6 c1f4 e8g8 a1d1 a8b8 f4e5 d6e5 e1e5 b8b3 e5e6 b3b2 g2g3 c7c2
Warning; Bestmove does not match beginning of last PV - move g2h3 from SF_2100
Info; info depth 245 seldepth 5 multipv 1 score mate -2 nodes 12686 nps 4228666 hashfull 0 tbhits 0 time 3 pv g2f2 f6g4 f2g2 d1f1
Position; fen rnbqkbnr/pp1p2pp/B3pp2/2p1P3/8/5N2/PPPP1PPP/RNBQK2R b KQkq - 0 1
Moves; b7a6 e1g1 b8c6 d2d4 c5d4 f1e1 f6e5 b1d2 g8f6 d2c4 d7d6 f3g5 d8c7 d1f3 d6d5 c4e5 c6e5 f3b3 f8d6 c1f4 e8g8 a1d1 a8b8 f4e5 d6e5 e1e5 b8b3 e5e6 b3b2 g2g3 c7c2 g1h1 c2d1 h1g2 b2f2
Finished game 4 (SF_2100 vs HiveChess): 0-1 {Black mates}
Started game 5 of 10 (HiveChess vs SF_2200)
Warning; Bestmove does not match beginning of last PV - move d7d6 from SF_2200
Info; info depth 17 seldepth 28 multipv 1 score cp 429 nodes 297056 nps 705596 hashfull 126 tbhits 0 time 421 pv f6e5 d2d3 f8e7 f3g5 g8f6 b1c3 e8g8 c3e4 f6e4 g5h7 e4f6 h7f8 g8f8
Position; fen rnbqkbnr/pp1p2pp/B3pp2/2p1P3/8/5N2/PPPP1PPP/RNBQK2R b KQkq - 0 1
Moves; b8a6 e1g1
Warning; Bestmove does not match beginning of last PV - move b7b6 from SF_2200
Info; info depth 13 seldepth 15 multipv 1 score cp 468 nodes 29705 nps 495083 hashfull 8 tbhits 0 time 60 pv f8d6 d2d4 g8e7 f1e1 e8g8 b1c3 d6b8 d1e2 g8h8 e1d1 d8e8
Position; fen rnbqkbnr/pp1p2pp/B3pp2/2p1P3/8/5N2/PPPP1PPP/RNBQK2R b KQkq - 0 1
Moves; b8a6 e1g1 d7d6 e5d6
Warning; Bestmove does not match beginning of last PV - move h7h5 from SF_2200
Info; info depth 13 seldepth 26 multipv 1 score cp 415 nodes 73389 nps 444781 hashfull 33 tbhits 0 time 165 pv f8d6 d2d4 g8e7 d1e2 e8g8 d4c5 a6c5 f1d1 e7d5 c3d5 e6d5 d1d5 d6h2 f3h2 d8d5 b2b4 c5b7 c2c4
Position; fen rnbqkbnr/pp1p2pp/B3pp2/2p1P3/8/5N2/PPPP1PPP/RNBQK2R b KQkq - 0 1
Moves; b8a6 e1g1 d7d6 e5d6 b7b6 b1c3
Warning; Bestmove does not match beginning of last PV - move d8d6 from SF_2200
Info; info depth 14 seldepth 25 multipv 1 score cp 310 nodes 95138 nps 440453 hashfull 43 tbhits 0 time 216 pv f8d6 d2d4 g8e7 d4c5 a6c5 f1d1 e7f5 b2b4 c5b7 c3b5 d8e7 c2c4 d6b8 f3d4 f5d4 b5d4 e8f7
Position; fen rnbqkbnr/pp1p2pp/B3pp2/2p1P3/8/5N2/PPPP1PPP/RNBQK2R b KQkq - 0 1
Moves; b8a6 e1g1 d7d6 e5d6 b7b6 b1c3 h7h5 d1e2
Warning; Bestmove does not match beginning of last PV - move d6b8 from SF_2200
Info; info depth 13 seldepth 19 multipv 1 score cp 284 nodes 70117 nps 493781 hashfull 22 tbhits 0 time 142 pv a6c7 d2d3 f6f5 e4e2 c8a6 f3e5 g8e7 c1f4
Position; fen rnbqkbnr/pp1p2pp/B3pp2/2p1P3/8/5N2/PPPP1PPP/RNBQK2R b KQkq - 0 1
Moves; b8a6 e1g1 d7d6 e5d6 b7b6 b1c3 h7h5 d1e2 d8d6 e2e4
Warning; Bestmove does not match beginning of last PV - move e8f7 from SF_2200
Info; info depth 13 seldepth 21 multipv 1 score cp 387 nodes 68236 nps 440232 hashfull 24 tbhits 0 time 155 pv b8b7 e4e2 g8e7 d3d4 c5d4 c3b5 e7f5 c1f4 f8e7 f3d4 f5d4
Position; fen rnbqkbnr/pp1p2pp/B3pp2/2p1P3/8/5N2/PPPP1PPP/RNBQK2R b KQkq - 0 1
Moves; b8a6 e1g1 d7d6 e5d6 b7b6 b1c3 h7h5 d1e2 d8d6 e2e4 d6b8 d2d3
Warning; Bestmove does not match beginning of last PV - move c8b7 from SF_2200
Info; info depth 14 seldepth 25 multipv 1 score cp 391 nodes 103702 nps 523747 hashfull 39 tbhits 0 time 198 pv b8b7 e4e2 g8e7 d3d4 e7g6 f4e5 b7e7 c3e4 f7g8 e5d6 e7e8 a1d1 c8b7 d6f8 e8f8
Position; fen rnbqkbnr/pp1p2pp/B3pp2/2p1P3/8/5N2/PPPP1PPP/RNBQK2R b KQkq - 0 1
Moves; b8a6 e1g1 d7d6 e5d6 b7b6 b1c3 h7h5 d1e2 d8d6 e2e4 d6b8 d2d3 e8f7 c1f4
Warning; Bestmove does not match beginning of last PV - move g8e7 from SF_2200
Info; info depth 12 seldepth 18 multipv 1 score cp 523 nodes 31650 nps 486923 hashfull 9 tbhits 0 time 65 pv b7f3 g2f3 g8e7 d3d4 e7g6 d4d5 g6f4 d5e6 f4e6 a1e1 a6c7 e1e6 c7e6
Position; fen rnbqkbnr/pp1p2pp/B3pp2/2p1P3/8/5N2/PPPP1PPP/RNBQK2R b KQkq - 0 1
Moves; b8a6 e1g1 d7d6 e5d6 b7b6 b1c3 h7h5 d1e2 d8d6 e2e4 d6b8 d2d3 e8f7 c1f4 c8b7 e4a4 b8e8 a4b3
Warning; Bestmove does not match beginning of last PV - move c5c4 from SF_2200
Info; info depth 16 seldepth 19 multipv 1 score cp 431 nodes 132728 nps 495253 hashfull 48 tbhits 0 time 268 pv e7g6 f3g5 f6g5 e4g5 f7g8 f4g3 b7d5 c2c4 d5c6 a1e1
Position; fen rnbqkbnr/pp1p2pp/B3pp2/2p1P3/8/5N2/PPPP1PPP/RNBQK2R b KQkq - 0 1
Moves; b8a6 e1g1 d7d6 e5d6 b7b6 b1c3 h7h5 d1e2 d8d6 e2e4 d6b8 d2d3 e8f7 c1f4 c8b7 e4a4 b8e8 a4b3 g8e7 c3e4
Warning; Bestmove does not match beginning of last PV - move f7g8 from SF_2200
Info; info depth 15 seldepth 28 multipv 1 score cp 199 nodes 82095 nps 358493 hashfull 36 tbhits 0 time 229 pv f7g6 b3c4 e8d7 d6b7 d7b7 c4e6 b7d5 f3h4 g6h7 e6e2 e7g6 h4g6 h7g6 d3d4 a6b4 a2a3
Position; fen rnbqkbnr/pp1p2pp/B3pp2/2p1P3/8/5N2/PPPP1PPP/RNBQK2R b KQkq - 0 1
Moves; b8a6 e1g1 d7d6 e5d6 b7b6 b1c3 h7h5 d1e2 d8d6 e2e4 d6b8 d2d3 e8f7 c1f4 c8b7 e4a4 b8e8 a4b3 g8e7 c3e4 c5c4 e4d6
Warning; Bestmove does not match beginning of last PV - move e8c6 from SF_2200
Info; info depth 13 seldepth 16 multipv 1 score cp 190 nodes 96711 nps 478767 hashfull 32 tbhits 0 time 202 pv e8d7 d6b7 d7b7 c4e6 g8h7 d3d4 a8d8 a1e1 b7d7 e6e2 e7g6
Position; fen rnbqkbnr/pp1p2pp/B3pp2/2p1P3/8/5N2/PPPP1PPP/RNBQK2R b KQkq - 0 1
Moves; b8a6 e1g1 d7d6 e5d6 b7b6 b1c3 h7h5 d1e2 d8d6 e2e4 d6b8 d2d3 e8f7 c1f4 c8b7 e4a4 b8e8 a4b3 g8e7 c3e4 c5c4 e4d6 f7g8 b3c4
Warning; PV continues after threefold repetition - move g8h7 from HiveChess
Info; info depth 15 score cp 0 nodes 658910 pv e6h3 h7g8 h3e6 g8h7 e6h3 h7g8 h3e6 g8h7 e6h3 h7g8 h3e6 g8h7 e6h3 h7g8 h3e6
Position; fen rnbqkbnr/pp1p2pp/B3pp2/2p1P3/8/5N2/PPPP1PPP/RNBQK2R b KQkq - 0 1
Moves; b8a6 e1g1 d7d6 e5d6 b7b6 b1c3 h7h5 d1e2 d8d6 e2e4 d6b8 d2d3 e8f7 c1f4 c8b7 e4a4 b8e8 a4b3 g8e7 c3e4 c5c4 e4d6 f7g8 b3c4 e8c6 c4e6 g8h7
Warning; PV continues after threefold repetition - move g1h1 from HiveChess
Info; info depth 16 score cp 0 nodes 749136 pv h5g6 f8d6 f3d4 d6f4 d4c6 f4h2 g1h1 h2f4 h1g1 f4h2 g1h1 h2f4 h1g1 f4h2 g1h1 h2f4
Position; fen rnbqkbnr/pp1p2pp/B3pp2/2p1P3/8/5N2/PPPP1PPP/RNBQK2R b KQkq - 0 1
Moves; b8a6 e1g1 d7d6 e5d6 b7b6 b1c3 h7h5 d1e2 d8d6 e2e4 d6b8 d2d3 e8f7 c1f4 c8b7 e4a4 b8e8 a4b3 g8e7 c3e4 c5c4 e4d6 f7g8 b3c4 e8c6 c4e6 g8h7 e6h3 e7g6 h3h5 h7g8
Warning; PV continues after threefold repetition - move g1h1 from HiveChess
Info; info depth 16 score cp 0 nodes 1030144 pv f3d4 d6f4 d4c6 f4h2 g1h1 h2f4 h1g1 f4h2 g1h1 h2f4 h1g1 f4h2 g1h1 h2f4 h1g1 f4h2
Position; fen rnbqkbnr/pp1p2pp/B3pp2/2p1P3/8/5N2/PPPP1PPP/RNBQK2R b KQkq - 0 1
Moves; b8a6 e1g1 d7d6 e5d6 b7b6 b1c3 h7h5 d1e2 d8d6 e2e4 d6b8 d2d3 e8f7 c1f4 c8b7 e4a4 b8e8 a4b3 g8e7 c3e4 c5c4 e4d6 f7g8 b3c4 e8c6 c4e6 g8h7 e6h3 e7g6 h3h5 h7g8 h5g6 f8d6
Warning; Bestmove does not match beginning of last PV - move c6d5 from SF_2200
Info; info depth 10 seldepth 22 multipv 1 score cp 117 nodes 42404 nps 683935 hashfull 11 tbhits 0 time 62 pv c6a4 d4f5 d6f8 f4d6 a4e8 g6g4 e8h5 f2f3 h5g4 f3g4 a8d8 d6f8 g8f8
Position; fen rnbqkbnr/pp1p2pp/B3pp2/2p1P3/8/5N2/PPPP1PPP/RNBQK2R b KQkq - 0 1
Moves; b8a6 e1g1 d7d6 e5d6 b7b6 b1c3 h7h5 d1e2 d8d6 e2e4 d6b8 d2d3 e8f7 c1f4 c8b7 e4a4 b8e8 a4b3 g8e7 c3e4 c5c4 e4d6 f7g8 b3c4 e8c6 c4e6 g8h7 e6h3 e7g6 h3h5 h7g8 h5g6 f8d6 f3d4
Warning; Bestmove does not match beginning of last PV - move d5a2 from SF_2200
Info; info depth 11 seldepth 10 multipv 1 score cp 174 nodes 16759 nps 698291 hashfull 4 tbhits 0 time 24 pv b4c2 h6d2 c2d4 f1e1 b7c6 d2c3 a8d8 c3d4 d5d4
Position; fen rnbqkbnr/pp1p2pp/B3pp2/2p1P3/8/5N2/PPPP1PPP/RNBQK2R b KQkq - 0 1
Moves; b8a6 e1g1 d7d6 e5d6 b7b6 b1c3 h7h5 d1e2 d8d6 e2e4 d6b8 d2d3 e8f7 c1f4 c8b7 e4a4 b8e8 a4b3 g8e7 c3e4 c5c4 e4d6 f7g8 b3c4 e8c6 c4e6 g8h7 e6h3 e7g6 h3h5 h7g8 h5g6 f8d6 f3d4 c6d5 d4f5 d6f8 f5h6 h8h6 f4h6 a6b4 a1d1
Warning; Bestmove does not match beginning of last PV - move a2f7 from SF_2200
Info; info depth 10 seldepth 13 multipv 1 score cp 152 nodes 30102 nps 578884 hashfull 9 tbhits 0 time 52 pv b4c6 b2b4 b6b5 h6f4 c6e7 g6g4 a2f7
Position; fen rnbqkbnr/pp1p2pp/B3pp2/2p1P3/8/5N2/PPPP1PPP/RNBQK2R b KQkq - 0 1
Moves; b8a6 e1g1 d7d6 e5d6 b7b6 b1c3 h7h5 d1e2 d8d6 e2e4 d6b8 d2d3 e8f7 c1f4 c8b7 e4a4 b8e8 a4b3 g8e7 c3e4 c5c4 e4d6 f7g8 b3c4 e8c6 c4e6 g8h7 e6h3 e7g6 h3h5 h7g8 h5g6 f8d6 f3d4 c6d5 d4f5 d6f8 f5h6 h8h6 f4h6 a6b4 a1d1 d5a2 c2c3
Warning; Bestmove does not match beginning of last PV - move f7h5 from SF_2200
Info; info depth 9 seldepth 13 multipv 1 score cp 140 nodes 28876 nps 589306 hashfull 6 tbhits 0 time 49 pv b4c6 h6f4 c6e7 f1e1 a7a5 h2h4 b6b5 g3h3 e7d5 f4d2 a5a4
Position; fen rnbqkbnr/pp1p2pp/B3pp2/2p1P3/8/5N2/PPPP1PPP/RNBQK2R b KQkq - 0 1
Moves; b8a6 e1g1 d7d6 e5d6 b7b6 b1c3 h7h5 d1e2 d8d6 e2e4 d6b8 d2d3 e8f7 c1f4 c8b7 e4a4 b8e8 a4b3 g8e7 c3e4 c5c4 e4d6 f7g8 b3c4 e8c6 c4e6 g8h7 e6h3 e7g6 h3h5 h7g8 h5g6 f8d6 f3d4 c6d5 d4f5 d6f8 f5h6 h8h6 f4h6 a6b4 a1d1 d5a2 c2c3 a2f7 g6g3
Warning; Bestmove does not match beginning of last PV - move b7c8 from SF_2200
Info; info depth 8 seldepth 9 multipv 1 score cp -11 nodes 27825 nps 662500 hashfull 8 tbhits 0 time 42 pv a7a6 d1c1 d8d3 f1d1 d3d1 c1d1 g7f8
Position; fen rnbqkbnr/pp1p2pp/B3pp2/2p1P3/8/5N2/PPPP1PPP/RNBQK2R b KQkq - 0 1
Moves; b8a6 e1g1 d7d6 e5d6 b7b6 b1c3 h7h5 d1e2 d8d6 e2e4 d6b8 d2d3 e8f7 c1f4 c8b7 e4a4 b8e8 a4b3 g8e7 c3e4 c5c4 e4d6 f7g8 b3c4 e8c6 c4e6 g8h7 e6h3 e7g6 h3h5 h7g8 h5g6 f8d6 f3d4 c6d5 d4f5 d6f8 f5h6 h8h6 f4h6 a6b4 a1d1 d5a2 c2c3 a2f7 g6g3 f7h5 h6g7 f8g7 c3b4 h5g5 h2h4 g5g3 f2g3 a8d8 g1h2
Warning; Bestmove does not match beginning of last PV - move b6b5 from SF_2200
Info; info depth 8 seldepth 7 multipv 1 score cp 43 nodes 10393 nps 1039300 hashfull 0 tbhits 0 time 10 pv c8g4 d1c1 d8d7 c1c8 g8h7
Position; fen rnbqkbnr/pp1p2pp/B3pp2/2p1P3/8/5N2/PPPP1PPP/RNBQK2R b KQkq - 0 1
Moves; b8a6 e1g1 d7d6 e5d6 b7b6 b1c3 h7h5 d1e2 d8d6 e2e4 d6b8 d2d3 e8f7 c1f4 c8b7 e4a4 b8e8 a4b3 g8e7 c3e4 c5c4 e4d6 f7g8 b3c4 e8c6 c4e6 g8h7 e6h3 e7g6 h3h5 h7g8 h5g6 f8d6 f3d4 c6d5 d4f5 d6f8 f5h6 h8h6 f4h6 a6b4 a1d1 d5a2 c2c3 a2f7 g6g3 f7h5 h6g7 f8g7 c3b4 h5g5 h2h4 g5g3 f2g3 a8d8 g1h2 b7c8 f1f2
Warning; Bestmove does not match beginning of last PV - move a7a6 from SF_2200
Info; info depth 8 seldepth 8 multipv 1 score cp 32 nodes 13912 nps 927466 hashfull 2 tbhits 0 time 15 pv c8g4 d1a1 f6f5 d4d5 d8d5 a1a7 g7e5
Position; fen rnbqkbnr/pp1p2pp/B3pp2/2p1P3/8/5N2/PPPP1PPP/RNBQK2R b KQkq - 0 1
Moves; b8a6 e1g1 d7d6 e5d6 b7b6 b1c3 h7h5 d1e2 d8d6 e2e4 d6b8 d2d3 e8f7 c1f4 c8b7 e4a4 b8e8 a4b3 g8e7 c3e4 c5c4 e4d6 f7g8 b3c4 e8c6 c4e6 g8h7 e6h3 e7g6 h3h5 h7g8 h5g6 f8d6 f3d4 c6d5 d4f5 d6f8 f5h6 h8h6 f4h6 a6b4 a1d1 d5a2 c2c3 a2f7 g6g3 f7h5 h6g7 f8g7 c3b4 h5g5 h2h4 g5g3 f2g3 a8d8 g1h2 b7c8 f1f2 b6b5 d3d4
Warning; Bestmove does not match beginning of last PV - move g8h7 from SF_2200
Info; info depth 9 seldepth 13 multipv 1 score cp -19 nodes 22412 nps 747066 hashfull 6 tbhits 0 time 30 pv d8d6 f2c2 c8d7 c2c5
Position; fen rnbqkbnr/pp1p2pp/B3pp2/2p1P3/8/5N2/PPPP1PPP/RNBQK2R b KQkq - 0 1
Moves; b8a6 e1g1 d7d6 e5d6 b7b6 b1c3 h7h5 d1e2 d8d6 e2e4 d6b8 d2d3 e8f7 c1f4 c8b7 e4a4 b8e8 a4b3 g8e7 c3e4 c5c4 e4d6 f7g8 b3c4 e8c6 c4e6 g8h7 e6h3 e7g6 h3h5 h7g8 h5g6 f8d6 f3d4 c6d5 d4f5 d6f8 f5h6 h8h6 f4h6 a6b4 a1d1 d5a2 c2c3 a2f7 g6g3 f7h5 h6g7 f8g7 c3b4 h5g5 h2h4 g5g3 f2g3 a8d8 g1h2 b7c8 f1f2 b6b5 d3d4 a7a6 d4d5
Warning; Bestmove does not match beginning of last PV - move c8g4 from SF_2200
Info; info depth 10 seldepth 15 multipv 1 score cp -90 nodes 26723 nps 742305 hashfull 44 tbhits 0 time 36 pv h7g6
Position; fen rnbqkbnr/pp1p2pp/B3pp2/2p1P3/8/5N2/PPPP1PPP/RNBQK2R b KQkq - 0 1
Moves; b8a6 e1g1 d7d6 e5d6 b7b6 b1c3 h7h5 d1e2 d8d6 e2e4 d6b8 d2d3 e8f7 c1f4 c8b7 e4a4 b8e8 a4b3 g8e7 c3e4 c5c4 e4d6 f7g8 b3c4 e8c6 c4e6 g8h7 e6h3 e7g6 h3h5 h7g8 h5g6 f8d6 f3d4 c6d5 d4f5 d6f8 f5h6 h8h6 f4h6 a6b4 a1d1 d5a2 c2c3 a2f7 g6g3 f7h5 h6g7 f8g7 c3b4 h5g5 h2h4 g5g3 f2g3 a8d8 g1h2 b7c8 f1f2 b6b5 d3d4 a7a6 d4d5 g8h7 f2c2
Warning; Bestmove does not match beginning of last PV - move g7h6 from SF_2200
Info; info depth 9 seldepth 13 multipv 1 score cp -70 nodes 26076 nps 745028 hashfull 100 tbhits 0 time 35 pv d8d6 c2c6 g7f8 c6c7 h7g6 d2d4 f6f5 c7c6 g6f6 d4d3 f6e5
Position; fen rnbqkbnr/pp1p2pp/B3pp2/2p1P3/8/5N2/PPPP1PPP/RNBQK2R b KQkq - 0 1
Moves; b8a6 e1g1 d7d6 e5d6 b7b6 b1c3 h7h5 d1e2 d8d6 e2e4 d6b8 d2d3 e8f7 c1f4 c8b7 e4a4 b8e8 a4b3 g8e7 c3e4 c5c4 e4d6 f7g8 b3c4 e8c6 c4e6 g8h7 e6h3 e7g6 h3h5 h7g8 h5g6 f8d6 f3d4 c6d5 d4f5 d6f8 f5h6 h8h6 f4h6 a6b4 a1d1 d5a2 c2c3 a2f7 g6g3 f7h5 h6g7 f8g7 c3b4 h5g5 h2h4 g5g3 f2g3 a8d8 g1h2 b7c8 f1f2 b6b5 d3d4 a7a6 d4d5 g8h7 f2c2 c8g4 d1d2
Warning; Bestmove does not match beginning of last PV - move g4c8 from SF_2200
Info; info depth 10 seldepth 11 multipv 1 score cp -62 nodes 19738 nps 789520 hashfull 12 tbhits 0 time 25 pv g4d7 c2c7 h7g6 g3g4 f6f5
Position; fen rnbqkbnr/pp1p2pp/B3pp2/2p1P3/8/5N2/PPPP1PPP/RNBQK2R b KQkq - 0 1
Moves; b8a6 e1g1 d7d6 e5d6 b7b6 b1c3 h7h5 d1e2 d8d6 e2e4 d6b8 d2d3 e8f7 c1f4 c8b7 e4a4 b8e8 a4b3 g8e7 c3e4 c5c4 e4d6 f7g8 b3c4 e8c6 c4e6 g8h7 e6h3 e7g6 h3h5 h7g8 h5g6 f8d6 f3d4 c6d5 d4f5 d6f8 f5h6 h8h6 f4h6 a6b4 a1d1 d5a2 c2c3 a2f7 g6g3 f7h5 h6g7 f8g7 c3b4 h5g5 h2h4 g5g3 f2g3 a8d8 g1h2 b7c8 f1f2 b6b5 d3d4 a7a6 d4d5 g8h7 f2c2 c8g4 d1d2 g7h6 d2d4
Warning; Bestmove does not match beginning of last PV - move h7g6 from SF_2200
Info; info depth 11 seldepth 12 multipv 1 score cp -91 nodes 22250 nps 741666 hashfull 32 tbhits 0 time 30 pv c8d7 c2c7 h7g6 g3g4 f6f5 h4h5 g6g5 g4f5 g5f5
Position; fen rnbqkbnr/pp1p2pp/B3pp2/2p1P3/8/5N2/PPPP1PPP/RNBQK2R b KQkq - 0 1
Moves; b8a6 e1g1 d7d6 e5d6 b7b6 b1c3 h7h5 d1e2 d8d6 e2e4 d6b8 d2d3 e8f7 c1f4 c8b7 e4a4 b8e8 a4b3 g8e7 c3e4 c5c4 e4d6 f7g8 b3c4 e8c6 c4e6 g8h7 e6h3 e7g6 h3h5 h7g8 h5g6 f8d6 f3d4 c6d5 d4f5 d6f8 f5h6 h8h6 f4h6 a6b4 a1d1 d5a2 c2c3 a2f7 g6g3 f7h5 h6g7 f8g7 c3b4 h5g5 h2h4 g5g3 f2g3 a8d8 g1h2 b7c8 f1f2 b6b5 d3d4 a7a6 d4d5 g8h7 f2c2 c8g4 d1d2 g7h6 d2d4 g4c8 d5d6
Warning; Bestmove does not match beginning of last PV - move g6f7 from SF_2200
Info; info depth 9 seldepth 14 multipv 1 score cp -62 nodes 17331 nps 666576 hashfull 24 tbhits 0 time 26 pv g6h6 g2g3 c8d7 d4f4 f6f5 g4f5 g7e5 f4f2 h6h5 f5f6 e5d6
Position; fen rnbqkbnr/pp1p2pp/B3pp2/2p1P3/8/5N2/PPPP1PPP/RNBQK2R b KQkq - 0 1
Moves; b8a6 e1g1 d7d6 e5d6 b7b6 b1c3 h7h5 d1e2 d8d6 e2e4 d6b8 d2d3 e8f7 c1f4 c8b7 e4a4 b8e8 a4b3 g8e7 c3e4 c5c4 e4d6 f7g8 b3c4 e8c6 c4e6 g8h7 e6h3 e7g6 h3h5 h7g8 h5g6 f8d6 f3d4 c6d5 d4f5 d6f8 f5h6 h8h6 f4h6 a6b4 a1d1 d5a2 c2c3 a2f7 g6g3 f7h5 h6g7 f8g7 c3b4 h5g5 h2h4 g5g3 f2g3 a8d8 g1h2 b7c8 f1f2 b6b5 d3d4 a7a6 d4d5 g8h7 f2c2 c8g4 d1d2 g7h6 d2d4 g4c8 d5d6 h7g6 g3g4 h6g7 h4h5
Warning; Bestmove does not match beginning of last PV - move f7e6 from SF_2200
Info; info depth 10 seldepth 11 multipv 1 score cp -141 nodes 14926 nps 648956 hashfull 38 tbhits 0 time 23 pv g7h6 g2g3 f7e6 h2h3 d8g8 c7a7 g8g7 a7a6 g7g8 a6a7
Position; fen rnbqkbnr/pp1p2pp/B3pp2/2p1P3/8/5N2/PPPP1PPP/RNBQK2R b KQkq - 0 1
Moves; b8a6 e1g1 d7d6 e5d6 b7b6 b1c3 h7h5 d1e2 d8d6 e2e4 d6b8 d2d3 e8f7 c1f4 c8b7 e4a4 b8e8 a4b3 g8e7 c3e4 c5c4 e4d6 f7g8 b3c4 e8c6 c4e6 g8h7 e6h3 e7g6 h3h5 h7g8 h5g6 f8d6 f3d4 c6d5 d4f5 d6f8 f5h6 h8h6 f4h6 a6b4 a1d1 d5a2 c2c3 a2f7 g6g3 f7h5 h6g7 f8g7 c3b4 h5g5 h2h4 g5g3 f2g3 a8d8 g1h2 b7c8 f1f2 b6b5 d3d4 a7a6 d4d5 g8h7 f2c2 c8g4 d1d2 g7h6 d2d4 g4c8 d5d6 h7g6 g3g4 h6g7 h4h5 g6f7 c2c7 c8d7 d4d1
Warning; Bestmove does not match beginning of last PV - move g7f8 from SF_2200
Info; info depth 13 seldepth 18 multipv 1 score cp -131 nodes 167057 nps 588228 hashfull 108 tbhits 0 time 284 pv g7h6 h2g3 f6f5 d1e1 e6f6 g4f5 f6f5 a7a6 d8g8 g3f2
Position; fen rnbqkbnr/pp1p2pp/B3pp2/2p1P3/8/5N2/PPPP1PPP/RNBQK2R b KQkq - 0 1
Moves; b8a6 e1g1 d7d6 e5d6 b7b6 b1c3 h7h5 d1e2 d8d6 e2e4 d6b8 d2d3 e8f7 c1f4 c8b7 e4a4 b8e8 a4b3 g8e7 c3e4 c5c4 e4d6 f7g8 b3c4 e8c6 c4e6 g8h7 e6h3 e7g6 h3h5 h7g8 h5g6 f8d6 f3d4 c6d5 d4f5 d6f8 f5h6 h8h6 f4h6 a6b4 a1d1 d5a2 c2c3 a2f7 g6g3 f7h5 h6g7 f8g7 c3b4 h5g5 h2h4 g5g3 f2g3 a8d8 g1h2 b7c8 f1f2 b6b5 d3d4 a7a6 d4d5 g8h7 f2c2 c8g4 d1d2 g7h6 d2d4 g4c8 d5d6 h7g6 g3g4 h6g7 h4h5 g6f7 c2c7 c8d7 d4d1 f7e6 c7a7
Warning; Bestmove does not match beginning of last PV - move f8g7 from SF_2200
Info; info depth 13 seldepth 31 multipv 1 score cp -128 nodes 143975 nps 682345 hashfull 42 tbhits 0 time 211 pv f8h6 h2g3 d8g8 a6a7 g8g7 g3f2
Position; fen rnbqkbnr/pp1p2pp/B3pp2/2p1P3/8/5N2/PPPP1PPP/RNBQK2R b KQkq - 0 1
Moves; b8a6 e1g1 d7d6 e5d6 b7b6 b1c3 h7h5 d1e2 d8d6 e2e4 d6b8 d2d3 e8f7 c1f4 c8b7 e4a4 b8e8 a4b3 g8e7 c3e4 c5c4 e4d6 f7g8 b3c4 e8c6 c4e6 g8h7 e6h3 e7g6 h3h5 h7g8 h5g6 f8d6 f3d4 c6d5 d4f5 d6f8 f5h6 h8h6 f4h6 a6b4 a1d1 d5a2 c2c3 a2f7 g6g3 f7h5 h6g7 f8g7 c3b4 h5g5 h2h4 g5g3 f2g3 a8d8 g1h2 b7c8 f1f2 b6b5 d3d4 a7a6 d4d5 g8h7 f2c2 c8g4 d1d2 g7h6 d2d4 g4c8 d5d6 h7g6 g3g4 h6g7 h4h5 g6f7 c2c7 c8d7 d4d1 f7e6 c7a7 g7f8 a7a6
Warning; Bestmove does not match beginning of last PV - move g7f8 from SF_2200
Info; info depth 14 seldepth 32 multipv 1 score cp -126 nodes 347025 nps 623025 hashfull 153 tbhits 0 time 557 pv g7h6 f1a1 d8g8 a1e1 e6d5 e1e7 d7g4 d6d7 h6f4 g2g3
Position; fen rnbqkbnr/pp1p2pp/B3pp2/2p1P3/8/5N2/PPPP1PPP/RNBQK2R b KQkq - 0 1
Moves; b8a6 e1g1 d7d6 e5d6 b7b6 b1c3 h7h5 d1e2 d8d6 e2e4 d6b8 d2d3 e8f7 c1f4 c8b7 e4a4 b8e8 a4b3 g8e7 c3e4 c5c4 e4d6 f7g8 b3c4 e8c6 c4e6 g8h7 e6h3 e7g6 h3h5 h7g8 h5g6 f8d6 f3d4 c6d5 d4f5 d6f8 f5h6 h8h6 f4h6 a6b4 a1d1 d5a2 c2c3 a2f7 g6g3 f7h5 h6g7 f8g7 c3b4 h5g5 h2h4 g5g3 f2g3 a8d8 g1h2 b7c8 f1f2 b6b5 d3d4 a7a6 d4d5 g8h7 f2c2 c8g4 d1d2 g7h6 d2d4 g4c8 d5d6 h7g6 g3g4 h6g7 h4h5 g6f7 c2c7 c8d7 d4d1 f7e6 c7a7 g7f8 a7a6 f8g7 d1f1
Warning; Bestmove does not match beginning of last PV - move e6e5 from SF_2200
Info; info depth 15 seldepth 22 multipv 1 score cp -132 nodes 253514 nps 687029 hashfull 98 tbhits 0 time 369 pv f8h6 a6a7 h6d2 a7a3 d2g5 f1d1 e6e5 a3a7 e5e4 h2g2 e4e3 a7c7 e3e4 g2h3 e4f3 c7c3 f3e4 c3c2 e4f3 d1d4
Position; fen rnbqkbnr/pp1p2pp/B3pp2/2p1P3/8/5N2/PPPP1PPP/RNBQK2R b KQkq - 0 1
Moves; b8a6 e1g1 d7d6 e5d6 b7b6 b1c3 h7h5 d1e2 d8d6 e2e4 d6b8 d2d3 e8f7 c1f4 c8b7 e4a4 b8e8 a4b3 g8e7 c3e4 c5c4 e4d6 f7g8 b3c4 e8c6 c4e6 g8h7 e6h3 e7g6 h3h5 h7g8 h5g6 f8d6 f3d4 c6d5 d4f5 d6f8 f5h6 h8h6 f4h6 a6b4 a1d1 d5a2 c2c3 a2f7 g6g3 f7h5 h6g7 f8g7 c3b4 h5g5 h2h4 g5g3 f2g3 a8d8 g1h2 b7c8 f1f2 b6b5 d3d4 a7a6 d4d5 g8h7 f2c2 c8g4 d1d2 g7h6 d2d4 g4c8 d5d6 h7g6 g3g4 h6g7 h4h5 g6f7 c2c7 c8d7 d4d1 f7e6 c7a7 g7f8 a7a6 f8g7 d1f1 g7f8 g2g3
Warning; Bestmove does not match beginning of last PV - move d8b8 from SF_2200
Info; info depth 13 seldepth 19 multipv 1 score cp -161 nodes 175253 nps 689972 hashfull 62 tbhits 0 time 254 pv f8h6 a6a1 d8g8 a1e1 e5d5 f1f6 d7g4 h3g2 h6g5 f6g6 g8g6 h5g6 g5f6 e1f1 f6b2 f1f7 d5d6 g6g7
Position; fen rnbqkbnr/pp1p2pp/B3pp2/2p1P3/8/5N2/PPPP1PPP/RNBQK2R b KQkq - 0 1
Moves; b8a6 e1g1 d7d6 e5d6 b7b6 b1c3 h7h5 d1e2 d8d6 e2e4 d6b8 d2d3 e8f7 c1f4 c8b7 e4a4 b8e8 a4b3 g8e7 c3e4 c5c4 e4d6 f7g8 b3c4 e8c6 c4e6 g8h7 e6h3 e7g6 h3h5 h7g8 h5g6 f8d6 f3d4 c6d5 d4f5 d6f8 f5h6 h8h6 f4h6 a6b4 a1d1 d5a2 c2c3 a2f7 g6g3 f7h5 h6g7 f8g7 c3b4 h5g5 h2h4 g5g3 f2g3 a8d8 g1h2 b7c8 f1f2 b6b5 d3d4 a7a6 d4d5 g8h7 f2c2 c8g4 d1d2 g7h6 d2d4 g4c8 d5d6 h7g6 g3g4 h6g7 h4h5 g6f7 c2c7 c8d7 d4d1 f7e6 c7a7 g7f8 a7a6 f8g7 d1f1 g7f8 g2g3 e6e5 h2h3
Warning; Bestmove does not match beginning of last PV - move b8c8 from SF_2200
Info; info depth 14 seldepth 16 multipv 1 score cp -159 nodes 155367 nps 514460 hashfull 55 tbhits 0 time 302 pv f8h6 a3f3 e6f7 d1e1 h6f8 h5h6 f7g6
Position; fen rnbqkbnr/pp1p2pp/B3pp2/2p1P3/8/5N2/PPPP1PPP/RNBQK2R b KQkq - 0 1
Moves; b8a6 e1g1 d7d6 e5d6 b7b6 b1c3 h7h5 d1e2 d8d6 e2e4 d6b8 d2d3 e8f7 c1f4 c8b7 e4a4 b8e8 a4b3 g8e7 c3e4 c5c4 e4d6 f7g8 b3c4 e8c6 c4e6 g8h7 e6h3 e7g6 h3h5 h7g8 h5g6 f8d6 f3d4 c6d5 d4f5 d6f8 f5h6 h8h6 f4h6 a6b4 a1d1 d5a2 c2c3 a2f7 g6g3 f7h5 h6g7 f8g7 c3b4 h5g5 h2h4 g5g3 f2g3 a8d8 g1h2 b7c8 f1f2 b6b5 d3d4 a7a6 d4d5 g8h7 f2c2 c8g4 d1d2 g7h6 d2d4 g4c8 d5d6 h7g6 g3g4 h6g7 h4h5 g6f7 c2c7 c8d7 d4d1 f7e6 c7a7 g7f8 a7a6 f8g7 d1f1 g7f8 g2g3 e6e5 h2h3 d8b8 f1e1 e5d5 e1d1 d5e6 a6a3
Warning; Bestmove does not match beginning of last PV - move c8c6 from SF_2200
Info; info depth 14 seldepth 18 multipv 1 score cp -144 nodes 210708 nps 666797 hashfull 73 tbhits 0 time 316 pv c8d8 e3c3 f7e6 c3d3 e6f7 d1a1 f7e6 d3d1 f8h6 d1e1 e6d5 a1d1 d5c6
Position; fen rnbqkbnr/pp1p2pp/B3pp2/2p1P3/8/5N2/PPPP1PPP/RNBQK2R b KQkq - 0 1
Moves; b8a6 e1g1 d7d6 e5d6 b7b6 b1c3 h7h5 d1e2 d8d6 e2e4 d6b8 d2d3 e8f7 c1f4 c8b7 e4a4 b8e8 a4b3 g8e7 c3e4 c5c4 e4d6 f7g8 b3c4 e8c6 c4e6 g8h7 e6h3 e7g6 h3h5 h7g8 h5g6 f8d6 f3d4 c6d5 d4f5 d6f8 f5h6 h8h6 f4h6 a6b4 a1d1 d5a2 c2c3 a2f7 g6g3 f7h5 h6g7 f8g7 c3b4 h5g5 h2h4 g5g3 f2g3 a8d8 g1h2 b7c8 f1f2 b6b5 d3d4 a7a6 d4d5 g8h7 f2c2 c8g4 d1d2 g7h6 d2d4 g4c8 d5d6 h7g6 g3g4 h6g7 h4h5 g6f7 c2c7 c8d7 d4d1 f7e6 c7a7 g7f8 a7a6 f8g7 d1f1 g7f8 g2g3 e6e5 h2h3 d8b8 f1e1 e5d5 e1d1 d5e6 a6a3 b8c8 a3e3 e6f7 b2b3
Warning; Bestmove does not match beginning of last PV - move c8b8 from SF_2200
Info; info depth 14 seldepth 24 multipv 1 score cp -160 nodes 147397 nps 729688 hashfull 40 tbhits 0 time 202 pv f8h6 a1a7 f7e6 d3d1 c8c2 d1e1 e6d6 e1d1 c2d2 d1d2 h6d2 a7a8 d6e7 a8h8 f6f5 g4f5 d7f5 g3g4 f5e4 h5h6 e7f6 h6h7
Position; fen rnbqkbnr/pp1p2pp/B3pp2/2p1P3/8/5N2/PPPP1PPP/RNBQK2R b KQkq - 0 1
Moves; b8a6 e1g1 d7d6 e5d6 b7b6 b1c3 h7h5 d1e2 d8d6 e2e4 d6b8 d2d3 e8f7 c1f4 c8b7 e4a4 b8e8 a4b3 g8e7 c3e4 c5c4 e4d6 f7g8 b3c4 e8c6 c4e6 g8h7 e6h3 e7g6 h3h5 h7g8 h5g6 f8d6 f3d4 c6d5 d4f5 d6f8 f5h6 h8h6 f4h6 a6b4 a1d1 d5a2 c2c3 a2f7 g6g3 f7h5 h6g7 f8g7 c3b4 h5g5 h2h4 g5g3 f2g3 a8d8 g1h2 b7c8 f1f2 b6b5 d3d4 a7a6 d4d5 g8h7 f2c2 c8g4 d1d2 g7h6 d2d4 g4c8 d5d6 h7g6 g3g4 h6g7 h4h5 g6f7 c2c7 c8d7 d4d1 f7e6 c7a7 g7f8 a7a6 f8g7 d1f1 g7f8 g2g3 e6e5 h2h3 d8b8 f1e1 e5d5 e1d1 d5e6 a6a3 b8c8 a3e3 e6f7 b2b3 c8c6 e3d3 c6c8 d1a1
Warning; Bestmove does not match beginning of last PV - move f8g7 from SF_2200
Info; info depth 12 seldepth 19 multipv 1 score cp -138 nodes 43014 nps 768107 hashfull 16 tbhits 0 time 56 pv b8e8 h4h3 e8e5 a1a7 f7e6 h3g2 e5e4 g2f2
Position; fen rnbqkbnr/pp1p2pp/B3pp2/2p1P3/8/5N2/PPPP1PPP/RNBQK2R b KQkq - 0 1
Moves; b8a6 e1g1 d7d6 e5d6 b7b6 b1c3 h7h5 d1e2 d8d6 e2e4 d6b8 d2d3 e8f7 c1f4 c8b7 e4a4 b8e8 a4b3 g8e7 c3e4 c5c4 e4d6 f7g8 b3c4 e8c6 c4e6 g8h7 e6h3 e7g6 h3h5 h7g8 h5g6 f8d6 f3d4 c6d5 d4f5 d6f8 f5h6 h8h6 f4h6 a6b4 a1d1 d5a2 c2c3 a2f7 g6g3 f7h5 h6g7 f8g7 c3b4 h5g5 h2h4 g5g3 f2g3 a8d8 g1h2 b7c8 f1f2 b6b5 d3d4 a7a6 d4d5 g8h7 f2c2 c8g4 d1d2 g7h6 d2d4 g4c8 d5d6 h7g6 g3g4 h6g7 h4h5 g6f7 c2c7 c8d7 d4d1 f7e6 c7a7 g7f8 a7a6 f8g7 d1f1 g7f8 g2g3 e6e5 h2h3 d8b8 f1e1 e5d5 e1d1 d5e6 a6a3 b8c8 a3e3 e6f7 b2b3 c8c6 e3d3 c6c8 d1a1 c8b8 h3h4
Warning; Bestmove does not match beginning of last PV - move b8e8 from SF_2200
Info; info depth 12 seldepth 20 multipv 1 score cp -271 nodes 44045 nps 688203 hashfull 12 tbhits 0 time 64 pv b8d8 e1e7 f7f8 g4g5 f6g5 h4g5 g7b2 g3g4 f8g8 g5f4 g8h8 g4g5
Position; fen rnbqkbnr/pp1p2pp/B3pp2/2p1P3/8/5N2/PPPP1PPP/RNBQK2R b KQkq - 0 1
Moves; b8a6 e1g1 d7d6 e5d6 b7b6 b1c3 h7h5 d1e2 d8d6 e2e4 d6b8 d2d3 e8f7 c1f4 c8b7 e4a4 b8e8 a4b3 g8e7 c3e4 c5c4 e4d6 f7g8 b3c4 e8c6 c4e6 g8h7 e6h3 e7g6 h3h5 h7g8 h5g6 f8d6 f3d4 c6d5 d4f5 d6f8 f5h6 h8h6 f4h6 a6b4 a1d1 d5a2 c2c3 a2f7 g6g3 f7h5 h6g7 f8g7 c3b4 h5g5 h2h4 g5g3 f2g3 a8d8 g1h2 b7c8 f1f2 b6b5 d3d4 a7a6 d4d5 g8h7 f2c2 c8g4 d1d2 g7h6 d2d4 g4c8 d5d6 h7g6 g3g4 h6g7 h4h5 g6f7 c2c7 c8d7 d4d1 f7e6 c7a7 g7f8 a7a6 f8g7 d1f1 g7f8 g2g3 e6e5 h2h3 d8b8 f1e1 e5d5 e1d1 d5e6 a6a3 b8c8 a3e3 e6f7 b2b3 c8c6 e3d3 c6c8 d1a1 c8b8 h3h4 f8g7 a1e1
Warning; Bestmove does not match beginning of last PV - move g7f8 from SF_2200
Info; info depth 11 seldepth 17 multipv 1 score cp -372 nodes 27889 nps 871531 hashfull 10 tbhits 0 time 32 pv f6g5 h4g5 g7f6 g5f4 f7g7 e3e1 g7h6 g3g4 f6g5 f4e5 g5d8 e5d5 d7g4 d5c6 h6h5
Position; fen rnbqkbnr/pp1p2pp/B3pp2/2p1P3/8/5N2/PPPP1PPP/RNBQK2R b KQkq - 0 1
Moves; b8a6 e1g1 d7d6 e5d6 b7b6 b1c3 h7h5 d1e2 d8d6 e2e4 d6b8 d2d3 e8f7 c1f4 c8b7 e4a4 b8e8 a4b3 g8e7 c3e4 c5c4 e4d6 f7g8 b3c4 e8c6 c4e6 g8h7 e6h3 e7g6 h3h5 h7g8 h5g6 f8d6 f3d4 c6d5 d4f5 d6f8 f5h6 h8h6 f4h6 a6b4 a1d1 d5a2 c2c3 a2f7 g6g3 f7h5 h6g7 f8g7 c3b4 h5g5 h2h4 g5g3 f2g3 a8d8 g1h2 b7c8 f1f2 b6b5 d3d4 a7a6 d4d5 g8h7 f2c2 c8g4 d1d2 g7h6 d2d4 g4c8 d5d6 h7g6 g3g4 h6g7 h4h5 g6f7 c2c7 c8d7 d4d1 f7e6 c7a7 g7f8 a7a6 f8g7 d1f1 g7f8 g2g3 e6e5 h2h3 d8b8 f1e1 e5d5 e1d1 d5e6 a6a3 b8c8 a3e3 e6f7 b2b3 c8c6 e3d3 c6c8 d1a1 c8b8 h3h4 f8g7 a1e1 b8e8 e1e8 f7e8 g4g5 e8f7 d3e3
Warning; Bestmove does not match beginning of last PV - move f7g8 from SF_2200
Info; info depth 12 seldepth 20 multipv 1 score cp -436 nodes 30386 nps 427971 hashfull 10 tbhits 0 time 71 pv f7g7 g3g4 g7g8 e3d3 f8h6 d3c3 h6g5 h4g3 g8h8
Position; fen rnbqkbnr/pp1p2pp/B3pp2/2p1P3/8/5N2/PPPP1PPP/RNBQK2R b KQkq - 0 1
Moves; b8a6 e1g1 d7d6 e5d6 b7b6 b1c3 h7h5 d1e2 d8d6 e2e4 d6b8 d2d3 e8f7 c1f4 c8b7 e4a4 b8e8 a4b3 g8e7 c3e4 c5c4 e4d6 f7g8 b3c4 e8c6 c4e6 g8h7 e6h3 e7g6 h3h5 h7g8 h5g6 f8d6 f3d4 c6d5 d4f5 d6f8 f5h6 h8h6 f4h6 a6b4 a1d1 d5a2 c2c3 a2f7 g6g3 f7h5 h6g7 f8g7 c3b4 h5g5 h2h4 g5g3 f2g3 a8d8 g1h2 b7c8 f1f2 b6b5 d3d4 a7a6 d4d5 g8h7 f2c2 c8g4 d1d2 g7h6 d2d4 g4c8 d5d6 h7g6 g3g4 h6g7 h4h5 g6f7 c2c7 c8d7 d4d1 f7e6 c7a7 g7f8 a7a6 f8g7 d1f1 g7f8 g2g3 e6e5 h2h3 d8b8 f1e1 e5d5 e1d1 d5e6 a6a3 b8c8 a3e3 e6f7 b2b3 c8c6 e3d3 c6c8 d1a1 c8b8 h3h4 f8g7 a1e1 b8e8 e1e8 f7e8 g4g5 e8f7 d3e3 g7f8 g5g6
Warning; Bestmove does not match beginning of last PV - move h6g5 from SF_2200
Info; info depth 12 seldepth 21 multipv 1 score cp -526 nodes 47362 nps 763903 hashfull 16 tbhits 0 time 62 pv d7f5 d6d7 f5d7 e7d7 h6f8 d7b7 f8b4 b7b5 b4e1 b3b4 g8g7 h4h5 e1g3 b5d5 g3e1 d5d7 g7g8
Position; fen rnbqkbnr/pp1p2pp/B3pp2/2p1P3/8/5N2/PPPP1PPP/RNBQK2R b KQkq - 0 1
Moves; b8a6 e1g1 d7d6 e5d6 b7b6 b1c3 h7h5 d1e2 d8d6 e2e4 d6b8 d2d3 e8f7 c1f4 c8b7 e4a4 b8e8 a4b3 g8e7 c3e4 c5c4 e4d6 f7g8 b3c4 e8c6 c4e6 g8h7 e6h3 e7g6 h3h5 h7g8 h5g6 f8d6 f3d4 c6d5 d4f5 d6f8 f5h6 h8h6 f4h6 a6b4 a1d1 d5a2 c2c3 a2f7 g6g3 f7h5 h6g7 f8g7 c3b4 h5g5 h2h4 g5g3 f2g3 a8d8 g1h2 b7c8 f1f2 b6b5 d3d4 a7a6 d4d5 g8h7 f2c2 c8g4 d1d2 g7h6 d2d4 g4c8 d5d6 h7g6 g3g4 h6g7 h4h5 g6f7 c2c7 c8d7 d4d1 f7e6 c7a7 g7f8 a7a6 f8g7 d1f1 g7f8 g2g3 e6e5 h2h3 d8b8 f1e1 e5d5 e1d1 d5e6 a6a3 b8c8 a3e3 e6f7 b2b3 c8c6 e3d3 c6c8 d1a1 c8b8 h3h4 f8g7 a1e1 b8e8 e1e8 f7e8 g4g5 e8f7 d3e3 g7f8 g5g6 f7g8 h5h6 f8h6 e3e7
Warning; Bestmove does not match beginning of last PV - move d7c6 from SF_2200
Info; info depth 10 seldepth 30 multipv 1 score cp -589 nodes 55626 nps 1069730 hashfull 17 tbhits 0 time 52 pv d7h3 d6d7 h3d7 e7d7 g5e3 d7d3 e3c1 d3d8 g8g7 d8b8 c1b2 b8b5 b2e5 b5b7 g7h8 h5g4 f6f5 g4f5 e5g3 f5f6 h8g8 b7b5 g3d6 f6f5 d6g3 b5b6
Position; fen rnbqkbnr/pp1p2pp/B3pp2/2p1P3/8/5N2/PPPP1PPP/RNBQK2R b KQkq - 0 1
Moves; b8a6 e1g1 d7d6 e5d6 b7b6 b1c3 h7h5 d1e2 d8d6 e2e4 d6b8 d2d3 e8f7 c1f4 c8b7 e4a4 b8e8 a4b3 g8e7 c3e4 c5c4 e4d6 f7g8 b3c4 e8c6 c4e6 g8h7 e6h3 e7g6 h3h5 h7g8 h5g6 f8d6 f3d4 c6d5 d4f5 d6f8 f5h6 h8h6 f4h6 a6b4 a1d1 d5a2 c2c3 a2f7 g6g3 f7h5 h6g7 f8g7 c3b4 h5g5 h2h4 g5g3 f2g3 a8d8 g1h2 b7c8 f1f2 b6b5 d3d4 a7a6 d4d5 g8h7 f2c2 c8g4 d1d2 g7h6 d2d4 g4c8 d5d6 h7g6 g3g4 h6g7 h4h5 g6f7 c2c7 c8d7 d4d1 f7e6 c7a7 g7f8 a7a6 f8g7 d1f1 g7f8 g2g3 e6e5 h2h3 d8b8 f1e1 e5d5 e1d1 d5e6 a6a3 b8c8 a3e3 e6f7 b2b3 c8c6 e3d3 c6c8 d1a1 c8b8 h3h4 f8g7 a1e1 b8e8 e1e8 f7e8 g4g5 e8f7 d3e3 g7f8 g5g6 f7g8 h5h6 f8h6 e3e7 h6g5 h4h5
Warning; Bestmove does not match beginning of last PV - move g5c1 from SF_2200
Info; info depth 13 seldepth 18 multipv 1 score cp -601 nodes 64616 nps 1404695 hashfull 14 tbhits 0 time 46 pv g5e3 d7d3 e3c1 d3d8 g8g7 d8d5 c1b2 d5b5
Position; fen rnbqkbnr/pp1p2pp/B3pp2/2p1P3/8/5N2/PPPP1PPP/RNBQK2R b KQkq - 0 1
Moves; b8a6 e1g1 d7d6 e5d6 b7b6 b1c3 h7h5 d1e2 d8d6 e2e4 d6b8 d2d3 e8f7 c1f4 c8b7 e4a4 b8e8 a4b3 g8e7 c3e4 c5c4 e4d6 f7g8 b3c4 e8c6 c4e6 g8h7 e6h3 e7g6 h3h5 h7g8 h5g6 f8d6 f3d4 c6d5 d4f5 d6f8 f5h6 h8h6 f4h6 a6b4 a1d1 d5a2 c2c3 a2f7 g6g3 f7h5 h6g7 f8g7 c3b4 h5g5 h2h4 g5g3 f2g3 a8d8 g1h2 b7c8 f1f2 b6b5 d3d4 a7a6 d4d5 g8h7 f2c2 c8g4 d1d2 g7h6 d2d4 g4c8 d5d6 h7g6 g3g4 h6g7 h4h5 g6f7 c2c7 c8d7 d4d1 f7e6 c7a7 g7f8 a7a6 f8g7 d1f1 g7f8 g2g3 e6e5 h2h3 d8b8 f1e1 e5d5 e1d1 d5e6 a6a3 b8c8 a3e3 e6f7 b2b3 c8c6 e3d3 c6c8 d1a1 c8b8 h3h4 f8g7 a1e1 b8e8 e1e8 f7e8 g4g5 e8f7 d3e3 g7f8 g5g6 f7g8 h5h6 f8h6 e3e7 h6g5 h4h5 d7c6 d6d7 c6d7 e7d7
Warning; Bestmove does not match beginning of last PV - move c1e3 from SF_2200
Info; info depth 14 seldepth 25 multipv 1 score cp -603 nodes 73353 nps 1880846 hashfull 17 tbhits 0 time 39 pv f6f5 b7b5 f5f4 b5b8 g8g7 g3f4 c1f4 b8b7 g7g8 h5g4 f4d6 g4f5 g8f8 f5f6 d6g3 b4b5 g3h4 f6f5
Position; fen rnbqkbnr/pp1p2pp/B3pp2/2p1P3/8/5N2/PPPP1PPP/RNBQK2R b KQkq - 0 1
Moves; b8a6 e1g1 d7d6 e5d6 b7b6 b1c3 h7h5 d1e2 d8d6 e2e4 d6b8 d2d3 e8f7 c1f4 c8b7 e4a4 b8e8 a4b3 g8e7 c3e4 c5c4 e4d6 f7g8 b3c4 e8c6 c4e6 g8h7 e6h3 e7g6 h3h5 h7g8 h5g6 f8d6 f3d4 c6d5 d4f5 d6f8 f5h6 h8h6 f4h6 a6b4 a1d1 d5a2 c2c3 a2f7 g6g3 f7h5 h6g7 f8g7 c3b4 h5g5 h2h4 g5g3 f2g3 a8d8 g1h2 b7c8 f1f2 b6b5 d3d4 a7a6 d4d5 g8h7 f2c2 c8g4 d1d2 g7h6 d2d4 g4c8 d5d6 h7g6 g3g4 h6g7 h4h5 g6f7 c2c7 c8d7 d4d1 f7e6 c7a7 g7f8 a7a6 f8g7 d1f1 g7f8 g2g3 e6e5 h2h3 d8b8 f1e1 e5d5 e1d1 d5e6 a6a3 b8c8 a3e3 e6f7 b2b3 c8c6 e3d3 c6c8 d1a1 c8b8 h3h4 f8g7 a1e1 b8e8 e1e8 f7e8 g4g5 e8f7 d3e3 g7f8 g5g6 f7g8 h5h6 f8h6 e3e7 h6g5 h4h5 d7c6 d6d7 c6d7 e7d7 g5c1 d7b7
Warning; Bestmove does not match beginning of last PV - move g8h8 from SF_2200
Info; info depth 15 seldepth 18 multipv 1 score cp -627 nodes 73092 nps 2030333 hashfull 30 tbhits 0 time 36 pv f6f5 b5f5 e3d2 b4b5 d2e1 f5f3 e1a5 f3d3 a5e1
Position; fen rnbqkbnr/pp1p2pp/B3pp2/2p1P3/8/5N2/PPPP1PPP/RNBQK2R b KQkq - 0 1
Moves; b8a6 e1g1 d7d6 e5d6 b7b6 b1c3 h7h5 d1e2 d8d6 e2e4 d6b8 d2d3 e8f7 c1f4 c8b7 e4a4 b8e8 a4b3 g8e7 c3e4 c5c4 e4d6 f7g8 b3c4 e8c6 c4e6 g8h7 e6h3 e7g6 h3h5 h7g8 h5g6 f8d6 f3d4 c6d5 d4f5 d6f8 f5h6 h8h6 f4h6 a6b4 a1d1 d5a2 c2c3 a2f7 g6g3 f7h5 h6g7 f8g7 c3b4 h5g5 h2h4 g5g3 f2g3 a8d8 g1h2 b7c8 f1f2 b6b5 d3d4 a7a6 d4d5 g8h7 f2c2 c8g4 d1d2 g7h6 d2d4 g4c8 d5d6 h7g6 g3g4 h6g7 h4h5 g6f7 c2c7 c8d7 d4d1 f7e6 c7a7 g7f8 a7a6 f8g7 d1f1 g7f8 g2g3 e6e5 h2h3 d8b8 f1e1 e5d5 e1d1 d5e6 a6a3 b8c8 a3e3 e6f7 b2b3 c8c6 e3d3 c6c8 d1a1 c8b8 h3h4 f8g7 a1e1 b8e8 e1e8 f7e8 g4g5 e8f7 d3e3 g7f8 g5g6 f7g8 h5h6 f8h6 e3e7 h6g5 h4h5 d7c6 d6d7 c6d7 e7d7 g5c1 d7b7 c1e3 b7b5
Warning; PV continues after threefold repetition - move b7h7 from HiveChess
Info; info depth 18 score cp 787 nodes 740525 pv h5g4 e3f2 g4f5 f2d4 b7h7 h8g8 h7b7 g8h8 b7h7 h8g8 h7b7 g8h8 b7h7 h8g8 h7b7 g8h8 b7h7 h8g8
Position; fen rnbqkbnr/pp1p2pp/B3pp2/2p1P3/8/5N2/PPPP1PPP/RNBQK2R b KQkq - 0 1
Moves; b8a6 e1g1 d7d6 e5d6 b7b6 b1c3 h7h5 d1e2 d8d6 e2e4 d6b8 d2d3 e8f7 c1f4 c8b7 e4a4 b8e8 a4b3 g8e7 c3e4 c5c4 e4d6 f7g8 b3c4 e8c6 c4e6 g8h7 e6h3 e7g6 h3h5 h7g8 h5g6 f8d6 f3d4 c6d5 d4f5 d6f8 f5h6 h8h6 f4h6 a6b4 a1d1 d5a2 c2c3 a2f7 g6g3 f7h5 h6g7 f8g7 c3b4 h5g5 h2h4 g5g3 f2g3 a8d8 g1h2 b7c8 f1f2 b6b5 d3d4 a7a6 d4d5 g8h7 f2c2 c8g4 d1d2 g7h6 d2d4 g4c8 d5d6 h7g6 g3g4 h6g7 h4h5 g6f7 c2c7 c8d7 d4d1 f7e6 c7a7 g7f8 a7a6 f8g7 d1f1 g7f8 g2g3 e6e5 h2h3 d8b8 f1e1 e5d5 e1d1 d5e6 a6a3 b8c8 a3e3 e6f7 b2b3 c8c6 e3d3 c6c8 d1a1 c8b8 h3h4 f8g7 a1e1 b8e8 e1e8 f7e8 g4g5 e8f7 d3e3 g7f8 g5g6 f7g8 h5h6 f8h6 e3e7 h6g5 h4h5 d7c6 d6d7 c6d7 e7d7 g5c1 d7b7 c1e3 b7b5 g8h8 b5b8 h8g7 b8b7 g7h8
Warning; Bestmove does not match beginning of last PV - move e3g1 from SF_2200
Info; info depth 12 seldepth 18 multipv 1 score cp -685 nodes 54755 nps 2190200 hashfull 26 tbhits 0 time 25 pv e3f2 b7d7 f2e1 b4b5 f6f5 g4f5 e1g3 d7d8 h8g7 b5b6 g7h6 b6b7 g3e1 d8c8
Position; fen rnbqkbnr/pp1p2pp/B3pp2/2p1P3/8/5N2/PPPP1PPP/RNBQK2R b KQkq - 0 1
Moves; b8a6 e1g1 d7d6 e5d6 b7b6 b1c3 h7h5 d1e2 d8d6 e2e4 d6b8 d2d3 e8f7 c1f4 c8b7 e4a4 b8e8 a4b3 g8e7 c3e4 c5c4 e4d6 f7g8 b3c4 e8c6 c4e6 g8h7 e6h3 e7g6 h3h5 h7g8 h5g6 f8d6 f3d4 c6d5 d4f5 d6f8 f5h6 h8h6 f4h6 a6b4 a1d1 d5a2 c2c3 a2f7 g6g3 f7h5 h6g7 f8g7 c3b4 h5g5 h2h4 g5g3 f2g3 a8d8 g1h2 b7c8 f1f2 b6b5 d3d4 a7a6 d4d5 g8h7 f2c2 c8g4 d1d2 g7h6 d2d4 g4c8 d5d6 h7g6 g3g4 h6g7 h4h5 g6f7 c2c7 c8d7 d4d1 f7e6 c7a7 g7f8 a7a6 f8g7 d1f1 g7f8 g2g3 e6e5 h2h3 d8b8 f1e1 e5d5 e1d1 d5e6 a6a3 b8c8 a3e3 e6f7 b2b3 c8c6 e3d3 c6c8 d1a1 c8b8 h3h4 f8g7 a1e1 b8e8 e1e8 f7e8 g4g5 e8f7 d3e3 g7f8 g5g6 f7g8 h5h6 f8h6 e3e7 h6g5 h4h5 d7c6 d6d7 c6d7 e7d7 g5c1 d7b7 c1e3 b7b5 g8h8 b5b8 h8g7 b8b7 g7h8 h5g4
Warning; Bestmove does not match beginning of last PV - move g1e3 from SF_2200
Info; info depth 11 seldepth 21 multipv 1 score cp -717 nodes 38627 nps 1679434 hashfull 20 tbhits 0 time 23 pv g1f2 b7h7 h8g8 h7d7 f6f5 g4f5 g8h8 d7c7 h8g8 c7c6 f2g3 b5b6 g8g7
Position; fen rnbqkbnr/pp1p2pp/B3pp2/2p1P3/8/5N2/PPPP1PPP/RNBQK2R b KQkq - 0 1
Moves; b8a6 e1g1 d7d6 e5d6 b7b6 b1c3 h7h5 d1e2 d8d6 e2e4 d6b8 d2d3 e8f7 c1f4 c8b7 e4a4 b8e8 a4b3 g8e7 c3e4 c5c4 e4d6 f7g8 b3c4 e8c6 c4e6 g8h7 e6h3 e7g6 h3h5 h7g8 h5g6 f8d6 f3d4 c6d5 d4f5 d6f8 f5h6 h8h6 f4h6 a6b4 a1d1 d5a2 c2c3 a2f7 g6g3 f7h5 h6g7 f8g7 c3b4 h5g5 h2h4 g5g3 f2g3 a8d8 g1h2 b7c8 f1f2 b6b5 d3d4 a7a6 d4d5 g8h7 f2c2 c8g4 d1d2 g7h6 d2d4 g4c8 d5d6 h7g6 g3g4 h6g7 h4h5 g6f7 c2c7 c8d7 d4d1 f7e6 c7a7 g7f8 a7a6 f8g7 d1f1 g7f8 g2g3 e6e5 h2h3 d8b8 f1e1 e5d5 e1d1 d5e6 a6a3 b8c8 a3e3 e6f7 b2b3 c8c6 e3d3 c6c8 d1a1 c8b8 h3h4 f8g7 a1e1 b8e8 e1e8 f7e8 g4g5 e8f7 d3e3 g7f8 g5g6 f7g8 h5h6 f8h6 e3e7 h6g5 h4h5 d7c6 d6d7 c6d7 e7d7 g5c1 d7b7 c1e3 b7b5 g8h8 b5b8 h8g7 b8b7 g7h8 h5g4 e3g1 b4b5
Warning; Bestmove does not match beginning of last PV - move e3h6 from SF_2200
Info; info depth 10 seldepth 19 multipv 1 score cp -720 nodes 37454 nps 1971263 hashfull 24 tbhits 0 time 19 pv e3c5 b7c7 c5f2 c7h7 h8g8 h7d7 g8f8 g3g4 f2e3 d7d6
Position; fen rnbqkbnr/pp1p2pp/B3pp2/2p1P3/8/5N2/PPPP1PPP/RNBQK2R b KQkq - 0 1
Moves; b8a6 e1g1 d7d6 e5d6 b7b6 b1c3 h7h5 d1e2 d8d6 e2e4 d6b8 d2d3 e8f7 c1f4 c8b7 e4a4 b8e8 a4b3 g8e7 c3e4 c5c4 e4d6 f7g8 b3c4 e8c6 c4e6 g8h7 e6h3 e7g6 h3h5 h7g8 h5g6 f8d6 f3d4 c6d5 d4f5 d6f8 f5h6 h8h6 f4h6 a6b4 a1d1 d5a2 c2c3 a2f7 g6g3 f7h5 h6g7 f8g7 c3b4 h5g5 h2h4 g5g3 f2g3 a8d8 g1h2 b7c8 f1f2 b6b5 d3d4 a7a6 d4d5 g8h7 f2c2 c8g4 d1d2 g7h6 d2d4 g4c8 d5d6 h7g6 g3g4 h6g7 h4h5 g6f7 c2c7 c8d7 d4d1 f7e6 c7a7 g7f8 a7a6 f8g7 d1f1 g7f8 g2g3 e6e5 h2h3 d8b8 f1e1 e5d5 e1d1 d5e6 a6a3 b8c8 a3e3 e6f7 b2b3 c8c6 e3d3 c6c8 d1a1 c8b8 h3h4 f8g7 a1e1 b8e8 e1e8 f7e8 g4g5 e8f7 d3e3 g7f8 g5g6 f7g8 h5h6 f8h6 e3e7 h6g5 h4h5 d7c6 d6d7 c6d7 e7d7 g5c1 d7b7 c1e3 b7b5 g8h8 b5b8 h8g7 b8b7 g7h8 h5g4 e3g1 b4b5 g1e3 g4f5
Warning; Bestmove does not match beginning of last PV - move g8g7 from SF_2200
Info; info depth 54 seldepth 9 multipv 1 score mate -4 nodes 15668 nps 2611333 hashfull 13 tbhits 0 time 6 pv g8f8 h6h7 f8e8 b5b6 e8f8 b6b7 f8e8 b7b8q
Position; fen rnbqkbnr/pp1p2pp/B3pp2/2p1P3/8/5N2/PPPP1PPP/RNBQK2R b KQkq - 0 1
Moves; b8a6 e1g1 d7d6 e5d6 b7b6 b1c3 h7h5 d1e2 d8d6 e2e4 d6b8 d2d3 e8f7 c1f4 c8b7 e4a4 b8e8 a4b3 g8e7 c3e4 c5c4 e4d6 f7g8 b3c4 e8c6 c4e6 g8h7 e6h3 e7g6 h3h5 h7g8 h5g6 f8d6 f3d4 c6d5 d4f5 d6f8 f5h6 h8h6 f4h6 a6b4 a1d1 d5a2 c2c3 a2f7 g6g3 f7h5 h6g7 f8g7 c3b4 h5g5 h2h4 g5g3 f2g3 a8d8 g1h2 b7c8 f1f2 b6b5 d3d4 a7a6 d4d5 g8h7 f2c2 c8g4 d1d2 g7h6 d2d4 g4c8 d5d6 h7g6 g3g4 h6g7 h4h5 g6f7 c2c7 c8d7 d4d1 f7e6 c7a7 g7f8 a7a6 f8g7 d1f1 g7f8 g2g3 e6e5 h2h3 d8b8 f1e1 e5d5 e1d1 d5e6 a6a3 b8c8 a3e3 e6f7 b2b3 c8c6 e3d3 c6c8 d1a1 c8b8 h3h4 f8g7 a1e1 b8e8 e1e8 f7e8 g4g5 e8f7 d3e3 g7f8 g5g6 f7g8 h5h6 f8h6 e3e7 h6g5 h4h5 d7c6 d6d7 c6d7 e7d7 g5c1 d7b7 c1e3 b7b5 g8h8 b5b8 h8g7 b8b7 g7h8 h5g4 e3g1 b4b5 g1e3 g4f5 e3h6 b7h7 h8g8 h7h6
Warning; Bestmove does not match beginning of last PV - move f8e8 from SF_2200
Info; info depth 245 seldepth 5 multipv 1 score mate -2 nodes 16216 nps 4054000 hashfull 16 tbhits 0 time 4 pv f8g8 b6b7 g8f8 b7b8q
Position; fen rnbqkbnr/pp1p2pp/B3pp2/2p1P3/8/5N2/PPPP1PPP/RNBQK2R b KQkq - 0 1
Moves; b8a6 e1g1 d7d6 e5d6 b7b6 b1c3 h7h5 d1e2 d8d6 e2e4 d6b8 d2d3 e8f7 c1f4 c8b7 e4a4 b8e8 a4b3 g8e7 c3e4 c5c4 e4d6 f7g8 b3c4 e8c6 c4e6 g8h7 e6h3 e7g6 h3h5 h7g8 h5g6 f8d6 f3d4 c6d5 d4f5 d6f8 f5h6 h8h6 f4h6 a6b4 a1d1 d5a2 c2c3 a2f7 g6g3 f7h5 h6g7 f8g7 c3b4 h5g5 h2h4 g5g3 f2g3 a8d8 g1h2 b7c8 f1f2 b6b5 d3d4 a7a6 d4d5 g8h7 f2c2 c8g4 d1d2 g7h6 d2d4 g4c8 d5d6 h7g6 g3g4 h6g7 h4h5 g6f7 c2c7 c8d7 d4d1 f7e6 c7a7 g7f8 a7a6 f8g7 d1f1 g7f8 g2g3 e6e5 h2h3 d8b8 f1e1 e5d5 e1d1 d5e6 a6a3 b8c8 a3e3 e6f7 b2b3 c8c6 e3d3 c6c8 d1a1 c8b8 h3h4 f8g7 a1e1 b8e8 e1e8 f7e8 g4g5 e8f7 d3e3 g7f8 g5g6 f7g8 h5h6 f8h6 e3e7 h6g5 h4h5 d7c6 d6d7 c6d7 e7d7 g5c1 d7b7 c1e3 b7b5 g8h8 b5b8 h8g7 b8b7 g7h8 h5g4 e3g1 b4b5 g1e3 g4f5 e3h6 b7h7 h8g8 h7h6 g8g7 h6h7 g7f8 b5b6
Warning; Bestmove does not match beginning of last PV - move e8d8 from SF_2200
Info; info depth 245 seldepth 3 multipv 1 score mate -1 nodes 1469 nps 1469000 hashfull 97 tbhits 0 time 1 pv e8f8 b7b8q
Position; fen rnbqkbnr/pp1p2pp/B3pp2/2p1P3/8/5N2/PPPP1PPP/RNBQK2R b KQkq - 0 1
Moves; b8a6 e1g1 d7d6 e5d6 b7b6 b1c3 h7h5 d1e2 d8d6 e2e4 d6b8 d2d3 e8f7 c1f4 c8b7 e4a4 b8e8 a4b3 g8e7 c3e4 c5c4 e4d6 f7g8 b3c4 e8c6 c4e6 g8h7 e6h3 e7g6 h3h5 h7g8 h5g6 f8d6 f3d4 c6d5 d4f5 d6f8 f5h6 h8h6 f4h6 a6b4 a1d1 d5a2 c2c3 a2f7 g6g3 f7h5 h6g7 f8g7 c3b4 h5g5 h2h4 g5g3 f2g3 a8d8 g1h2 b7c8 f1f2 b6b5 d3d4 a7a6 d4d5 g8h7 f2c2 c8g4 d1d2 g7h6 d2d4 g4c8 d5d6 h7g6 g3g4 h6g7 h4h5 g6f7 c2c7 c8d7 d4d1 f7e6 c7a7 g7f8 a7a6 f8g7 d1f1 g7f8 g2g3 e6e5 h2h3 d8b8 f1e1 e5d5 e1d1 d5e6 a6a3 b8c8 a3e3 e6f7 b2b3 c8c6 e3d3 c6c8 d1a1 c8b8 h3h4 f8g7 a1e1 b8e8 e1e8 f7e8 g4g5 e8f7 d3e3 g7f8 g5g6 f7g8 h5h6 f8h6 e3e7 h6g5 h4h5 d7c6 d6d7 c6d7 e7d7 g5c1 d7b7 c1e3 b7b5 g8h8 b5b8 h8g7 b8b7 g7h8 h5g4 e3g1 b4b5 g1e3 g4f5 e3h6 b7h7 h8g8 h7h6 g8g7 h6h7 g7f8 b5b6 f8e8 b6b7
Finished game 5 (HiveChess vs SF_2200): 1-0 {White mates}
Started game 6 of 10 (SF_2200 vs HiveChess)
Warning; Bestmove does not match beginning of last PV - move f3h4 from SF_2200
Info; info depth 16 seldepth 17 multipv 1 score cp -376 nodes 290056 nps 648894 hashfull 116 tbhits 0 time 447 pv d2d4 c5d4 f3d4 c8b7 b1d2 d8c7 e1g1 b8c6 d2c4 c6d4 d1d4 c7c6 c4d6 f8d6
Position; fen rnbqkbnr/pp1p2pp/B3pp2/2p1P3/8/5N2/PPPP1PPP/RNBQK2R b KQkq - 0 1
Moves; b7a6
Warning; Bestmove does not match beginning of last PV - move d4e5 from SF_2200
Info; info depth 15 seldepth 22 multipv 1 score cp -335 nodes 88124 nps 927621 hashfull 25 tbhits 0 time 95 pv h4g6 h7g6 d4e5 e8f7 c1f4 b8c6 b1d2 f7g7 e1c1 c6d4 d2c4
Position; fen rnbqkbnr/pp1p2pp/B3pp2/2p1P3/8/5N2/PPPP1PPP/RNBQK2R b KQkq - 0 1
Moves; b7a6 f3h4 g7g6 d2d4 f6e5 d1g4 f8e7
Warning; Bestmove does not match beginning of last PV - move b1d2 from SF_2200
Info; info depth 15 seldepth 25 multipv 1 score cp -321 nodes 248089 nps 889207 hashfull 86 tbhits 0 time 279 pv b1a3 h4e7 a3c4 b8c6 h2h4 d7d5 e5d6 e7d6 c1g5 d6e7 a1d1
Position; fen rnbqkbnr/pp1p2pp/B3pp2/2p1P3/8/5N2/PPPP1PPP/RNBQK2R b KQkq - 0 1
Moves; b7a6 f3h4 g7g6 d2d4 f6e5 d1g4 f8e7 d4e5 e7h4
Warning; Bestmove does not match beginning of last PV - move g4f3 from SF_2200
Info; info depth 15 seldepth 29 multipv 1 score cp -482 nodes 279130 nps 886126 hashfull 107 tbhits 0 time 315 pv g4h3 c8b7 d2c4 h6f7 c1e3 e8g8 e1c1 b8c6 f2f4 c6d4 e3d4 c5d4 d1d4 a8c8 h1d1 b7d5 c4e3 d5c6
Position; fen rnbqkbnr/pp1p2pp/B3pp2/2p1P3/8/5N2/PPPP1PPP/RNBQK2R b KQkq - 0 1
Moves; b7a6 f3h4 g7g6 d2d4 f6e5 d1g4 f8e7 d4e5 e7h4 b1d2 g8h6
Warning; Bestmove does not match beginning of last PV - move g2g3 from SF_2200
Info; info depth 15 seldepth 24 multipv 1 score cp -491 nodes 251583 nps 904974 hashfull 99 tbhits 0 time 278 pv d2e4 h6f5 c1f4 e8g8 c2c3 c8b7 e1c1 c6d4 c3d4 f5d4 d1d4 c5d4 g2g4
Position; fen rnbqkbnr/pp1p2pp/B3pp2/2p1P3/8/5N2/PPPP1PPP/RNBQK2R b KQkq - 0 1
Moves; b7a6 f3h4 g7g6 d2d4 f6e5 d1g4 f8e7 d4e5 e7h4 b1d2 g8h6 g4f3 b8c6
Warning; Bestmove does not match beginning of last PV - move h2h4 from SF_2200
Info; info depth 15 seldepth 28 multipv 1 score cp -564 nodes 240337 nps 1054109 hashfull 100 tbhits 0 time 228 pv d2e4 h6f7 e4d6 e7d6 e5d6 c8b7 c1e3 a8b8 e3c5 d8g5 f3c3 g5e5 c3e5 c6e5 e1c1
Position; fen rnbqkbnr/pp1p2pp/B3pp2/2p1P3/8/5N2/PPPP1PPP/RNBQK2R b KQkq - 0 1
Moves; b7a6 f3h4 g7g6 d2d4 f6e5 d1g4 f8e7 d4e5 e7h4 b1d2 g8h6 g4f3 b8c6 g2g3 h4e7
Warning; Bestmove does not match beginning of last PV - move d2e4 from SF_2200
Info; info depth 15 seldepth 19 multipv 1 score cp -576 nodes 258306 nps 1190350 hashfull 91 tbhits 0 time 217 pv d2c4 h6f5 c4d6 e7d6 e5d6 e8g8 c1f4 f5d4 f3e4 d8f6 e1c1 f6f5 e4f5 f8f5
Position; fen rnbqkbnr/pp1p2pp/B3pp2/2p1P3/8/5N2/PPPP1PPP/RNBQK2R b KQkq - 0 1
Moves; b7a6 f3h4 g7g6 d2d4 f6e5 d1g4 f8e7 d4e5 e7h4 b1d2 g8h6 g4f3 b8c6 g2g3 h4e7 h2h4 c8b7
Warning; Bestmove does not match beginning of last PV - move e4d6 from SF_2200
Info; info depth 15 seldepth 28 multipv 1 score cp -581 nodes 195589 nps 1013414 hashfull 81 tbhits 0 time 193 pv c1f4 c6d4 e4f6 e7f6 f3b7 a8b8 b7e4 d7d5 e5d6 f5d6 e4d3 c5c4 d3d1 d6f7
Position; fen rnbqkbnr/pp1p2pp/B3pp2/2p1P3/8/5N2/PPPP1PPP/RNBQK2R b KQkq - 0 1
Moves; b7a6 f3h4 g7g6 d2d4 f6e5 d1g4 f8e7 d4e5 e7h4 b1d2 g8h6 g4f3 b8c6 g2g3 h4e7 h2h4 c8b7 d2e4 h6f5
Warning; Bestmove does not match beginning of last PV - move h4h5 from SF_2200
Info; info depth 15 seldepth 17 multipv 1 score cp -645 nodes 67233 nps 1318294 hashfull 28 tbhits 0 time 51 pv e5d6 d8b6 f3d3 c5c4 d3c3 h8f8 c1f4 c6d4 e1c1
Position; fen rnbqkbnr/pp1p2pp/B3pp2/2p1P3/8/5N2/PPPP1PPP/RNBQK2R b KQkq - 0 1
Moves; b7a6 f3h4 g7g6 d2d4 f6e5 d1g4 f8e7 d4e5 e7h4 b1d2 g8h6 g4f3 b8c6 g2g3 h4e7 h2h4 c8b7 d2e4 h6f5 e4d6 e7d6
Warning; Bestmove does not match beginning of last PV - move f3g4 from SF_2200
Info; info depth 16 seldepth 23 multipv 1 score cp -700 nodes 220267 nps 1326909 hashfull 80 tbhits 0 time 166 pv f3e4 d6e5 h5g6 d8f6 h1h7 e8c8 f2f4 e5c7 c1e3
Position; fen rnbqkbnr/pp1p2pp/B3pp2/2p1P3/8/5N2/PPPP1PPP/RNBQK2R b KQkq - 0 1
Moves; b7a6 f3h4 g7g6 d2d4 f6e5 d1g4 f8e7 d4e5 e7h4 b1d2 g8h6 g4f3 b8c6 g2g3 h4e7 h2h4 c8b7 d2e4 h6f5 e4d6 e7d6 h4h5 f5d4
Warning; Bestmove does not match beginning of last PV - move h5g6 from SF_2200
Info; info depth 15 seldepth 30 multipv 1 score cp -914 nodes 223654 nps 1553152 hashfull 84 tbhits 0 time 144 pv c1f4 d8a5 c2c3 d4f3 e1d1 e8c8 g4h3 g6g5 f4e5 d6e5 g3g4 a5a4 b2b3
Position; fen rnbqkbnr/pp1p2pp/B3pp2/2p1P3/8/5N2/PPPP1PPP/RNBQK2R b KQkq - 0 1
Moves; b7a6 f3h4 g7g6 d2d4 f6e5 d1g4 f8e7 d4e5 e7h4 b1d2 g8h6 g4f3 b8c6 g2g3 h4e7 h2h4 c8b7 d2e4 h6f5 e4d6 e7d6 h4h5 f5d4 f3g4 c6e5
Warning; Bestmove does not match beginning of last PV - move h1h7 from SF_2200
Info; info depth 14 seldepth 20 multipv 1 score cp -1013 nodes 205029 nps 1666902 hashfull 76 tbhits 0 time 123 pv g6g7 d8a5 c2c3 e8c8 c1f4 d6f4 g3f4 b7h1 b2b4 c5b4 c3d4 h8g8
Position; fen rnbqkbnr/pp1p2pp/B3pp2/2p1P3/8/5N2/PPPP1PPP/RNBQK2R b KQkq - 0 1
Moves; b7a6 f3h4 g7g6 d2d4 f6e5 d1g4 f8e7 d4e5 e7h4 b1d2 g8h6 g4f3 b8c6 g2g3 h4e7 h2h4 c8b7 d2e4 h6f5 e4d6 e7d6 h4h5 f5d4 f3g4 c6e5 h5g6 e5g4
Warning; Bestmove does not match beginning of last PV - move c1d2 from SF_2200
Info; info depth 12 seldepth 17 multipv 1 score cp -1042 nodes 96201 nps 1749109 hashfull 38 tbhits 0 time 55 pv c2c3 e8c8 a2a4 d4c2 e1e2 c2a1 c1g5 d8g8 h7h8 g8h8 g6g7 h8g8 b2b4 c5b4
Position; fen rnbqkbnr/pp1p2pp/B3pp2/2p1P3/8/5N2/PPPP1PPP/RNBQK2R b KQkq - 0 1
Moves; b7a6 f3h4 g7g6 d2d4 f6e5 d1g4 f8e7 d4e5 e7h4 b1d2 g8h6 g4f3 b8c6 g2g3 h4e7 h2h4 c8b7 d2e4 h6f5 e4d6 e7d6 h4h5 f5d4 f3g4 c6e5 h5g6 e5g4 h1h7 d8a5
Warning; Bestmove does not match beginning of last PV - move f2f3 from SF_2200
Info; info depth 53 seldepth 7 multipv 1 score mate -3 nodes 26945 nps 4490833 hashfull 1 tbhits 0 time 6 pv g2g1 h8h7 f2f3 b7f3 g6h7 g5h3
Position; fen rnbqkbnr/pp1p2pp/B3pp2/2p1P3/8/5N2/PPPP1PPP/RNBQK2R b KQkq - 0 1
Moves; b7a6 f3h4 g7g6 d2d4 f6e5 d1g4 f8e7 d4e5 e7h4 b1d2 g8h6 g4f3 b8c6 g2g3 h4e7 h2h4 c8b7 d2e4 h6f5 e4d6 e7d6 h4h5 f5d4 f3g4 c6e5 h5g6 e5g4 h1h7 d8a5 c1d2 d4f3 e1f1 a5b5 c2c4 b5c4 f1g2 f3g5
Warning; Bestmove does not match beginning of last PV - move g2g1 from SF_2200
Info; info depth 236 seldepth 5 multipv 1 score mate -2 nodes 33395 nps 5565833 hashfull 0 tbhits 0 time 6 pv g2h1 h8h7 g6h7 e2h2
Position; fen rnbqkbnr/pp1p2pp/B3pp2/2p1P3/8/5N2/PPPP1PPP/RNBQK2R b KQkq - 0 1
Moves; b7a6 f3h4 g7g6 d2d4 f6e5 d1g4 f8e7 d4e5 e7h4 b1d2 g8h6 g4f3 b8c6 g2g3 h4e7 h2h4 c8b7 d2e4 h6f5 e4d6 e7d6 h4h5 f5d4 f3g4 c6e5 h5g6 e5g4 h1h7 d8a5 c1d2 d4f3 e1f1 a5b5 c2c4 b5c4 f1g2 f3g5 f2f3 c4e2
Finished game 6 (SF_2200 vs HiveChess): 0-1 {Black mates}
Started game 7 of 10 (HiveChess vs SF_2300)
Warning; Bestmove does not match beginning of last PV - move b7a6 from SF_2300
Info; info depth 16 seldepth 21 multipv 1 score cp 406 nodes 141310 nps 558537 hashfull 58 tbhits 0 time 253 pv b8a6 d2d4 c5d4 e1g1 d7d6 b1a3 d6e5 f3e5 f6e5 d1h5 g7g6 h5e5 g8f6 c1g5
Position; fen rnbqkbnr/pp1p2pp/B3pp2/2p1P3/8/5N2/PPPP1PPP/RNBQK2R b KQkq - 0 1
Moves; 
Warning; Bestmove does not match beginning of last PV - move b7f3 from SF_2300
Info; info depth 14 seldepth 19 multipv 1 score cp 469 nodes 88612 nps 251025 hashfull 36 tbhits 0 time 353 pv f8e7 c1e3 f6e5 f3d2 d7d5 f2f4 d5c4 f4e5 e8g8
Position; fen rnbqkbnr/pp1p2pp/B3pp2/2p1P3/8/5N2/PPPP1PPP/RNBQK2R b KQkq - 0 1
Moves; b7a6 e1g1 c8b7 b1a3 g8h6 d2d3 h6f7 a3c4
Warning; Bestmove does not match beginning of last PV - move a8b8 from SF_2300
Info; info depth 15 seldepth 23 multipv 1 score cp 506 nodes 155959 nps 611603 hashfull 62 tbhits 0 time 255 pv f6f5 a1e1 e8d7 g2g4 h8g8 g1h1 f5f4 e3g2 f4f3 g2f4 f7e5 f4h5 f8e7 f1g1 e5g6
Position; fen rnbqkbnr/pp1p2pp/B3pp2/2p1P3/8/5N2/PPPP1PPP/RNBQK2R b KQkq - 0 1
Moves; b7a6 e1g1 c8b7 b1a3 g8h6 d2d3 h6f7 a3c4 b7f3 d1f3 b8c6 e5f6 d8f6 f3f6 g7f6 c4e3 d7d5 c1d2
Warning; Bestmove does not match beginning of last PV - move h8g8 from SF_2300
Info; info depth 17 seldepth 21 multipv 1 score cp 499 nodes 115861 nps 526640 hashfull 41 tbhits 0 time 220 pv e8d7 a2a3 a6a5 b2b4 c5b4 a3b4 a5b4 c2c3 f7d6 c3c4 d5d4 e3g4 f8e7 c4c5 d6b5 g4h6 a7a5 h6f7
Position; fen rnbqkbnr/pp1p2pp/B3pp2/2p1P3/8/5N2/PPPP1PPP/RNBQK2R b KQkq - 0 1
Moves; b7a6 e1g1 c8b7 b1a3 g8h6 d2d3 h6f7 a3c4 b7f3 d1f3 b8c6 e5f6 d8f6 f3f6 g7f6 c4e3 d7d5 c1d2 a8b8 a1b1
Warning; Bestmove does not match beginning of last PV - move d5d4 from SF_2300
Info; info depth 15 seldepth 21 multipv 1 score cp 522 nodes 111333 nps 573881 hashfull 44 tbhits 0 time 194 pv a6a5 b2b4 c5b4 g2g3 f7e5 f2f4 e5d7 a3b4
Position; fen rnbqkbnr/pp1p2pp/B3pp2/2p1P3/8/5N2/PPPP1PPP/RNBQK2R b KQkq - 0 1
Moves; b7a6 e1g1 c8b7 b1a3 g8h6 d2d3 h6f7 a3c4 b7f3 d1f3 b8c6 e5f6 d8f6 f3f6 g7f6 c4e3 d7d5 c1d2 a8b8 a1b1 h8g8 a2a3
Warning; Bestmove does not match beginning of last PV - move f7d6 from SF_2300
Info; info depth 14 seldepth 20 multipv 1 score cp 475 nodes 73116 nps 518553 hashfull 21 tbhits 0 time 141 pv e8d7 f2f4 f7d6 c4d6 f8d6 f4f5 a6a5 f5e6 d7e6
Position; fen rnbqkbnr/pp1p2pp/B3pp2/2p1P3/8/5N2/PPPP1PPP/RNBQK2R b KQkq - 0 1
Moves; b7a6 e1g1 c8b7 b1a3 g8h6 d2d3 h6f7 a3c4 b7f3 d1f3 b8c6 e5f6 d8f6 f3f6 g7f6 c4e3 d7d5 c1d2 a8b8 a1b1 h8g8 a2a3 d5d4 e3c4
Warning; Bestmove does not match beginning of last PV - move e8d7 from SF_2300
Info; info depth 11 seldepth 18 multipv 1 score cp 494 nodes 15298 nps 637416 hashfull 5 tbhits 0 time 24 pv d6c4 d3c4 a6a5 f1f3 a5a4 f3h3 g8g7 f4f5 e6e5 d2h6 g7f7
Position; fen rnbqkbnr/pp1p2pp/B3pp2/2p1P3/8/5N2/PPPP1PPP/RNBQK2R b KQkq - 0 1
Moves; b7a6 e1g1 c8b7 b1a3 g8h6 d2d3 h6f7 a3c4 b7f3 d1f3 b8c6 e5f6 d8f6 f3f6 g7f6 c4e3 d7d5 c1d2 a8b8 a1b1 h8g8 a2a3 d5d4 e3c4 f7d6 f2f4
Warning; Bestmove does not match beginning of last PV - move a6a5 from SF_2300
Info; info depth 16 seldepth 22 multipv 1 score cp 510 nodes 73009 nps 570382 hashfull 26 tbhits 0 time 128 pv h7h5 f3h3 g8h8 b2b4 c5b4 a3b4 f8b4 d2b4 c6b4 c2c3 b4c6 b1b8 h8b8 c3d4 c6d4 h3h5
Position; fen rnbqkbnr/pp1p2pp/B3pp2/2p1P3/8/5N2/PPPP1PPP/RNBQK2R b KQkq - 0 1
Moves; b7a6 e1g1 c8b7 b1a3 g8h6 d2d3 h6f7 a3c4 b7f3 d1f3 b8c6 e5f6 d8f6 f3f6 g7f6 c4e3 d7d5 c1d2 a8b8 a1b1 h8g8 a2a3 d5d4 e3c4 f7d6 f2f4 e8d7 f1f3 d6c4 d3c4
Warning; Bestmove does not match beginning of last PV - move g8g7 from SF_2300
Info; info depth 12 seldepth 17 multipv 1 score cp 479 nodes 25510 nps 579772 hashfull 9 tbhits 0 time 44 pv h7h6 a3a4 e6e5 f4e5 f6e5 b1f1 e5e4 d2h6 f8e7 f1f7 e4e3
Position; fen rnbqkbnr/pp1p2pp/B3pp2/2p1P3/8/5N2/PPPP1PPP/RNBQK2R b KQkq - 0 1
Moves; b7a6 e1g1 c8b7 b1a3 g8h6 d2d3 h6f7 a3c4 b7f3 d1f3 b8c6 e5f6 d8f6 f3f6 g7f6 c4e3 d7d5 c1d2 a8b8 a1b1 h8g8 a2a3 d5d4 e3c4 f7d6 f2f4 e8d7 f1f3 d6c4 d3c4 a6a5 f3h3
Warning; Bestmove does not match beginning of last PV - move g7f7 from SF_2300
Info; info depth 11 seldepth 13 multipv 1 score cp 506 nodes 14281 nps 649136 hashfull 3 tbhits 0 time 22 pv e6e5 f4e5 f6e5 b2b3 f8e7
Position; fen rnbqkbnr/pp1p2pp/B3pp2/2p1P3/8/5N2/PPPP1PPP/RNBQK2R b KQkq - 0 1
Moves; b7a6 e1g1 c8b7 b1a3 g8h6 d2d3 h6f7 a3c4 b7f3 d1f3 b8c6 e5f6 d8f6 f3f6 g7f6 c4e3 d7d5 c1d2 a8b8 a1b1 h8g8 a2a3 d5d4 e3c4 f7d6 f2f4 e8d7 f1f3 d6c4 d3c4 a6a5 f3h3 g8g7 g1f2
Warning; Bestmove does not match beginning of last PV - move e6e5 from SF_2300
Info; info depth 10 seldepth 12 multipv 1 score cp 487 nodes 7803 nps 650250 hashfull 1 tbhits 0 time 12 pv h7h6 f2f3 f6f5 g4f5 e6f5
Position; fen rnbqkbnr/pp1p2pp/B3pp2/2p1P3/8/5N2/PPPP1PPP/RNBQK2R b KQkq - 0 1
Moves; b7a6 e1g1 c8b7 b1a3 g8h6 d2d3 h6f7 a3c4 b7f3 d1f3 b8c6 e5f6 d8f6 f3f6 g7f6 c4e3 d7d5 c1d2 a8b8 a1b1 h8g8 a2a3 d5d4 e3c4 f7d6 f2f4 e8d7 f1f3 d6c4 d3c4 a6a5 f3h3 g8g7 g1f2 g7f7 g2g4
Warning; Bestmove does not match beginning of last PV - move b8e8 from SF_2300
Info; info depth 16 seldepth 13 multipv 1 score cp 478 nodes 30107 nps 537625 hashfull 9 tbhits 0 time 56 pv f7e7 h3h5 e5e4 f3g3 e7f7 d2e1 a5a4 h5d5 d7e8 d5h5 e4e3
Position; fen rnbqkbnr/pp1p2pp/B3pp2/2p1P3/8/5N2/PPPP1PPP/RNBQK2R b KQkq - 0 1
Moves; b7a6 e1g1 c8b7 b1a3 g8h6 d2d3 h6f7 a3c4 b7f3 d1f3 b8c6 e5f6 d8f6 f3f6 g7f6 c4e3 d7d5 c1d2 a8b8 a1b1 h8g8 a2a3 d5d4 e3c4 f7d6 f2f4 e8d7 f1f3 d6c4 d3c4 a6a5 f3h3 g8g7 g1f2 g7f7 g2g4 e6e5 f2f3
Warning; Bestmove does not match beginning of last PV - move f7e7 from SF_2300
Info; info depth 12 seldepth 23 multipv 1 score cp 459 nodes 28234 nps 542961 hashfull 5 tbhits 0 time 52 pv a5a4 h3h5 f8d6 h5f5 c6e7 f5h5 e7c8 b2b4 c8b6 b4c5 d6c5 f4e5 f6e5 f3e4
Position; fen rnbqkbnr/pp1p2pp/B3pp2/2p1P3/8/5N2/PPPP1PPP/RNBQK2R b KQkq - 0 1
Moves; b7a6 e1g1 c8b7 b1a3 g8h6 d2d3 h6f7 a3c4 b7f3 d1f3 b8c6 e5f6 d8f6 f3f6 g7f6 c4e3 d7d5 c1d2 a8b8 a1b1 h8g8 a2a3 d5d4 e3c4 f7d6 f2f4 e8d7 f1f3 d6c4 d3c4 a6a5 f3h3 g8g7 g1f2 g7f7 g2g4 e6e5 f2f3 b8e8 b1e1
Warning; Bestmove does not match beginning of last PV - move d4d3 from SF_2300
Info; info depth 14 seldepth 13 multipv 1 score cp 458 nodes 27870 nps 568775 hashfull 8 tbhits 0 time 49 pv e5f4 e4e7 e8e7 d2f4 d7e8 c2c3 d4d3 f4d6 e7d7 d6f8 e8f8
Position; fen rnbqkbnr/pp1p2pp/B3pp2/2p1P3/8/5N2/PPPP1PPP/RNBQK2R b KQkq - 0 1
Moves; b7a6 e1g1 c8b7 b1a3 g8h6 d2d3 h6f7 a3c4 b7f3 d1f3 b8c6 e5f6 d8f6 f3f6 g7f6 c4e3 d7d5 c1d2 a8b8 a1b1 h8g8 a2a3 d5d4 e3c4 f7d6 f2f4 e8d7 f1f3 d6c4 d3c4 a6a5 f3h3 g8g7 g1f2 g7f7 g2g4 e6e5 f2f3 b8e8 b1e1 f7e7 e1e4
Warning; Bestmove does not match beginning of last PV - move e7f7 from SF_2300
Info; info depth 11 seldepth 19 multipv 1 score cp 361 nodes 18687 nps 397595 hashfull 6 tbhits 0 time 47 pv c6d4 f3f2 e7f7 h3h5 f8d6 d2c3 a5a4 c3d4 e5d4
Position; fen rnbqkbnr/pp1p2pp/B3pp2/2p1P3/8/5N2/PPPP1PPP/RNBQK2R b KQkq - 0 1
Moves; b7a6 e1g1 c8b7 b1a3 g8h6 d2d3 h6f7 a3c4 b7f3 d1f3 b8c6 e5f6 d8f6 f3f6 g7f6 c4e3 d7d5 c1d2 a8b8 a1b1 h8g8 a2a3 d5d4 e3c4 f7d6 f2f4 e8d7 f1f3 d6c4 d3c4 a6a5 f3h3 g8g7 g1f2 g7f7 g2g4 e6e5 f2f3 b8e8 b1e1 f7e7 e1e4 d4d3 c2d3
Warning; Bestmove does not match beginning of last PV - move e8b8 from SF_2300
Info; info depth 9 seldepth 13 multipv 1 score cp 430 nodes 8194 nps 482000 hashfull 4 tbhits 0 time 17 pv e8d8 b2b3 d7e8 f3e2 d8d6 a3a4
Position; fen rnbqkbnr/pp1p2pp/B3pp2/2p1P3/8/5N2/PPPP1PPP/RNBQK2R b KQkq - 0 1
Moves; b7a6 e1g1 c8b7 b1a3 g8h6 d2d3 h6f7 a3c4 b7f3 d1f3 b8c6 e5f6 d8f6 f3f6 g7f6 c4e3 d7d5 c1d2 a8b8 a1b1 h8g8 a2a3 d5d4 e3c4 f7d6 f2f4 e8d7 f1f3 d6c4 d3c4 a6a5 f3h3 g8g7 g1f2 g7f7 g2g4 e6e5 f2f3 b8e8 b1e1 f7e7 e1e4 d4d3 c2d3 e7f7 f4f5
Warning; Bestmove does not match beginning of last PV - move d7e8 from SF_2300
Info; info depth 13 seldepth 14 multipv 1 score cp 364 nodes 21261 nps 506214 hashfull 6 tbhits 0 time 42 pv a5a4 e4e2 d7e8 f3e4 b8d8 h3h5 h7h6 e2f2 f7g7
Position; fen rnbqkbnr/pp1p2pp/B3pp2/2p1P3/8/5N2/PPPP1PPP/RNBQK2R b KQkq - 0 1
Moves; b7a6 e1g1 c8b7 b1a3 g8h6 d2d3 h6f7 a3c4 b7f3 d1f3 b8c6 e5f6 d8f6 f3f6 g7f6 c4e3 d7d5 c1d2 a8b8 a1b1 h8g8 a2a3 d5d4 e3c4 f7d6 f2f4 e8d7 f1f3 d6c4 d3c4 a6a5 f3h3 g8g7 g1f2 g7f7 g2g4 e6e5 f2f3 b8e8 b1e1 f7e7 e1e4 d4d3 c2d3 e7f7 f4f5 e8b8 d2c3
Warning; Bestmove does not match beginning of last PV - move e8e7 from SF_2300
Info; info depth 11 seldepth 16 multipv 1 score cp 390 nodes 14107 nps 440843 hashfull 5 tbhits 0 time 32 pv h7h6 e3f3 f7d7 e4e3 e8f7 f3e4 b8e8 e3e1 a5a4 e1g1
Position; fen rnbqkbnr/pp1p2pp/B3pp2/2p1P3/8/5N2/PPPP1PPP/RNBQK2R b KQkq - 0 1
Moves; b7a6 e1g1 c8b7 b1a3 g8h6 d2d3 h6f7 a3c4 b7f3 d1f3 b8c6 e5f6 d8f6 f3f6 g7f6 c4e3 d7d5 c1d2 a8b8 a1b1 h8g8 a2a3 d5d4 e3c4 f7d6 f2f4 e8d7 f1f3 d6c4 d3c4 a6a5 f3h3 g8g7 g1f2 g7f7 g2g4 e6e5 f2f3 b8e8 b1e1 f7e7 e1e4 d4d3 c2d3 e7f7 f4f5 e8b8 d2c3 d7e8 f3e3
Warning; Bestmove does not match beginning of last PV - move b8b3 from SF_2300
Info; info depth 12 seldepth 18 multipv 1 score cp 360 nodes 19945 nps 474880 hashfull 7 tbhits 0 time 42 pv a5a4 e2f3 b8d8 e4e3 f7g7 h3h4 c6d4 c3d4 d8d4
Position; fen rnbqkbnr/pp1p2pp/B3pp2/2p1P3/8/5N2/PPPP1PPP/RNBQK2R b KQkq - 0 1
Moves; b7a6 e1g1 c8b7 b1a3 g8h6 d2d3 h6f7 a3c4 b7f3 d1f3 b8c6 e5f6 d8f6 f3f6 g7f6 c4e3 d7d5 c1d2 a8b8 a1b1 h8g8 a2a3 d5d4 e3c4 f7d6 f2f4 e8d7 f1f3 d6c4 d3c4 a6a5 f3h3 g8g7 g1f2 g7f7 g2g4 e6e5 f2f3 b8e8 b1e1 f7e7 e1e4 d4d3 c2d3 e7f7 f4f5 e8b8 d2c3 d7e8 f3e3 e8e7 e3e2
Warning; Bestmove does not match beginning of last PV - move c6d4 from SF_2300
Info; info depth 11 seldepth 16 multipv 1 score cp 337 nodes 19906 nps 510410 hashfull 7 tbhits 0 time 39 pv h7h6 e2f3 c6d4 f3f2
Position; fen rnbqkbnr/pp1p2pp/B3pp2/2p1P3/8/5N2/PPPP1PPP/RNBQK2R b KQkq - 0 1
Moves; b7a6 e1g1 c8b7 b1a3 g8h6 d2d3 h6f7 a3c4 b7f3 d1f3 b8c6 e5f6 d8f6 f3f6 g7f6 c4e3 d7d5 c1d2 a8b8 a1b1 h8g8 a2a3 d5d4 e3c4 f7d6 f2f4 e8d7 f1f3 d6c4 d3c4 a6a5 f3h3 g8g7 g1f2 g7f7 g2g4 e6e5 f2f3 b8e8 b1e1 f7e7 e1e4 d4d3 c2d3 e7f7 f4f5 e8b8 d2c3 d7e8 f3e3 e8e7 e3e2 b8b3 a3a4
Warning; Bestmove does not match beginning of last PV - move a7a6 from SF_2300
Info; info depth 12 seldepth 16 multipv 1 score cp 344 nodes 19376 nps 538222 hashfull 5 tbhits 0 time 36 pv f7g7 e3f2 e7f7 h3h6 b3b6 f2e1 f7g8 c3a5 b6b2 h6f6 d4f3 e1d1 g7b7 a5c3
Position; fen rnbqkbnr/pp1p2pp/B3pp2/2p1P3/8/5N2/PPPP1PPP/RNBQK2R b KQkq - 0 1
Moves; b7a6 e1g1 c8b7 b1a3 g8h6 d2d3 h6f7 a3c4 b7f3 d1f3 b8c6 e5f6 d8f6 f3f6 g7f6 c4e3 d7d5 c1d2 a8b8 a1b1 h8g8 a2a3 d5d4 e3c4 f7d6 f2f4 e8d7 f1f3 d6c4 d3c4 a6a5 f3h3 g8g7 g1f2 g7f7 g2g4 e6e5 f2f3 b8e8 b1e1 f7e7 e1e4 d4d3 c2d3 e7f7 f4f5 e8b8 d2c3 d7e8 f3e3 e8e7 e3e2 b8b3 a3a4 c6d4 e2e3
Warning; Bestmove does not match beginning of last PV - move b3b6 from SF_2300
Info; info depth 11 seldepth 15 multipv 1 score cp 309 nodes 15162 nps 433200 hashfull 6 tbhits 0 time 35 pv h7h6 e3f2 b3b8 e4e3 f7g7 e3g3 g7g5 h5g5 h6g5 f2e3 d4c6
Position; fen rnbqkbnr/pp1p2pp/B3pp2/2p1P3/8/5N2/PPPP1PPP/RNBQK2R b KQkq - 0 1
Moves; b7a6 e1g1 c8b7 b1a3 g8h6 d2d3 h6f7 a3c4 b7f3 d1f3 b8c6 e5f6 d8f6 f3f6 g7f6 c4e3 d7d5 c1d2 a8b8 a1b1 h8g8 a2a3 d5d4 e3c4 f7d6 f2f4 e8d7 f1f3 d6c4 d3c4 a6a5 f3h3 g8g7 g1f2 g7f7 g2g4 e6e5 f2f3 b8e8 b1e1 f7e7 e1e4 d4d3 c2d3 e7f7 f4f5 e8b8 d2c3 d7e8 f3e3 e8e7 e3e2 b8b3 a3a4 c6d4 e2e3 a7a6 h3h5
Warning; Bestmove does not match beginning of last PV - move e7e8 from SF_2300
Info; info depth 10 seldepth 11 multipv 1 score cp 308 nodes 15608 nps 487750 hashfull 8 tbhits 0 time 32 pv h7h6 e3f2 f7h7 e4e3 e7f7 e3h3 h7h8 f2e3 b6d6 h4h5
Position; fen rnbqkbnr/pp1p2pp/B3pp2/2p1P3/8/5N2/PPPP1PPP/RNBQK2R b KQkq - 0 1
Moves; b7a6 e1g1 c8b7 b1a3 g8h6 d2d3 h6f7 a3c4 b7f3 d1f3 b8c6 e5f6 d8f6 f3f6 g7f6 c4e3 d7d5 c1d2 a8b8 a1b1 h8g8 a2a3 d5d4 e3c4 f7d6 f2f4 e8d7 f1f3 d6c4 d3c4 a6a5 f3h3 g8g7 g1f2 g7f7 g2g4 e6e5 f2f3 b8e8 b1e1 f7e7 e1e4 d4d3 c2d3 e7f7 f4f5 e8b8 d2c3 d7e8 f3e3 e8e7 e3e2 b8b3 a3a4 c6d4 e2e3 a7a6 h3h5 b3b6 h5h4
Warning; Bestmove does not match beginning of last PV - move h7h6 from SF_2300
Info; info depth 10 seldepth 16 multipv 1 score cp 366 nodes 9773 nps 514368 hashfull 3 tbhits 0 time 19 pv f7d7 e3f2 h7h6 e4e3 e8f7 e3g3 b6b8
Position; fen rnbqkbnr/pp1p2pp/B3pp2/2p1P3/8/5N2/PPPP1PPP/RNBQK2R b KQkq - 0 1
Moves; b7a6 e1g1 c8b7 b1a3 g8h6 d2d3 h6f7 a3c4 b7f3 d1f3 b8c6 e5f6 d8f6 f3f6 g7f6 c4e3 d7d5 c1d2 a8b8 a1b1 h8g8 a2a3 d5d4 e3c4 f7d6 f2f4 e8d7 f1f3 d6c4 d3c4 a6a5 f3h3 g8g7 g1f2 g7f7 g2g4 e6e5 f2f3 b8e8 b1e1 f7e7 e1e4 d4d3 c2d3 e7f7 f4f5 e8b8 d2c3 d7e8 f3e3 e8e7 e3e2 b8b3 a3a4 c6d4 e2e3 a7a6 h3h5 b3b6 h5h4 e7e8 h2h3
Warning; Bestmove does not match beginning of last PV - move b7d7 from SF_2300
Info; info depth 10 seldepth 16 multipv 1 score cp 352 nodes 11136 nps 586105 hashfull 46 tbhits 0 time 19 pv e8f7 e4e3 b7b8 h3h4 b6b2 c3b2 b8b2 f2g3 b2b3 g3f2
Position; fen rnbqkbnr/pp1p2pp/B3pp2/2p1P3/8/5N2/PPPP1PPP/RNBQK2R b KQkq - 0 1
Moves; b7a6 e1g1 c8b7 b1a3 g8h6 d2d3 h6f7 a3c4 b7f3 d1f3 b8c6 e5f6 d8f6 f3f6 g7f6 c4e3 d7d5 c1d2 a8b8 a1b1 h8g8 a2a3 d5d4 e3c4 f7d6 f2f4 e8d7 f1f3 d6c4 d3c4 a6a5 f3h3 g8g7 g1f2 g7f7 g2g4 e6e5 f2f3 b8e8 b1e1 f7e7 e1e4 d4d3 c2d3 e7f7 f4f5 e8b8 d2c3 d7e8 f3e3 e8e7 e3e2 b8b3 a3a4 c6d4 e2e3 a7a6 h3h5 b3b6 h5h4 e7e8 h2h3 h7h6 h4h5 f7b7 e3f2
Warning; Bestmove does not match beginning of last PV - move e8f7 from SF_2300
Info; info depth 11 seldepth 20 multipv 1 score cp 321 nodes 14498 nps 579920 hashfull 70 tbhits 0 time 25 pv f8g7 e4e3 e8f7 e3g3 b6b7
Position; fen rnbqkbnr/pp1p2pp/B3pp2/2p1P3/8/5N2/PPPP1PPP/RNBQK2R b KQkq - 0 1
Moves; b7a6 e1g1 c8b7 b1a3 g8h6 d2d3 h6f7 a3c4 b7f3 d1f3 b8c6 e5f6 d8f6 f3f6 g7f6 c4e3 d7d5 c1d2 a8b8 a1b1 h8g8 a2a3 d5d4 e3c4 f7d6 f2f4 e8d7 f1f3 d6c4 d3c4 a6a5 f3h3 g8g7 g1f2 g7f7 g2g4 e6e5 f2f3 b8e8 b1e1 f7e7 e1e4 d4d3 c2d3 e7f7 f4f5 e8b8 d2c3 d7e8 f3e3 e8e7 e3e2 b8b3 a3a4 c6d4 e2e3 a7a6 h3h5 b3b6 h5h4 e7e8 h2h3 h7h6 h4h5 f7b7 e3f2 b7d7 h3h4
Warning; Bestmove does not match beginning of last PV - move d7d8 from SF_2300
Info; info depth 10 seldepth 14 multipv 1 score cp 333 nodes 13451 nps 538040 hashfull 25 tbhits 0 time 25 pv f8g7 e3g3 d7d8 g4g5 d4f5
Position; fen rnbqkbnr/pp1p2pp/B3pp2/2p1P3/8/5N2/PPPP1PPP/RNBQK2R b KQkq - 0 1
Moves; b7a6 e1g1 c8b7 b1a3 g8h6 d2d3 h6f7 a3c4 b7f3 d1f3 b8c6 e5f6 d8f6 f3f6 g7f6 c4e3 d7d5 c1d2 a8b8 a1b1 h8g8 a2a3 d5d4 e3c4 f7d6 f2f4 e8d7 f1f3 d6c4 d3c4 a6a5 f3h3 g8g7 g1f2 g7f7 g2g4 e6e5 f2f3 b8e8 b1e1 f7e7 e1e4 d4d3 c2d3 e7f7 f4f5 e8b8 d2c3 d7e8 f3e3 e8e7 e3e2 b8b3 a3a4 c6d4 e2e3 a7a6 h3h5 b3b6 h5h4 e7e8 h2h3 h7h6 h4h5 f7b7 e3f2 b7d7 h3h4 e8f7 e4e3
Warning; Bestmove does not match beginning of last PV - move d8e8 from SF_2300
Info; info depth 11 seldepth 17 multipv 1 score cp 336 nodes 11988 nps 544909 hashfull 32 tbhits 0 time 22 pv d8b8 f1f2 b6b2 c3b2 b8b2 f2g3 d4e2 e3e2 b2e2
Position; fen rnbqkbnr/pp1p2pp/B3pp2/2p1P3/8/5N2/PPPP1PPP/RNBQK2R b KQkq - 0 1
Moves; b7a6 e1g1 c8b7 b1a3 g8h6 d2d3 h6f7 a3c4 b7f3 d1f3 b8c6 e5f6 d8f6 f3f6 g7f6 c4e3 d7d5 c1d2 a8b8 a1b1 h8g8 a2a3 d5d4 e3c4 f7d6 f2f4 e8d7 f1f3 d6c4 d3c4 a6a5 f3h3 g8g7 g1f2 g7f7 g2g4 e6e5 f2f3 b8e8 b1e1 f7e7 e1e4 d4d3 c2d3 e7f7 f4f5 e8b8 d2c3 d7e8 f3e3 e8e7 e3e2 b8b3 a3a4 c6d4 e2e3 a7a6 h3h5 b3b6 h5h4 e7e8 h2h3 h7h6 h4h5 f7b7 e3f2 b7d7 h3h4 e8f7 e4e3 d7d8 f2f1
Warning; Bestmove does not match beginning of last PV - move e8e7 from SF_2300
Info; info depth 11 seldepth 19 multipv 1 score cp 328 nodes 12413 nps 591095 hashfull 16 tbhits 0 time 21 pv f8g7 e3g3 b6d6 f2e3 d6d7 g3g1 e8f8 g1g3 f8g8 g3g1 g8d8 g1g3
Position; fen rnbqkbnr/pp1p2pp/B3pp2/2p1P3/8/5N2/PPPP1PPP/RNBQK2R b KQkq - 0 1
Moves; b7a6 e1g1 c8b7 b1a3 g8h6 d2d3 h6f7 a3c4 b7f3 d1f3 b8c6 e5f6 d8f6 f3f6 g7f6 c4e3 d7d5 c1d2 a8b8 a1b1 h8g8 a2a3 d5d4 e3c4 f7d6 f2f4 e8d7 f1f3 d6c4 d3c4 a6a5 f3h3 g8g7 g1f2 g7f7 g2g4 e6e5 f2f3 b8e8 b1e1 f7e7 e1e4 d4d3 c2d3 e7f7 f4f5 e8b8 d2c3 d7e8 f3e3 e8e7 e3e2 b8b3 a3a4 c6d4 e2e3 a7a6 h3h5 b3b6 h5h4 e7e8 h2h3 h7h6 h4h5 f7b7 e3f2 b7d7 h3h4 e8f7 e4e3 d7d8 f2f1 d8e8 f1f2
Warning; Bestmove does not match beginning of last PV - move b6d6 from SF_2300
Info; info depth 10 seldepth 20 multipv 1 score cp 327 nodes 9087 nps 478263 hashfull 34 tbhits 0 time 19 pv f8g7 e4e3 e7b7 f2f1 b6b2 c3b2 b7b2 g4g5 d4f5 e3f3
Position; fen rnbqkbnr/pp1p2pp/B3pp2/2p1P3/8/5N2/PPPP1PPP/RNBQK2R b KQkq - 0 1
Moves; b7a6 e1g1 c8b7 b1a3 g8h6 d2d3 h6f7 a3c4 b7f3 d1f3 b8c6 e5f6 d8f6 f3f6 g7f6 c4e3 d7d5 c1d2 a8b8 a1b1 h8g8 a2a3 d5d4 e3c4 f7d6 f2f4 e8d7 f1f3 d6c4 d3c4 a6a5 f3h3 g8g7 g1f2 g7f7 g2g4 e6e5 f2f3 b8e8 b1e1 f7e7 e1e4 d4d3 c2d3 e7f7 f4f5 e8b8 d2c3 d7e8 f3e3 e8e7 e3e2 b8b3 a3a4 c6d4 e2e3 a7a6 h3h5 b3b6 h5h4 e7e8 h2h3 h7h6 h4h5 f7b7 e3f2 b7d7 h3h4 e8f7 e4e3 d7d8 f2f1 d8e8 f1f2 e8e7 e3e4
Warning; Bestmove does not match beginning of last PV - move f8g7 from SF_2300
Info; info depth 14 seldepth 20 multipv 1 score cp 335 nodes 158114 nps 678600 hashfull 98 tbhits 0 time 233 pv d6d3 h6c1 c6d4 g4g5 d4f5 e4g4 d3d4 h5h7 f8g7 g5g6 f7g8
Position; fen rnbqkbnr/pp1p2pp/B3pp2/2p1P3/8/5N2/PPPP1PPP/RNBQK2R b KQkq - 0 1
Moves; b7a6 e1g1 c8b7 b1a3 g8h6 d2d3 h6f7 a3c4 b7f3 d1f3 b8c6 e5f6 d8f6 f3f6 g7f6 c4e3 d7d5 c1d2 a8b8 a1b1 h8g8 a2a3 d5d4 e3c4 f7d6 f2f4 e8d7 f1f3 d6c4 d3c4 a6a5 f3h3 g8g7 g1f2 g7f7 g2g4 e6e5 f2f3 b8e8 b1e1 f7e7 e1e4 d4d3 c2d3 e7f7 f4f5 e8b8 d2c3 d7e8 f3e3 e8e7 e3e2 b8b3 a3a4 c6d4 e2e3 a7a6 h3h5 b3b6 h5h4 e7e8 h2h3 h7h6 h4h5 f7b7 e3f2 b7d7 h3h4 e8f7 e4e3 d7d8 f2f1 d8e8 f1f2 e8e7 e3e4 b6d6 c3a5 d4c6 a5d2 e7b7 d2h6
Warning; Bestmove does not match beginning of last PV - move b7b8 from SF_2300
Info; info depth 14 seldepth 29 multipv 1 score cp 377 nodes 133020 nps 639519 hashfull 63 tbhits 0 time 208 pv c6d4 e2f2 e5e4 b2b4 c5b4 g4g5 b4b3 h6g7 f7g7 h5h6 e4e3 h6g6 g7f8 f2f4
Position; fen rnbqkbnr/pp1p2pp/B3pp2/2p1P3/8/5N2/PPPP1PPP/RNBQK2R b KQkq - 0 1
Moves; b7a6 e1g1 c8b7 b1a3 g8h6 d2d3 h6f7 a3c4 b7f3 d1f3 b8c6 e5f6 d8f6 f3f6 g7f6 c4e3 d7d5 c1d2 a8b8 a1b1 h8g8 a2a3 d5d4 e3c4 f7d6 f2f4 e8d7 f1f3 d6c4 d3c4 a6a5 f3h3 g8g7 g1f2 g7f7 g2g4 e6e5 f2f3 b8e8 b1e1 f7e7 e1e4 d4d3 c2d3 e7f7 f4f5 e8b8 d2c3 d7e8 f3e3 e8e7 e3e2 b8b3 a3a4 c6d4 e2e3 a7a6 h3h5 b3b6 h5h4 e7e8 h2h3 h7h6 h4h5 f7b7 e3f2 b7d7 h3h4 e8f7 e4e3 d7d8 f2f1 d8e8 f1f2 e8e7 e3e4 b6d6 c3a5 d4c6 a5d2 e7b7 d2h6 f8g7 e4e2 d6d3 f2g2
Warning; Bestmove does not match beginning of last PV - move c6d4 from SF_2300
Info; info depth 15 seldepth 28 multipv 1 score cp 446 nodes 149797 nps 668736 hashfull 56 tbhits 0 time 224 pv e5e4 g4g5 e4e3 h5h6 c6d4 h6g6 g7f7 g6f6 f7e7 f6a6 e3f2 f5f6 e7f7 h4h5 f2f1b g2f1 d3f3 f1g1 f3g3 g1h2 g3g5
Position; fen rnbqkbnr/pp1p2pp/B3pp2/2p1P3/8/5N2/PPPP1PPP/RNBQK2R b KQkq - 0 1
Moves; b7a6 e1g1 c8b7 b1a3 g8h6 d2d3 h6f7 a3c4 b7f3 d1f3 b8c6 e5f6 d8f6 f3f6 g7f6 c4e3 d7d5 c1d2 a8b8 a1b1 h8g8 a2a3 d5d4 e3c4 f7d6 f2f4 e8d7 f1f3 d6c4 d3c4 a6a5 f3h3 g8g7 g1f2 g7f7 g2g4 e6e5 f2f3 b8e8 b1e1 f7e7 e1e4 d4d3 c2d3 e7f7 f4f5 e8b8 d2c3 d7e8 f3e3 e8e7 e3e2 b8b3 a3a4 c6d4 e2e3 a7a6 h3h5 b3b6 h5h4 e7e8 h2h3 h7h6 h4h5 f7b7 e3f2 b7d7 h3h4 e8f7 e4e3 d7d8 f2f1 d8e8 f1f2 e8e7 e3e4 b6d6 c3a5 d4c6 a5d2 e7b7 d2h6 f8g7 e4e2 d6d3 f2g2 b7b8 h6g7 f7g7 e2f2
Warning; Bestmove does not match beginning of last PV - move a6a5 from SF_2300
Info; info depth 14 seldepth 31 multipv 1 score cp 443 nodes 137638 nps 698670 hashfull 61 tbhits 0 time 197 pv e5e4 g5g6 e4e3 h5h7 g7g8 f2f1 b8b2 g2g1 e3e2 f1e1 d4f5
Position; fen rnbqkbnr/pp1p2pp/B3pp2/2p1P3/8/5N2/PPPP1PPP/RNBQK2R b KQkq - 0 1
Moves; b7a6 e1g1 c8b7 b1a3 g8h6 d2d3 h6f7 a3c4 b7f3 d1f3 b8c6 e5f6 d8f6 f3f6 g7f6 c4e3 d7d5 c1d2 a8b8 a1b1 h8g8 a2a3 d5d4 e3c4 f7d6 f2f4 e8d7 f1f3 d6c4 d3c4 a6a5 f3h3 g8g7 g1f2 g7f7 g2g4 e6e5 f2f3 b8e8 b1e1 f7e7 e1e4 d4d3 c2d3 e7f7 f4f5 e8b8 d2c3 d7e8 f3e3 e8e7 e3e2 b8b3 a3a4 c6d4 e2e3 a7a6 h3h5 b3b6 h5h4 e7e8 h2h3 h7h6 h4h5 f7b7 e3f2 b7d7 h3h4 e8f7 e4e3 d7d8 f2f1 d8e8 f1f2 e8e7 e3e4 b6d6 c3a5 d4c6 a5d2 e7b7 d2h6 f8g7 e4e2 d6d3 f2g2 b7b8 h6g7 f7g7 e2f2 c6d4 g4g5
Warning; Bestmove does not match beginning of last PV - move d4c2 from SF_2300
Info; info depth 11 seldepth 20 multipv 1 score cp 580 nodes 28407 nps 860818 hashfull 8 tbhits 0 time 33 pv d2f2 f1e1 f2h2 e4e8 g8f7 e8e7 f7f6 e7c7
Position; fen rnbqkbnr/pp1p2pp/B3pp2/2p1P3/8/5N2/PPPP1PPP/RNBQK2R b KQkq - 0 1
Moves; b7a6 e1g1 c8b7 b1a3 g8h6 d2d3 h6f7 a3c4 b7f3 d1f3 b8c6 e5f6 d8f6 f3f6 g7f6 c4e3 d7d5 c1d2 a8b8 a1b1 h8g8 a2a3 d5d4 e3c4 f7d6 f2f4 e8d7 f1f3 d6c4 d3c4 a6a5 f3h3 g8g7 g1f2 g7f7 g2g4 e6e5 f2f3 b8e8 b1e1 f7e7 e1e4 d4d3 c2d3 e7f7 f4f5 e8b8 d2c3 d7e8 f3e3 e8e7 e3e2 b8b3 a3a4 c6d4 e2e3 a7a6 h3h5 b3b6 h5h4 e7e8 h2h3 h7h6 h4h5 f7b7 e3f2 b7d7 h3h4 e8f7 e4e3 d7d8 f2f1 d8e8 f1f2 e8e7 e3e4 b6d6 c3a5 d4c6 a5d2 e7b7 d2h6 f8g7 e4e2 d6d3 f2g2 b7b8 h6g7 f7g7 e2f2 c6d4 g4g5 a6a5 g5f6 g7f6 h5h6 f6f7 h6h7 f7f6 h7h6 f6g7 h6h5 b8g8 h5g5 g7f7 g5g8 f7g8 f5f6 e5e4 f2f4 d3d2 g2f1 e4e3 f4e4
Warning; Bestmove does not match beginning of last PV - move d2h2 from SF_2300
Info; info depth 14 seldepth 23 multipv 1 score cp 606 nodes 62948 nps 1187698 hashfull 23 tbhits 0 time 53 pv h6g7 e5e6 g7f7 e6e5 f7f6 e5e4 f6f5 e4e8 f5f4 e8e7 c2d4 e7f7 f4e4 f7c7 d2f2 f1e1 f2b2 e1d1
Position; fen rnbqkbnr/pp1p2pp/B3pp2/2p1P3/8/5N2/PPPP1PPP/RNBQK2R b KQkq - 0 1
Moves; b7a6 e1g1 c8b7 b1a3 g8h6 d2d3 h6f7 a3c4 b7f3 d1f3 b8c6 e5f6 d8f6 f3f6 g7f6 c4e3 d7d5 c1d2 a8b8 a1b1 h8g8 a2a3 d5d4 e3c4 f7d6 f2f4 e8d7 f1f3 d6c4 d3c4 a6a5 f3h3 g8g7 g1f2 g7f7 g2g4 e6e5 f2f3 b8e8 b1e1 f7e7 e1e4 d4d3 c2d3 e7f7 f4f5 e8b8 d2c3 d7e8 f3e3 e8e7 e3e2 b8b3 a3a4 c6d4 e2e3 a7a6 h3h5 b3b6 h5h4 e7e8 h2h3 h7h6 h4h5 f7b7 e3f2 b7d7 h3h4 e8f7 e4e3 d7d8 f2f1 d8e8 f1f2 e8e7 e3e4 b6d6 c3a5 d4c6 a5d2 e7b7 d2h6 f8g7 e4e2 d6d3 f2g2 b7b8 h6g7 f7g7 e2f2 c6d4 g4g5 a6a5 g5f6 g7f6 h5h6 f6f7 h6h7 f7f6 h7h6 f6g7 h6h5 b8g8 h5g5 g7f7 g5g8 f7g8 f5f6 e5e4 f2f4 d3d2 g2f1 e4e3 f4e4 d4c2 f6f7 g8f8 e4e5 f8f7 h4h5 f7f6 e5e8 f6g5 h5h6 g5h6 e8e5
Warning; Bestmove does not match beginning of last PV - move d2h2 from SF_2300
Info; info depth 12 seldepth 20 multipv 1 score cp 639 nodes 58598 nps 1331772 hashfull 31 tbhits 0 time 44 pv h6g6 b2b4 a5b4
Position; fen rnbqkbnr/pp1p2pp/B3pp2/2p1P3/8/5N2/PPPP1PPP/RNBQK2R b KQkq - 0 1
Moves; b7a6 e1g1 c8b7 b1a3 g8h6 d2d3 h6f7 a3c4 b7f3 d1f3 b8c6 e5f6 d8f6 f3f6 g7f6 c4e3 d7d5 c1d2 a8b8 a1b1 h8g8 a2a3 d5d4 e3c4 f7d6 f2f4 e8d7 f1f3 d6c4 d3c4 a6a5 f3h3 g8g7 g1f2 g7f7 g2g4 e6e5 f2f3 b8e8 b1e1 f7e7 e1e4 d4d3 c2d3 e7f7 f4f5 e8b8 d2c3 d7e8 f3e3 e8e7 e3e2 b8b3 a3a4 c6d4 e2e3 a7a6 h3h5 b3b6 h5h4 e7e8 h2h3 h7h6 h4h5 f7b7 e3f2 b7d7 h3h4 e8f7 e4e3 d7d8 f2f1 d8e8 f1f2 e8e7 e3e4 b6d6 c3a5 d4c6 a5d2 e7b7 d2h6 f8g7 e4e2 d6d3 f2g2 b7b8 h6g7 f7g7 e2f2 c6d4 g4g5 a6a5 g5f6 g7f6 h5h6 f6f7 h6h7 f7f6 h7h6 f6g7 h6h5 b8g8 h5g5 g7f7 g5g8 f7g8 f5f6 e5e4 f2f4 d3d2 g2f1 e4e3 f4e4 d4c2 f6f7 g8f8 e4e5 f8f7 h4h5 f7f6 e5e8 f6g5 h5h6 g5h6 e8e5 d2h2 f1g1 h2d2 g1f1
Warning; Bestmove does not match beginning of last PV - move h2h5 from SF_2300
Info; info depth 13 seldepth 16 multipv 1 score cp 593 nodes 36352 nps 1069176 hashfull 33 tbhits 0 time 34 pv h2e2 g1h1 c2d4 e5e8 h6g5 b2b4 a5b4 e8e5 g5f6 e5e8
Position; fen rnbqkbnr/pp1p2pp/B3pp2/2p1P3/8/5N2/PPPP1PPP/RNBQK2R b KQkq - 0 1
Moves; b7a6 e1g1 c8b7 b1a3 g8h6 d2d3 h6f7 a3c4 b7f3 d1f3 b8c6 e5f6 d8f6 f3f6 g7f6 c4e3 d7d5 c1d2 a8b8 a1b1 h8g8 a2a3 d5d4 e3c4 f7d6 f2f4 e8d7 f1f3 d6c4 d3c4 a6a5 f3h3 g8g7 g1f2 g7f7 g2g4 e6e5 f2f3 b8e8 b1e1 f7e7 e1e4 d4d3 c2d3 e7f7 f4f5 e8b8 d2c3 d7e8 f3e3 e8e7 e3e2 b8b3 a3a4 c6d4 e2e3 a7a6 h3h5 b3b6 h5h4 e7e8 h2h3 h7h6 h4h5 f7b7 e3f2 b7d7 h3h4 e8f7 e4e3 d7d8 f2f1 d8e8 f1f2 e8e7 e3e4 b6d6 c3a5 d4c6 a5d2 e7b7 d2h6 f8g7 e4e2 d6d3 f2g2 b7b8 h6g7 f7g7 e2f2 c6d4 g4g5 a6a5 g5f6 g7f6 h5h6 f6f7 h6h7 f7f6 h7h6 f6g7 h6h5 b8g8 h5g5 g7f7 g5g8 f7g8 f5f6 e5e4 f2f4 d3d2 g2f1 e4e3 f4e4 d4c2 f6f7 g8f8 e4e5 f8f7 h4h5 f7f6 e5e8 f6g5 h5h6 g5h6 e8e5 d2h2 f1g1 h2d2 g1f1 d2h2 f1g1
Warning; Bestmove does not match beginning of last PV - move h5g5 from SF_2300
Info; info depth 12 seldepth 19 multipv 1 score cp 614 nodes 26402 nps 776529 hashfull 15 tbhits 0 time 34 pv h6g6 g1g2 g6f5 e4e8 f5f4 g2g1 c2d4 e8e7 f4f3
Position; fen rnbqkbnr/pp1p2pp/B3pp2/2p1P3/8/5N2/PPPP1PPP/RNBQK2R b KQkq - 0 1
Moves; b7a6 e1g1 c8b7 b1a3 g8h6 d2d3 h6f7 a3c4 b7f3 d1f3 b8c6 e5f6 d8f6 f3f6 g7f6 c4e3 d7d5 c1d2 a8b8 a1b1 h8g8 a2a3 d5d4 e3c4 f7d6 f2f4 e8d7 f1f3 d6c4 d3c4 a6a5 f3h3 g8g7 g1f2 g7f7 g2g4 e6e5 f2f3 b8e8 b1e1 f7e7 e1e4 d4d3 c2d3 e7f7 f4f5 e8b8 d2c3 d7e8 f3e3 e8e7 e3e2 b8b3 a3a4 c6d4 e2e3 a7a6 h3h5 b3b6 h5h4 e7e8 h2h3 h7h6 h4h5 f7b7 e3f2 b7d7 h3h4 e8f7 e4e3 d7d8 f2f1 d8e8 f1f2 e8e7 e3e4 b6d6 c3a5 d4c6 a5d2 e7b7 d2h6 f8g7 e4e2 d6d3 f2g2 b7b8 h6g7 f7g7 e2f2 c6d4 g4g5 a6a5 g5f6 g7f6 h5h6 f6f7 h6h7 f7f6 h7h6 f6g7 h6h5 b8g8 h5g5 g7f7 g5g8 f7g8 f5f6 e5e4 f2f4 d3d2 g2f1 e4e3 f4e4 d4c2 f6f7 g8f8 e4e5 f8f7 h4h5 f7f6 e5e8 f6g5 h5h6 g5h6 e8e5 d2h2 f1g1 h2d2 g1f1 d2h2 f1g1 h2h5 e5e4
Warning; Bestmove does not match beginning of last PV - move g5f5 from SF_2300
Info; info depth 12 seldepth 17 multipv 1 score cp 577 nodes 14041 nps 936066 hashfull 12 tbhits 0 time 15 pv h6g6 b2b4 g6f5 e4e3 c2e3 b4a5 g5g2 h2h1 g2g6 h1h2 e3c4
Position; fen rnbqkbnr/pp1p2pp/B3pp2/2p1P3/8/5N2/PPPP1PPP/RNBQK2R b KQkq - 0 1
Moves; b7a6 e1g1 c8b7 b1a3 g8h6 d2d3 h6f7 a3c4 b7f3 d1f3 b8c6 e5f6 d8f6 f3f6 g7f6 c4e3 d7d5 c1d2 a8b8 a1b1 h8g8 a2a3 d5d4 e3c4 f7d6 f2f4 e8d7 f1f3 d6c4 d3c4 a6a5 f3h3 g8g7 g1f2 g7f7 g2g4 e6e5 f2f3 b8e8 b1e1 f7e7 e1e4 d4d3 c2d3 e7f7 f4f5 e8b8 d2c3 d7e8 f3e3 e8e7 e3e2 b8b3 a3a4 c6d4 e2e3 a7a6 h3h5 b3b6 h5h4 e7e8 h2h3 h7h6 h4h5 f7b7 e3f2 b7d7 h3h4 e8f7 e4e3 d7d8 f2f1 d8e8 f1f2 e8e7 e3e4 b6d6 c3a5 d4c6 a5d2 e7b7 d2h6 f8g7 e4e2 d6d3 f2g2 b7b8 h6g7 f7g7 e2f2 c6d4 g4g5 a6a5 g5f6 g7f6 h5h6 f6f7 h6h7 f7f6 h7h6 f6g7 h6h5 b8g8 h5g5 g7f7 g5g8 f7g8 f5f6 e5e4 f2f4 d3d2 g2f1 e4e3 f4e4 d4c2 f6f7 g8f8 e4e5 f8f7 h4h5 f7f6 e5e8 f6g5 h5h6 g5h6 e8e5 d2h2 f1g1 h2d2 g1f1 d2h2 f1g1 h2h5 e5e4 h5g5 g1h2
Warning; Bestmove does not match beginning of last PV - move h6g6 from SF_2300
Info; info depth 13 seldepth 21 multipv 1 score cp 577 nodes 33706 nps 1123533 hashfull 14 tbhits 0 time 30 pv h6g5 h2g3 g5f6 g3g4 f5e5 e4f4 f6e7
Position; fen rnbqkbnr/pp1p2pp/B3pp2/2p1P3/8/5N2/PPPP1PPP/RNBQK2R b KQkq - 0 1
Moves; b7a6 e1g1 c8b7 b1a3 g8h6 d2d3 h6f7 a3c4 b7f3 d1f3 b8c6 e5f6 d8f6 f3f6 g7f6 c4e3 d7d5 c1d2 a8b8 a1b1 h8g8 a2a3 d5d4 e3c4 f7d6 f2f4 e8d7 f1f3 d6c4 d3c4 a6a5 f3h3 g8g7 g1f2 g7f7 g2g4 e6e5 f2f3 b8e8 b1e1 f7e7 e1e4 d4d3 c2d3 e7f7 f4f5 e8b8 d2c3 d7e8 f3e3 e8e7 e3e2 b8b3 a3a4 c6d4 e2e3 a7a6 h3h5 b3b6 h5h4 e7e8 h2h3 h7h6 h4h5 f7b7 e3f2 b7d7 h3h4 e8f7 e4e3 d7d8 f2f1 d8e8 f1f2 e8e7 e3e4 b6d6 c3a5 d4c6 a5d2 e7b7 d2h6 f8g7 e4e2 d6d3 f2g2 b7b8 h6g7 f7g7 e2f2 c6d4 g4g5 a6a5 g5f6 g7f6 h5h6 f6f7 h6h7 f7f6 h7h6 f6g7 h6h5 b8g8 h5g5 g7f7 g5g8 f7g8 f5f6 e5e4 f2f4 d3d2 g2f1 e4e3 f4e4 d4c2 f6f7 g8f8 e4e5 f8f7 h4h5 f7f6 e5e8 f6g5 h5h6 g5h6 e8e5 d2h2 f1g1 h2d2 g1f1 d2h2 f1g1 h2h5 e5e4 h5g5 g1h2 g5f5 b2b3
Warning; Bestmove does not match beginning of last PV - move g6h5 from SF_2300
Info; info depth 13 seldepth 17 multipv 1 score cp 601 nodes 27546 nps 1020222 hashfull 17 tbhits 0 time 27 pv g6f7 b3b4 c5b4 c4c5 f5c5 g1f1 f7f6 f1e2 f6f5 e4e8 c5e5
Position; fen rnbqkbnr/pp1p2pp/B3pp2/2p1P3/8/5N2/PPPP1PPP/RNBQK2R b KQkq - 0 1
Moves; b7a6 e1g1 c8b7 b1a3 g8h6 d2d3 h6f7 a3c4 b7f3 d1f3 b8c6 e5f6 d8f6 f3f6 g7f6 c4e3 d7d5 c1d2 a8b8 a1b1 h8g8 a2a3 d5d4 e3c4 f7d6 f2f4 e8d7 f1f3 d6c4 d3c4 a6a5 f3h3 g8g7 g1f2 g7f7 g2g4 e6e5 f2f3 b8e8 b1e1 f7e7 e1e4 d4d3 c2d3 e7f7 f4f5 e8b8 d2c3 d7e8 f3e3 e8e7 e3e2 b8b3 a3a4 c6d4 e2e3 a7a6 h3h5 b3b6 h5h4 e7e8 h2h3 h7h6 h4h5 f7b7 e3f2 b7d7 h3h4 e8f7 e4e3 d7d8 f2f1 d8e8 f1f2 e8e7 e3e4 b6d6 c3a5 d4c6 a5d2 e7b7 d2h6 f8g7 e4e2 d6d3 f2g2 b7b8 h6g7 f7g7 e2f2 c6d4 g4g5 a6a5 g5f6 g7f6 h5h6 f6f7 h6h7 f7f6 h7h6 f6g7 h6h5 b8g8 h5g5 g7f7 g5g8 f7g8 f5f6 e5e4 f2f4 d3d2 g2f1 e4e3 f4e4 d4c2 f6f7 g8f8 e4e5 f8f7 h4h5 f7f6 e5e8 f6g5 h5h6 g5h6 e8e5 d2h2 f1g1 h2d2 g1f1 d2h2 f1g1 h2h5 e5e4 h5g5 g1h2 g5f5 b2b3 h6g6 h2g1
Warning; Bestmove does not match beginning of last PV - move h5g5 from SF_2300
Info; info depth 12 seldepth 16 multipv 1 score cp 608 nodes 20250 nps 920454 hashfull 22 tbhits 0 time 22 pv h5g4 g1g2 g4f4 e7e6 f5f7 e6a6 e3e2 a6e6 f7g7 g2f2 e2e1q e6e1 c2e1
Position; fen rnbqkbnr/pp1p2pp/B3pp2/2p1P3/8/5N2/PPPP1PPP/RNBQK2R b KQkq - 0 1
Moves; b7a6 e1g1 c8b7 b1a3 g8h6 d2d3 h6f7 a3c4 b7f3 d1f3 b8c6 e5f6 d8f6 f3f6 g7f6 c4e3 d7d5 c1d2 a8b8 a1b1 h8g8 a2a3 d5d4 e3c4 f7d6 f2f4 e8d7 f1f3 d6c4 d3c4 a6a5 f3h3 g8g7 g1f2 g7f7 g2g4 e6e5 f2f3 b8e8 b1e1 f7e7 e1e4 d4d3 c2d3 e7f7 f4f5 e8b8 d2c3 d7e8 f3e3 e8e7 e3e2 b8b3 a3a4 c6d4 e2e3 a7a6 h3h5 b3b6 h5h4 e7e8 h2h3 h7h6 h4h5 f7b7 e3f2 b7d7 h3h4 e8f7 e4e3 d7d8 f2f1 d8e8 f1f2 e8e7 e3e4 b6d6 c3a5 d4c6 a5d2 e7b7 d2h6 f8g7 e4e2 d6d3 f2g2 b7b8 h6g7 f7g7 e2f2 c6d4 g4g5 a6a5 g5f6 g7f6 h5h6 f6f7 h6h7 f7f6 h7h6 f6g7 h6h5 b8g8 h5g5 g7f7 g5g8 f7g8 f5f6 e5e4 f2f4 d3d2 g2f1 e4e3 f4e4 d4c2 f6f7 g8f8 e4e5 f8f7 h4h5 f7f6 e5e8 f6g5 h5h6 g5h6 e8e5 d2h2 f1g1 h2d2 g1f1 d2h2 f1g1 h2h5 e5e4 h5g5 g1h2 g5f5 b2b3 h6g6 h2g1 g6h5 e4e7
Warning; Bestmove does not match beginning of last PV - move f6g7 from SF_2300
Info; info depth 12 seldepth 18 multipv 1 score cp 650 nodes 17148 nps 1143200 hashfull 55 tbhits 0 time 15 pv f5e5 e4e5 f6e5 g2f3 e5d4 b3b4 c5b4 c4c5 d4c5 f3e2 c5d4 e2d1 d4e4 d1c2
Position; fen rnbqkbnr/pp1p2pp/B3pp2/2p1P3/8/5N2/PPPP1PPP/RNBQK2R b KQkq - 0 1
Moves; b7a6 e1g1 c8b7 b1a3 g8h6 d2d3 h6f7 a3c4 b7f3 d1f3 b8c6 e5f6 d8f6 f3f6 g7f6 c4e3 d7d5 c1d2 a8b8 a1b1 h8g8 a2a3 d5d4 e3c4 f7d6 f2f4 e8d7 f1f3 d6c4 d3c4 a6a5 f3h3 g8g7 g1f2 g7f7 g2g4 e6e5 f2f3 b8e8 b1e1 f7e7 e1e4 d4d3 c2d3 e7f7 f4f5 e8b8 d2c3 d7e8 f3e3 e8e7 e3e2 b8b3 a3a4 c6d4 e2e3 a7a6 h3h5 b3b6 h5h4 e7e8 h2h3 h7h6 h4h5 f7b7 e3f2 b7d7 h3h4 e8f7 e4e3 d7d8 f2f1 d8e8 f1f2 e8e7 e3e4 b6d6 c3a5 d4c6 a5d2 e7b7 d2h6 f8g7 e4e2 d6d3 f2g2 b7b8 h6g7 f7g7 e2f2 c6d4 g4g5 a6a5 g5f6 g7f6 h5h6 f6f7 h6h7 f7f6 h7h6 f6g7 h6h5 b8g8 h5g5 g7f7 g5g8 f7g8 f5f6 e5e4 f2f4 d3d2 g2f1 e4e3 f4e4 d4c2 f6f7 g8f8 e4e5 f8f7 h4h5 f7f6 e5e8 f6g5 h5h6 g5h6 e8e5 d2h2 f1g1 h2d2 g1f1 d2h2 f1g1 h2h5 e5e4 h5g5 g1h2 g5f5 b2b3 h6g6 h2g1 g6h5 e4e7 h5g5 e7e4 g5f6 g1g2
Warning; Bestmove does not match beginning of last PV - move d4e4 from SF_2300
Info; info depth 10 seldepth 16 multipv 1 score cp 747 nodes 5533 nps 1383250 hashfull 50 tbhits 0 time 4 pv c2b4 e2f3 d4d3 f3g4 d3e4 g4g3 b4c2 b3b4 c5b4
Position; fen rnbqkbnr/pp1p2pp/B3pp2/2p1P3/8/5N2/PPPP1PPP/RNBQK2R b KQkq - 0 1
Moves; b7a6 e1g1 c8b7 b1a3 g8h6 d2d3 h6f7 a3c4 b7f3 d1f3 b8c6 e5f6 d8f6 f3f6 g7f6 c4e3 d7d5 c1d2 a8b8 a1b1 h8g8 a2a3 d5d4 e3c4 f7d6 f2f4 e8d7 f1f3 d6c4 d3c4 a6a5 f3h3 g8g7 g1f2 g7f7 g2g4 e6e5 f2f3 b8e8 b1e1 f7e7 e1e4 d4d3 c2d3 e7f7 f4f5 e8b8 d2c3 d7e8 f3e3 e8e7 e3e2 b8b3 a3a4 c6d4 e2e3 a7a6 h3h5 b3b6 h5h4 e7e8 h2h3 h7h6 h4h5 f7b7 e3f2 b7d7 h3h4 e8f7 e4e3 d7d8 f2f1 d8e8 f1f2 e8e7 e3e4 b6d6 c3a5 d4c6 a5d2 e7b7 d2h6 f8g7 e4e2 d6d3 f2g2 b7b8 h6g7 f7g7 e2f2 c6d4 g4g5 a6a5 g5f6 g7f6 h5h6 f6f7 h6h7 f7f6 h7h6 f6g7 h6h5 b8g8 h5g5 g7f7 g5g8 f7g8 f5f6 e5e4 f2f4 d3d2 g2f1 e4e3 f4e4 d4c2 f6f7 g8f8 e4e5 f8f7 h4h5 f7f6 e5e8 f6g5 h5h6 g5h6 e8e5 d2h2 f1g1 h2d2 g1f1 d2h2 f1g1 h2h5 e5e4 h5g5 g1h2 g5f5 b2b3 h6g6 h2g1 g6h5 e4e7 h5g5 e7e4 g5f6 g1g2 f6g7 g2g1 g7f6 g1g2 f5e5 e4e5 f6e5 g2f3 e5d4 f3e2
Warning; Bestmove does not match beginning of last PV - move c2b4 from SF_2300
Info; info depth 9 seldepth 12 multipv 1 score cp 710 nodes 3075 nps 1537500 hashfull 85 tbhits 0 time 2 pv c5b4 c4c5 c2d4 e2f1 e4d3 f1g2 d3d2 g2h2 e3e2 c5c6 d4c6
Position; fen rnbqkbnr/pp1p2pp/B3pp2/2p1P3/8/5N2/PPPP1PPP/RNBQK2R b KQkq - 0 1
Moves; b7a6 e1g1 c8b7 b1a3 g8h6 d2d3 h6f7 a3c4 b7f3 d1f3 b8c6 e5f6 d8f6 f3f6 g7f6 c4e3 d7d5 c1d2 a8b8 a1b1 h8g8 a2a3 d5d4 e3c4 f7d6 f2f4 e8d7 f1f3 d6c4 d3c4 a6a5 f3h3 g8g7 g1f2 g7f7 g2g4 e6e5 f2f3 b8e8 b1e1 f7e7 e1e4 d4d3 c2d3 e7f7 f4f5 e8b8 d2c3 d7e8 f3e3 e8e7 e3e2 b8b3 a3a4 c6d4 e2e3 a7a6 h3h5 b3b6 h5h4 e7e8 h2h3 h7h6 h4h5 f7b7 e3f2 b7d7 h3h4 e8f7 e4e3 d7d8 f2f1 d8e8 f1f2 e8e7 e3e4 b6d6 c3a5 d4c6 a5d2 e7b7 d2h6 f8g7 e4e2 d6d3 f2g2 b7b8 h6g7 f7g7 e2f2 c6d4 g4g5 a6a5 g5f6 g7f6 h5h6 f6f7 h6h7 f7f6 h7h6 f6g7 h6h5 b8g8 h5g5 g7f7 g5g8 f7g8 f5f6 e5e4 f2f4 d3d2 g2f1 e4e3 f4e4 d4c2 f6f7 g8f8 e4e5 f8f7 h4h5 f7f6 e5e8 f6g5 h5h6 g5h6 e8e5 d2h2 f1g1 h2d2 g1f1 d2h2 f1g1 h2h5 e5e4 h5g5 g1h2 g5f5 b2b3 h6g6 h2g1 g6h5 e4e7 h5g5 e7e4 g5f6 g1g2 f6g7 g2g1 g7f6 g1g2 f5e5 e4e5 f6e5 g2f3 e5d4 f3e2 d4e4 b3b4
Warning; Bestmove does not match beginning of last PV - move b4a2 from SF_2300
Info; info depth 29 seldepth 22 multipv 1 score mate 11 nodes 241884 nps 2394891 hashfull 52 tbhits 0 time 101 pv d3c4 g1g2 c4d3 g2h2 e3e2 h2g3 e2e1q g3f4 c5c4 f4f5 c4c3 f5g5 c3c2 g5f5 c2c1q f5g4 e1f1 g4h5 f1g1 h5h4 c1h6
Position; fen rnbqkbnr/pp1p2pp/B3pp2/2p1P3/8/5N2/PPPP1PPP/RNBQK2R b KQkq - 0 1
Moves; b7a6 e1g1 c8b7 b1a3 g8h6 d2d3 h6f7 a3c4 b7f3 d1f3 b8c6 e5f6 d8f6 f3f6 g7f6 c4e3 d7d5 c1d2 a8b8 a1b1 h8g8 a2a3 d5d4 e3c4 f7d6 f2f4 e8d7 f1f3 d6c4 d3c4 a6a5 f3h3 g8g7 g1f2 g7f7 g2g4 e6e5 f2f3 b8e8 b1e1 f7e7 e1e4 d4d3 c2d3 e7f7 f4f5 e8b8 d2c3 d7e8 f3e3 e8e7 e3e2 b8b3 a3a4 c6d4 e2e3 a7a6 h3h5 b3b6 h5h4 e7e8 h2h3 h7h6 h4h5 f7b7 e3f2 b7d7 h3h4 e8f7 e4e3 d7d8 f2f1 d8e8 f1f2 e8e7 e3e4 b6d6 c3a5 d4c6 a5d2 e7b7 d2h6 f8g7 e4e2 d6d3 f2g2 b7b8 h6g7 f7g7 e2f2 c6d4 g4g5 a6a5 g5f6 g7f6 h5h6 f6f7 h6h7 f7f6 h7h6 f6g7 h6h5 b8g8 h5g5 g7f7 g5g8 f7g8 f5f6 e5e4 f2f4 d3d2 g2f1 e4e3 f4e4 d4c2 f6f7 g8f8 e4e5 f8f7 h4h5 f7f6 e5e8 f6g5 h5h6 g5h6 e8e5 d2h2 f1g1 h2d2 g1f1 d2h2 f1g1 h2h5 e5e4 h5g5 g1h2 g5f5 b2b3 h6g6 h2g1 g6h5 e4e7 h5g5 e7e4 g5f6 g1g2 f6g7 g2g1 g7f6 g1g2 f5e5 e4e5 f6e5 g2f3 e5d4 f3e2 d4e4 b3b4 c2b4 e2f1 e4d3 f1g1
Warning; Bestmove does not match beginning of last PV - move d3d2 from SF_2300
Info; info depth 33 seldepth 26 multipv 1 score mate 13 nodes 236453 nps 2488978 hashfull 66 tbhits 0 time 95 pv a2b4 f1g2 d3c4 g2f3 c4d3 f3f4 e3e2 f4e5 e2e1q e5d6 c5c4 d6c5 c4c3 c5b6 e1e5 b6b7 c3c2 b7b6 c2c1q b6a7 e5e7 a7b8 c1f4 b8c8 f4f8
Position; fen rnbqkbnr/pp1p2pp/B3pp2/2p1P3/8/5N2/PPPP1PPP/RNBQK2R b KQkq - 0 1
Moves; b7a6 e1g1 c8b7 b1a3 g8h6 d2d3 h6f7 a3c4 b7f3 d1f3 b8c6 e5f6 d8f6 f3f6 g7f6 c4e3 d7d5 c1d2 a8b8 a1b1 h8g8 a2a3 d5d4 e3c4 f7d6 f2f4 e8d7 f1f3 d6c4 d3c4 a6a5 f3h3 g8g7 g1f2 g7f7 g2g4 e6e5 f2f3 b8e8 b1e1 f7e7 e1e4 d4d3 c2d3 e7f7 f4f5 e8b8 d2c3 d7e8 f3e3 e8e7 e3e2 b8b3 a3a4 c6d4 e2e3 a7a6 h3h5 b3b6 h5h4 e7e8 h2h3 h7h6 h4h5 f7b7 e3f2 b7d7 h3h4 e8f7 e4e3 d7d8 f2f1 d8e8 f1f2 e8e7 e3e4 b6d6 c3a5 d4c6 a5d2 e7b7 d2h6 f8g7 e4e2 d6d3 f2g2 b7b8 h6g7 f7g7 e2f2 c6d4 g4g5 a6a5 g5f6 g7f6 h5h6 f6f7 h6h7 f7f6 h7h6 f6g7 h6h5 b8g8 h5g5 g7f7 g5g8 f7g8 f5f6 e5e4 f2f4 d3d2 g2f1 e4e3 f4e4 d4c2 f6f7 g8f8 e4e5 f8f7 h4h5 f7f6 e5e8 f6g5 h5h6 g5h6 e8e5 d2h2 f1g1 h2d2 g1f1 d2h2 f1g1 h2h5 e5e4 h5g5 g1h2 g5f5 b2b3 h6g6 h2g1 g6h5 e4e7 h5g5 e7e4 g5f6 g1g2 f6g7 g2g1 g7f6 g1g2 f5e5 e4e5 f6e5 g2f3 e5d4 f3e2 d4e4 b3b4 c2b4 e2f1 e4d3 f1g1 b4a2 g1f1
Warning; Bestmove does not match beginning of last PV - move d2d3 from SF_2300
Info; info depth 30 seldepth 24 multipv 1 score mate 12 nodes 595913 nps 2708695 hashfull 79 tbhits 0 time 220 pv e3e2 g2f3 e2e1q f3f4 d2d3 f4g5 d3c4 g5g4 c4d3 g4f3 c5c4 f3g4 c4c3 g4g5 c3c2 g5g4 c2c1q g4f3 c1h6 f3g4 e1g1 g4f5 g1g5
Position; fen rnbqkbnr/pp1p2pp/B3pp2/2p1P3/8/5N2/PPPP1PPP/RNBQK2R b KQkq - 0 1
Moves; b7a6 e1g1 c8b7 b1a3 g8h6 d2d3 h6f7 a3c4 b7f3 d1f3 b8c6 e5f6 d8f6 f3f6 g7f6 c4e3 d7d5 c1d2 a8b8 a1b1 h8g8 a2a3 d5d4 e3c4 f7d6 f2f4 e8d7 f1f3 d6c4 d3c4 a6a5 f3h3 g8g7 g1f2 g7f7 g2g4 e6e5 f2f3 b8e8 b1e1 f7e7 e1e4 d4d3 c2d3 e7f7 f4f5 e8b8 d2c3 d7e8 f3e3 e8e7 e3e2 b8b3 a3a4 c6d4 e2e3 a7a6 h3h5 b3b6 h5h4 e7e8 h2h3 h7h6 h4h5 f7b7 e3f2 b7d7 h3h4 e8f7 e4e3 d7d8 f2f1 d8e8 f1f2 e8e7 e3e4 b6d6 c3a5 d4c6 a5d2 e7b7 d2h6 f8g7 e4e2 d6d3 f2g2 b7b8 h6g7 f7g7 e2f2 c6d4 g4g5 a6a5 g5f6 g7f6 h5h6 f6f7 h6h7 f7f6 h7h6 f6g7 h6h5 b8g8 h5g5 g7f7 g5g8 f7g8 f5f6 e5e4 f2f4 d3d2 g2f1 e4e3 f4e4 d4c2 f6f7 g8f8 e4e5 f8f7 h4h5 f7f6 e5e8 f6g5 h5h6 g5h6 e8e5 d2h2 f1g1 h2d2 g1f1 d2h2 f1g1 h2h5 e5e4 h5g5 g1h2 g5f5 b2b3 h6g6 h2g1 g6h5 e4e7 h5g5 e7e4 g5f6 g1g2 f6g7 g2g1 g7f6 g1g2 f5e5 e4e5 f6e5 g2f3 e5d4 f3e2 d4e4 b3b4 c2b4 e2f1 e4d3 f1g1 b4a2 g1f1 d3d2 f1g2
Warning; PV continues after threefold repetition - move h2g1 from HiveChess
Info; info depth 64 score cp 0 nodes 27563 pv g2f1 e3e2 f1e1 a2c3 e1f2 d3d2 f2g3 e2e1q g3h3 c3a4 h3h2 e1e2 h2g1 e2d1 g1h2 d1e2 h2g1 e2d1 g1h2 d1e2 h2g1 e2d1 g1h2 d1e2 h2g1 e2d1 g1h2 d1e2 h2g1 e2d1 g1h2 d1e2 h2g1 e2d1 g1h2 d1e2 h2g1 e2d1 g1h2 d1e2 h2g1 e2d1 g1h2 d1e2 h2g1 e2d1 g1h2 d1e2 h2g1 e2d1 g1h2 d1e2 h2g1 e2d1 g1h2 d1e2 h2g1 e2d1 g1h2 d1e2 h2g1 e2d1 g1h2 d1e2
Position; fen rnbqkbnr/pp1p2pp/B3pp2/2p1P3/8/5N2/PPPP1PPP/RNBQK2R b KQkq - 0 1
Moves; b7a6 e1g1 c8b7 b1a3 g8h6 d2d3 h6f7 a3c4 b7f3 d1f3 b8c6 e5f6 d8f6 f3f6 g7f6 c4e3 d7d5 c1d2 a8b8 a1b1 h8g8 a2a3 d5d4 e3c4 f7d6 f2f4 e8d7 f1f3 d6c4 d3c4 a6a5 f3h3 g8g7 g1f2 g7f7 g2g4 e6e5 f2f3 b8e8 b1e1 f7e7 e1e4 d4d3 c2d3 e7f7 f4f5 e8b8 d2c3 d7e8 f3e3 e8e7 e3e2 b8b3 a3a4 c6d4 e2e3 a7a6 h3h5 b3b6 h5h4 e7e8 h2h3 h7h6 h4h5 f7b7 e3f2 b7d7 h3h4 e8f7 e4e3 d7d8 f2f1 d8e8 f1f2 e8e7 e3e4 b6d6 c3a5 d4c6 a5d2 e7b7 d2h6 f8g7 e4e2 d6d3 f2g2 b7b8 h6g7 f7g7 e2f2 c6d4 g4g5 a6a5 g5f6 g7f6 h5h6 f6f7 h6h7 f7f6 h7h6 f6g7 h6h5 b8g8 h5g5 g7f7 g5g8 f7g8 f5f6 e5e4 f2f4 d3d2 g2f1 e4e3 f4e4 d4c2 f6f7 g8f8 e4e5 f8f7 h4h5 f7f6 e5e8 f6g5 h5h6 g5h6 e8e5 d2h2 f1g1 h2d2 g1f1 d2h2 f1g1 h2h5 e5e4 h5g5 g1h2 g5f5 b2b3 h6g6 h2g1 g6h5 e4e7 h5g5 e7e4 g5f6 g1g2 f6g7 g2g1 g7f6 g1g2 f5e5 e4e5 f6e5 g2f3 e5d4 f3e2 d4e4 b3b4 c2b4 e2f1 e4d3 f1g1 b4a2 g1f1 d3d2 f1g2 d2d3
Warning; Bestmove does not match beginning of last PV - move e3e2 from SF_2300
Info; info depth 34 seldepth 24 multipv 1 score mate 12 nodes 185752 nps 2351291 hashfull 30 tbhits 0 time 79 pv d3c4 e1d1 c4d3 d1e1 e3e2 e1f2 c5c4 f2e1 c1a2 e1f2 c4c3 f2f3 e2e1q f3f4 c3c2 f4f3 c2c1q f3g4 c1h6 g4f3 e1f1 f3g3 h6f4
Position; fen rnbqkbnr/pp1p2pp/B3pp2/2p1P3/8/5N2/PPPP1PPP/RNBQK2R b KQkq - 0 1
Moves; b7a6 e1g1 c8b7 b1a3 g8h6 d2d3 h6f7 a3c4 b7f3 d1f3 b8c6 e5f6 d8f6 f3f6 g7f6 c4e3 d7d5 c1d2 a8b8 a1b1 h8g8 a2a3 d5d4 e3c4 f7d6 f2f4 e8d7 f1f3 d6c4 d3c4 a6a5 f3h3 g8g7 g1f2 g7f7 g2g4 e6e5 f2f3 b8e8 b1e1 f7e7 e1e4 d4d3 c2d3 e7f7 f4f5 e8b8 d2c3 d7e8 f3e3 e8e7 e3e2 b8b3 a3a4 c6d4 e2e3 a7a6 h3h5 b3b6 h5h4 e7e8 h2h3 h7h6 h4h5 f7b7 e3f2 b7d7 h3h4 e8f7 e4e3 d7d8 f2f1 d8e8 f1f2 e8e7 e3e4 b6d6 c3a5 d4c6 a5d2 e7b7 d2h6 f8g7 e4e2 d6d3 f2g2 b7b8 h6g7 f7g7 e2f2 c6d4 g4g5 a6a5 g5f6 g7f6 h5h6 f6f7 h6h7 f7f6 h7h6 f6g7 h6h5 b8g8 h5g5 g7f7 g5g8 f7g8 f5f6 e5e4 f2f4 d3d2 g2f1 e4e3 f4e4 d4c2 f6f7 g8f8 e4e5 f8f7 h4h5 f7f6 e5e8 f6g5 h5h6 g5h6 e8e5 d2h2 f1g1 h2d2 g1f1 d2h2 f1g1 h2h5 e5e4 h5g5 g1h2 g5f5 b2b3 h6g6 h2g1 g6h5 e4e7 h5g5 e7e4 g5f6 g1g2 f6g7 g2g1 g7f6 g1g2 f5e5 e4e5 f6e5 g2f3 e5d4 f3e2 d4e4 b3b4 c2b4 e2f1 e4d3 f1g1 b4a2 g1f1 d3d2 f1g2 d2d3 g2f1 a2c1 f1e1
Warning; Bestmove does not match beginning of last PV - move d3d2 from SF_2300
Info; info depth 31 seldepth 22 multipv 1 score mate 11 nodes 336963 nps 2955815 hashfull 47 tbhits 0 time 114 pv c1b3 f2e1 b3d4 e1f2 d3c4 f2g3 c4d3 g3f2 c5c4 f2e1 c4c3 e1f2 c3c2 f2g3 c2c1q g3g4 e2e1q g4h3 c1h6 h3g2 h6h1
Position; fen rnbqkbnr/pp1p2pp/B3pp2/2p1P3/8/5N2/PPPP1PPP/RNBQK2R b KQkq - 0 1
Moves; b7a6 e1g1 c8b7 b1a3 g8h6 d2d3 h6f7 a3c4 b7f3 d1f3 b8c6 e5f6 d8f6 f3f6 g7f6 c4e3 d7d5 c1d2 a8b8 a1b1 h8g8 a2a3 d5d4 e3c4 f7d6 f2f4 e8d7 f1f3 d6c4 d3c4 a6a5 f3h3 g8g7 g1f2 g7f7 g2g4 e6e5 f2f3 b8e8 b1e1 f7e7 e1e4 d4d3 c2d3 e7f7 f4f5 e8b8 d2c3 d7e8 f3e3 e8e7 e3e2 b8b3 a3a4 c6d4 e2e3 a7a6 h3h5 b3b6 h5h4 e7e8 h2h3 h7h6 h4h5 f7b7 e3f2 b7d7 h3h4 e8f7 e4e3 d7d8 f2f1 d8e8 f1f2 e8e7 e3e4 b6d6 c3a5 d4c6 a5d2 e7b7 d2h6 f8g7 e4e2 d6d3 f2g2 b7b8 h6g7 f7g7 e2f2 c6d4 g4g5 a6a5 g5f6 g7f6 h5h6 f6f7 h6h7 f7f6 h7h6 f6g7 h6h5 b8g8 h5g5 g7f7 g5g8 f7g8 f5f6 e5e4 f2f4 d3d2 g2f1 e4e3 f4e4 d4c2 f6f7 g8f8 e4e5 f8f7 h4h5 f7f6 e5e8 f6g5 h5h6 g5h6 e8e5 d2h2 f1g1 h2d2 g1f1 d2h2 f1g1 h2h5 e5e4 h5g5 g1h2 g5f5 b2b3 h6g6 h2g1 g6h5 e4e7 h5g5 e7e4 g5f6 g1g2 f6g7 g2g1 g7f6 g1g2 f5e5 e4e5 f6e5 g2f3 e5d4 f3e2 d4e4 b3b4 c2b4 e2f1 e4d3 f1g1 b4a2 g1f1 d3d2 f1g2 d2d3 g2f1 a2c1 f1e1 e3e2 e1f2
Warning; Bestmove does not match beginning of last PV - move d2c3 from SF_2300
Info; info depth 17 seldepth 24 multipv 1 score mate 11 nodes 594737 nps 3398497 hashfull 46 tbhits 0 time 175 pv d2d3 f4g5 d3c4 g5f4 c4d3 f4g4 c5c4 g4f3 c4c3 f3f4 c3c2 f4f3 c1b3 f3g2 c2c1q g2f3 e1f1 f3g4 f1f4 g4h3 c1f1
Position; fen rnbqkbnr/pp1p2pp/B3pp2/2p1P3/8/5N2/PPPP1PPP/RNBQK2R b KQkq - 0 1
Moves; b7a6 e1g1 c8b7 b1a3 g8h6 d2d3 h6f7 a3c4 b7f3 d1f3 b8c6 e5f6 d8f6 f3f6 g7f6 c4e3 d7d5 c1d2 a8b8 a1b1 h8g8 a2a3 d5d4 e3c4 f7d6 f2f4 e8d7 f1f3 d6c4 d3c4 a6a5 f3h3 g8g7 g1f2 g7f7 g2g4 e6e5 f2f3 b8e8 b1e1 f7e7 e1e4 d4d3 c2d3 e7f7 f4f5 e8b8 d2c3 d7e8 f3e3 e8e7 e3e2 b8b3 a3a4 c6d4 e2e3 a7a6 h3h5 b3b6 h5h4 e7e8 h2h3 h7h6 h4h5 f7b7 e3f2 b7d7 h3h4 e8f7 e4e3 d7d8 f2f1 d8e8 f1f2 e8e7 e3e4 b6d6 c3a5 d4c6 a5d2 e7b7 d2h6 f8g7 e4e2 d6d3 f2g2 b7b8 h6g7 f7g7 e2f2 c6d4 g4g5 a6a5 g5f6 g7f6 h5h6 f6f7 h6h7 f7f6 h7h6 f6g7 h6h5 b8g8 h5g5 g7f7 g5g8 f7g8 f5f6 e5e4 f2f4 d3d2 g2f1 e4e3 f4e4 d4c2 f6f7 g8f8 e4e5 f8f7 h4h5 f7f6 e5e8 f6g5 h5h6 g5h6 e8e5 d2h2 f1g1 h2d2 g1f1 d2h2 f1g1 h2h5 e5e4 h5g5 g1h2 g5f5 b2b3 h6g6 h2g1 g6h5 e4e7 h5g5 e7e4 g5f6 g1g2 f6g7 g2g1 g7f6 g1g2 f5e5 e4e5 f6e5 g2f3 e5d4 f3e2 d4e4 b3b4 c2b4 e2f1 e4d3 f1g1 b4a2 g1f1 d3d2 f1g2 d2d3 g2f1 a2c1 f1e1 e3e2 e1f2 d3d2 f2f3 e2e1q f3f4
Warning; Bestmove does not match beginning of last PV - move c3c4 from SF_2300
Info; info depth 25 seldepth 16 multipv 1 score mate 8 nodes 770136 nps 2973498 hashfull 66 tbhits 0 time 259 pv c1b3 f5g5 e1e6 g5f4 b3d4 f4g3 e6f5 g3h4 f5g6 h4h3 c3d3 h3h2 d4e2 h2h1 g6g1
Position; fen rnbqkbnr/pp1p2pp/B3pp2/2p1P3/8/5N2/PPPP1PPP/RNBQK2R b KQkq - 0 1
Moves; b7a6 e1g1 c8b7 b1a3 g8h6 d2d3 h6f7 a3c4 b7f3 d1f3 b8c6 e5f6 d8f6 f3f6 g7f6 c4e3 d7d5 c1d2 a8b8 a1b1 h8g8 a2a3 d5d4 e3c4 f7d6 f2f4 e8d7 f1f3 d6c4 d3c4 a6a5 f3h3 g8g7 g1f2 g7f7 g2g4 e6e5 f2f3 b8e8 b1e1 f7e7 e1e4 d4d3 c2d3 e7f7 f4f5 e8b8 d2c3 d7e8 f3e3 e8e7 e3e2 b8b3 a3a4 c6d4 e2e3 a7a6 h3h5 b3b6 h5h4 e7e8 h2h3 h7h6 h4h5 f7b7 e3f2 b7d7 h3h4 e8f7 e4e3 d7d8 f2f1 d8e8 f1f2 e8e7 e3e4 b6d6 c3a5 d4c6 a5d2 e7b7 d2h6 f8g7 e4e2 d6d3 f2g2 b7b8 h6g7 f7g7 e2f2 c6d4 g4g5 a6a5 g5f6 g7f6 h5h6 f6f7 h6h7 f7f6 h7h6 f6g7 h6h5 b8g8 h5g5 g7f7 g5g8 f7g8 f5f6 e5e4 f2f4 d3d2 g2f1 e4e3 f4e4 d4c2 f6f7 g8f8 e4e5 f8f7 h4h5 f7f6 e5e8 f6g5 h5h6 g5h6 e8e5 d2h2 f1g1 h2d2 g1f1 d2h2 f1g1 h2h5 e5e4 h5g5 g1h2 g5f5 b2b3 h6g6 h2g1 g6h5 e4e7 h5g5 e7e4 g5f6 g1g2 f6g7 g2g1 g7f6 g1g2 f5e5 e4e5 f6e5 g2f3 e5d4 f3e2 d4e4 b3b4 c2b4 e2f1 e4d3 f1g1 b4a2 g1f1 d3d2 f1g2 d2d3 g2f1 a2c1 f1e1 e3e2 e1f2 d3d2 f2f3 e2e1q f3f4 d2c3 f4f5
Warning; Bestmove does not match beginning of last PV - move e1f1 from SF_2300
Info; info depth 24 seldepth 12 multipv 1 score mate 6 nodes 250527 nps 2432300 hashfull 30 tbhits 0 time 103 pv e1e5 g6f7 b3d4 f7g6 e5f5 g6g7 d4e6 g7h8 f5f8 h8h7 f8g7
Position; fen rnbqkbnr/pp1p2pp/B3pp2/2p1P3/8/5N2/PPPP1PPP/RNBQK2R b KQkq - 0 1
Moves; b7a6 e1g1 c8b7 b1a3 g8h6 d2d3 h6f7 a3c4 b7f3 d1f3 b8c6 e5f6 d8f6 f3f6 g7f6 c4e3 d7d5 c1d2 a8b8 a1b1 h8g8 a2a3 d5d4 e3c4 f7d6 f2f4 e8d7 f1f3 d6c4 d3c4 a6a5 f3h3 g8g7 g1f2 g7f7 g2g4 e6e5 f2f3 b8e8 b1e1 f7e7 e1e4 d4d3 c2d3 e7f7 f4f5 e8b8 d2c3 d7e8 f3e3 e8e7 e3e2 b8b3 a3a4 c6d4 e2e3 a7a6 h3h5 b3b6 h5h4 e7e8 h2h3 h7h6 h4h5 f7b7 e3f2 b7d7 h3h4 e8f7 e4e3 d7d8 f2f1 d8e8 f1f2 e8e7 e3e4 b6d6 c3a5 d4c6 a5d2 e7b7 d2h6 f8g7 e4e2 d6d3 f2g2 b7b8 h6g7 f7g7 e2f2 c6d4 g4g5 a6a5 g5f6 g7f6 h5h6 f6f7 h6h7 f7f6 h7h6 f6g7 h6h5 b8g8 h5g5 g7f7 g5g8 f7g8 f5f6 e5e4 f2f4 d3d2 g2f1 e4e3 f4e4 d4c2 f6f7 g8f8 e4e5 f8f7 h4h5 f7f6 e5e8 f6g5 h5h6 g5h6 e8e5 d2h2 f1g1 h2d2 g1f1 d2h2 f1g1 h2h5 e5e4 h5g5 g1h2 g5f5 b2b3 h6g6 h2g1 g6h5 e4e7 h5g5 e7e4 g5f6 g1g2 f6g7 g2g1 g7f6 g1g2 f5e5 e4e5 f6e5 g2f3 e5d4 f3e2 d4e4 b3b4 c2b4 e2f1 e4d3 f1g1 b4a2 g1f1 d3d2 f1g2 d2d3 g2f1 a2c1 f1e1 e3e2 e1f2 d3d2 f2f3 e2e1q f3f4 d2c3 f4f5 c3c4 f5f6 c1b3 f6g6
Warning; Bestmove does not match beginning of last PV - move c4d3 from SF_2300
Info; info depth 245 seldepth 4 multipv 1 score mate 2 nodes 342511 nps 7445891 hashfull 13 tbhits 0 time 46 pv d4f5 h7h8 g4g7
Position; fen rnbqkbnr/pp1p2pp/B3pp2/2p1P3/8/5N2/PPPP1PPP/RNBQK2R b KQkq - 0 1
Moves; b7a6 e1g1 c8b7 b1a3 g8h6 d2d3 h6f7 a3c4 b7f3 d1f3 b8c6 e5f6 d8f6 f3f6 g7f6 c4e3 d7d5 c1d2 a8b8 a1b1 h8g8 a2a3 d5d4 e3c4 f7d6 f2f4 e8d7 f1f3 d6c4 d3c4 a6a5 f3h3 g8g7 g1f2 g7f7 g2g4 e6e5 f2f3 b8e8 b1e1 f7e7 e1e4 d4d3 c2d3 e7f7 f4f5 e8b8 d2c3 d7e8 f3e3 e8e7 e3e2 b8b3 a3a4 c6d4 e2e3 a7a6 h3h5 b3b6 h5h4 e7e8 h2h3 h7h6 h4h5 f7b7 e3f2 b7d7 h3h4 e8f7 e4e3 d7d8 f2f1 d8e8 f1f2 e8e7 e3e4 b6d6 c3a5 d4c6 a5d2 e7b7 d2h6 f8g7 e4e2 d6d3 f2g2 b7b8 h6g7 f7g7 e2f2 c6d4 g4g5 a6a5 g5f6 g7f6 h5h6 f6f7 h6h7 f7f6 h7h6 f6g7 h6h5 b8g8 h5g5 g7f7 g5g8 f7g8 f5f6 e5e4 f2f4 d3d2 g2f1 e4e3 f4e4 d4c2 f6f7 g8f8 e4e5 f8f7 h4h5 f7f6 e5e8 f6g5 h5h6 g5h6 e8e5 d2h2 f1g1 h2d2 g1f1 d2h2 f1g1 h2h5 e5e4 h5g5 g1h2 g5f5 b2b3 h6g6 h2g1 g6h5 e4e7 h5g5 e7e4 g5f6 g1g2 f6g7 g2g1 g7f6 g1g2 f5e5 e4e5 f6e5 g2f3 e5d4 f3e2 d4e4 b3b4 c2b4 e2f1 e4d3 f1g1 b4a2 g1f1 d3d2 f1g2 d2d3 g2f1 a2c1 f1e1 e3e2 e1f2 d3d2 f2f3 e2e1q f3f4 d2c3 f4f5 c3c4 f5f6 c1b3 f6g6 e1f1 g6g5 b3d4 g5g6 f1f5 g6h6 f5g4 h6h7
Warning; Bestmove does not match beginning of last PV - move d4e6 from SF_2300
Info; info depth 245 seldepth 4 multipv 1 score mate 2 nodes 362003 nps 7240060 hashfull 15 tbhits 0 time 50 pv d4f5 h8h7 g4g7
Position; fen rnbqkbnr/pp1p2pp/B3pp2/2p1P3/8/5N2/PPPP1PPP/RNBQK2R b KQkq - 0 1
Moves; b7a6 e1g1 c8b7 b1a3 g8h6 d2d3 h6f7 a3c4 b7f3 d1f3 b8c6 e5f6 d8f6 f3f6 g7f6 c4e3 d7d5 c1d2 a8b8 a1b1 h8g8 a2a3 d5d4 e3c4 f7d6 f2f4 e8d7 f1f3 d6c4 d3c4 a6a5 f3h3 g8g7 g1f2 g7f7 g2g4 e6e5 f2f3 b8e8 b1e1 f7e7 e1e4 d4d3 c2d3 e7f7 f4f5 e8b8 d2c3 d7e8 f3e3 e8e7 e3e2 b8b3 a3a4 c6d4 e2e3 a7a6 h3h5 b3b6 h5h4 e7e8 h2h3 h7h6 h4h5 f7b7 e3f2 b7d7 h3h4 e8f7 e4e3 d7d8 f2f1 d8e8 f1f2 e8e7 e3e4 b6d6 c3a5 d4c6 a5d2 e7b7 d2h6 f8g7 e4e2 d6d3 f2g2 b7b8 h6g7 f7g7 e2f2 c6d4 g4g5 a6a5 g5f6 g7f6 h5h6 f6f7 h6h7 f7f6 h7h6 f6g7 h6h5 b8g8 h5g5 g7f7 g5g8 f7g8 f5f6 e5e4 f2f4 d3d2 g2f1 e4e3 f4e4 d4c2 f6f7 g8f8 e4e5 f8f7 h4h5 f7f6 e5e8 f6g5 h5h6 g5h6 e8e5 d2h2 f1g1 h2d2 g1f1 d2h2 f1g1 h2h5 e5e4 h5g5 g1h2 g5f5 b2b3 h6g6 h2g1 g6h5 e4e7 h5g5 e7e4 g5f6 g1g2 f6g7 g2g1 g7f6 g1g2 f5e5 e4e5 f6e5 g2f3 e5d4 f3e2 d4e4 b3b4 c2b4 e2f1 e4d3 f1g1 b4a2 g1f1 d3d2 f1g2 d2d3 g2f1 a2c1 f1e1 e3e2 e1f2 d3d2 f2f3 e2e1q f3f4 d2c3 f4f5 c3c4 f5f6 c1b3 f6g6 e1f1 g6g5 b3d4 g5g6 f1f5 g6h6 f5g4 h6h7 c4d3 h7h8
Finished game 7 (HiveChess vs SF_2300): 0-1 {Black mates}
Started game 8 of 10 (SF_2300 vs HiveChess)
Warning; Bestmove does not match beginning of last PV - move e1g1 from SF_2300
Info; info depth 16 seldepth 17 multipv 1 score cp -376 nodes 293285 nps 656118 hashfull 118 tbhits 0 time 447 pv d2d4 c5d4 f3d4 c8b7 b1d2 d8c7 e1g1 b8c6 d2c4 c6d4 d1d4 c7c6 c4d6 f8d6
Position; fen rnbqkbnr/pp1p2pp/B3pp2/2p1P3/8/5N2/PPPP1PPP/RNBQK2R b KQkq - 0 1
Moves; b7a6
Warning; Bestmove does not match beginning of last PV - move c2c3 from SF_2300
Info; info depth 15 seldepth 25 multipv 1 score cp -400 nodes 303608 nps 760922 hashfull 120 tbhits 0 time 399 pv b2b4 d7d6 b4c5 d6e5 d2d4 e5d4 c1a3 a8b8 b1d2 g8e7 d2c4
Position; fen rnbqkbnr/pp1p2pp/B3pp2/2p1P3/8/5N2/PPPP1PPP/RNBQK2R b KQkq - 0 1
Moves; b7a6 e1g1 b8c6
Warning; Bestmove does not match beginning of last PV - move c1g5 from SF_2300
Info; info depth 15 seldepth 26 multipv 1 score cp -377 nodes 163011 nps 862492 hashfull 54 tbhits 0 time 189 pv f3e5 g8f6 c1g5 c5d4 c3d4 f8e7 g5f6 e7f6 d1h5 g7g6 h5h6 d8e7 b1c3 c8b7
Position; fen rnbqkbnr/pp1p2pp/B3pp2/2p1P3/8/5N2/PPPP1PPP/RNBQK2R b KQkq - 0 1
Moves; b7a6 e1g1 b8c6 c2c3 f6e5 d2d4 e5e4
Warning; Bestmove does not match beginning of last PV - move d4d5 from SF_2300
Info; info depth 13 seldepth 14 multipv 1 score cp -237 nodes 52011 nps 788045 hashfull 21 tbhits 0 time 66 pv f3e5 c6e5 d4e5 b6b7 b1d2 b7d5 d1e2 d5d3 e2h5 g7g6 h5h4 c8b7 f1d1
Position; fen rnbqkbnr/pp1p2pp/B3pp2/2p1P3/8/5N2/PPPP1PPP/RNBQK2R b KQkq - 0 1
Moves; b7a6 e1g1 b8c6 c2c3 f6e5 d2d4 e5e4 c1g5 d8b6
Warning; Bestmove does not match beginning of last PV - move b2b4 from SF_2300
Info; info depth 12 seldepth 21 multipv 1 score cp -270 nodes 63536 nps 648326 hashfull 29 tbhits 0 time 98 pv d1d5 g8e7 g5e7 f8e7 b1a3 b6b8 f1e1 e4f3 a3c4 e8d8 e1e6 b8b7 a1e1 h8e8
Position; fen rnbqkbnr/pp1p2pp/B3pp2/2p1P3/8/5N2/PPPP1PPP/RNBQK2R b KQkq - 0 1
Moves; b7a6 e1g1 b8c6 c2c3 f6e5 d2d4 e5e4 c1g5 d8b6 d4d5 e6d5
Warning; Bestmove does not match beginning of last PV - move g5f4 from SF_2300
Info; info depth 14 seldepth 22 multipv 1 score cp -318 nodes 137538 nps 818678 hashfull 45 tbhits 0 time 168 pv d1h5 g7g6 h5f3 c8b7 b4c5 b6c5 a1b1 e8c8 d2b3 c5d6 b3d4 h7h6 g5f4 d6f6 e1e7 f8e7 d4c6 f6c6
Position; fen rnbqkbnr/pp1p2pp/B3pp2/2p1P3/8/5N2/PPPP1PPP/RNBQK2R b KQkq - 0 1
Moves; b7a6 e1g1 b8c6 c2c3 f6e5 d2d4 e5e4 c1g5 d8b6 d4d5 e6d5 b2b4 e4f3 f1e1 g8e7 b1d2 f3g2
Warning; Bestmove does not match beginning of last PV - move f4g3 from SF_2300
Info; info depth 14 seldepth 35 multipv 1 score cp -394 nodes 203083 nps 1147361 hashfull 83 tbhits 0 time 177 pv d2f3 e7g6 f4g3 c6e7 a1c1 b6f6 c3b4 c8b7 g3c7 d8e8 f3e5 a8c8 e5g4 f6f7
Position; fen rnbqkbnr/pp1p2pp/B3pp2/2p1P3/8/5N2/PPPP1PPP/RNBQK2R b KQkq - 0 1
Moves; b7a6 e1g1 b8c6 c2c3 f6e5 d2d4 e5e4 c1g5 d8b6 d4d5 e6d5 b2b4 e4f3 f1e1 g8e7 b1d2 f3g2 g5f4 c5b4 d1h5 e8d8
Warning; Bestmove does not match beginning of last PV - move e1b1 from SF_2300
Info; info depth 14 seldepth 15 multipv 1 score cp -325 nodes 72188 nps 1223525 hashfull 27 tbhits 0 time 59 pv d2f3 d7d6 g3d6 c3c2 f3g5 c8f5 g5f7 d8d7 d6e7 c6e7 f7h8 a8e8
Position; fen rnbqkbnr/pp1p2pp/B3pp2/2p1P3/8/5N2/PPPP1PPP/RNBQK2R b KQkq - 0 1
Moves; b7a6 e1g1 b8c6 c2c3 f6e5 d2d4 e5e4 c1g5 d8b6 d4d5 e6d5 b2b4 e4f3 f1e1 g8e7 b1d2 f3g2 g5f4 c5b4 d1h5 e8d8 f4g3 b4c3
Warning; Bestmove does not match beginning of last PV - move b1b4 from SF_2300
Info; info depth 16 seldepth 25 multipv 1 score cp -485 nodes 214773 nps 1234327 hashfull 73 tbhits 0 time 174 pv d2f3 b6g6 h5e5 b4c6 e5c3 d8e8 b1e1 h7h5 c3c5 g6f5 f3d4 c6d4 c5d4 h8h6
Position; fen rnbqkbnr/pp1p2pp/B3pp2/2p1P3/8/5N2/PPPP1PPP/RNBQK2R b KQkq - 0 1
Moves; b7a6 e1g1 b8c6 c2c3 f6e5 d2d4 e5e4 c1g5 d8b6 d4d5 e6d5 b2b4 e4f3 f1e1 g8e7 b1d2 f3g2 g5f4 c5b4 d1h5 e8d8 f4g3 b4c3 e1b1 c6b4
Warning; Bestmove does not match beginning of last PV - move a2a3 from SF_2300
Info; info depth 14 seldepth 20 multipv 1 score cp -536 nodes 224214 nps 1514959 hashfull 75 tbhits 0 time 148 pv d2f3 d7d6 f3g5 c8g4 h5f7 c3c2 g3h4 a8c8 a1c1 c8c6 g5e6 g4e6 h4e7 f8e7 f7e6
Position; fen rnbqkbnr/pp1p2pp/B3pp2/2p1P3/8/5N2/PPPP1PPP/RNBQK2R b KQkq - 0 1
Moves; b7a6 e1g1 b8c6 c2c3 f6e5 d2d4 e5e4 c1g5 d8b6 d4d5 e6d5 b2b4 e4f3 f1e1 g8e7 b1d2 f3g2 g5f4 c5b4 d1h5 e8d8 f4g3 b4c3 e1b1 c6b4 b1b4 b6b4
Warning; Bestmove does not match beginning of last PV - move a1d1 from SF_2300
Info; info depth 15 seldepth 21 multipv 1 score cp -659 nodes 205094 nps 1602296 hashfull 69 tbhits 0 time 128 pv d2b3 c3c2 a1c1 b2b3 g3f4 b3c3 f4e3
Position; fen rnbqkbnr/pp1p2pp/B3pp2/2p1P3/8/5N2/PPPP1PPP/RNBQK2R b KQkq - 0 1
Moves; b7a6 e1g1 b8c6 c2c3 f6e5 d2d4 e5e4 c1g5 d8b6 d4d5 e6d5 b2b4 e4f3 f1e1 g8e7 b1d2 f3g2 g5f4 c5b4 d1h5 e8d8 f4g3 b4c3 e1b1 c6b4 b1b4 b6b4 a2a3 b4b2
Warning; Bestmove does not match beginning of last PV - move d2e4 from SF_2300
Info; info depth 14 seldepth 22 multipv 1 score cp -736 nodes 86959 nps 1672288 hashfull 31 tbhits 0 time 52 pv d1c1 b2c1 g1g2 c1c6 g2f1 c8b7 h5e5 h7h6 d2f3 d5d4 h4e7 f8e7
Position; fen rnbqkbnr/pp1p2pp/B3pp2/2p1P3/8/5N2/PPPP1PPP/RNBQK2R b KQkq - 0 1
Moves; b7a6 e1g1 b8c6 c2c3 f6e5 d2d4 e5e4 c1g5 d8b6 d4d5 e6d5 b2b4 e4f3 f1e1 g8e7 b1d2 f3g2 g5f4 c5b4 d1h5 e8d8 f4g3 b4c3 e1b1 c6b4 b1b4 b6b4 a2a3 b4b2 a1d1 c3c2 g3h4 c2c1q
Warning; Bestmove does not match beginning of last PV - move h4g3 from SF_2300
Info; info depth 13 seldepth 18 multipv 1 score cp -870 nodes 91643 nps 1666236 hashfull 33 tbhits 0 time 55 pv a3a4 c1c6 h5f5 h7h6 h4e7 f8e7
Position; fen rnbqkbnr/pp1p2pp/B3pp2/2p1P3/8/5N2/PPPP1PPP/RNBQK2R b KQkq - 0 1
Moves; b7a6 e1g1 b8c6 c2c3 f6e5 d2d4 e5e4 c1g5 d8b6 d4d5 e6d5 b2b4 e4f3 f1e1 g8e7 b1d2 f3g2 g5f4 c5b4 d1h5 e8d8 f4g3 b4c3 e1b1 c6b4 b1b4 b6b4 a2a3 b4b2 a1d1 c3c2 g3h4 c2c1q d2e4 d5e4
Warning; Bestmove does not match beginning of last PV - move h5g4 from SF_2300
Info; info depth 13 seldepth 17 multipv 1 score cp -945 nodes 85912 nps 1652153 hashfull 28 tbhits 0 time 52 pv h5a5 b2b6 a5e1 e4e3 d1c1 e3f2 g3f2 c2g6 c1c3
Position; fen rnbqkbnr/pp1p2pp/B3pp2/2p1P3/8/5N2/PPPP1PPP/RNBQK2R b KQkq - 0 1
Moves; b7a6 e1g1 b8c6 c2c3 f6e5 d2d4 e5e4 c1g5 d8b6 d4d5 e6d5 b2b4 e4f3 f1e1 g8e7 b1d2 f3g2 g5f4 c5b4 d1h5 e8d8 f4g3 b4c3 e1b1 c6b4 b1b4 b6b4 a2a3 b4b2 a1d1 c3c2 g3h4 c2c1q d2e4 d5e4 h4g3 c1c2
Warning; Bestmove does not match beginning of last PV - move g3h4 from SF_2300
Info; info depth 13 seldepth 15 multipv 1 score cp -1095 nodes 80839 nps 1649775 hashfull 22 tbhits 0 time 49 pv g3c7 c2c7 g4g5 a8b8 g5h4
Position; fen rnbqkbnr/pp1p2pp/B3pp2/2p1P3/8/5N2/PPPP1PPP/RNBQK2R b KQkq - 0 1
Moves; b7a6 e1g1 b8c6 c2c3 f6e5 d2d4 e5e4 c1g5 d8b6 d4d5 e6d5 b2b4 e4f3 f1e1 g8e7 b1d2 f3g2 g5f4 c5b4 d1h5 e8d8 f4g3 b4c3 e1b1 c6b4 b1b4 b6b4 a2a3 b4b2 a1d1 c3c2 g3h4 c2c1q d2e4 d5e4 h4g3 c1c2 h5g4 h7h5
Warning; Bestmove does not match beginning of last PV - move d1d4 from SF_2300
Info; info depth 19 seldepth 11 multipv 1 score mate -5 nodes 53404 nps 1841517 hashfull 13 tbhits 0 time 29 pv d1b1 b2b1 g1g2 h8h4 g2g3 e4e3 g3h4 c2f2 h4g4 b1f5
Position; fen rnbqkbnr/pp1p2pp/B3pp2/2p1P3/8/5N2/PPPP1PPP/RNBQK2R b KQkq - 0 1
Moves; b7a6 e1g1 b8c6 c2c3 f6e5 d2d4 e5e4 c1g5 d8b6 d4d5 e6d5 b2b4 e4f3 f1e1 g8e7 b1d2 f3g2 g5f4 c5b4 d1h5 e8d8 f4g3 b4c3 e1b1 c6b4 b1b4 b6b4 a2a3 b4b2 a1d1 c3c2 g3h4 c2c1q d2e4 d5e4 h4g3 c1c2 h5g4 h7h5 g3h4 h5g4
Warning; Bestmove does not match beginning of last PV - move d4d2 from SF_2300
Info; info depth 45 seldepth 7 multipv 1 score mate -3 nodes 13992 nps 3498000 hashfull 0 tbhits 0 time 4 pv d4d7 c8d7 g1g2 c2f2 g2h1 f2h2
Position; fen rnbqkbnr/pp1p2pp/B3pp2/2p1P3/8/5N2/PPPP1PPP/RNBQK2R b KQkq - 0 1
Moves; b7a6 e1g1 b8c6 c2c3 f6e5 d2d4 e5e4 c1g5 d8b6 d4d5 e6d5 b2b4 e4f3 f1e1 g8e7 b1d2 f3g2 g5f4 c5b4 d1h5 e8d8 f4g3 b4c3 e1b1 c6b4 b1b4 b6b4 a2a3 b4b2 a1d1 c3c2 g3h4 c2c1q d2e4 d5e4 h4g3 c1c2 h5g4 h7h5 g3h4 h5g4 d1d4 h8h4
Warning; Bestmove does not match beginning of last PV - move a3a4 from SF_2300
Info; info depth 204 seldepth 5 multipv 1 score mate -2 nodes 34110 nps 5685000 hashfull 0 tbhits 0 time 6 pv g1g2 d2f2 g2h1 h4h2
Position; fen rnbqkbnr/pp1p2pp/B3pp2/2p1P3/8/5N2/PPPP1PPP/RNBQK2R b KQkq - 0 1
Moves; b7a6 e1g1 b8c6 c2c3 f6e5 d2d4 e5e4 c1g5 d8b6 d4d5 e6d5 b2b4 e4f3 f1e1 g8e7 b1d2 f3g2 g5f4 c5b4 d1h5 e8d8 f4g3 b4c3 e1b1 c6b4 b1b4 b6b4 a2a3 b4b2 a1d1 c3c2 g3h4 c2c1q d2e4 d5e4 h4g3 c1c2 h5g4 h7h5 g3h4 h5g4 d1d4 h8h4 d4d2 c2d2
Finished game 8 (SF_2300 vs HiveChess): 0-1 {Black mates}
Started game 9 of 10 (HiveChess vs SF_2400)
Warning; Bestmove does not match beginning of last PV - move b7a6 from SF_2400
Info; info depth 16 seldepth 21 multipv 1 score cp 406 nodes 141310 nps 340506 hashfull 58 tbhits 0 time 415 pv b8a6 d2d4 c5d4 e1g1 d7d6 b1a3 d6e5 f3e5 f6e5 d1h5 g7g6 h5e5 g8f6 c1g5
Position; fen rnbqkbnr/pp1p2pp/B3pp2/2p1P3/8/5N2/PPPP1PPP/RNBQK2R b KQkq - 0 1
Moves; 
Warning; Bestmove does not match beginning of last PV - move d7d6 from SF_2400
Info; info depth 16 seldepth 18 multipv 1 score cp 381 nodes 111026 nps 630829 hashfull 44 tbhits 0 time 176 pv b8c6 d2d4 c5d4 c1f4 d7d6 f3d4 c6d4 e5d6 d4c6 d1h5 g7g6 h5f3 c8b7 b1c3 f8d6
Position; fen rnbqkbnr/pp1p2pp/B3pp2/2p1P3/8/5N2/PPPP1PPP/RNBQK2R b KQkq - 0 1
Moves; b7a6 e1g1
Warning; Bestmove does not match beginning of last PV - move d8d7 from SF_2400
Info; info depth 15 seldepth 24 multipv 1 score cp 450 nodes 154164 nps 468583 hashfull 58 tbhits 0 time 329 pv f8e7 c1g5 d6d5 f1e1 e8g8 c3e2 d8b6 d4b6 a7b6 e2f4 e7c5 f4d3 a6a5 d3c5 b6c5 g5f4 f8f7 a1d1 f6e8
Position; fen rnbqkbnr/pp1p2pp/B3pp2/2p1P3/8/5N2/PPPP1PPP/RNBQK2R b KQkq - 0 1
Moves; b7a6 e1g1 d7d6 e5f6 g8f6 d2d4 b8c6 b1c3 c5d4 f3d4 c6d4 d1d4
Warning; Bestmove does not match beginning of last PV - move d6d5 from SF_2400
Info; info depth 15 seldepth 22 multipv 1 score cp 449 nodes 157592 nps 541553 hashfull 58 tbhits 0 time 291 pv f8e7 c1g5 e8g8 d4d3 c8b7 g5f6 e7f6 a1d1 a8e8
Position; fen rnbqkbnr/pp1p2pp/B3pp2/2p1P3/8/5N2/PPPP1PPP/RNBQK2R b KQkq - 0 1
Moves; b7a6 e1g1 d7d6 e5f6 g8f6 d2d4 b8c6 b1c3 c5d4 f3d4 c6d4 d1d4 d8d7 f1e1
Warning; Bestmove does not match beginning of last PV - move d7d8 from SF_2400
Info; info depth 13 seldepth 16 multipv 1 score cp 385 nodes 53125 nps 496495 hashfull 21 tbhits 0 time 107 pv f8e7 c3e2 e8g8 e2f4 d7c6 f4d3 c6b6 d4h4 a8b8 a1d1
Position; fen rnbqkbnr/pp1p2pp/B3pp2/2p1P3/8/5N2/PPPP1PPP/RNBQK2R b KQkq - 0 1
Moves; b7a6 e1g1 d7d6 e5f6 g8f6 d2d4 b8c6 b1c3 c5d4 f3d4 c6d4 d1d4 d8d7 f1e1 d6d5 c1g5
Warning; Bestmove does not match beginning of last PV - move e8f7 from SF_2400
Info; info depth 10 seldepth 12 multipv 1 score cp 334 nodes 20246 nps 460136 hashfull 6 tbhits 0 time 44 pv f8e7 c3d5 d8d5 g5f6 d5d4 f6d4 e8g8 d4e5 e7f6 e5f6 f8f6
Position; fen rnbqkbnr/pp1p2pp/B3pp2/2p1P3/8/5N2/PPPP1PPP/RNBQK2R b KQkq - 0 1
Moves; b7a6 e1g1 d7d6 e5f6 g8f6 d2d4 b8c6 b1c3 c5d4 f3d4 c6d4 d1d4 d8d7 f1e1 d6d5 c1g5 d7d8 e1e3
Warning; Bestmove does not match beginning of last PV - move h7h6 from SF_2400
Info; info depth 14 seldepth 21 multipv 1 score cp 293 nodes 122871 nps 493457 hashfull 45 tbhits 0 time 249 pv f8e7 d4d3 a8b8 c3e2 b8b4 e2d4 d8d6
Position; fen rnbqkbnr/pp1p2pp/B3pp2/2p1P3/8/5N2/PPPP1PPP/RNBQK2R b KQkq - 0 1
Moves; b7a6 e1g1 d7d6 e5f6 g8f6 d2d4 b8c6 b1c3 c5d4 f3d4 c6d4 d1d4 d8d7 f1e1 d6d5 c1g5 d7d8 e1e3 e8f7 a1d1
Warning; Bestmove does not match beginning of last PV - move f7f8 from SF_2400
Info; info depth 12 seldepth 17 multipv 1 score cp 317 nodes 60011 nps 582631 hashfull 21 tbhits 0 time 103 pv h6h5 c3e4 f6f5 h4f4 c8d7 e4d6 e7d6 f4d6 d8e7 d6e5 e7f6
Position; fen rnbqkbnr/pp1p2pp/B3pp2/2p1P3/8/5N2/PPPP1PPP/RNBQK2R b KQkq - 0 1
Moves; b7a6 e1g1 d7d6 e5f6 g8f6 d2d4 b8c6 b1c3 c5d4 f3d4 c6d4 d1d4 d8d7 f1e1 d6d5 c1g5 d7d8 e1e3 e8f7 a1d1 h7h6 g5f6 g7f6 e3f3 f8e7 d4h4
Warning; Bestmove does not match beginning of last PV - move e7g5 from SF_2400
Info; info depth 14 seldepth 24 multipv 1 score cp 342 nodes 79489 nps 567778 hashfull 30 tbhits 0 time 140 pv d8d6 f4g4 c8d7 g4h5 d7e8 h5h3 e8g6 d1d3 f8f7 f3g3 e7f6 g3g6 f7g6
Position; fen rnbqkbnr/pp1p2pp/B3pp2/2p1P3/8/5N2/PPPP1PPP/RNBQK2R b KQkq - 0 1
Moves; b7a6 e1g1 d7d6 e5f6 g8f6 d2d4 b8c6 b1c3 c5d4 f3d4 c6d4 d1d4 d8d7 f1e1 d6d5 c1g5 d7d8 e1e3 e8f7 a1d1 h7h6 g5f6 g7f6 e3f3 f8e7 d4h4 f7f8 a2a3 f6f5 h4f4
Warning; Bestmove does not match beginning of last PV - move d8e7 from SF_2400
Info; info depth 11 seldepth 16 multipv 1 score cp 294 nodes 27945 nps 490263 hashfull 13 tbhits 0 time 57 pv h8g8 c3e4 g8g7 h2h4 g5e7 g3f4
Position; fen rnbqkbnr/pp1p2pp/B3pp2/2p1P3/8/5N2/PPPP1PPP/RNBQK2R b KQkq - 0 1
Moves; b7a6 e1g1 d7d6 e5f6 g8f6 d2d4 b8c6 b1c3 c5d4 f3d4 c6d4 d1d4 d8d7 f1e1 d6d5 c1g5 d7d8 e1e3 e8f7 a1d1 h7h6 g5f6 g7f6 e3f3 f8e7 d4h4 f7f8 a2a3 f6f5 h4f4 e7g5 f4g3
Warning; Bestmove does not match beginning of last PV - move e7d8 from SF_2400
Info; info depth 11 seldepth 15 multipv 1 score cp 248 nodes 31270 nps 521166 hashfull 11 tbhits 0 time 60 pv e7f7 c3e2 h8g8 e2d4
Position; fen rnbqkbnr/pp1p2pp/B3pp2/2p1P3/8/5N2/PPPP1PPP/RNBQK2R b KQkq - 0 1
Moves; b7a6 e1g1 d7d6 e5f6 g8f6 d2d4 b8c6 b1c3 c5d4 f3d4 c6d4 d1d4 d8d7 f1e1 d6d5 c1g5 d7d8 e1e3 e8f7 a1d1 h7h6 g5f6 g7f6 e3f3 f8e7 d4h4 f7f8 a2a3 f6f5 h4f4 e7g5 f4g3 d8e7 d1e1
Warning; Bestmove does not match beginning of last PV - move h8g8 from SF_2400
Info; info depth 10 seldepth 14 multipv 1 score cp 344 nodes 12286 nps 585047 hashfull 4 tbhits 0 time 21 pv d8e7 g6g3 c8b7 c3e2
Position; fen rnbqkbnr/pp1p2pp/B3pp2/2p1P3/8/5N2/PPPP1PPP/RNBQK2R b KQkq - 0 1
Moves; b7a6 e1g1 d7d6 e5f6 g8f6 d2d4 b8c6 b1c3 c5d4 f3d4 c6d4 d1d4 d8d7 f1e1 d6d5 c1g5 d7d8 e1e3 e8f7 a1d1 h7h6 g5f6 g7f6 e3f3 f8e7 d4h4 f7f8 a2a3 f6f5 h4f4 e7g5 f4g3 d8e7 d1e1 e7d8 e1d1 g5f6 g3g6
Warning; Bestmove does not match beginning of last PV - move f8f7 from SF_2400
Info; info depth 11 seldepth 17 multipv 1 score cp 273 nodes 25685 nps 493942 hashfull 9 tbhits 0 time 52 pv a8b8 c3e2 b8b2 e2f4 f8f7 f3g3 b2b7 f4h5 g7b2 d2h6 g8g3 d1d2 g3g8
Position; fen rnbqkbnr/pp1p2pp/B3pp2/2p1P3/8/5N2/PPPP1PPP/RNBQK2R b KQkq - 0 1
Moves; b7a6 e1g1 d7d6 e5f6 g8f6 d2d4 b8c6 b1c3 c5d4 f3d4 c6d4 d1d4 d8d7 f1e1 d6d5 c1g5 d7d8 e1e3 e8f7 a1d1 h7h6 g5f6 g7f6 e3f3 f8e7 d4h4 f7f8 a2a3 f6f5 h4f4 e7g5 f4g3 d8e7 d1e1 e7d8 e1d1 g5f6 g3g6 h8g8 g6h6 f6g7 h6d2
Warning; Bestmove does not match beginning of last PV - move c8b7 from SF_2400
Info; info depth 11 seldepth 16 multipv 1 score cp 277 nodes 23551 nps 480632 hashfull 6 tbhits 0 time 49 pv a8b8 c3e2 b8b6 e2f4 e6e5 f4d5
Position; fen rnbqkbnr/pp1p2pp/B3pp2/2p1P3/8/5N2/PPPP1PPP/RNBQK2R b KQkq - 0 1
Moves; b7a6 e1g1 d7d6 e5f6 g8f6 d2d4 b8c6 b1c3 c5d4 f3d4 c6d4 d1d4 d8d7 f1e1 d6d5 c1g5 d7d8 e1e3 e8f7 a1d1 h7h6 g5f6 g7f6 e3f3 f8e7 d4h4 f7f8 a2a3 f6f5 h4f4 e7g5 f4g3 d8e7 d1e1 e7d8 e1d1 g5f6 g3g6 h8g8 g6h6 f6g7 h6d2 f8f7 f3h3
Warning; Bestmove does not match beginning of last PV - move a8c8 from SF_2400
Info; info depth 10 seldepth 19 multipv 1 score cp 283 nodes 24515 nps 521595 hashfull 6 tbhits 0 time 47 pv g8h8 h7g7 f7g7 c3a4 g7f7 a4c5 d8e7 c5d3 e6e5 f2f4 f7g8 d3e5 e7c5 g1h1
Position; fen rnbqkbnr/pp1p2pp/B3pp2/2p1P3/8/5N2/PPPP1PPP/RNBQK2R b KQkq - 0 1
Moves; b7a6 e1g1 d7d6 e5f6 g8f6 d2d4 b8c6 b1c3 c5d4 f3d4 c6d4 d1d4 d8d7 f1e1 d6d5 c1g5 d7d8 e1e3 e8f7 a1d1 h7h6 g5f6 g7f6 e3f3 f8e7 d4h4 f7f8 a2a3 f6f5 h4f4 e7g5 f4g3 d8e7 d1e1 e7d8 e1d1 g5f6 g3g6 h8g8 g6h6 f6g7 h6d2 f8f7 f3h3 c8b7 h3h7
Warning; Bestmove does not match beginning of last PV - move b7c6 from SF_2400
Info; info depth 11 seldepth 12 multipv 1 score cp 301 nodes 22024 nps 512186 hashfull 7 tbhits 0 time 43 pv d8f6 c3e2 c8e8 e2f4 e6e5 d2e2 e5f4 e2h5 f6g6
Position; fen rnbqkbnr/pp1p2pp/B3pp2/2p1P3/8/5N2/PPPP1PPP/RNBQK2R b KQkq - 0 1
Moves; b7a6 e1g1 d7d6 e5f6 g8f6 d2d4 b8c6 b1c3 c5d4 f3d4 c6d4 d1d4 d8d7 f1e1 d6d5 c1g5 d7d8 e1e3 e8f7 a1d1 h7h6 g5f6 g7f6 e3f3 f8e7 d4h4 f7f8 a2a3 f6f5 h4f4 e7g5 f4g3 d8e7 d1e1 e7d8 e1d1 g5f6 g3g6 h8g8 g6h6 f6g7 h6d2 f8f7 f3h3 c8b7 h3h7 a8c8 d1e1
Warning; Bestmove does not match beginning of last PV - move g8d8 from SF_2400
Info; info depth 11 seldepth 16 multipv 1 score cp 283 nodes 20761 nps 482813 hashfull 3 tbhits 0 time 43 pv c8c7 c3e2 f5f4 g2g3 e6e5 e2d4 e5d4 h7h3 c7e7 e1e7 f6e7 a6c6
Position; fen rnbqkbnr/pp1p2pp/B3pp2/2p1P3/8/5N2/PPPP1PPP/RNBQK2R b KQkq - 0 1
Moves; b7a6 e1g1 d7d6 e5f6 g8f6 d2d4 b8c6 b1c3 c5d4 f3d4 c6d4 d1d4 d8d7 f1e1 d6d5 c1g5 d7d8 e1e3 e8f7 a1d1 h7h6 g5f6 g7f6 e3f3 f8e7 d4h4 f7f8 a2a3 f6f5 h4f4 e7g5 f4g3 d8e7 d1e1 e7d8 e1d1 g5f6 g3g6 h8g8 g6h6 f6g7 h6d2 f8f7 f3h3 c8b7 h3h7 a8c8 d1e1 b7c6 d2e2 d8f6 e2a6
Warning; Bestmove does not match beginning of last PV - move d4g7 from SF_2400
Info; info depth 12 seldepth 16 multipv 1 score cp 437 nodes 17144 nps 489828 hashfull 5 tbhits 0 time 35 pv d4f6 f3h3 d8h8 h3h8 f6h8 c3e2 c8c2 e2f4
Position; fen rnbqkbnr/pp1p2pp/B3pp2/2p1P3/8/5N2/PPPP1PPP/RNBQK2R b KQkq - 0 1
Moves; b7a6 e1g1 d7d6 e5f6 g8f6 d2d4 b8c6 b1c3 c5d4 f3d4 c6d4 d1d4 d8d7 f1e1 d6d5 c1g5 d7d8 e1e3 e8f7 a1d1 h7h6 g5f6 g7f6 e3f3 f8e7 d4h4 f7f8 a2a3 f6f5 h4f4 e7g5 f4g3 d8e7 d1e1 e7d8 e1d1 g5f6 g3g6 h8g8 g6h6 f6g7 h6d2 f8f7 f3h3 c8b7 h3h7 a8c8 d1e1 b7c6 d2e2 d8f6 e2a6 g8d8 a6a7 c6d7 h7h3 f6d4 a7d4 g7d4 h3f3
Warning; Bestmove does not match beginning of last PV - move g7h8 from SF_2400
Info; info depth 11 seldepth 11 multipv 1 score cp 421 nodes 12679 nps 576318 hashfull 3 tbhits 0 time 22 pv c8c4 e2d2 d8b8 c3d1 g7f6 c2c3 c4e4 f3h3
Position; fen rnbqkbnr/pp1p2pp/B3pp2/2p1P3/8/5N2/PPPP1PPP/RNBQK2R b KQkq - 0 1
Moves; b7a6 e1g1 d7d6 e5f6 g8f6 d2d4 b8c6 b1c3 c5d4 f3d4 c6d4 d1d4 d8d7 f1e1 d6d5 c1g5 d7d8 e1e3 e8f7 a1d1 h7h6 g5f6 g7f6 e3f3 f8e7 d4h4 f7f8 a2a3 f6f5 h4f4 e7g5 f4g3 d8e7 d1e1 e7d8 e1d1 g5f6 g3g6 h8g8 g6h6 f6g7 h6d2 f8f7 f3h3 c8b7 h3h7 a8c8 d1e1 b7c6 d2e2 d8f6 e2a6 g8d8 a6a7 c6d7 h7h3 f6d4 a7d4 g7d4 h3f3 d4g7 e1e2
Warning; Bestmove does not match beginning of last PV - move h8e5 from SF_2400
Info; info depth 11 seldepth 15 multipv 1 score cp 404 nodes 15964 nps 532133 hashfull 44 tbhits 0 time 30 pv c8b8 b2b3 b8a8 f3h3 a8a3 f2f4 a3a8
Position; fen rnbqkbnr/pp1p2pp/B3pp2/2p1P3/8/5N2/PPPP1PPP/RNBQK2R b KQkq - 0 1
Moves; b7a6 e1g1 d7d6 e5f6 g8f6 d2d4 b8c6 b1c3 c5d4 f3d4 c6d4 d1d4 d8d7 f1e1 d6d5 c1g5 d7d8 e1e3 e8f7 a1d1 h7h6 g5f6 g7f6 e3f3 f8e7 d4h4 f7f8 a2a3 f6f5 h4f4 e7g5 f4g3 d8e7 d1e1 e7d8 e1d1 g5f6 g3g6 h8g8 g6h6 f6g7 h6d2 f8f7 f3h3 c8b7 h3h7 a8c8 d1e1 b7c6 d2e2 d8f6 e2a6 g8d8 a6a7 c6d7 h7h3 f6d4 a7d4 g7d4 h3f3 d4g7 e1e2 g7h8 e2d2
Warning; Bestmove does not match beginning of last PV - move f7e7 from SF_2400
Info; info depth 9 seldepth 16 multipv 1 score cp 355 nodes 9400 nps 552941 hashfull 33 tbhits 0 time 17 pv e5b2 c2c4 b2f6 c4d5 e6e5 f3b3 c8b8 b3b8 d8b8 f2f3 b8b3 a3a4 d7a4
Position; fen rnbqkbnr/pp1p2pp/B3pp2/2p1P3/8/5N2/PPPP1PPP/RNBQK2R b KQkq - 0 1
Moves; b7a6 e1g1 d7d6 e5f6 g8f6 d2d4 b8c6 b1c3 c5d4 f3d4 c6d4 d1d4 d8d7 f1e1 d6d5 c1g5 d7d8 e1e3 e8f7 a1d1 h7h6 g5f6 g7f6 e3f3 f8e7 d4h4 f7f8 a2a3 f6f5 h4f4 e7g5 f4g3 d8e7 d1e1 e7d8 e1d1 g5f6 g3g6 h8g8 g6h6 f6g7 h6d2 f8f7 f3h3 c8b7 h3h7 a8c8 d1e1 b7c6 d2e2 d8f6 e2a6 g8d8 a6a7 c6d7 h7h3 f6d4 a7d4 g7d4 h3f3 d4g7 e1e2 g7h8 e2d2 h8e5 c3e2
Warning; Bestmove does not match beginning of last PV - move e5d6 from SF_2400
Info; info depth 11 seldepth 15 multipv 1 score cp 313 nodes 14047 nps 520259 hashfull 32 tbhits 0 time 27 pv d8h8 g2g3 e7f6 f3e3 h8e8 e2d4
Position; fen rnbqkbnr/pp1p2pp/B3pp2/2p1P3/8/5N2/PPPP1PPP/RNBQK2R b KQkq - 0 1
Moves; b7a6 e1g1 d7d6 e5f6 g8f6 d2d4 b8c6 b1c3 c5d4 f3d4 c6d4 d1d4 d8d7 f1e1 d6d5 c1g5 d7d8 e1e3 e8f7 a1d1 h7h6 g5f6 g7f6 e3f3 f8e7 d4h4 f7f8 a2a3 f6f5 h4f4 e7g5 f4g3 d8e7 d1e1 e7d8 e1d1 g5f6 g3g6 h8g8 g6h6 f6g7 h6d2 f8f7 f3h3 c8b7 h3h7 a8c8 d1e1 b7c6 d2e2 d8f6 e2a6 g8d8 a6a7 c6d7 h7h3 f6d4 a7d4 g7d4 h3f3 d4g7 e1e2 g7h8 e2d2 h8e5 c3e2 f7e7 c2c3
Warning; Bestmove does not match beginning of last PV - move d8f8 from SF_2400
Info; info depth 11 seldepth 14 multipv 1 score cp 328 nodes 12150 nps 486000 hashfull 51 tbhits 0 time 25 pv c8c4 g1f1 c4e4
Position; fen rnbqkbnr/pp1p2pp/B3pp2/2p1P3/8/5N2/PPPP1PPP/RNBQK2R b KQkq - 0 1
Moves; b7a6 e1g1 d7d6 e5f6 g8f6 d2d4 b8c6 b1c3 c5d4 f3d4 c6d4 d1d4 d8d7 f1e1 d6d5 c1g5 d7d8 e1e3 e8f7 a1d1 h7h6 g5f6 g7f6 e3f3 f8e7 d4h4 f7f8 a2a3 f6f5 h4f4 e7g5 f4g3 d8e7 d1e1 e7d8 e1d1 g5f6 g3g6 h8g8 g6h6 f6g7 h6d2 f8f7 f3h3 c8b7 h3h7 a8c8 d1e1 b7c6 d2e2 d8f6 e2a6 g8d8 a6a7 c6d7 h7h3 f6d4 a7d4 g7d4 h3f3 d4g7 e1e2 g7h8 e2d2 h8e5 c3e2 f7e7 c2c3 e5d6 h2h3
Warning; Bestmove does not match beginning of last PV - move f8d8 from SF_2400
Info; info depth 10 seldepth 15 multipv 1 score cp 342 nodes 11618 nps 505130 hashfull 30 tbhits 0 time 23 pv c8c4 f4e2 c4e4 f3e3 e4e3 f2e3 d6c5
Position; fen rnbqkbnr/pp1p2pp/B3pp2/2p1P3/8/5N2/PPPP1PPP/RNBQK2R b KQkq - 0 1
Moves; b7a6 e1g1 d7d6 e5f6 g8f6 d2d4 b8c6 b1c3 c5d4 f3d4 c6d4 d1d4 d8d7 f1e1 d6d5 c1g5 d7d8 e1e3 e8f7 a1d1 h7h6 g5f6 g7f6 e3f3 f8e7 d4h4 f7f8 a2a3 f6f5 h4f4 e7g5 f4g3 d8e7 d1e1 e7d8 e1d1 g5f6 g3g6 h8g8 g6h6 f6g7 h6d2 f8f7 f3h3 c8b7 h3h7 a8c8 d1e1 b7c6 d2e2 d8f6 e2a6 g8d8 a6a7 c6d7 h7h3 f6d4 a7d4 g7d4 h3f3 d4g7 e1e2 g7h8 e2d2 h8e5 c3e2 f7e7 c2c3 e5d6 h2h3 d8f8 e2f4 e7f6 g2g3
Warning; Bestmove does not match beginning of last PV - move c8c4 from SF_2400
Info; info depth 11 seldepth 14 multipv 1 score cp 339 nodes 11471 nps 546238 hashfull 52 tbhits 0 time 21 pv d6f4 g3f4 c8c4 d2d4 d8b8 e3e2 c4a4 d4a4 d7a4 f2f3
Position; fen rnbqkbnr/pp1p2pp/B3pp2/2p1P3/8/5N2/PPPP1PPP/RNBQK2R b KQkq - 0 1
Moves; b7a6 e1g1 d7d6 e5f6 g8f6 d2d4 b8c6 b1c3 c5d4 f3d4 c6d4 d1d4 d8d7 f1e1 d6d5 c1g5 d7d8 e1e3 e8f7 a1d1 h7h6 g5f6 g7f6 e3f3 f8e7 d4h4 f7f8 a2a3 f6f5 h4f4 e7g5 f4g3 d8e7 d1e1 e7d8 e1d1 g5f6 g3g6 h8g8 g6h6 f6g7 h6d2 f8f7 f3h3 c8b7 h3h7 a8c8 d1e1 b7c6 d2e2 d8f6 e2a6 g8d8 a6a7 c6d7 h7h3 f6d4 a7d4 g7d4 h3f3 d4g7 e1e2 g7h8 e2d2 h8e5 c3e2 f7e7 c2c3 e5d6 h2h3 d8f8 e2f4 e7f6 g2g3 f8d8 f3e3
Warning; Bestmove does not match beginning of last PV - move d6c5 from SF_2400
Info; info depth 11 seldepth 13 multipv 1 score cp 350 nodes 12048 nps 634105 hashfull 56 tbhits 0 time 19 pv d8b8 e3e2 c4d4 c3d4 d6f4 g3f4 b8b3 e2c2 b3h3
Position; fen rnbqkbnr/pp1p2pp/B3pp2/2p1P3/8/5N2/PPPP1PPP/RNBQK2R b KQkq - 0 1
Moves; b7a6 e1g1 d7d6 e5f6 g8f6 d2d4 b8c6 b1c3 c5d4 f3d4 c6d4 d1d4 d8d7 f1e1 d6d5 c1g5 d7d8 e1e3 e8f7 a1d1 h7h6 g5f6 g7f6 e3f3 f8e7 d4h4 f7f8 a2a3 f6f5 h4f4 e7g5 f4g3 d8e7 d1e1 e7d8 e1d1 g5f6 g3g6 h8g8 g6h6 f6g7 h6d2 f8f7 f3h3 c8b7 h3h7 a8c8 d1e1 b7c6 d2e2 d8f6 e2a6 g8d8 a6a7 c6d7 h7h3 f6d4 a7d4 g7d4 h3f3 d4g7 e1e2 g7h8 e2d2 h8e5 c3e2 f7e7 c2c3 e5d6 h2h3 d8f8 e2f4 e7f6 g2g3 f8d8 f3e3 c8c4 d2d4
Warning; Bestmove does not match beginning of last PV - move c5e3 from SF_2400
Info; info depth 16 seldepth 21 multipv 1 score cp 284 nodes 180504 nps 571215 hashfull 85 tbhits 0 time 316 pv d5c4 e3e2 d8e8 f4h5 f6g6 h5f4 g6f7 e2e5 c5b6 g1f1 f7f6 f4h5 f6e5
Position; fen rnbqkbnr/pp1p2pp/B3pp2/2p1P3/8/5N2/PPPP1PPP/RNBQK2R b KQkq - 0 1
Moves; b7a6 e1g1 d7d6 e5f6 g8f6 d2d4 b8c6 b1c3 c5d4 f3d4 c6d4 d1d4 d8d7 f1e1 d6d5 c1g5 d7d8 e1e3 e8f7 a1d1 h7h6 g5f6 g7f6 e3f3 f8e7 d4h4 f7f8 a2a3 f6f5 h4f4 e7g5 f4g3 d8e7 d1e1 e7d8 e1d1 g5f6 g3g6 h8g8 g6h6 f6g7 h6d2 f8f7 f3h3 c8b7 h3h7 a8c8 d1e1 b7c6 d2e2 d8f6 e2a6 g8d8 a6a7 c6d7 h7h3 f6d4 a7d4 g7d4 h3f3 d4g7 e1e2 g7h8 e2d2 h8e5 c3e2 f7e7 c2c3 e5d6 h2h3 d8f8 e2f4 e7f6 g2g3 f8d8 f3e3 c8c4 d2d4 d6c5 d4c4
Warning; Bestmove does not match beginning of last PV - move f6e7 from SF_2400
Info; info depth 15 seldepth 26 multipv 1 score cp 270 nodes 190630 nps 629141 hashfull 98 tbhits 0 time 303 pv d7b5 g1h2 b5e2 c7b7 d8g8 b7b3 e2d3 h3h4 g8g4 f2f3 g4f4 h2g3
Position; fen rnbqkbnr/pp1p2pp/B3pp2/2p1P3/8/5N2/PPPP1PPP/RNBQK2R b KQkq - 0 1
Moves; b7a6 e1g1 d7d6 e5f6 g8f6 d2d4 b8c6 b1c3 c5d4 f3d4 c6d4 d1d4 d8d7 f1e1 d6d5 c1g5 d7d8 e1e3 e8f7 a1d1 h7h6 g5f6 g7f6 e3f3 f8e7 d4h4 f7f8 a2a3 f6f5 h4f4 e7g5 f4g3 d8e7 d1e1 e7d8 e1d1 g5f6 g3g6 h8g8 g6h6 f6g7 h6d2 f8f7 f3h3 c8b7 h3h7 a8c8 d1e1 b7c6 d2e2 d8f6 e2a6 g8d8 a6a7 c6d7 h7h3 f6d4 a7d4 g7d4 h3f3 d4g7 e1e2 g7h8 e2d2 h8e5 c3e2 f7e7 c2c3 e5d6 h2h3 d8f8 e2f4 e7f6 g2g3 f8d8 f3e3 c8c4 d2d4 d6c5 d4c4 c5e3 c4c7 e3f4 g3f4
Warning; Bestmove does not match beginning of last PV - move d8h8 from SF_2400
Info; info depth 15 seldepth 31 multipv 1 score cp 207 nodes 419797 nps 639934 hashfull 155 tbhits 0 time 656 pv d8g8
Position; fen rnbqkbnr/pp1p2pp/B3pp2/2p1P3/8/5N2/PPPP1PPP/RNBQK2R b KQkq - 0 1
Moves; b7a6 e1g1 d7d6 e5f6 g8f6 d2d4 b8c6 b1c3 c5d4 f3d4 c6d4 d1d4 d8d7 f1e1 d6d5 c1g5 d7d8 e1e3 e8f7 a1d1 h7h6 g5f6 g7f6 e3f3 f8e7 d4h4 f7f8 a2a3 f6f5 h4f4 e7g5 f4g3 d8e7 d1e1 e7d8 e1d1 g5f6 g3g6 h8g8 g6h6 f6g7 h6d2 f8f7 f3h3 c8b7 h3h7 a8c8 d1e1 b7c6 d2e2 d8f6 e2a6 g8d8 a6a7 c6d7 h7h3 f6d4 a7d4 g7d4 h3f3 d4g7 e1e2 g7h8 e2d2 h8e5 c3e2 f7e7 c2c3 e5d6 h2h3 d8f8 e2f4 e7f6 g2g3 f8d8 f3e3 c8c4 d2d4 d6c5 d4c4 c5e3 c4c7 e3f4 g3f4 f6e7 c7b7
Warning; Bestmove does not match beginning of last PV - move h8h4 from SF_2400
Info; info depth 11 seldepth 19 multipv 1 score cp 176 nodes 128905 nps 511527 hashfull 44 tbhits 0 time 252 pv h8g8 g2h2 e7d6 b7b4 d7c6 h3h4 d6e7 h2h3 g8g1 a3a4 g1a1 b4b6 c6e8 b6a6
Position; fen rnbqkbnr/pp1p2pp/B3pp2/2p1P3/8/5N2/PPPP1PPP/RNBQK2R b KQkq - 0 1
Moves; b7a6 e1g1 d7d6 e5f6 g8f6 d2d4 b8c6 b1c3 c5d4 f3d4 c6d4 d1d4 d8d7 f1e1 d6d5 c1g5 d7d8 e1e3 e8f7 a1d1 h7h6 g5f6 g7f6 e3f3 f8e7 d4h4 f7f8 a2a3 f6f5 h4f4 e7g5 f4g3 d8e7 d1e1 e7d8 e1d1 g5f6 g3g6 h8g8 g6h6 f6g7 h6d2 f8f7 f3h3 c8b7 h3h7 a8c8 d1e1 b7c6 d2e2 d8f6 e2a6 g8d8 a6a7 c6d7 h7h3 f6d4 a7d4 g7d4 h3f3 d4g7 e1e2 g7h8 e2d2 h8e5 c3e2 f7e7 c2c3 e5d6 h2h3 d8f8 e2f4 e7f6 g2g3 f8d8 f3e3 c8c4 d2d4 d6c5 d4c4 c5e3 c4c7 e3f4 g3f4 f6e7 c7b7 d8h8 g1g2
Warning; Bestmove does not match beginning of last PV - move h4h5 from SF_2400
Info; info depth 15 seldepth 44 multipv 1 score cp 92 nodes 296487 nps 733878 hashfull 79 tbhits 0 time 404 pv h4h6 f2f3 e7d6 b7b6 d6c7 b6b4 h6g6 g3f2 g6g8 h3h4 d7c6 b2b3 c6d7 b4d4
Position; fen rnbqkbnr/pp1p2pp/B3pp2/2p1P3/8/5N2/PPPP1PPP/RNBQK2R b KQkq - 0 1
Moves; b7a6 e1g1 d7d6 e5f6 g8f6 d2d4 b8c6 b1c3 c5d4 f3d4 c6d4 d1d4 d8d7 f1e1 d6d5 c1g5 d7d8 e1e3 e8f7 a1d1 h7h6 g5f6 g7f6 e3f3 f8e7 d4h4 f7f8 a2a3 f6f5 h4f4 e7g5 f4g3 d8e7 d1e1 e7d8 e1d1 g5f6 g3g6 h8g8 g6h6 f6g7 h6d2 f8f7 f3h3 c8b7 h3h7 a8c8 d1e1 b7c6 d2e2 d8f6 e2a6 g8d8 a6a7 c6d7 h7h3 f6d4 a7d4 g7d4 h3f3 d4g7 e1e2 g7h8 e2d2 h8e5 c3e2 f7e7 c2c3 e5d6 h2h3 d8f8 e2f4 e7f6 g2g3 f8d8 f3e3 c8c4 d2d4 d6c5 d4c4 c5e3 c4c7 e3f4 g3f4 f6e7 c7b7 d8h8 g1g2 h8h4 g2g3
Warning; Bestmove does not match beginning of last PV - move d7d6 from SF_2400
Info; info depth 11 seldepth 19 multipv 1 score cp 91 nodes 76017 nps 835351 hashfull 24 tbhits 0 time 91 pv h5h7 f2f3 d7c7 b8g8 h7h6
Position; fen rnbqkbnr/pp1p2pp/B3pp2/2p1P3/8/5N2/PPPP1PPP/RNBQK2R b KQkq - 0 1
Moves; b7a6 e1g1 d7d6 e5f6 g8f6 d2d4 b8c6 b1c3 c5d4 f3d4 c6d4 d1d4 d8d7 f1e1 d6d5 c1g5 d7d8 e1e3 e8f7 a1d1 h7h6 g5f6 g7f6 e3f3 f8e7 d4h4 f7f8 a2a3 f6f5 h4f4 e7g5 f4g3 d8e7 d1e1 e7d8 e1d1 g5f6 g3g6 h8g8 g6h6 f6g7 h6d2 f8f7 f3h3 c8b7 h3h7 a8c8 d1e1 b7c6 d2e2 d8f6 e2a6 g8d8 a6a7 c6d7 h7h3 f6d4 a7d4 g7d4 h3f3 d4g7 e1e2 g7h8 e2d2 h8e5 c3e2 f7e7 c2c3 e5d6 h2h3 d8f8 e2f4 e7f6 g2g3 f8d8 f3e3 c8c4 d2d4 d6c5 d4c4 c5e3 c4c7 e3f4 g3f4 f6e7 c7b7 d8h8 g1g2 h8h4 g2g3 h4h5 b7b8 d7c6 b2b4 e7d7 h3h4
Warning; Bestmove does not match beginning of last PV - move c7b8 from SF_2400
Info; info depth 11 seldepth 22 multipv 1 score cp 122 nodes 69456 nps 763252 hashfull 17 tbhits 0 time 91 pv c6b7 g3h3 h6g6 h4h5 g6g1 h3h2 g1g4 h2h3 c7b6 a7a5 g4f4
Position; fen rnbqkbnr/pp1p2pp/B3pp2/2p1P3/8/5N2/PPPP1PPP/RNBQK2R b KQkq - 0 1
Moves; b7a6 e1g1 d7d6 e5f6 g8f6 d2d4 b8c6 b1c3 c5d4 f3d4 c6d4 d1d4 d8d7 f1e1 d6d5 c1g5 d7d8 e1e3 e8f7 a1d1 h7h6 g5f6 g7f6 e3f3 f8e7 d4h4 f7f8 a2a3 f6f5 h4f4 e7g5 f4g3 d8e7 d1e1 e7d8 e1d1 g5f6 g3g6 h8g8 g6h6 f6g7 h6d2 f8f7 f3h3 c8b7 h3h7 a8c8 d1e1 b7c6 d2e2 d8f6 e2a6 g8d8 a6a7 c6d7 h7h3 f6d4 a7d4 g7d4 h3f3 d4g7 e1e2 g7h8 e2d2 h8e5 c3e2 f7e7 c2c3 e5d6 h2h3 d8f8 e2f4 e7f6 g2g3 f8d8 f3e3 c8c4 d2d4 d6c5 d4c4 c5e3 c4c7 e3f4 g3f4 f6e7 c7b7 d8h8 g1g2 h8h4 g2g3 h4h5 b7b8 d7c6 b2b4 e7d7 h3h4 d7d6 b8b6 d6c7 b6a6 h5h6 a6a7
Warning; Bestmove does not match beginning of last PV - move h6h5 from SF_2400
Info; info depth 9 seldepth 13 multipv 1 score cp 31 nodes 41986 nps 1104894 hashfull 12 tbhits 0 time 38 pv c6d7 g7f7 c8d8 f7g7 h6h8 g3h3 e6e5 f4e5
Position; fen rnbqkbnr/pp1p2pp/B3pp2/2p1P3/8/5N2/PPPP1PPP/RNBQK2R b KQkq - 0 1
Moves; b7a6 e1g1 d7d6 e5f6 g8f6 d2d4 b8c6 b1c3 c5d4 f3d4 c6d4 d1d4 d8d7 f1e1 d6d5 c1g5 d7d8 e1e3 e8f7 a1d1 h7h6 g5f6 g7f6 e3f3 f8e7 d4h4 f7f8 a2a3 f6f5 h4f4 e7g5 f4g3 d8e7 d1e1 e7d8 e1d1 g5f6 g3g6 h8g8 g6h6 f6g7 h6d2 f8f7 f3h3 c8b7 h3h7 a8c8 d1e1 b7c6 d2e2 d8f6 e2a6 g8d8 a6a7 c6d7 h7h3 f6d4 a7d4 g7d4 h3f3 d4g7 e1e2 g7h8 e2d2 h8e5 c3e2 f7e7 c2c3 e5d6 h2h3 d8f8 e2f4 e7f6 g2g3 f8d8 f3e3 c8c4 d2d4 d6c5 d4c4 c5e3 c4c7 e3f4 g3f4 f6e7 c7b7 d8h8 g1g2 h8h4 g2g3 h4h5 b7b8 d7c6 b2b4 e7d7 h3h4 d7d6 b8b6 d6c7 b6a6 h5h6 a6a7 c7b8 a7g7 b8c8 f2f3
Warning; Bestmove does not match beginning of last PV - move c6d7 from SF_2400
Info; info depth 8 seldepth 17 multipv 1 score cp 56 nodes 41273 nps 859854 hashfull 9 tbhits 0 time 48 pv h5h8 h3g3 c6d7 g7g6 c8d8 a3a4 d8e8 a4a5
Position; fen rnbqkbnr/pp1p2pp/B3pp2/2p1P3/8/5N2/PPPP1PPP/RNBQK2R b KQkq - 0 1
Moves; b7a6 e1g1 d7d6 e5f6 g8f6 d2d4 b8c6 b1c3 c5d4 f3d4 c6d4 d1d4 d8d7 f1e1 d6d5 c1g5 d7d8 e1e3 e8f7 a1d1 h7h6 g5f6 g7f6 e3f3 f8e7 d4h4 f7f8 a2a3 f6f5 h4f4 e7g5 f4g3 d8e7 d1e1 e7d8 e1d1 g5f6 g3g6 h8g8 g6h6 f6g7 h6d2 f8f7 f3h3 c8b7 h3h7 a8c8 d1e1 b7c6 d2e2 d8f6 e2a6 g8d8 a6a7 c6d7 h7h3 f6d4 a7d4 g7d4 h3f3 d4g7 e1e2 g7h8 e2d2 h8e5 c3e2 f7e7 c2c3 e5d6 h2h3 d8f8 e2f4 e7f6 g2g3 f8d8 f3e3 c8c4 d2d4 d6c5 d4c4 c5e3 c4c7 e3f4 g3f4 f6e7 c7b7 d8h8 g1g2 h8h4 g2g3 h4h5 b7b8 d7c6 b2b4 e7d7 h3h4 d7d6 b8b6 d6c7 b6a6 h5h6 a6a7 c7b8 a7g7 b8c8 f2f3 h6h5 g3h3
Warning; Bestmove does not match beginning of last PV - move c7d6 from SF_2400
Info; info depth 9 seldepth 11 multipv 1 score cp 60 nodes 29213 nps 1081962 hashfull 7 tbhits 0 time 27 pv h5h7 g8a8 c7b7 a8g8 h7h6 g8g7 b7c8
Position; fen rnbqkbnr/pp1p2pp/B3pp2/2p1P3/8/5N2/PPPP1PPP/RNBQK2R b KQkq - 0 1
Moves; b7a6 e1g1 d7d6 e5f6 g8f6 d2d4 b8c6 b1c3 c5d4 f3d4 c6d4 d1d4 d8d7 f1e1 d6d5 c1g5 d7d8 e1e3 e8f7 a1d1 h7h6 g5f6 g7f6 e3f3 f8e7 d4h4 f7f8 a2a3 f6f5 h4f4 e7g5 f4g3 d8e7 d1e1 e7d8 e1d1 g5f6 g3g6 h8g8 g6h6 f6g7 h6d2 f8f7 f3h3 c8b7 h3h7 a8c8 d1e1 b7c6 d2e2 d8f6 e2a6 g8d8 a6a7 c6d7 h7h3 f6d4 a7d4 g7d4 h3f3 d4g7 e1e2 g7h8 e2d2 h8e5 c3e2 f7e7 c2c3 e5d6 h2h3 d8f8 e2f4 e7f6 g2g3 f8d8 f3e3 c8c4 d2d4 d6c5 d4c4 c5e3 c4c7 e3f4 g3f4 f6e7 c7b7 d8h8 g1g2 h8h4 g2g3 h4h5 b7b8 d7c6 b2b4 e7d7 h3h4 d7d6 b8b6 d6c7 b6a6 h5h6 a6a7 c7b8 a7g7 b8c8 f2f3 h6h5 g3h3 c6d7 g7g8 c8c7 h3g3
Warning; Bestmove does not match beginning of last PV - move h5h6 from SF_2400
Info; info depth 9 seldepth 21 multipv 1 score cp 36 nodes 33007 nps 846333 hashfull 9 tbhits 0 time 39 pv d6c6 a8a7 h5h7 a3a4
Position; fen rnbqkbnr/pp1p2pp/B3pp2/2p1P3/8/5N2/PPPP1PPP/RNBQK2R b KQkq - 0 1
Moves; b7a6 e1g1 d7d6 e5f6 g8f6 d2d4 b8c6 b1c3 c5d4 f3d4 c6d4 d1d4 d8d7 f1e1 d6d5 c1g5 d7d8 e1e3 e8f7 a1d1 h7h6 g5f6 g7f6 e3f3 f8e7 d4h4 f7f8 a2a3 f6f5 h4f4 e7g5 f4g3 d8e7 d1e1 e7d8 e1d1 g5f6 g3g6 h8g8 g6h6 f6g7 h6d2 f8f7 f3h3 c8b7 h3h7 a8c8 d1e1 b7c6 d2e2 d8f6 e2a6 g8d8 a6a7 c6d7 h7h3 f6d4 a7d4 g7d4 h3f3 d4g7 e1e2 g7h8 e2d2 h8e5 c3e2 f7e7 c2c3 e5d6 h2h3 d8f8 e2f4 e7f6 g2g3 f8d8 f3e3 c8c4 d2d4 d6c5 d4c4 c5e3 c4c7 e3f4 g3f4 f6e7 c7b7 d8h8 g1g2 h8h4 g2g3 h4h5 b7b8 d7c6 b2b4 e7d7 h3h4 d7d6 b8b6 d6c7 b6a6 h5h6 a6a7 c7b8 a7g7 b8c8 f2f3 h6h5 g3h3 c6d7 g7g8 c8c7 h3g3 c7d6 g8a8
Warning; Bestmove does not match beginning of last PV - move d5d4 from SF_2400
Info; info depth 13 seldepth 5 multipv 1 score cp 0 nodes 48738 nps 826067 hashfull 13 tbhits 0 time 59 pv g6h6 f2g3 h6g6 g3f2
Position; fen rnbqkbnr/pp1p2pp/B3pp2/2p1P3/8/5N2/PPPP1PPP/RNBQK2R b KQkq - 0 1
Moves; b7a6 e1g1 d7d6 e5f6 g8f6 d2d4 b8c6 b1c3 c5d4 f3d4 c6d4 d1d4 d8d7 f1e1 d6d5 c1g5 d7d8 e1e3 e8f7 a1d1 h7h6 g5f6 g7f6 e3f3 f8e7 d4h4 f7f8 a2a3 f6f5 h4f4 e7g5 f4g3 d8e7 d1e1 e7d8 e1d1 g5f6 g3g6 h8g8 g6h6 f6g7 h6d2 f8f7 f3h3 c8b7 h3h7 a8c8 d1e1 b7c6 d2e2 d8f6 e2a6 g8d8 a6a7 c6d7 h7h3 f6d4 a7d4 g7d4 h3f3 d4g7 e1e2 g7h8 e2d2 h8e5 c3e2 f7e7 c2c3 e5d6 h2h3 d8f8 e2f4 e7f6 g2g3 f8d8 f3e3 c8c4 d2d4 d6c5 d4c4 c5e3 c4c7 e3f4 g3f4 f6e7 c7b7 d8h8 g1g2 h8h4 g2g3 h4h5 b7b8 d7c6 b2b4 e7d7 h3h4 d7d6 b8b6 d6c7 b6a6 h5h6 a6a7 c7b8 a7g7 b8c8 f2f3 h6h5 g3h3 c6d7 g7g8 c8c7 h3g3 c7d6 g8a8 h5h6 a3a4 h6g6 g3f2
Warning; Bestmove does not match beginning of last PV - move d7c6 from SF_2400
Info; info depth 10 seldepth 22 multipv 1 score cp -32 nodes 43306 nps 817094 hashfull 12 tbhits 0 time 53 pv g6h6 a8a6 d6d5 f2g3 h6g6 g3h3 g6g7 h4h5 g7h7 h3h4
Position; fen rnbqkbnr/pp1p2pp/B3pp2/2p1P3/8/5N2/PPPP1PPP/RNBQK2R b KQkq - 0 1
Moves; b7a6 e1g1 d7d6 e5f6 g8f6 d2d4 b8c6 b1c3 c5d4 f3d4 c6d4 d1d4 d8d7 f1e1 d6d5 c1g5 d7d8 e1e3 e8f7 a1d1 h7h6 g5f6 g7f6 e3f3 f8e7 d4h4 f7f8 a2a3 f6f5 h4f4 e7g5 f4g3 d8e7 d1e1 e7d8 e1d1 g5f6 g3g6 h8g8 g6h6 f6g7 h6d2 f8f7 f3h3 c8b7 h3h7 a8c8 d1e1 b7c6 d2e2 d8f6 e2a6 g8d8 a6a7 c6d7 h7h3 f6d4 a7d4 g7d4 h3f3 d4g7 e1e2 g7h8 e2d2 h8e5 c3e2 f7e7 c2c3 e5d6 h2h3 d8f8 e2f4 e7f6 g2g3 f8d8 f3e3 c8c4 d2d4 d6c5 d4c4 c5e3 c4c7 e3f4 g3f4 f6e7 c7b7 d8h8 g1g2 h8h4 g2g3 h4h5 b7b8 d7c6 b2b4 e7d7 h3h4 d7d6 b8b6 d6c7 b6a6 h5h6 a6a7 c7b8 a7g7 b8c8 f2f3 h6h5 g3h3 c6d7 g7g8 c8c7 h3g3 c7d6 g8a8 h5h6 a3a4 h6g6 g3f2 d5d4 c3d4
Warning; Bestmove does not match beginning of last PV - move d6c7 from SF_2400
Info; info depth 9 seldepth 13 multipv 1 score cp 19 nodes 32880 nps 685000 hashfull 11 tbhits 0 time 48 pv d6e7 d8h8 c6a4 h4h5 g6f6 f2g3 f6f8 h8f8 e7f8 g3h4 f8g7
Position; fen rnbqkbnr/pp1p2pp/B3pp2/2p1P3/8/5N2/PPPP1PPP/RNBQK2R b KQkq - 0 1
Moves; b7a6 e1g1 d7d6 e5f6 g8f6 d2d4 b8c6 b1c3 c5d4 f3d4 c6d4 d1d4 d8d7 f1e1 d6d5 c1g5 d7d8 e1e3 e8f7 a1d1 h7h6 g5f6 g7f6 e3f3 f8e7 d4h4 f7f8 a2a3 f6f5 h4f4 e7g5 f4g3 d8e7 d1e1 e7d8 e1d1 g5f6 g3g6 h8g8 g6h6 f6g7 h6d2 f8f7 f3h3 c8b7 h3h7 a8c8 d1e1 b7c6 d2e2 d8f6 e2a6 g8d8 a6a7 c6d7 h7h3 f6d4 a7d4 g7d4 h3f3 d4g7 e1e2 g7h8 e2d2 h8e5 c3e2 f7e7 c2c3 e5d6 h2h3 d8f8 e2f4 e7f6 g2g3 f8d8 f3e3 c8c4 d2d4 d6c5 d4c4 c5e3 c4c7 e3f4 g3f4 f6e7 c7b7 d8h8 g1g2 h8h4 g2g3 h4h5 b7b8 d7c6 b2b4 e7d7 h3h4 d7d6 b8b6 d6c7 b6a6 h5h6 a6a7 c7b8 a7g7 b8c8 f2f3 h6h5 g3h3 c6d7 g7g8 c8c7 h3g3 c7d6 g8a8 h5h6 a3a4 h6g6 g3f2 d5d4 c3d4 d7c6 a8d8
Warning; Bestmove does not match beginning of last PV - move g6f6 from SF_2400
Info; info depth 11 seldepth 23 multipv 1 score cp -136 nodes 28822 nps 778972 hashfull 9 tbhits 0 time 37 pv g6g7 h5h6 g7d7 f2g3 c7d6 g3h4 d6d5 h8e8 d5d4 e8e6 a4b3 e6f6 d4e3 f6f5 b3c2
Position; fen rnbqkbnr/pp1p2pp/B3pp2/2p1P3/8/5N2/PPPP1PPP/RNBQK2R b KQkq - 0 1
Moves; b7a6 e1g1 d7d6 e5f6 g8f6 d2d4 b8c6 b1c3 c5d4 f3d4 c6d4 d1d4 d8d7 f1e1 d6d5 c1g5 d7d8 e1e3 e8f7 a1d1 h7h6 g5f6 g7f6 e3f3 f8e7 d4h4 f7f8 a2a3 f6f5 h4f4 e7g5 f4g3 d8e7 d1e1 e7d8 e1d1 g5f6 g3g6 h8g8 g6h6 f6g7 h6d2 f8f7 f3h3 c8b7 h3h7 a8c8 d1e1 b7c6 d2e2 d8f6 e2a6 g8d8 a6a7 c6d7 h7h3 f6d4 a7d4 g7d4 h3f3 d4g7 e1e2 g7h8 e2d2 h8e5 c3e2 f7e7 c2c3 e5d6 h2h3 d8f8 e2f4 e7f6 g2g3 f8d8 f3e3 c8c4 d2d4 d6c5 d4c4 c5e3 c4c7 e3f4 g3f4 f6e7 c7b7 d8h8 g1g2 h8h4 g2g3 h4h5 b7b8 d7c6 b2b4 e7d7 h3h4 d7d6 b8b6 d6c7 b6a6 h5h6 a6a7 c7b8 a7g7 b8c8 f2f3 h6h5 g3h3 c6d7 g7g8 c8c7 h3g3 c7d6 g8a8 h5h6 a3a4 h6g6 g3f2 d5d4 c3d4 d7c6 a8d8 d6c7 d8h8 c6a4 h4h5
Warning; Bestmove does not match beginning of last PV - move a4b3 from SF_2400
Info; info depth 8 seldepth 19 multipv 1 score cp -46 nodes 27487 nps 808441 hashfull 23 tbhits 0 time 34 pv a4c6 f2g3 f6g6 g3h4 g6g1 h6h7 g1h1 h4g5 c6d5 g5g6 h1g1 g6f6 g1h1 b4b5 h1h3 f6g6
Position; fen rnbqkbnr/pp1p2pp/B3pp2/2p1P3/8/5N2/PPPP1PPP/RNBQK2R b KQkq - 0 1
Moves; b7a6 e1g1 d7d6 e5f6 g8f6 d2d4 b8c6 b1c3 c5d4 f3d4 c6d4 d1d4 d8d7 f1e1 d6d5 c1g5 d7d8 e1e3 e8f7 a1d1 h7h6 g5f6 g7f6 e3f3 f8e7 d4h4 f7f8 a2a3 f6f5 h4f4 e7g5 f4g3 d8e7 d1e1 e7d8 e1d1 g5f6 g3g6 h8g8 g6h6 f6g7 h6d2 f8f7 f3h3 c8b7 h3h7 a8c8 d1e1 b7c6 d2e2 d8f6 e2a6 g8d8 a6a7 c6d7 h7h3 f6d4 a7d4 g7d4 h3f3 d4g7 e1e2 g7h8 e2d2 h8e5 c3e2 f7e7 c2c3 e5d6 h2h3 d8f8 e2f4 e7f6 g2g3 f8d8 f3e3 c8c4 d2d4 d6c5 d4c4 c5e3 c4c7 e3f4 g3f4 f6e7 c7b7 d8h8 g1g2 h8h4 g2g3 h4h5 b7b8 d7c6 b2b4 e7d7 h3h4 d7d6 b8b6 d6c7 b6a6 h5h6 a6a7 c7b8 a7g7 b8c8 f2f3 h6h5 g3h3 c6d7 g7g8 c8c7 h3g3 c7d6 g8a8 h5h6 a3a4 h6g6 g3f2 d5d4 c3d4 d7c6 a8d8 d6c7 d8h8 c6a4 h4h5 g6f6 h5h6
Warning; Bestmove does not match beginning of last PV - move f6f7 from SF_2400
Info; info depth 11 seldepth 24 multipv 1 score cp -345 nodes 26359 nps 850290 hashfull 17 tbhits 0 time 31 pv f6h6 h8a8 h6h2 f2g3 h2h7 a8a7 c7c6 a7h7 c6b5 h7b7 b5a4 b7b8
Position; fen rnbqkbnr/pp1p2pp/B3pp2/2p1P3/8/5N2/PPPP1PPP/RNBQK2R b KQkq - 0 1
Moves; b7a6 e1g1 d7d6 e5f6 g8f6 d2d4 b8c6 b1c3 c5d4 f3d4 c6d4 d1d4 d8d7 f1e1 d6d5 c1g5 d7d8 e1e3 e8f7 a1d1 h7h6 g5f6 g7f6 e3f3 f8e7 d4h4 f7f8 a2a3 f6f5 h4f4 e7g5 f4g3 d8e7 d1e1 e7d8 e1d1 g5f6 g3g6 h8g8 g6h6 f6g7 h6d2 f8f7 f3h3 c8b7 h3h7 a8c8 d1e1 b7c6 d2e2 d8f6 e2a6 g8d8 a6a7 c6d7 h7h3 f6d4 a7d4 g7d4 h3f3 d4g7 e1e2 g7h8 e2d2 h8e5 c3e2 f7e7 c2c3 e5d6 h2h3 d8f8 e2f4 e7f6 g2g3 f8d8 f3e3 c8c4 d2d4 d6c5 d4c4 c5e3 c4c7 e3f4 g3f4 f6e7 c7b7 d8h8 g1g2 h8h4 g2g3 h4h5 b7b8 d7c6 b2b4 e7d7 h3h4 d7d6 b8b6 d6c7 b6a6 h5h6 a6a7 c7b8 a7g7 b8c8 f2f3 h6h5 g3h3 c6d7 g7g8 c8c7 h3g3 c7d6 g8a8 h5h6 a3a4 h6g6 g3f2 d5d4 c3d4 d7c6 a8d8 d6c7 d8h8 c6a4 h4h5 g6f6 h5h6 a4b3 h6h7
Warning; Bestmove does not match beginning of last PV - move c7c6 from SF_2400
Info; info depth 11 seldepth 27 multipv 1 score cp -371 nodes 20124 nps 838500 hashfull 25 tbhits 0 time 24 pv c7b6 a7h7 b6b5 h7b7 b5a4 b7b8 b3d5 f2e3 d5c4 d4d5 c4d5 e3d4 d5f3 d4c5 a4b3
Position; fen rnbqkbnr/pp1p2pp/B3pp2/2p1P3/8/5N2/PPPP1PPP/RNBQK2R b KQkq - 0 1
Moves; b7a6 e1g1 d7d6 e5f6 g8f6 d2d4 b8c6 b1c3 c5d4 f3d4 c6d4 d1d4 d8d7 f1e1 d6d5 c1g5 d7d8 e1e3 e8f7 a1d1 h7h6 g5f6 g7f6 e3f3 f8e7 d4h4 f7f8 a2a3 f6f5 h4f4 e7g5 f4g3 d8e7 d1e1 e7d8 e1d1 g5f6 g3g6 h8g8 g6h6 f6g7 h6d2 f8f7 f3h3 c8b7 h3h7 a8c8 d1e1 b7c6 d2e2 d8f6 e2a6 g8d8 a6a7 c6d7 h7h3 f6d4 a7d4 g7d4 h3f3 d4g7 e1e2 g7h8 e2d2 h8e5 c3e2 f7e7 c2c3 e5d6 h2h3 d8f8 e2f4 e7f6 g2g3 f8d8 f3e3 c8c4 d2d4 d6c5 d4c4 c5e3 c4c7 e3f4 g3f4 f6e7 c7b7 d8h8 g1g2 h8h4 g2g3 h4h5 b7b8 d7c6 b2b4 e7d7 h3h4 d7d6 b8b6 d6c7 b6a6 h5h6 a6a7 c7b8 a7g7 b8c8 f2f3 h6h5 g3h3 c6d7 g7g8 c8c7 h3g3 c7d6 g8a8 h5h6 a3a4 h6g6 g3f2 d5d4 c3d4 d7c6 a8d8 d6c7 d8h8 c6a4 h4h5 g6f6 h5h6 a4b3 h6h7 f6f7 h8a8 f7h7 a8a7
Warning; Bestmove does not match beginning of last PV - move b3c4 from SF_2400
Info; info depth 11 seldepth 17 multipv 1 score cp -374 nodes 19495 nps 974750 hashfull 7 tbhits 0 time 20 pv b3d5 h7h1 d5c4 h1b1 c6b5 f2e3 c4a2 b1b2 a2d5 e3d2 d5f3 d2c3 f3d5 b2b1 d5c4 b1a1
Position; fen rnbqkbnr/pp1p2pp/B3pp2/2p1P3/8/5N2/PPPP1PPP/RNBQK2R b KQkq - 0 1
Moves; b7a6 e1g1 d7d6 e5f6 g8f6 d2d4 b8c6 b1c3 c5d4 f3d4 c6d4 d1d4 d8d7 f1e1 d6d5 c1g5 d7d8 e1e3 e8f7 a1d1 h7h6 g5f6 g7f6 e3f3 f8e7 d4h4 f7f8 a2a3 f6f5 h4f4 e7g5 f4g3 d8e7 d1e1 e7d8 e1d1 g5f6 g3g6 h8g8 g6h6 f6g7 h6d2 f8f7 f3h3 c8b7 h3h7 a8c8 d1e1 b7c6 d2e2 d8f6 e2a6 g8d8 a6a7 c6d7 h7h3 f6d4 a7d4 g7d4 h3f3 d4g7 e1e2 g7h8 e2d2 h8e5 c3e2 f7e7 c2c3 e5d6 h2h3 d8f8 e2f4 e7f6 g2g3 f8d8 f3e3 c8c4 d2d4 d6c5 d4c4 c5e3 c4c7 e3f4 g3f4 f6e7 c7b7 d8h8 g1g2 h8h4 g2g3 h4h5 b7b8 d7c6 b2b4 e7d7 h3h4 d7d6 b8b6 d6c7 b6a6 h5h6 a6a7 c7b8 a7g7 b8c8 f2f3 h6h5 g3h3 c6d7 g7g8 c8c7 h3g3 c7d6 g8a8 h5h6 a3a4 h6g6 g3f2 d5d4 c3d4 d7c6 a8d8 d6c7 d8h8 c6a4 h4h5 g6f6 h5h6 a4b3 h6h7 f6f7 h8a8 f7h7 a8a7 c7c6 a7h7
Warning; Bestmove does not match beginning of last PV - move c6b5 from SF_2400
Info; info depth 11 seldepth 20 multipv 1 score cp -382 nodes 16443 nps 1027687 hashfull 15 tbhits 0 time 16 pv c6b6 h1a1 b6b5 a1b1 c4d5 b1b2 d5c4 f2e3 c4d5 e3d2 b5c4 b4b5 c4d4 b5b6 d5b7 b2b1 d4c4 d2e2 c4c3
Position; fen rnbqkbnr/pp1p2pp/B3pp2/2p1P3/8/5N2/PPPP1PPP/RNBQK2R b KQkq - 0 1
Moves; b7a6 e1g1 d7d6 e5f6 g8f6 d2d4 b8c6 b1c3 c5d4 f3d4 c6d4 d1d4 d8d7 f1e1 d6d5 c1g5 d7d8 e1e3 e8f7 a1d1 h7h6 g5f6 g7f6 e3f3 f8e7 d4h4 f7f8 a2a3 f6f5 h4f4 e7g5 f4g3 d8e7 d1e1 e7d8 e1d1 g5f6 g3g6 h8g8 g6h6 f6g7 h6d2 f8f7 f3h3 c8b7 h3h7 a8c8 d1e1 b7c6 d2e2 d8f6 e2a6 g8d8 a6a7 c6d7 h7h3 f6d4 a7d4 g7d4 h3f3 d4g7 e1e2 g7h8 e2d2 h8e5 c3e2 f7e7 c2c3 e5d6 h2h3 d8f8 e2f4 e7f6 g2g3 f8d8 f3e3 c8c4 d2d4 d6c5 d4c4 c5e3 c4c7 e3f4 g3f4 f6e7 c7b7 d8h8 g1g2 h8h4 g2g3 h4h5 b7b8 d7c6 b2b4 e7d7 h3h4 d7d6 b8b6 d6c7 b6a6 h5h6 a6a7 c7b8 a7g7 b8c8 f2f3 h6h5 g3h3 c6d7 g7g8 c8c7 h3g3 c7d6 g8a8 h5h6 a3a4 h6g6 g3f2 d5d4 c3d4 d7c6 a8d8 d6c7 d8h8 c6a4 h4h5 g6f6 h5h6 a4b3 h6h7 f6f7 h8a8 f7h7 a8a7 c7c6 a7h7 b3c4 h7h1
Warning; Bestmove does not match beginning of last PV - move b5a4 from SF_2400
Info; info depth 12 seldepth 22 multipv 1 score cp -372 nodes 13307 nps 1023615 hashfull 29 tbhits 0 time 13 pv c4d3 b1b2 d3c4 f2e3 c4d5 e3d2 d5b7 d2c3 b7f3 b2b1 f3d5 b1a1 b5b6 a1a5 d5g2 a5c5 g2d5 c3d2 b6a6 c5a5 a6b6
Position; fen rnbqkbnr/pp1p2pp/B3pp2/2p1P3/8/5N2/PPPP1PPP/RNBQK2R b KQkq - 0 1
Moves; b7a6 e1g1 d7d6 e5f6 g8f6 d2d4 b8c6 b1c3 c5d4 f3d4 c6d4 d1d4 d8d7 f1e1 d6d5 c1g5 d7d8 e1e3 e8f7 a1d1 h7h6 g5f6 g7f6 e3f3 f8e7 d4h4 f7f8 a2a3 f6f5 h4f4 e7g5 f4g3 d8e7 d1e1 e7d8 e1d1 g5f6 g3g6 h8g8 g6h6 f6g7 h6d2 f8f7 f3h3 c8b7 h3h7 a8c8 d1e1 b7c6 d2e2 d8f6 e2a6 g8d8 a6a7 c6d7 h7h3 f6d4 a7d4 g7d4 h3f3 d4g7 e1e2 g7h8 e2d2 h8e5 c3e2 f7e7 c2c3 e5d6 h2h3 d8f8 e2f4 e7f6 g2g3 f8d8 f3e3 c8c4 d2d4 d6c5 d4c4 c5e3 c4c7 e3f4 g3f4 f6e7 c7b7 d8h8 g1g2 h8h4 g2g3 h4h5 b7b8 d7c6 b2b4 e7d7 h3h4 d7d6 b8b6 d6c7 b6a6 h5h6 a6a7 c7b8 a7g7 b8c8 f2f3 h6h5 g3h3 c6d7 g7g8 c8c7 h3g3 c7d6 g8a8 h5h6 a3a4 h6g6 g3f2 d5d4 c3d4 d7c6 a8d8 d6c7 d8h8 c6a4 h4h5 g6f6 h5h6 a4b3 h6h7 f6f7 h8a8 f7h7 a8a7 c7c6 a7h7 b3c4 h7h1 c6b5 h1b1
Warning; PV continues after threefold repetition - move c4b5 from HiveChess
Info; info depth 18 score cp 350 nodes 493608 pv h8b8 b4c4 b8c8 c4b5 c8f8 b5c4 f8c8 c4b5 c8f8 b5c4 f8c8 c4b5 c8f8 b5c4 f8c8 c4b5 c8f8 b5c4
Position; fen rnbqkbnr/pp1p2pp/B3pp2/2p1P3/8/5N2/PPPP1PPP/RNBQK2R b KQkq - 0 1
Moves; b7a6 e1g1 d7d6 e5f6 g8f6 d2d4 b8c6 b1c3 c5d4 f3d4 c6d4 d1d4 d8d7 f1e1 d6d5 c1g5 d7d8 e1e3 e8f7 a1d1 h7h6 g5f6 g7f6 e3f3 f8e7 d4h4 f7f8 a2a3 f6f5 h4f4 e7g5 f4g3 d8e7 d1e1 e7d8 e1d1 g5f6 g3g6 h8g8 g6h6 f6g7 h6d2 f8f7 f3h3 c8b7 h3h7 a8c8 d1e1 b7c6 d2e2 d8f6 e2a6 g8d8 a6a7 c6d7 h7h3 f6d4 a7d4 g7d4 h3f3 d4g7 e1e2 g7h8 e2d2 h8e5 c3e2 f7e7 c2c3 e5d6 h2h3 d8f8 e2f4 e7f6 g2g3 f8d8 f3e3 c8c4 d2d4 d6c5 d4c4 c5e3 c4c7 e3f4 g3f4 f6e7 c7b7 d8h8 g1g2 h8h4 g2g3 h4h5 b7b8 d7c6 b2b4 e7d7 h3h4 d7d6 b8b6 d6c7 b6a6 h5h6 a6a7 c7b8 a7g7 b8c8 f2f3 h6h5 g3h3 c6d7 g7g8 c8c7 h3g3 c7d6 g8a8 h5h6 a3a4 h6g6 g3f2 d5d4 c3d4 d7c6 a8d8 d6c7 d8h8 c6a4 h4h5 g6f6 h5h6 a4b3 h6h7 f6f7 h8a8 f7h7 a8a7 c7c6 a7h7 b3c4 h7h1 c6b5 h1b1 b5a4 f2e3 a4b5 b1h1 b5b4 h1h8 c4d5
Warning; Bestmove does not match beginning of last PV - move b4a3 from SF_2400
Info; info depth 10 seldepth 14 multipv 1 score cp -216 nodes 6762 nps 1127000 hashfull 67 tbhits 0 time 6 pv b4c3 b8c8 d5c4 c8c7 c3b3 e3d2 c4d5 c7c1 b3b4 c1c3 d5c4
Position; fen rnbqkbnr/pp1p2pp/B3pp2/2p1P3/8/5N2/PPPP1PPP/RNBQK2R b KQkq - 0 1
Moves; b7a6 e1g1 d7d6 e5f6 g8f6 d2d4 b8c6 b1c3 c5d4 f3d4 c6d4 d1d4 d8d7 f1e1 d6d5 c1g5 d7d8 e1e3 e8f7 a1d1 h7h6 g5f6 g7f6 e3f3 f8e7 d4h4 f7f8 a2a3 f6f5 h4f4 e7g5 f4g3 d8e7 d1e1 e7d8 e1d1 g5f6 g3g6 h8g8 g6h6 f6g7 h6d2 f8f7 f3h3 c8b7 h3h7 a8c8 d1e1 b7c6 d2e2 d8f6 e2a6 g8d8 a6a7 c6d7 h7h3 f6d4 a7d4 g7d4 h3f3 d4g7 e1e2 g7h8 e2d2 h8e5 c3e2 f7e7 c2c3 e5d6 h2h3 d8f8 e2f4 e7f6 g2g3 f8d8 f3e3 c8c4 d2d4 d6c5 d4c4 c5e3 c4c7 e3f4 g3f4 f6e7 c7b7 d8h8 g1g2 h8h4 g2g3 h4h5 b7b8 d7c6 b2b4 e7d7 h3h4 d7d6 b8b6 d6c7 b6a6 h5h6 a6a7 c7b8 a7g7 b8c8 f2f3 h6h5 g3h3 c6d7 g7g8 c8c7 h3g3 c7d6 g8a8 h5h6 a3a4 h6g6 g3f2 d5d4 c3d4 d7c6 a8d8 d6c7 d8h8 c6a4 h4h5 g6f6 h5h6 a4b3 h6h7 f6f7 h8a8 f7h7 a8a7 c7c6 a7h7 b3c4 h7h1 c6b5 h1b1 b5a4 f2e3 a4b5 b1h1 b5b4 h1h8 c4d5 h8b8
Warning; Bestmove does not match beginning of last PV - move a3a2 from SF_2400
Info; info depth 10 seldepth 14 multipv 1 score cp -268 nodes 5156 nps 1289000 hashfull 113 tbhits 0 time 4 pv a3a4 b5b8 a4a3 e3f2 a3a4 f2g3 a4a3 g3h4 d5f3 h4g5 f3d5 g5f6 a3a4
Position; fen rnbqkbnr/pp1p2pp/B3pp2/2p1P3/8/5N2/PPPP1PPP/RNBQK2R b KQkq - 0 1
Moves; b7a6 e1g1 d7d6 e5f6 g8f6 d2d4 b8c6 b1c3 c5d4 f3d4 c6d4 d1d4 d8d7 f1e1 d6d5 c1g5 d7d8 e1e3 e8f7 a1d1 h7h6 g5f6 g7f6 e3f3 f8e7 d4h4 f7f8 a2a3 f6f5 h4f4 e7g5 f4g3 d8e7 d1e1 e7d8 e1d1 g5f6 g3g6 h8g8 g6h6 f6g7 h6d2 f8f7 f3h3 c8b7 h3h7 a8c8 d1e1 b7c6 d2e2 d8f6 e2a6 g8d8 a6a7 c6d7 h7h3 f6d4 a7d4 g7d4 h3f3 d4g7 e1e2 g7h8 e2d2 h8e5 c3e2 f7e7 c2c3 e5d6 h2h3 d8f8 e2f4 e7f6 g2g3 f8d8 f3e3 c8c4 d2d4 d6c5 d4c4 c5e3 c4c7 e3f4 g3f4 f6e7 c7b7 d8h8 g1g2 h8h4 g2g3 h4h5 b7b8 d7c6 b2b4 e7d7 h3h4 d7d6 b8b6 d6c7 b6a6 h5h6 a6a7 c7b8 a7g7 b8c8 f2f3 h6h5 g3h3 c6d7 g7g8 c8c7 h3g3 c7d6 g8a8 h5h6 a3a4 h6g6 g3f2 d5d4 c3d4 d7c6 a8d8 d6c7 d8h8 c6a4 h4h5 g6f6 h5h6 a4b3 h6h7 f6f7 h8a8 f7h7 a8a7 c7c6 a7h7 b3c4 h7h1 c6b5 h1b1 b5a4 f2e3 a4b5 b1h1 b5b4 h1h8 c4d5 h8b8 b4a3 b8b5
Warning; PV continues after threefold repetition - move e3d3 from HiveChess
Info; info depth 20 score cp 358 nodes 816128 pv e3d3 a3a4 d3e3 a4a3 e3d3 a3a4 d3e3 a4a3 e3d3 a3a4 d3e3 a4a3 e3d3 a3a4 d3e3 a4a3 e3d3 a3a4 d3e3 a4a3
Position; fen rnbqkbnr/pp1p2pp/B3pp2/2p1P3/8/5N2/PPPP1PPP/RNBQK2R b KQkq - 0 1
Moves; b7a6 e1g1 d7d6 e5f6 g8f6 d2d4 b8c6 b1c3 c5d4 f3d4 c6d4 d1d4 d8d7 f1e1 d6d5 c1g5 d7d8 e1e3 e8f7 a1d1 h7h6 g5f6 g7f6 e3f3 f8e7 d4h4 f7f8 a2a3 f6f5 h4f4 e7g5 f4g3 d8e7 d1e1 e7d8 e1d1 g5f6 g3g6 h8g8 g6h6 f6g7 h6d2 f8f7 f3h3 c8b7 h3h7 a8c8 d1e1 b7c6 d2e2 d8f6 e2a6 g8d8 a6a7 c6d7 h7h3 f6d4 a7d4 g7d4 h3f3 d4g7 e1e2 g7h8 e2d2 h8e5 c3e2 f7e7 c2c3 e5d6 h2h3 d8f8 e2f4 e7f6 g2g3 f8d8 f3e3 c8c4 d2d4 d6c5 d4c4 c5e3 c4c7 e3f4 g3f4 f6e7 c7b7 d8h8 g1g2 h8h4 g2g3 h4h5 b7b8 d7c6 b2b4 e7d7 h3h4 d7d6 b8b6 d6c7 b6a6 h5h6 a6a7 c7b8 a7g7 b8c8 f2f3 h6h5 g3h3 c6d7 g7g8 c8c7 h3g3 c7d6 g8a8 h5h6 a3a4 h6g6 g3f2 d5d4 c3d4 d7c6 a8d8 d6c7 d8h8 c6a4 h4h5 g6f6 h5h6 a4b3 h6h7 f6f7 h8a8 f7h7 a8a7 c7c6 a7h7 b3c4 h7h1 c6b5 h1b1 b5a4 f2e3 a4b5 b1h1 b5b4 h1h8 c4d5 h8b8 b4a3 b8b5 a3a2 b5b6 a2a3
Warning; PV continues after threefold repetition - move e3d3 from HiveChess
Info; info depth 18 score cp 358 nodes 821248 pv d3e3 a4a3 e3d3 a3a4 d3e3 a4a3 e3d3 a3a4 d3e3 a4a3 e3d3 a3a4 d3e3 a4a3 e3d3 a3a4 d3e3 a4a3
Position; fen rnbqkbnr/pp1p2pp/B3pp2/2p1P3/8/5N2/PPPP1PPP/RNBQK2R b KQkq - 0 1
Moves; b7a6 e1g1 d7d6 e5f6 g8f6 d2d4 b8c6 b1c3 c5d4 f3d4 c6d4 d1d4 d8d7 f1e1 d6d5 c1g5 d7d8 e1e3 e8f7 a1d1 h7h6 g5f6 g7f6 e3f3 f8e7 d4h4 f7f8 a2a3 f6f5 h4f4 e7g5 f4g3 d8e7 d1e1 e7d8 e1d1 g5f6 g3g6 h8g8 g6h6 f6g7 h6d2 f8f7 f3h3 c8b7 h3h7 a8c8 d1e1 b7c6 d2e2 d8f6 e2a6 g8d8 a6a7 c6d7 h7h3 f6d4 a7d4 g7d4 h3f3 d4g7 e1e2 g7h8 e2d2 h8e5 c3e2 f7e7 c2c3 e5d6 h2h3 d8f8 e2f4 e7f6 g2g3 f8d8 f3e3 c8c4 d2d4 d6c5 d4c4 c5e3 c4c7 e3f4 g3f4 f6e7 c7b7 d8h8 g1g2 h8h4 g2g3 h4h5 b7b8 d7c6 b2b4 e7d7 h3h4 d7d6 b8b6 d6c7 b6a6 h5h6 a6a7 c7b8 a7g7 b8c8 f2f3 h6h5 g3h3 c6d7 g7g8 c8c7 h3g3 c7d6 g8a8 h5h6 a3a4 h6g6 g3f2 d5d4 c3d4 d7c6 a8d8 d6c7 d8h8 c6a4 h4h5 g6f6 h5h6 a4b3 h6h7 f6f7 h8a8 f7h7 a8a7 c7c6 a7h7 b3c4 h7h1 c6b5 h1b1 b5a4 f2e3 a4b5 b1h1 b5b4 h1h8 c4d5 h8b8 b4a3 b8b5 a3a2 b5b6 a2a3 e3d3 a3a4
Warning; PV continues after threefold repetition - move e3d3 from HiveChess
Info; info depth 20 score cp 358 nodes 777216 pv e3d3 a3a4 d3e3 a4a3 e3d3 a3a4 d3e3 a4a3 e3d3 a3a4 d3e3 a4a3 e3d3 a3a4 d3e3 a4a3 e3d3 a3a4 d3e3 a4a3
Position; fen rnbqkbnr/pp1p2pp/B3pp2/2p1P3/8/5N2/PPPP1PPP/RNBQK2R b KQkq - 0 1
Moves; b7a6 e1g1 d7d6 e5f6 g8f6 d2d4 b8c6 b1c3 c5d4 f3d4 c6d4 d1d4 d8d7 f1e1 d6d5 c1g5 d7d8 e1e3 e8f7 a1d1 h7h6 g5f6 g7f6 e3f3 f8e7 d4h4 f7f8 a2a3 f6f5 h4f4 e7g5 f4g3 d8e7 d1e1 e7d8 e1d1 g5f6 g3g6 h8g8 g6h6 f6g7 h6d2 f8f7 f3h3 c8b7 h3h7 a8c8 d1e1 b7c6 d2e2 d8f6 e2a6 g8d8 a6a7 c6d7 h7h3 f6d4 a7d4 g7d4 h3f3 d4g7 e1e2 g7h8 e2d2 h8e5 c3e2 f7e7 c2c3 e5d6 h2h3 d8f8 e2f4 e7f6 g2g3 f8d8 f3e3 c8c4 d2d4 d6c5 d4c4 c5e3 c4c7 e3f4 g3f4 f6e7 c7b7 d8h8 g1g2 h8h4 g2g3 h4h5 b7b8 d7c6 b2b4 e7d7 h3h4 d7d6 b8b6 d6c7 b6a6 h5h6 a6a7 c7b8 a7g7 b8c8 f2f3 h6h5 g3h3 c6d7 g7g8 c8c7 h3g3 c7d6 g8a8 h5h6 a3a4 h6g6 g3f2 d5d4 c3d4 d7c6 a8d8 d6c7 d8h8 c6a4 h4h5 g6f6 h5h6 a4b3 h6h7 f6f7 h8a8 f7h7 a8a7 c7c6 a7h7 b3c4 h7h1 c6b5 h1b1 b5a4 f2e3 a4b5 b1h1 b5b4 h1h8 c4d5 h8b8 b4a3 b8b5 a3a2 b5b6 a2a3 e3d3 a3a4 d3e3 a4a3
Warning; Bestmove does not match beginning of last PV - move d5c4 from SF_2400
Info; info depth 15 seldepth 18 multipv 1 score cp -432 nodes 899459 nps 1087616 hashfull 149 tbhits 0 time 827 pv a4a5 b6b1 d5c6 e2f2 c6b5 d4d5 e6d5 f2e3 a5a6 e3d4 b5e2 d4e5 e2f3 b1b8 d5d4 e5d4 f3d1
Position; fen rnbqkbnr/pp1p2pp/B3pp2/2p1P3/8/5N2/PPPP1PPP/RNBQK2R b KQkq - 0 1
Moves; b7a6 e1g1 d7d6 e5f6 g8f6 d2d4 b8c6 b1c3 c5d4 f3d4 c6d4 d1d4 d8d7 f1e1 d6d5 c1g5 d7d8 e1e3 e8f7 a1d1 h7h6 g5f6 g7f6 e3f3 f8e7 d4h4 f7f8 a2a3 f6f5 h4f4 e7g5 f4g3 d8e7 d1e1 e7d8 e1d1 g5f6 g3g6 h8g8 g6h6 f6g7 h6d2 f8f7 f3h3 c8b7 h3h7 a8c8 d1e1 b7c6 d2e2 d8f6 e2a6 g8d8 a6a7 c6d7 h7h3 f6d4 a7d4 g7d4 h3f3 d4g7 e1e2 g7h8 e2d2 h8e5 c3e2 f7e7 c2c3 e5d6 h2h3 d8f8 e2f4 e7f6 g2g3 f8d8 f3e3 c8c4 d2d4 d6c5 d4c4 c5e3 c4c7 e3f4 g3f4 f6e7 c7b7 d8h8 g1g2 h8h4 g2g3 h4h5 b7b8 d7c6 b2b4 e7d7 h3h4 d7d6 b8b6 d6c7 b6a6 h5h6 a6a7 c7b8 a7g7 b8c8 f2f3 h6h5 g3h3 c6d7 g7g8 c8c7 h3g3 c7d6 g8a8 h5h6 a3a4 h6g6 g3f2 d5d4 c3d4 d7c6 a8d8 d6c7 d8h8 c6a4 h4h5 g6f6 h5h6 a4b3 h6h7 f6f7 h8a8 f7h7 a8a7 c7c6 a7h7 b3c4 h7h1 c6b5 h1b1 b5a4 f2e3 a4b5 b1h1 b5b4 h1h8 c4d5 h8b8 b4a3 b8b5 a3a2 b5b6 a2a3 e3d3 a3a4 d3e3 a4a3 e3d3 a3a4 d3e2
Warning; PV continues after threefold repetition - move e3e2 from HiveChess
Info; info depth 21 score cp 349 nodes 2544310 pv e2f2 a4a5 b6b7 a5a6 b7b8 c4d5 f2e3 a6a5 b8b1 a5a6 e3e2 d5c6 e2e3 c6d5 e3e2 d5c6 e2e3 c6d5 e3e2 d5c6 e2e3
Position; fen rnbqkbnr/pp1p2pp/B3pp2/2p1P3/8/5N2/PPPP1PPP/RNBQK2R b KQkq - 0 1
Moves; b7a6 e1g1 d7d6 e5f6 g8f6 d2d4 b8c6 b1c3 c5d4 f3d4 c6d4 d1d4 d8d7 f1e1 d6d5 c1g5 d7d8 e1e3 e8f7 a1d1 h7h6 g5f6 g7f6 e3f3 f8e7 d4h4 f7f8 a2a3 f6f5 h4f4 e7g5 f4g3 d8e7 d1e1 e7d8 e1d1 g5f6 g3g6 h8g8 g6h6 f6g7 h6d2 f8f7 f3h3 c8b7 h3h7 a8c8 d1e1 b7c6 d2e2 d8f6 e2a6 g8d8 a6a7 c6d7 h7h3 f6d4 a7d4 g7d4 h3f3 d4g7 e1e2 g7h8 e2d2 h8e5 c3e2 f7e7 c2c3 e5d6 h2h3 d8f8 e2f4 e7f6 g2g3 f8d8 f3e3 c8c4 d2d4 d6c5 d4c4 c5e3 c4c7 e3f4 g3f4 f6e7 c7b7 d8h8 g1g2 h8h4 g2g3 h4h5 b7b8 d7c6 b2b4 e7d7 h3h4 d7d6 b8b6 d6c7 b6a6 h5h6 a6a7 c7b8 a7g7 b8c8 f2f3 h6h5 g3h3 c6d7 g7g8 c8c7 h3g3 c7d6 g8a8 h5h6 a3a4 h6g6 g3f2 d5d4 c3d4 d7c6 a8d8 d6c7 d8h8 c6a4 h4h5 g6f6 h5h6 a4b3 h6h7 f6f7 h8a8 f7h7 a8a7 c7c6 a7h7 b3c4 h7h1 c6b5 h1b1 b5a4 f2e3 a4b5 b1h1 b5b4 h1h8 c4d5 h8b8 b4a3 b8b5 a3a2 b5b6 a2a3 e3d3 a3a4 d3e3 a4a3 e3d3 a3a4 d3e2 d5c4
Warning; Bestmove does not match beginning of last PV - move c4d3 from SF_2400
Info; info depth 15 seldepth 52 multipv 1 score cp -531 nodes 790446 nps 1274912 hashfull 150 tbhits 0 time 620 pv a4a5 b6b8 c4b5 f2g3 a5b4 g3h4 b4c4 b8b6 b5a4 b6e6 c4d4 h4g5 a4c2 e6e2 c2b1 e2e5 b1c2 e5f5 c2d1 f5f8 d1f3
Position; fen rnbqkbnr/pp1p2pp/B3pp2/2p1P3/8/5N2/PPPP1PPP/RNBQK2R b KQkq - 0 1
Moves; b7a6 e1g1 d7d6 e5f6 g8f6 d2d4 b8c6 b1c3 c5d4 f3d4 c6d4 d1d4 d8d7 f1e1 d6d5 c1g5 d7d8 e1e3 e8f7 a1d1 h7h6 g5f6 g7f6 e3f3 f8e7 d4h4 f7f8 a2a3 f6f5 h4f4 e7g5 f4g3 d8e7 d1e1 e7d8 e1d1 g5f6 g3g6 h8g8 g6h6 f6g7 h6d2 f8f7 f3h3 c8b7 h3h7 a8c8 d1e1 b7c6 d2e2 d8f6 e2a6 g8d8 a6a7 c6d7 h7h3 f6d4 a7d4 g7d4 h3f3 d4g7 e1e2 g7h8 e2d2 h8e5 c3e2 f7e7 c2c3 e5d6 h2h3 d8f8 e2f4 e7f6 g2g3 f8d8 f3e3 c8c4 d2d4 d6c5 d4c4 c5e3 c4c7 e3f4 g3f4 f6e7 c7b7 d8h8 g1g2 h8h4 g2g3 h4h5 b7b8 d7c6 b2b4 e7d7 h3h4 d7d6 b8b6 d6c7 b6a6 h5h6 a6a7 c7b8 a7g7 b8c8 f2f3 h6h5 g3h3 c6d7 g7g8 c8c7 h3g3 c7d6 g8a8 h5h6 a3a4 h6g6 g3f2 d5d4 c3d4 d7c6 a8d8 d6c7 d8h8 c6a4 h4h5 g6f6 h5h6 a4b3 h6h7 f6f7 h8a8 f7h7 a8a7 c7c6 a7h7 b3c4 h7h1 c6b5 h1b1 b5a4 f2e3 a4b5 b1h1 b5b4 h1h8 c4d5 h8b8 b4a3 b8b5 a3a2 b5b6 a2a3 e3d3 a3a4 d3e3 a4a3 e3d3 a3a4 d3e2 d5c4 e2f2
Warning; Bestmove does not match beginning of last PV - move b5c4 from SF_2400
Info; info depth 17 seldepth 44 multipv 1 score cp -668 nodes 1195367 nps 1710110 hashfull 189 tbhits 0 time 699 pv d3c4 e3e5 b5b4 f2g3 c4d3 e5c5 d3e2 g3h4 e2f3 h4g5 f3e4 g5f6 e4d3 f6e5 d3e4 c5c8 b4b5 d4d5 b5b4
Position; fen rnbqkbnr/pp1p2pp/B3pp2/2p1P3/8/5N2/PPPP1PPP/RNBQK2R b KQkq - 0 1
Moves; b7a6 e1g1 d7d6 e5f6 g8f6 d2d4 b8c6 b1c3 c5d4 f3d4 c6d4 d1d4 d8d7 f1e1 d6d5 c1g5 d7d8 e1e3 e8f7 a1d1 h7h6 g5f6 g7f6 e3f3 f8e7 d4h4 f7f8 a2a3 f6f5 h4f4 e7g5 f4g3 d8e7 d1e1 e7d8 e1d1 g5f6 g3g6 h8g8 g6h6 f6g7 h6d2 f8f7 f3h3 c8b7 h3h7 a8c8 d1e1 b7c6 d2e2 d8f6 e2a6 g8d8 a6a7 c6d7 h7h3 f6d4 a7d4 g7d4 h3f3 d4g7 e1e2 g7h8 e2d2 h8e5 c3e2 f7e7 c2c3 e5d6 h2h3 d8f8 e2f4 e7f6 g2g3 f8d8 f3e3 c8c4 d2d4 d6c5 d4c4 c5e3 c4c7 e3f4 g3f4 f6e7 c7b7 d8h8 g1g2 h8h4 g2g3 h4h5 b7b8 d7c6 b2b4 e7d7 h3h4 d7d6 b8b6 d6c7 b6a6 h5h6 a6a7 c7b8 a7g7 b8c8 f2f3 h6h5 g3h3 c6d7 g7g8 c8c7 h3g3 c7d6 g8a8 h5h6 a3a4 h6g6 g3f2 d5d4 c3d4 d7c6 a8d8 d6c7 d8h8 c6a4 h4h5 g6f6 h5h6 a4b3 h6h7 f6f7 h8a8 f7h7 a8a7 c7c6 a7h7 b3c4 h7h1 c6b5 h1b1 b5a4 f2e3 a4b5 b1h1 b5b4 h1h8 c4d5 h8b8 b4a3 b8b5 a3a2 b5b6 a2a3 e3d3 a3a4 d3e3 a4a3 e3d3 a3a4 d3e2 d5c4 e2f2 c4d3 b6e6 a4b5 e6e3
Warning; Bestmove does not match beginning of last PV - move e6d7 from SF_2400
Info; info depth 40 seldepth 17 multipv 1 score mate -8 nodes 109287 nps 2665536 hashfull 21 tbhits 0 time 41 pv e6d6 d3d1 d6e7 d5d6 e7d7 d1d2 d7c6 d6d7 c6c5 d7d8q c5b4 d2b2 b4c5 b2b6 c5c4 d8d4
Position; fen rnbqkbnr/pp1p2pp/B3pp2/2p1P3/8/5N2/PPPP1PPP/RNBQK2R b KQkq - 0 1
Moves; b7a6 e1g1 d7d6 e5f6 g8f6 d2d4 b8c6 b1c3 c5d4 f3d4 c6d4 d1d4 d8d7 f1e1 d6d5 c1g5 d7d8 e1e3 e8f7 a1d1 h7h6 g5f6 g7f6 e3f3 f8e7 d4h4 f7f8 a2a3 f6f5 h4f4 e7g5 f4g3 d8e7 d1e1 e7d8 e1d1 g5f6 g3g6 h8g8 g6h6 f6g7 h6d2 f8f7 f3h3 c8b7 h3h7 a8c8 d1e1 b7c6 d2e2 d8f6 e2a6 g8d8 a6a7 c6d7 h7h3 f6d4 a7d4 g7d4 h3f3 d4g7 e1e2 g7h8 e2d2 h8e5 c3e2 f7e7 c2c3 e5d6 h2h3 d8f8 e2f4 e7f6 g2g3 f8d8 f3e3 c8c4 d2d4 d6c5 d4c4 c5e3 c4c7 e3f4 g3f4 f6e7 c7b7 d8h8 g1g2 h8h4 g2g3 h4h5 b7b8 d7c6 b2b4 e7d7 h3h4 d7d6 b8b6 d6c7 b6a6 h5h6 a6a7 c7b8 a7g7 b8c8 f2f3 h6h5 g3h3 c6d7 g7g8 c8c7 h3g3 c7d6 g8a8 h5h6 a3a4 h6g6 g3f2 d5d4 c3d4 d7c6 a8d8 d6c7 d8h8 c6a4 h4h5 g6f6 h5h6 a4b3 h6h7 f6f7 h8a8 f7h7 a8a7 c7c6 a7h7 b3c4 h7h1 c6b5 h1b1 b5a4 f2e3 a4b5 b1h1 b5b4 h1h8 c4d5 h8b8 b4a3 b8b5 a3a2 b5b6 a2a3 e3d3 a3a4 d3e3 a4a3 e3d3 a3a4 d3e2 d5c4 e2f2 c4d3 b6e6 a4b5 e6e3 b5c4 e3d3 c4d5 f2e3 d5e6 d4d5
Warning; Bestmove does not match beginning of last PV - move d7e7 from SF_2400
Info; info depth 45 seldepth 17 multipv 1 score mate -8 nodes 106737 nps 2603341 hashfull 25 tbhits 0 time 41 pv d7d6 d2d1 d6e7 d5d6 e7d7 d1d2 d7c6 d6d7 c6c5 d7d8q c5b4 d2b2 b4c5 b2b6 c5c4 d8d4
Position; fen rnbqkbnr/pp1p2pp/B3pp2/2p1P3/8/5N2/PPPP1PPP/RNBQK2R b KQkq - 0 1
Moves; b7a6 e1g1 d7d6 e5f6 g8f6 d2d4 b8c6 b1c3 c5d4 f3d4 c6d4 d1d4 d8d7 f1e1 d6d5 c1g5 d7d8 e1e3 e8f7 a1d1 h7h6 g5f6 g7f6 e3f3 f8e7 d4h4 f7f8 a2a3 f6f5 h4f4 e7g5 f4g3 d8e7 d1e1 e7d8 e1d1 g5f6 g3g6 h8g8 g6h6 f6g7 h6d2 f8f7 f3h3 c8b7 h3h7 a8c8 d1e1 b7c6 d2e2 d8f6 e2a6 g8d8 a6a7 c6d7 h7h3 f6d4 a7d4 g7d4 h3f3 d4g7 e1e2 g7h8 e2d2 h8e5 c3e2 f7e7 c2c3 e5d6 h2h3 d8f8 e2f4 e7f6 g2g3 f8d8 f3e3 c8c4 d2d4 d6c5 d4c4 c5e3 c4c7 e3f4 g3f4 f6e7 c7b7 d8h8 g1g2 h8h4 g2g3 h4h5 b7b8 d7c6 b2b4 e7d7 h3h4 d7d6 b8b6 d6c7 b6a6 h5h6 a6a7 c7b8 a7g7 b8c8 f2f3 h6h5 g3h3 c6d7 g7g8 c8c7 h3g3 c7d6 g8a8 h5h6 a3a4 h6g6 g3f2 d5d4 c3d4 d7c6 a8d8 d6c7 d8h8 c6a4 h4h5 g6f6 h5h6 a4b3 h6h7 f6f7 h8a8 f7h7 a8a7 c7c6 a7h7 b3c4 h7h1 c6b5 h1b1 b5a4 f2e3 a4b5 b1h1 b5b4 h1h8 c4d5 h8b8 b4a3 b8b5 a3a2 b5b6 a2a3 e3d3 a3a4 d3e3 a4a3 e3d3 a3a4 d3e2 d5c4 e2f2 c4d3 b6e6 a4b5 e6e3 b5c4 e3d3 c4d5 f2e3 d5e6 d4d5 e6d7 d3d2
Warning; Bestmove does not match beginning of last PV - move e7e6 from SF_2400
Info; info depth 56 seldepth 13 multipv 1 score mate -6 nodes 139251 nps 3481275 hashfull 19 tbhits 0 time 40 pv e7d7 d2d1 d7c6 d6d7 c6b5 d7d8q b5c5 d1b1 c5c6 b1b6 c6c5 d8d4
Position; fen rnbqkbnr/pp1p2pp/B3pp2/2p1P3/8/5N2/PPPP1PPP/RNBQK2R b KQkq - 0 1
Moves; b7a6 e1g1 d7d6 e5f6 g8f6 d2d4 b8c6 b1c3 c5d4 f3d4 c6d4 d1d4 d8d7 f1e1 d6d5 c1g5 d7d8 e1e3 e8f7 a1d1 h7h6 g5f6 g7f6 e3f3 f8e7 d4h4 f7f8 a2a3 f6f5 h4f4 e7g5 f4g3 d8e7 d1e1 e7d8 e1d1 g5f6 g3g6 h8g8 g6h6 f6g7 h6d2 f8f7 f3h3 c8b7 h3h7 a8c8 d1e1 b7c6 d2e2 d8f6 e2a6 g8d8 a6a7 c6d7 h7h3 f6d4 a7d4 g7d4 h3f3 d4g7 e1e2 g7h8 e2d2 h8e5 c3e2 f7e7 c2c3 e5d6 h2h3 d8f8 e2f4 e7f6 g2g3 f8d8 f3e3 c8c4 d2d4 d6c5 d4c4 c5e3 c4c7 e3f4 g3f4 f6e7 c7b7 d8h8 g1g2 h8h4 g2g3 h4h5 b7b8 d7c6 b2b4 e7d7 h3h4 d7d6 b8b6 d6c7 b6a6 h5h6 a6a7 c7b8 a7g7 b8c8 f2f3 h6h5 g3h3 c6d7 g7g8 c8c7 h3g3 c7d6 g8a8 h5h6 a3a4 h6g6 g3f2 d5d4 c3d4 d7c6 a8d8 d6c7 d8h8 c6a4 h4h5 g6f6 h5h6 a4b3 h6h7 f6f7 h8a8 f7h7 a8a7 c7c6 a7h7 b3c4 h7h1 c6b5 h1b1 b5a4 f2e3 a4b5 b1h1 b5b4 h1h8 c4d5 h8b8 b4a3 b8b5 a3a2 b5b6 a2a3 e3d3 a3a4 d3e3 a4a3 e3d3 a3a4 d3e2 d5c4 e2f2 c4d3 b6e6 a4b5 e6e3 b5c4 e3d3 c4d5 f2e3 d5e6 d4d5 e6d7 d3d2 d7e7 d5d6
Warning; Bestmove does not match beginning of last PV - move e6f7 from SF_2400
Info; info depth 245 seldepth 7 multipv 1 score mate -3 nodes 196243 nps 7547807 hashfull 4 tbhits 0 time 26 pv e6e7 d7d8q e7e6 d8d7 e6f6 d2d6
Position; fen rnbqkbnr/pp1p2pp/B3pp2/2p1P3/8/5N2/PPPP1PPP/RNBQK2R b KQkq - 0 1
Moves; b7a6 e1g1 d7d6 e5f6 g8f6 d2d4 b8c6 b1c3 c5d4 f3d4 c6d4 d1d4 d8d7 f1e1 d6d5 c1g5 d7d8 e1e3 e8f7 a1d1 h7h6 g5f6 g7f6 e3f3 f8e7 d4h4 f7f8 a2a3 f6f5 h4f4 e7g5 f4g3 d8e7 d1e1 e7d8 e1d1 g5f6 g3g6 h8g8 g6h6 f6g7 h6d2 f8f7 f3h3 c8b7 h3h7 a8c8 d1e1 b7c6 d2e2 d8f6 e2a6 g8d8 a6a7 c6d7 h7h3 f6d4 a7d4 g7d4 h3f3 d4g7 e1e2 g7h8 e2d2 h8e5 c3e2 f7e7 c2c3 e5d6 h2h3 d8f8 e2f4 e7f6 g2g3 f8d8 f3e3 c8c4 d2d4 d6c5 d4c4 c5e3 c4c7 e3f4 g3f4 f6e7 c7b7 d8h8 g1g2 h8h4 g2g3 h4h5 b7b8 d7c6 b2b4 e7d7 h3h4 d7d6 b8b6 d6c7 b6a6 h5h6 a6a7 c7b8 a7g7 b8c8 f2f3 h6h5 g3h3 c6d7 g7g8 c8c7 h3g3 c7d6 g8a8 h5h6 a3a4 h6g6 g3f2 d5d4 c3d4 d7c6 a8d8 d6c7 d8h8 c6a4 h4h5 g6f6 h5h6 a4b3 h6h7 f6f7 h8a8 f7h7 a8a7 c7c6 a7h7 b3c4 h7h1 c6b5 h1b1 b5a4 f2e3 a4b5 b1h1 b5b4 h1h8 c4d5 h8b8 b4a3 b8b5 a3a2 b5b6 a2a3 e3d3 a3a4 d3e3 a4a3 e3d3 a3a4 d3e2 d5c4 e2f2 c4d3 b6e6 a4b5 e6e3 b5c4 e3d3 c4d5 f2e3 d5e6 d4d5 e6d7 d3d2 d7e7 d5d6 e7e6 d6d7
Warning; Bestmove does not match beginning of last PV - move f7g6 from SF_2400
Info; info depth 245 seldepth 5 multipv 1 score mate -2 nodes 41152 nps 5878857 hashfull 3 tbhits 0 time 7 pv f7e6 d8d7 e6f6 d2d6
Position; fen rnbqkbnr/pp1p2pp/B3pp2/2p1P3/8/5N2/PPPP1PPP/RNBQK2R b KQkq - 0 1
Moves; b7a6 e1g1 d7d6 e5f6 g8f6 d2d4 b8c6 b1c3 c5d4 f3d4 c6d4 d1d4 d8d7 f1e1 d6d5 c1g5 d7d8 e1e3 e8f7 a1d1 h7h6 g5f6 g7f6 e3f3 f8e7 d4h4 f7f8 a2a3 f6f5 h4f4 e7g5 f4g3 d8e7 d1e1 e7d8 e1d1 g5f6 g3g6 h8g8 g6h6 f6g7 h6d2 f8f7 f3h3 c8b7 h3h7 a8c8 d1e1 b7c6 d2e2 d8f6 e2a6 g8d8 a6a7 c6d7 h7h3 f6d4 a7d4 g7d4 h3f3 d4g7 e1e2 g7h8 e2d2 h8e5 c3e2 f7e7 c2c3 e5d6 h2h3 d8f8 e2f4 e7f6 g2g3 f8d8 f3e3 c8c4 d2d4 d6c5 d4c4 c5e3 c4c7 e3f4 g3f4 f6e7 c7b7 d8h8 g1g2 h8h4 g2g3 h4h5 b7b8 d7c6 b2b4 e7d7 h3h4 d7d6 b8b6 d6c7 b6a6 h5h6 a6a7 c7b8 a7g7 b8c8 f2f3 h6h5 g3h3 c6d7 g7g8 c8c7 h3g3 c7d6 g8a8 h5h6 a3a4 h6g6 g3f2 d5d4 c3d4 d7c6 a8d8 d6c7 d8h8 c6a4 h4h5 g6f6 h5h6 a4b3 h6h7 f6f7 h8a8 f7h7 a8a7 c7c6 a7h7 b3c4 h7h1 c6b5 h1b1 b5a4 f2e3 a4b5 b1h1 b5b4 h1h8 c4d5 h8b8 b4a3 b8b5 a3a2 b5b6 a2a3 e3d3 a3a4 d3e3 a4a3 e3d3 a3a4 d3e2 d5c4 e2f2 c4d3 b6e6 a4b5 e6e3 b5c4 e3d3 c4d5 f2e3 d5e6 d4d5 e6d7 d3d2 d7e7 d5d6 e7e6 d6d7 e6f7 d7d8q
Warning; Bestmove does not match beginning of last PV - move g6h7 from SF_2400
Info; info depth 245 seldepth 5 multipv 1 score mate -2 nodes 41832 nps 5976000 hashfull 5 tbhits 0 time 7 pv g6f7 d6d7 f7e6 d8e7
Position; fen rnbqkbnr/pp1p2pp/B3pp2/2p1P3/8/5N2/PPPP1PPP/RNBQK2R b KQkq - 0 1
Moves; b7a6 e1g1 d7d6 e5f6 g8f6 d2d4 b8c6 b1c3 c5d4 f3d4 c6d4 d1d4 d8d7 f1e1 d6d5 c1g5 d7d8 e1e3 e8f7 a1d1 h7h6 g5f6 g7f6 e3f3 f8e7 d4h4 f7f8 a2a3 f6f5 h4f4 e7g5 f4g3 d8e7 d1e1 e7d8 e1d1 g5f6 g3g6 h8g8 g6h6 f6g7 h6d2 f8f7 f3h3 c8b7 h3h7 a8c8 d1e1 b7c6 d2e2 d8f6 e2a6 g8d8 a6a7 c6d7 h7h3 f6d4 a7d4 g7d4 h3f3 d4g7 e1e2 g7h8 e2d2 h8e5 c3e2 f7e7 c2c3 e5d6 h2h3 d8f8 e2f4 e7f6 g2g3 f8d8 f3e3 c8c4 d2d4 d6c5 d4c4 c5e3 c4c7 e3f4 g3f4 f6e7 c7b7 d8h8 g1g2 h8h4 g2g3 h4h5 b7b8 d7c6 b2b4 e7d7 h3h4 d7d6 b8b6 d6c7 b6a6 h5h6 a6a7 c7b8 a7g7 b8c8 f2f3 h6h5 g3h3 c6d7 g7g8 c8c7 h3g3 c7d6 g8a8 h5h6 a3a4 h6g6 g3f2 d5d4 c3d4 d7c6 a8d8 d6c7 d8h8 c6a4 h4h5 g6f6 h5h6 a4b3 h6h7 f6f7 h8a8 f7h7 a8a7 c7c6 a7h7 b3c4 h7h1 c6b5 h1b1 b5a4 f2e3 a4b5 b1h1 b5b4 h1h8 c4d5 h8b8 b4a3 b8b5 a3a2 b5b6 a2a3 e3d3 a3a4 d3e3 a4a3 e3d3 a3a4 d3e2 d5c4 e2f2 c4d3 b6e6 a4b5 e6e3 b5c4 e3d3 c4d5 f2e3 d5e6 d4d5 e6d7 d3d2 d7e7 d5d6 e7e6 d6d7 e6f7 d7d8q f7g6 d2d6
Warning; Bestmove does not match beginning of last PV - move h7h6 from SF_2400
Info; info depth 245 seldepth 3 multipv 1 score mate -1 nodes 1469 nps 734500 hashfull 5 tbhits 0 time 2 pv h7g6 d8g5
Position; fen rnbqkbnr/pp1p2pp/B3pp2/2p1P3/8/5N2/PPPP1PPP/RNBQK2R b KQkq - 0 1
Moves; b7a6 e1g1 d7d6 e5f6 g8f6 d2d4 b8c6 b1c3 c5d4 f3d4 c6d4 d1d4 d8d7 f1e1 d6d5 c1g5 d7d8 e1e3 e8f7 a1d1 h7h6 g5f6 g7f6 e3f3 f8e7 d4h4 f7f8 a2a3 f6f5 h4f4 e7g5 f4g3 d8e7 d1e1 e7d8 e1d1 g5f6 g3g6 h8g8 g6h6 f6g7 h6d2 f8f7 f3h3 c8b7 h3h7 a8c8 d1e1 b7c6 d2e2 d8f6 e2a6 g8d8 a6a7 c6d7 h7h3 f6d4 a7d4 g7d4 h3f3 d4g7 e1e2 g7h8 e2d2 h8e5 c3e2 f7e7 c2c3 e5d6 h2h3 d8f8 e2f4 e7f6 g2g3 f8d8 f3e3 c8c4 d2d4 d6c5 d4c4 c5e3 c4c7 e3f4 g3f4 f6e7 c7b7 d8h8 g1g2 h8h4 g2g3 h4h5 b7b8 d7c6 b2b4 e7d7 h3h4 d7d6 b8b6 d6c7 b6a6 h5h6 a6a7 c7b8 a7g7 b8c8 f2f3 h6h5 g3h3 c6d7 g7g8 c8c7 h3g3 c7d6 g8a8 h5h6 a3a4 h6g6 g3f2 d5d4 c3d4 d7c6 a8d8 d6c7 d8h8 c6a4 h4h5 g6f6 h5h6 a4b3 h6h7 f6f7 h8a8 f7h7 a8a7 c7c6 a7h7 b3c4 h7h1 c6b5 h1b1 b5a4 f2e3 a4b5 b1h1 b5b4 h1h8 c4d5 h8b8 b4a3 b8b5 a3a2 b5b6 a2a3 e3d3 a3a4 d3e3 a4a3 e3d3 a3a4 d3e2 d5c4 e2f2 c4d3 b6e6 a4b5 e6e3 b5c4 e3d3 c4d5 f2e3 d5e6 d4d5 e6d7 d3d2 d7e7 d5d6 e7e6 d6d7 e6f7 d7d8q f7g6 d2d6 g6h7 d6d7
Finished game 9 (HiveChess vs SF_2400): 1-0 {White mates}
Started game 10 of 10 (SF_2400 vs HiveChess)
Warning; Bestmove does not match beginning of last PV - move e1g1 from SF_2400
Info; info depth 16 seldepth 17 multipv 1 score cp -376 nodes 292650 nps 654697 hashfull 118 tbhits 0 time 447 pv d2d4 c5d4 f3d4 c8b7 b1d2 d8c7 e1g1 b8c6 d2c4 c6d4 d1d4 c7c6 c4d6 f8d6
Position; fen rnbqkbnr/pp1p2pp/B3pp2/2p1P3/8/5N2/PPPP1PPP/RNBQK2R b KQkq - 0 1
Moves; b7a6
Warning; Bestmove does not match beginning of last PV - move b2b4 from SF_2400
Info; info depth 16 seldepth 29 multipv 1 score cp -412 nodes 322358 nps 807914 hashfull 119 tbhits 0 time 399 pv d2d4 c5d4 f1e1 f6e5 f3e5 c6e5 e1e5 c8b7 b1d2 g8f6 e5g5 d8c7 d2f3 f8d6 g5g7
Position; fen rnbqkbnr/pp1p2pp/B3pp2/2p1P3/8/5N2/PPPP1PPP/RNBQK2R b KQkq - 0 1
Moves; b7a6 e1g1 b8c6
Warning; Bestmove does not match beginning of last PV - move b1a3 from SF_2400
Info; info depth 16 seldepth 28 multipv 1 score cp -428 nodes 327405 nps 914539 hashfull 113 tbhits 0 time 358 pv b4c5 g8f6 d2d4 e5d4 c1a3 a6a5 d1d3 f8e7 b1d2 e8g8 d2e4 f6e4 d3e4
Position; fen rnbqkbnr/pp1p2pp/B3pp2/2p1P3/8/5N2/PPPP1PPP/RNBQK2R b KQkq - 0 1
Moves; b7a6 e1g1 b8c6 b2b4 f6e5
Warning; Bestmove does not match beginning of last PV - move b4b5 from SF_2400
Info; info depth 15 seldepth 29 multipv 1 score cp -481 nodes 351753 nps 1106141 hashfull 115 tbhits 0 time 318 pv b4c5 e4f3 d2d4 g8f6 a3c4 f8e7 c4d6 e7d6 c5d6 e8g8 c2c4 a8b8
Position; fen rnbqkbnr/pp1p2pp/B3pp2/2p1P3/8/5N2/PPPP1PPP/RNBQK2R b KQkq - 0 1
Moves; b7a6 e1g1 b8c6 b2b4 f6e5 b1a3 e5e4
Warning; Bestmove does not match beginning of last PV - move f1e1 from SF_2400
Info; info depth 16 seldepth 22 multipv 1 score cp -503 nodes 337111 nps 1199683 hashfull 119 tbhits 0 time 281 pv f3g5 d8g5 a3b5 a8b8 c2c4 g5e5 a1b1 e8d8 d1a4 g8f6
Position; fen rnbqkbnr/pp1p2pp/B3pp2/2p1P3/8/5N2/PPPP1PPP/RNBQK2R b KQkq - 0 1
Moves; b7a6 e1g1 b8c6 b2b4 f6e5 b1a3 e5e4 b4b5 a6b5
Warning; Bestmove does not match beginning of last PV - move d2d4 from SF_2400
Info; info depth 14 seldepth 23 multipv 1 score cp -588 nodes 230617 nps 1220195 hashfull 95 tbhits 0 time 189 pv c1b2 g8f6 a3b5 a8b8 a2a4 a7a6 d1f3 a6b5 a4b5 c6d4 b2d4 c5d4 a1a7 f8e7 e1e6 e8g8
Position; fen rnbqkbnr/pp1p2pp/B3pp2/2p1P3/8/5N2/PPPP1PPP/RNBQK2R b KQkq - 0 1
Moves; b7a6 e1g1 b8c6 b2b4 f6e5 b1a3 e5e4 b4b5 a6b5 f1e1 e4f3
Warning; Bestmove does not match beginning of last PV - move d1d5 from SF_2400
Info; info depth 14 seldepth 23 multipv 1 score cp -648 nodes 322563 nps 1452986 hashfull 128 tbhits 0 time 222 pv d1f3 c8a6 c1b2 g8e7 a1d1 b5d4 b2d4 c5d4 d1d4 a8c8 c2c4 c8c6 h2h4
Position; fen rnbqkbnr/pp1p2pp/B3pp2/2p1P3/8/5N2/PPPP1PPP/RNBQK2R b KQkq - 0 1
Moves; b7a6 e1g1 b8c6 b2b4 f6e5 b1a3 e5e4 b4b5 a6b5 f1e1 e4f3 d2d4 c6d4 a3b5 d4b5
Warning; Bestmove does not match beginning of last PV - move e1e6 from SF_2400
Info; info depth 13 seldepth 27 multipv 1 score cp -712 nodes 290915 nps 1469267 hashfull 124 tbhits 0 time 198 pv c1f4 b5d4 d5h5 g7g6 h5e5 d8f6 a1b1 f6e5 f4e5 f8e7 e5g7
Position; fen rnbqkbnr/pp1p2pp/B3pp2/2p1P3/8/5N2/PPPP1PPP/RNBQK2R b KQkq - 0 1
Moves; b7a6 e1g1 b8c6 b2b4 f6e5 b1a3 e5e4 b4b5 a6b5 f1e1 e4f3 d2d4 c6d4 a3b5 d4b5 d1d5 c8a6
Warning; Bestmove does not match beginning of last PV - move c1e3 from SF_2400
Info; info depth 14 seldepth 23 multipv 1 score cp -804 nodes 118537 nps 1559697 hashfull 49 tbhits 0 time 76 pv c1b2 b5d4 c6a6 f8e7 g2g4 d8d5 c2c4 d5d6 a6d6 e7d6 b2d4 c5d4
Position; fen rnbqkbnr/pp1p2pp/B3pp2/2p1P3/8/5N2/PPPP1PPP/RNBQK2R b KQkq - 0 1
Moves; b7a6 e1g1 b8c6 b2b4 f6e5 b1a3 e5e4 b4b5 a6b5 f1e1 e4f3 d2d4 c6d4 a3b5 d4b5 d1d5 c8a6 e1e6 d7e6 d5c6 e8f7
Warning; Bestmove does not match beginning of last PV - move c6a8 from SF_2400
Info; info depth 14 seldepth 22 multipv 1 score cp -859 nodes 238898 nps 1670615 hashfull 89 tbhits 0 time 143 pv c6f3 g8f6 a1d1 a6b7 f3g3 b7e4 c2c4 b5d4 e3d4 c5d4 d1d4 e4f5 d4f4 f8e7 g3h4 h8f8
Position; fen rnbqkbnr/pp1p2pp/B3pp2/2p1P3/8/5N2/PPPP1PPP/RNBQK2R b KQkq - 0 1
Moves; b7a6 e1g1 b8c6 b2b4 f6e5 b1a3 e5e4 b4b5 a6b5 f1e1 e4f3 d2d4 c6d4 a3b5 d4b5 d1d5 c8a6 e1e6 d7e6 d5c6 e8f7 c1e3 d8c8
Warning; Bestmove does not match beginning of last PV - move e3c5 from SF_2400
Info; info depth 13 seldepth 25 multipv 1 score cp -962 nodes 218312 nps 1732634 hashfull 77 tbhits 0 time 126 pv c2c3 a8c8 e3d2 f8e7 a1e1 g8f6
Position; fen rnbqkbnr/pp1p2pp/B3pp2/2p1P3/8/5N2/PPPP1PPP/RNBQK2R b KQkq - 0 1
Moves; b7a6 e1g1 b8c6 b2b4 f6e5 b1a3 e5e4 b4b5 a6b5 f1e1 e4f3 d2d4 c6d4 a3b5 d4b5 d1d5 c8a6 e1e6 d7e6 d5c6 e8f7 c1e3 d8c8 c6a8 c8a8
Warning; Bestmove does not match beginning of last PV - move c2c3 from SF_2400
Info; info depth 13 seldepth 19 multipv 1 score cp -1092 nodes 70898 nps 2148424 hashfull 26 tbhits 0 time 33 pv a1e1 a8c8 e1e4 f7e8 e4g4 g7g6 a2a4
Position; fen rnbqkbnr/pp1p2pp/B3pp2/2p1P3/8/5N2/PPPP1PPP/RNBQK2R b KQkq - 0 1
Moves; b7a6 e1g1 b8c6 b2b4 f6e5 b1a3 e5e4 b4b5 a6b5 f1e1 e4f3 d2d4 c6d4 a3b5 d4b5 d1d5 c8a6 e1e6 d7e6 d5c6 e8f7 c1e3 d8c8 c6a8 c8a8 e3c5 f8c5
Warning; Bestmove does not match beginning of last PV - move a2a4 from SF_2400
Info; info depth 12 seldepth 21 multipv 1 score cp -1066 nodes 63833 nps 1773138 hashfull 26 tbhits 0 time 36 pv a1e1 a8c8 e1e5 b5d6 e5g5 d6f5 g5g4 g7g6 g4f4 f7e8 f4f5 g6f5
Position; fen rnbqkbnr/pp1p2pp/B3pp2/2p1P3/8/5N2/PPPP1PPP/RNBQK2R b KQkq - 0 1
Moves; b7a6 e1g1 b8c6 b2b4 f6e5 b1a3 e5e4 b4b5 a6b5 f1e1 e4f3 d2d4 c6d4 a3b5 d4b5 d1d5 c8a6 e1e6 d7e6 d5c6 e8f7 c1e3 d8c8 c6a8 c8a8 e3c5 f8c5 c2c3 f3g2
Warning; Bestmove does not match beginning of last PV - move g2h3 from SF_2400
Info; info depth 216 seldepth 5 multipv 1 score mate -2 nodes 34040 nps 5673333 hashfull 0 tbhits 0 time 6 pv g2g3 d1f3 g3h4 c5e7
Position; fen rnbqkbnr/pp1p2pp/B3pp2/2p1P3/8/5N2/PPPP1PPP/RNBQK2R b KQkq - 0 1
Moves; b7a6 e1g1 b8c6 b2b4 f6e5 b1a3 e5e4 b4b5 a6b5 f1e1 e4f3 d2d4 c6d4 a3b5 d4b5 d1d5 c8a6 e1e6 d7e6 d5c6 e8f7 c1e3 d8c8 c6a8 c8a8 e3c5 f8c5 c2c3 f3g2 a2a4 a8f3 a1a2 f3d1 g1g2 a6b7
Finished game 10 (SF_2400 vs HiveChess): 0-1 {Black mates}
--------------------------------------------------
Rank Name                             Elo        +/-       nElo        +/-      Games      Score       Draw           Ptnml(0-2)
   1 HiveChess                     381.70        nan     491.35     215.34         10      90.0%      20.0%      [0, 0, 1, 0, 4]
   2 SF_2300                        -0.00       0.00        nan        nan          2      50.0%     100.0%      [0, 0, 1, 0, 0]
   3 SF_2000                         -inf        nan       -inf        nan          2       0.0%       0.0%      [1, 0, 0, 0, 0]
   4 SF_2100                         -inf        nan       -inf        nan          2       0.0%       0.0%      [1, 0, 0, 0, 0]
   5 SF_2200                         -inf        nan       -inf        nan          2       0.0%       0.0%      [1, 0, 0, 0, 0]
   6 SF_2400                         -inf        nan       -inf        nan          2       0.0%       0.0%      [1, 0, 0, 0, 0]
--------------------------------------------------
Finished match
Total Time: 00:04:47 (hours:minutes:seconds)

Computing ELO...
elo: 2625.5
games_played: 10
score_pct: 0.900
total_wins: 9
total_draws: 0
total_losses: 1
ci_95: 368.5

Per-opponent breakdown:
  vs SF_2000 (2000): +2 =0 -0 [1.000]
  vs SF_2100 (2100): +2 =0 -0 [1.000]
  vs SF_2200 (2200): +2 =0 -0 [1.000]
  vs SF_2300 (2300): +1 =0 -1 [0.500]
  vs SF_2400 (2400): +2 =0 -0 [1.000]
---
elo:              2625.5
games_played:     10
score_pct:        0.900
wins:             9
draws:            0
losses:           1
binary_bytes:     1409472
line_count:       2525
compile_secs:     0
valid:            true
