Verifying tool integrity...
Tool integrity verified.
Compiling engine...
Compiled in 0s.
Running gauntlet tournament...
Gauntlet: 5 SF levels (2000-2400) x 2 games (engine 500ms, SF 100ms)...
Running: tools/fastchess -engine cmd=engine/target/release/hive-chess proto=uci name=HiveChess tc=40/20 -engine cmd=tools/stockfish proto=uci name=SF_2000 tc=40/4 option.UCI_LimitStrength=true option.UCI_Elo=2000 option.Threads=1 option.Hash=16 -engine cmd=tools/stockfish proto=uci name=SF_2100 tc=40/4 option.UCI_LimitStrength=true option.UCI_Elo=2100 option.Threads=1 option.Hash=16 -engine cmd=tools/stockfish proto=uci name=SF_2200 tc=40/4 option.UCI_LimitStrength=true option.UCI_Elo=2200 option.Threads=1 option.Hash=16 -engine cmd=tools/stockfish proto=uci name=SF_2300 tc=40/4 option.UCI_LimitStrength=true option.UCI_Elo=2300 option.Threads=1 option.Hash=16 -engine cmd=tools/stockfish proto=uci name=SF_2400 tc=40/4 option.UCI_LimitStrength=true option.UCI_Elo=2400 option.Threads=1 option.Hash=16 -tournament gauntlet -rounds 1 -games 2 -repeat -pgnout file=eval/games.pgn -recover -wait 50 -openings file=data/openings.epd format=epd order=random
Indexing opening suite...
Started game 1 of 10 (HiveChess vs SF_2000)
Warning; Bestmove does not match beginning of last PV - move g8f6 from SF_2000
Info; info depth 14 seldepth 22 multipv 1 score cp 77 nodes 192219 nps 435870 hashfull 71 tbhits 0 time 441 pv f8g7 c2c3 g8f6 e2e1 b8c6 f1e2 e8g8 c1e3 b7b6 h2h3 d8c7 c3c4 c8b7 b1c3 e7e6 d1c1 a8d8
Position; fen rnbqkbnr/1p1ppp1p/p5p1/2p5/4P3/3P1N2/PPP1KPPP/RNBQ1B1R b kq - 0 1
Moves; 
Warning; Bestmove does not match beginning of last PV - move f6g4 from SF_2000
Info; info depth 12 seldepth 25 multipv 1 score cp 78 nodes 93781 nps 473641 hashfull 30 tbhits 0 time 198 pv f6d5 d3d4 d7d6 e2e1 c5d4 d1d4 d6e5 d4e5 d5f6 e5d4 c8d7 b1c3 b8c6 d4h4
Position; fen rnbqkbnr/1p1ppp1p/p5p1/2p5/4P3/3P1N2/PPP1KPPP/RNBQ1B1R b kq - 0 1
Moves; g8f6 e4e5
Warning; Bestmove does not match beginning of last PV - move b8c6 from SF_2000
Info; info depth 10 seldepth 21 multipv 1 score cp 38 nodes 84166 nps 486508 hashfull 26 tbhits 0 time 173 pv d7d6 f1g2 f8g7 b1c3 b8c6 e5d6 d8d6 c3e4 d6c7 e4c5
Position; fen rnbqkbnr/1p1ppp1p/p5p1/2p5/4P3/3P1N2/PPP1KPPP/RNBQ1B1R b kq - 0 1
Moves; g8f6 e4e5 f6g4 h2h3 g4h6 g2g4
Warning; Bestmove does not match beginning of last PV - move d6c7 from SF_2000
Info; info depth 11 seldepth 12 multipv 1 score cp 42 nodes 132230 nps 436402 hashfull 35 tbhits 0 time 303 pv f8g7 c2c3 d6c7 d2e4 b7b6 h1e1 e8g8 e2f1 f7f5 e4g5
Position; fen rnbqkbnr/1p1ppp1p/p5p1/2p5/4P3/3P1N2/PPP1KPPP/RNBQ1B1R b kq - 0 1
Moves; g8f6 e4e5 f6g4 h2h3 g4h6 g2g4 b8c6 f1g2 d7d6 e5d6 d8d6 b1d2
Warning; Bestmove does not match beginning of last PV - move b7b6 from SF_2000
Info; info depth 11 seldepth 12 multipv 1 score cp 54 nodes 49795 nps 444598 hashfull 14 tbhits 0 time 112 pv f7f5 f3g5 f8g7 c2c3 c6e5 f2f4 e5f7 g5f7 h6f7
Position; fen rnbqkbnr/1p1ppp1p/p5p1/2p5/4P3/3P1N2/PPP1KPPP/RNBQ1B1R b kq - 0 1
Moves; g8f6 e4e5 f6g4 h2h3 g4h6 g2g4 b8c6 f1g2 d7d6 e5d6 d8d6 b1d2 d6c7 d2b3
Warning; Bestmove does not match beginning of last PV - move f7f5 from SF_2000
Info; info depth 10 seldepth 24 multipv 1 score cp 35 nodes 115379 nps 450699 hashfull 35 tbhits 0 time 256 pv c8b7 d2f4 c7d7 a2a4
Position; fen rnbqkbnr/1p1ppp1p/p5p1/2p5/4P3/3P1N2/PPP1KPPP/RNBQ1B1R b kq - 0 1
Moves; g8f6 e4e5 f6g4 h2h3 g4h6 g2g4 b8c6 f1g2 d7d6 e5d6 d8d6 b1d2 d6c7 d2b3 b7b6 d1d2
Warning; Bestmove does not match beginning of last PV - move c7f4 from SF_2000
Info; info depth 10 seldepth 13 multipv 1 score cp -62 nodes 111189 nps 491986 hashfull 37 tbhits 0 time 226 pv a8a7 f4c7 a7c7 c1f4 e7e5 f3e5 c6e5 f4e5 c7e7 f2f4 f5g4
Position; fen rnbqkbnr/1p1ppp1p/p5p1/2p5/4P3/3P1N2/PPP1KPPP/RNBQ1B1R b kq - 0 1
Moves; g8f6 e4e5 f6g4 h2h3 g4h6 g2g4 b8c6 f1g2 d7d6 e5d6 d8d6 b1d2 d6c7 d2b3 b7b6 d1d2 f7f5 d2f4
Warning; Bestmove does not match beginning of last PV - move a8a7 from SF_2000
Info; info depth 11 seldepth 20 multipv 1 score cp -125 nodes 96966 nps 492213 hashfull 33 tbhits 0 time 197 pv h6f7 g4f5 c8f5 f4c7 c6b4 c7b6 b4c2 a1c1 c2b4 b3c5 b4d5 f3d4 d5f4 e2f1 f4g2
Position; fen rnbqkbnr/1p1ppp1p/p5p1/2p5/4P3/3P1N2/PPP1KPPP/RNBQ1B1R b kq - 0 1
Moves; g8f6 e4e5 f6g4 h2h3 g4h6 g2g4 b8c6 f1g2 d7d6 e5d6 d8d6 b1d2 d6c7 d2b3 b7b6 d1d2 f7f5 d2f4 c7f4 c1f4
Warning; Bestmove does not match beginning of last PV - move c6e5 from SF_2000
Info; info depth 12 seldepth 25 multipv 1 score cp -158 nodes 58019 nps 384231 hashfull 23 tbhits 0 time 151 pv c6d8 e5c6 d8c6 g2c6 c8d7 c6d5 e7e6 f4b8 e6d5 b8a7 c5c4 d3c4 d5c4 b3d2 f8c5 d2c4 d7b5 b2b3
Position; fen rnbqkbnr/1p1ppp1p/p5p1/2p5/4P3/3P1N2/PPP1KPPP/RNBQ1B1R b kq - 0 1
Moves; g8f6 e4e5 f6g4 h2h3 g4h6 g2g4 b8c6 f1g2 d7d6 e5d6 d8d6 b1d2 d6c7 d2b3 b7b6 d1d2 f7f5 d2f4 c7f4 c1f4 a8a7 f3e5
Warning; Bestmove does not match beginning of last PV - move c8d7 from SF_2000
Info; info depth 14 seldepth 18 multipv 1 score cp -169 nodes 76103 nps 528493 hashfull 27 tbhits 0 time 144 pv e8d8 e5b8 a7c7 b8c7 d8c7 c6d5 e7e6 d5g2 f8g7 c2c3 g8d8 a2a4 a6a5 b3d2 h6f7 d2c4
Position; fen rnbqkbnr/1p1ppp1p/p5p1/2p5/4P3/3P1N2/PPP1KPPP/RNBQ1B1R b kq - 0 1
Moves; g8f6 e4e5 f6g4 h2h3 g4h6 g2g4 b8c6 f1g2 d7d6 e5d6 d8d6 b1d2 d6c7 d2b3 b7b6 d1d2 f7f5 d2f4 c7f4 c1f4 a8a7 f3e5 c6e5 f4e5 h8g8 g2c6
Warning; Bestmove does not match beginning of last PV - move f8g7 from SF_2000
Info; info depth 11 seldepth 19 multipv 1 score cp -179 nodes 17543 nps 797409 hashfull 6 tbhits 0 time 22 pv e6d5 b8a7 c5c4 b3d2 f8c5 d3c4 d5c4 a2a4 e8f7 d2c4 g8e8 e2f1
Position; fen rnbqkbnr/1p1ppp1p/p5p1/2p5/4P3/3P1N2/PPP1KPPP/RNBQ1B1R b kq - 0 1
Moves; g8f6 e4e5 f6g4 h2h3 g4h6 g2g4 b8c6 f1g2 d7d6 e5d6 d8d6 b1d2 d6c7 d2b3 b7b6 d1d2 f7f5 d2f4 c7f4 c1f4 a8a7 f3e5 c6e5 f4e5 h8g8 g2c6 c8d7 c6d5 e7e6 e5b8
Warning; Bestmove does not match beginning of last PV - move g7b2 from SF_2000
Info; info depth 13 seldepth 23 multipv 1 score cp -344 nodes 54772 nps 960912 hashfull 22 tbhits 0 time 57 pv g8b8 g5h6 g7b2 a1b1 b2c3 a8g2 d7b5 a2a4 b5a4 b3c5 b6c5 b1b8
Position; fen rnbqkbnr/1p1ppp1p/p5p1/2p5/4P3/3P1N2/PPP1KPPP/RNBQ1B1R b kq - 0 1
Moves; g8f6 e4e5 f6g4 h2h3 g4h6 g2g4 b8c6 f1g2 d7d6 e5d6 d8d6 b1d2 d6c7 d2b3 b7b6 d1d2 f7f5 d2f4 c7f4 c1f4 a8a7 f3e5 c6e5 f4e5 h8g8 g2c6 c8d7 c6d5 e7e6 e5b8 f8g7 d5g2 a7a8 g2a8 e8f7 g4g5
Warning; Bestmove does not match beginning of last PV - move c5c4 from SF_2000
Info; info depth 15 seldepth 13 multipv 1 score cp -402 nodes 56435 nps 1045092 hashfull 21 tbhits 0 time 54 pv b2c3 b3c5 b6c5 b1b6 g8d8 h1b1 f7g8 b6a6 h6f7 a8g2
Position; fen rnbqkbnr/1p1ppp1p/p5p1/2p5/4P3/3P1N2/PPP1KPPP/RNBQ1B1R b kq - 0 1
Moves; g8f6 e4e5 f6g4 h2h3 g4h6 g2g4 b8c6 f1g2 d7d6 e5d6 d8d6 b1d2 d6c7 d2b3 b7b6 d1d2 f7f5 d2f4 c7f4 c1f4 a8a7 f3e5 c6e5 f4e5 h8g8 g2c6 c8d7 c6d5 e7e6 e5b8 f8g7 d5g2 a7a8 g2a8 e8f7 g4g5 g7b2 a1b1
Warning; Bestmove does not match beginning of last PV - move b2g7 from SF_2000
Info; info depth 14 seldepth 15 multipv 1 score cp -477 nodes 48319 nps 947431 hashfull 12 tbhits 0 time 51 pv b2a3 b1d1 d7a4 b8f4 g8a8 g5h6 f7f6 f4d2
Position; fen rnbqkbnr/1p1ppp1p/p5p1/2p5/4P3/3P1N2/PPP1KPPP/RNBQ1B1R b kq - 0 1
Moves; g8f6 e4e5 f6g4 h2h3 g4h6 g2g4 b8c6 f1g2 d7d6 e5d6 d8d6 b1d2 d6c7 d2b3 b7b6 d1d2 f7f5 d2f4 c7f4 c1f4 a8a7 f3e5 c6e5 f4e5 h8g8 g2c6 c8d7 c6d5 e7e6 e5b8 f8g7 d5g2 a7a8 g2a8 e8f7 g4g5 g7b2 a1b1 c5c4 d3c4
Warning; Bestmove does not match beginning of last PV - move g8b8 from SF_2000
Info; info depth 11 seldepth 26 multipv 1 score cp -634 nodes 47305 nps 1212948 hashfull 19 tbhits 0 time 39 pv b6c5 b1b7 f7e8 d1d6 g7c3 g5h6 g8h8 d6e6 e8d8 e6e3 h8e8 e3e8 a4e8 b7h7 g6g5 h7a7
Position; fen rnbqkbnr/1p1ppp1p/p5p1/2p5/4P3/3P1N2/PPP1KPPP/RNBQ1B1R b kq - 0 1
Moves; g8f6 e4e5 f6g4 h2h3 g4h6 g2g4 b8c6 f1g2 d7d6 e5d6 d8d6 b1d2 d6c7 d2b3 b7b6 d1d2 f7f5 d2f4 c7f4 c1f4 a8a7 f3e5 c6e5 f4e5 h8g8 g2c6 c8d7 c6d5 e7e6 e5b8 f8g7 d5g2 a7a8 g2a8 e8f7 g4g5 g7b2 a1b1 c5c4 d3c4 b2g7 h1d1 d7a4 b3c5
Warning; Bestmove does not match beginning of last PV - move b8a8 from SF_2000
Info; info depth 14 seldepth 20 multipv 1 score cp -657 nodes 62624 nps 1491047 hashfull 26 tbhits 0 time 42 pv h6g8 a4b6 g8e7 a8f3 h7h6 c4c5 h6g5 c5c6 g7e5
Position; fen rnbqkbnr/1p1ppp1p/p5p1/2p5/4P3/3P1N2/PPP1KPPP/RNBQ1B1R b kq - 0 1
Moves; g8f6 e4e5 f6g4 h2h3 g4h6 g2g4 b8c6 f1g2 d7d6 e5d6 d8d6 b1d2 d6c7 d2b3 b7b6 d1d2 f7f5 d2f4 c7f4 c1f4 a8a7 f3e5 c6e5 f4e5 h8g8 g2c6 c8d7 c6d5 e7e6 e5b8 f8g7 d5g2 a7a8 g2a8 e8f7 g4g5 g7b2 a1b1 c5c4 d3c4 b2g7 h1d1 d7a4 b3c5 g8b8 c5a4
Warning; Bestmove does not match beginning of last PV - move g7h6 from SF_2000
Info; info depth 13 seldepth 18 multipv 1 score cp -659 nodes 55145 nps 1490405 hashfull 19 tbhits 0 time 37 pv g7f8 a4b6 a8b8 d7c7 f8h6 c4c5 h6f8 c5c6 f8c5 c7c8 g8f7 c8b8
Position; fen rnbqkbnr/1p1ppp1p/p5p1/2p5/4P3/3P1N2/PPP1KPPP/RNBQ1B1R b kq - 0 1
Moves; g8f6 e4e5 f6g4 h2h3 g4h6 g2g4 b8c6 f1g2 d7d6 e5d6 d8d6 b1d2 d6c7 d2b3 b7b6 d1d2 f7f5 d2f4 c7f4 c1f4 a8a7 f3e5 c6e5 f4e5 h8g8 g2c6 c8d7 c6d5 e7e6 e5b8 f8g7 d5g2 a7a8 g2a8 e8f7 g4g5 g7b2 a1b1 c5c4 d3c4 b2g7 h1d1 d7a4 b3c5 g8b8 c5a4 b8a8 d1d7 f7g8 g5h6
Warning; Bestmove does not match beginning of last PV - move e5e4 from SF_2000
Info; info depth 13 seldepth 23 multipv 1 score cp -673 nodes 51254 nps 1385243 hashfull 14 tbhits 0 time 37 pv f5f4 d7h7 h6f8 a4b6
Position; fen rnbqkbnr/1p1ppp1p/p5p1/2p5/4P3/3P1N2/PPP1KPPP/RNBQ1B1R b kq - 0 1
Moves; g8f6 e4e5 f6g4 h2h3 g4h6 g2g4 b8c6 f1g2 d7d6 e5d6 d8d6 b1d2 d6c7 d2b3 b7b6 d1d2 f7f5 d2f4 c7f4 c1f4 a8a7 f3e5 c6e5 f4e5 h8g8 g2c6 c8d7 c6d5 e7e6 e5b8 f8g7 d5g2 a7a8 g2a8 e8f7 g4g5 g7b2 a1b1 c5c4 d3c4 b2g7 h1d1 d7a4 b3c5 g8b8 c5a4 b8a8 d1d7 f7g8 g5h6 g7h6 b1b6 e6e5 b6b7
Warning; Bestmove does not match beginning of last PV - move h6c1 from SF_2000
Info; info depth 14 seldepth 22 multipv 1 score cp -670 nodes 50674 nps 1490411 hashfull 17 tbhits 0 time 34 pv a8b8 b7b8 g8h7 b8b7 h6g7 a4b6 f5f4 b6d5 h7h6 d5f4
Position; fen rnbqkbnr/1p1ppp1p/p5p1/2p5/4P3/3P1N2/PPP1KPPP/RNBQ1B1R b kq - 0 1
Moves; g8f6 e4e5 f6g4 h2h3 g4h6 g2g4 b8c6 f1g2 d7d6 e5d6 d8d6 b1d2 d6c7 d2b3 b7b6 d1d2 f7f5 d2f4 c7f4 c1f4 a8a7 f3e5 c6e5 f4e5 h8g8 g2c6 c8d7 c6d5 e7e6 e5b8 f8g7 d5g2 a7a8 g2a8 e8f7 g4g5 g7b2 a1b1 c5c4 d3c4 b2g7 h1d1 d7a4 b3c5 g8b8 c5a4 b8a8 d1d7 f7g8 g5h6 g7h6 b1b6 e6e5 b6b7 e5e4 d7h7
Warning; Bestmove does not match beginning of last PV - move f5f4 from SF_2000
Info; info depth 71 seldepth 7 multipv 1 score mate -3 nodes 28179 nps 4696500 hashfull 0 tbhits 0 time 6 pv c1a3 c5d7 f8e8 g7g8 a3f8 g8f8
Position; fen rnbqkbnr/1p1ppp1p/p5p1/2p5/4P3/3P1N2/PPP1KPPP/RNBQ1B1R b kq - 0 1
Moves; g8f6 e4e5 f6g4 h2h3 g4h6 g2g4 b8c6 f1g2 d7d6 e5d6 d8d6 b1d2 d6c7 d2b3 b7b6 d1d2 f7f5 d2f4 c7f4 c1f4 a8a7 f3e5 c6e5 f4e5 h8g8 g2c6 c8d7 c6d5 e7e6 e5b8 f8g7 d5g2 a7a8 g2a8 e8f7 g4g5 g7b2 a1b1 c5c4 d3c4 b2g7 h1d1 d7a4 b3c5 g8b8 c5a4 b8a8 d1d7 f7g8 g5h6 g7h6 b1b6 e6e5 b6b7 e5e4 d7h7 h6c1 b7g7 g8f8 a4c5
Finished game 1 (HiveChess vs SF_2000): 1-0 {White mates}
Started game 2 of 10 (SF_2000 vs HiveChess)
Warning; Bestmove does not match beginning of last PV - move b1d2 from SF_2000
Info; info depth 12 seldepth 17 multipv 1 score cp -39 nodes 167577 nps 419992 hashfull 61 tbhits 0 time 399 pv g2g3 g8f6 f1g2 f8g7 h1e1 e8g8
Position; fen rnbqkbnr/1p1ppp1p/p5p1/2p5/4P3/3P1N2/PPP1KPPP/RNBQ1B1R b kq - 0 1
Moves; b8c6
Warning; Bestmove does not match beginning of last PV - move c2c3 from SF_2000
Info; info depth 12 seldepth 22 multipv 1 score cp -60 nodes 112656 nps 479387 hashfull 31 tbhits 0 time 235 pv g2g3 d7d6 f1g2 f8g7 h1e1 f6g4 e2f1 g4e5 f1g1
Position; fen rnbqkbnr/1p1ppp1p/p5p1/2p5/4P3/3P1N2/PPP1KPPP/RNBQ1B1R b kq - 0 1
Moves; b8c6 b1d2 g8f6
Warning; Bestmove does not match beginning of last PV - move g2g3 from SF_2000
Info; info depth 12 seldepth 19 multipv 1 score cp -76 nodes 120124 nps 448223 hashfull 38 tbhits 0 time 268 pv e4e5 f6h5 e2e1 f8g7 d2b3 c6e5 f3e5 g7e5 b3c5
Position; fen rnbqkbnr/1p1ppp1p/p5p1/2p5/4P3/3P1N2/PPP1KPPP/RNBQ1B1R b kq - 0 1
Moves; b8c6 b1d2 g8f6 c2c3 d7d5
Warning; Bestmove does not match beginning of last PV - move a2a4 from SF_2000
Info; info depth 11 seldepth 17 multipv 1 score cp -66 nodes 68379 nps 419503 hashfull 24 tbhits 0 time 163 pv e2e1 f8g7 e4e5 f6d7 f3g5 d7e5 g5e6 f7e6
Position; fen rnbqkbnr/1p1ppp1p/p5p1/2p5/4P3/3P1N2/PPP1KPPP/RNBQ1B1R b kq - 0 1
Moves; b8c6 b1d2 g8f6 c2c3 d7d5 g2g3 c8e6
Warning; Bestmove does not match beginning of last PV - move e4d5 from SF_2000
Info; info depth 13 seldepth 15 multipv 1 score cp -125 nodes 147669 nps 423120 hashfull 52 tbhits 0 time 349 pv e2e1 d5e4 d2e4 h6c1 d1c1 f6e4 d3e4 d8b6 a1b1 e6b3 f1e2 e8c8 c1e3
Position; fen rnbqkbnr/1p1ppp1p/p5p1/2p5/4P3/3P1N2/PPP1KPPP/RNBQ1B1R b kq - 0 1
Moves; b8c6 b1d2 g8f6 c2c3 d7d5 g2g3 c8e6 a2a4 f8h6
Warning; Bestmove does not match beginning of last PV - move f1g2 from SF_2000
Info; info depth 13 seldepth 19 multipv 1 score cp -159 nodes 121622 nps 391067 hashfull 45 tbhits 0 time 311 pv d2c4 h6c1 a1c1 a8d8 c4e3 d5a2 f1g2 e8g8 c1a1 a2b2 d1d2 b2b6 h1b1 b6c7 e2f1
Position; fen rnbqkbnr/1p1ppp1p/p5p1/2p5/4P3/3P1N2/PPP1KPPP/RNBQ1B1R b kq - 0 1
Moves; b8c6 b1d2 g8f6 c2c3 d7d5 g2g3 c8e6 a2a4 f8h6 e4d5 d8d5
Warning; Bestmove does not match beginning of last PV - move d2f3 from SF_2000
Info; info depth 12 seldepth 18 multipv 1 score cp -60 nodes 63201 nps 427033 hashfull 23 tbhits 0 time 148 pv f2f3 g4h3 d1e2 h6d2 c1d2 e6d7 d2e3 h3g2 f1g2 b7b6 d3d4 c5d4
Position; fen rnbqkbnr/1p1ppp1p/p5p1/2p5/4P3/3P1N2/PPP1KPPP/RNBQ1B1R b kq - 0 1
Moves; b8c6 b1d2 g8f6 c2c3 d7d5 g2g3 c8e6 a2a4 f8h6 e4d5 d8d5 f1g2 e6f5 f3e1 d5e6 e2f1 f5g4
Warning; Bestmove does not match beginning of last PV - move f1g1 from SF_2000
Info; info depth 11 seldepth 24 multipv 1 score cp -103 nodes 56363 nps 420619 hashfull 17 tbhits 0 time 134 pv h2h3 g4f5 c1e3 e6b3 f3h4 f5e6 e3c5 b3b2 c5a3 b2b6 a4a5 b6c7
Position; fen rnbqkbnr/1p1ppp1p/p5p1/2p5/4P3/3P1N2/PPP1KPPP/RNBQ1B1R b kq - 0 1
Moves; b8c6 b1d2 g8f6 c2c3 d7d5 g2g3 c8e6 a2a4 f8h6 e4d5 d8d5 f1g2 e6f5 f3e1 d5e6 e2f1 f5g4 d2f3 h6c1 d1c1 a8d8
Warning; Bestmove does not match beginning of last PV - move g1f2 from SF_2000
Info; info depth 10 seldepth 16 multipv 1 score cp -68 nodes 58808 nps 594020 hashfull 13 tbhits 0 time 99 pv h2h3 g4c8 a4a5 c5c4 d3c4 f8e8 g2c6 b7c6 h1h2 f6h5
Position; fen rnbqkbnr/1p1ppp1p/p5p1/2p5/4P3/3P1N2/PPP1KPPP/RNBQ1B1R b kq - 0 1
Moves; b8c6 b1d2 g8f6 c2c3 d7d5 g2g3 c8e6 a2a4 f8h6 e4d5 d8d5 f1g2 e6f5 f3e1 d5e6 e2f1 f5g4 d2f3 h6c1 d1c1 a8d8 f1g1 e8g8 f3g5 e6e5 c1e3 e5e3 f2e3 e7e5
Warning; Bestmove does not match beginning of last PV - move g5f3 from SF_2000
Info; info depth 8 seldepth 8 multipv 1 score cp -60 nodes 6723 nps 611181 hashfull 2 tbhits 0 time 11 pv h2h3 h7h6 g5f3 g4e6 f2e3 f6h5 g3g4
Position; fen rnbqkbnr/1p1ppp1p/p5p1/2p5/4P3/3P1N2/PPP1KPPP/RNBQ1B1R b kq - 0 1
Moves; b8c6 b1d2 g8f6 c2c3 d7d5 g2g3 c8e6 a2a4 f8h6 e4d5 d8d5 f1g2 e6f5 f3e1 d5e6 e2f1 f5g4 d2f3 h6c1 d1c1 a8d8 f1g1 e8g8 f3g5 e6e5 c1e3 e5e3 f2e3 e7e5 g1f2 g4f5 e3e4 f5g4
Warning; Bestmove does not match beginning of last PV - move g5f3 from SF_2000
Info; info depth 9 seldepth 21 multipv 1 score cp -153 nodes 25447 nps 438741 hashfull 7 tbhits 0 time 58 pv g2f1 c5c4 f1e2 c4d3 e1d3 h7h6 d3c5 h6g5 c5b3 f6e4 f2e3 f7f5 h1d1
Position; fen rnbqkbnr/1p1ppp1p/p5p1/2p5/4P3/3P1N2/PPP1KPPP/RNBQ1B1R b kq - 0 1
Moves; b8c6 b1d2 g8f6 c2c3 d7d5 g2g3 c8e6 a2a4 f8h6 e4d5 d8d5 f1g2 e6f5 f3e1 d5e6 e2f1 f5g4 d2f3 h6c1 d1c1 a8d8 f1g1 e8g8 f3g5 e6e5 c1e3 e5e3 f2e3 e7e5 g1f2 g4f5 e3e4 f5g4 g5f3 g4e6 f3g5 e6b3
Warning; Bestmove does not match beginning of last PV - move f2e2 from SF_2000
Info; info depth 8 seldepth 14 multipv 1 score cp -75 nodes 13709 nps 596043 hashfull 4 tbhits 0 time 23 pv f3d2 b3e6 h2h3 c5c4 f2e3 c6a5 g2f1 f6d7 d2c4 e6c4 d3c4 f7f5
Position; fen rnbqkbnr/1p1ppp1p/p5p1/2p5/4P3/3P1N2/PPP1KPPP/RNBQ1B1R b kq - 0 1
Moves; b8c6 b1d2 g8f6 c2c3 d7d5 g2g3 c8e6 a2a4 f8h6 e4d5 d8d5 f1g2 e6f5 f3e1 d5e6 e2f1 f5g4 d2f3 h6c1 d1c1 a8d8 f1g1 e8g8 f3g5 e6e5 c1e3 e5e3 f2e3 e7e5 g1f2 g4f5 e3e4 f5g4 g5f3 g4e6 f3g5 e6b3 g5f3 h7h5
Warning; Bestmove does not match beginning of last PV - move f3d2 from SF_2000
Info; info depth 8 seldepth 12 multipv 1 score cp -62 nodes 19232 nps 712296 hashfull 2 tbhits 0 time 27 pv c3c4 c6a5 f3d2 d6b6 h1f1 g8g7
Position; fen rnbqkbnr/1p1ppp1p/p5p1/2p5/4P3/3P1N2/PPP1KPPP/RNBQ1B1R b kq - 0 1
Moves; b8c6 b1d2 g8f6 c2c3 d7d5 g2g3 c8e6 a2a4 f8h6 e4d5 d8d5 f1g2 e6f5 f3e1 d5e6 e2f1 f5g4 d2f3 h6c1 d1c1 a8d8 f1g1 e8g8 f3g5 e6e5 c1e3 e5e3 f2e3 e7e5 g1f2 g4f5 e3e4 f5g4 g5f3 g4e6 f3g5 e6b3 g5f3 h7h5 f2e2 d8d6
Warning; Bestmove does not match beginning of last PV - move a4a5 from SF_2000
Info; info depth 8 seldepth 15 multipv 1 score cp -67 nodes 16093 nps 536433 hashfull 2 tbhits 0 time 30 pv h1f1 f6d7 a4a5 f8d8 b2b3 c5c4 d2c4 e6c4 d3c4
Position; fen rnbqkbnr/1p1ppp1p/p5p1/2p5/4P3/3P1N2/PPP1KPPP/RNBQ1B1R b kq - 0 1
Moves; b8c6 b1d2 g8f6 c2c3 d7d5 g2g3 c8e6 a2a4 f8h6 e4d5 d8d5 f1g2 e6f5 f3e1 d5e6 e2f1 f5g4 d2f3 h6c1 d1c1 a8d8 f1g1 e8g8 f3g5 e6e5 c1e3 e5e3 f2e3 e7e5 g1f2 g4f5 e3e4 f5g4 g5f3 g4e6 f3g5 e6b3 g5f3 h7h5 f2e2 d8d6 f3d2 b3e6
Warning; Bestmove does not match beginning of last PV - move e2f2 from SF_2000
Info; info depth 10 seldepth 18 multipv 1 score cp -150 nodes 21195 nps 423900 hashfull 6 tbhits 0 time 50 pv e2e3 g6g5 g2f1 g5g4 h3h4 c6e7 e1d3 f6d7 c3c4 e7c6 f1e2 c6d4
Position; fen rnbqkbnr/1p1ppp1p/p5p1/2p5/4P3/3P1N2/PPP1KPPP/RNBQ1B1R b kq - 0 1
Moves; b8c6 b1d2 g8f6 c2c3 d7d5 g2g3 c8e6 a2a4 f8h6 e4d5 d8d5 f1g2 e6f5 f3e1 d5e6 e2f1 f5g4 d2f3 h6c1 d1c1 a8d8 f1g1 e8g8 f3g5 e6e5 c1e3 e5e3 f2e3 e7e5 g1f2 g4f5 e3e4 f5g4 g5f3 g4e6 f3g5 e6b3 g5f3 h7h5 f2e2 d8d6 f3d2 b3e6 a4a5 f8d8 h1g1 c5c4 h2h3 c4d3
Warning; Bestmove does not match beginning of last PV - move g2f1 from SF_2000
Info; info depth 8 seldepth 12 multipv 1 score cp -145 nodes 7864 nps 655333 hashfull 3 tbhits 0 time 12 pv f2e3 f6h7 g2f1 f7f5 e1d3 h7f6 f1e2
Position; fen rnbqkbnr/1p1ppp1p/p5p1/2p5/4P3/3P1N2/PPP1KPPP/RNBQ1B1R b kq - 0 1
Moves; b8c6 b1d2 g8f6 c2c3 d7d5 g2g3 c8e6 a2a4 f8h6 e4d5 d8d5 f1g2 e6f5 f3e1 d5e6 e2f1 f5g4 d2f3 h6c1 d1c1 a8d8 f1g1 e8g8 f3g5 e6e5 c1e3 e5e3 f2e3 e7e5 g1f2 g4f5 e3e4 f5g4 g5f3 g4e6 f3g5 e6b3 g5f3 h7h5 f2e2 d8d6 f3d2 b3e6 a4a5 f8d8 h1g1 c5c4 h2h3 c4d3 e2f2 g6g5
Warning; Bestmove does not match beginning of last PV - move e1d3 from SF_2000
Info; info depth 9 seldepth 15 multipv 1 score cp -96 nodes 24374 nps 541644 hashfull 7 tbhits 0 time 45 pv g1h1 g5g4 h3h4 f6g8 e1d3
Position; fen rnbqkbnr/1p1ppp1p/p5p1/2p5/4P3/3P1N2/PPP1KPPP/RNBQ1B1R b kq - 0 1
Moves; b8c6 b1d2 g8f6 c2c3 d7d5 g2g3 c8e6 a2a4 f8h6 e4d5 d8d5 f1g2 e6f5 f3e1 d5e6 e2f1 f5g4 d2f3 h6c1 d1c1 a8d8 f1g1 e8g8 f3g5 e6e5 c1e3 e5e3 f2e3 e7e5 g1f2 g4f5 e3e4 f5g4 g5f3 g4e6 f3g5 e6b3 g5f3 h7h5 f2e2 d8d6 f3d2 b3e6 a4a5 f8d8 h1g1 c5c4 h2h3 c4d3 e2f2 g6g5 g2f1 g8h7 f2e3 h7g6
Warning; Bestmove does not match beginning of last PV - move d3f4 from SF_2000
Info; info depth 12 seldepth 17 multipv 1 score cp -311 nodes 28202 nps 671476 hashfull 11 tbhits 0 time 42 pv d3f2 d6d2 f1h3 d2b2 f2d3 b2b3 g1c1 g6g7 h3f5
Position; fen rnbqkbnr/1p1ppp1p/p5p1/2p5/4P3/3P1N2/PPP1KPPP/RNBQ1B1R b kq - 0 1
Moves; b8c6 b1d2 g8f6 c2c3 d7d5 g2g3 c8e6 a2a4 f8h6 e4d5 d8d5 f1g2 e6f5 f3e1 d5e6 e2f1 f5g4 d2f3 h6c1 d1c1 a8d8 f1g1 e8g8 f3g5 e6e5 c1e3 e5e3 f2e3 e7e5 g1f2 g4f5 e3e4 f5g4 g5f3 g4e6 f3g5 e6b3 g5f3 h7h5 f2e2 d8d6 f3d2 b3e6 a4a5 f8d8 h1g1 c5c4 h2h3 c4d3 e2f2 g6g5 g2f1 g8h7 f2e3 h7g6 e1d3 e6h3
Warning; Bestmove does not match beginning of last PV - move g5g4 from SF_2000
Info; info depth 14 seldepth 32 multipv 1 score cp -689 nodes 42299 nps 1281787 hashfull 65 tbhits 0 time 33 pv e3f3 f7f6 g5h5 h6h5 a1h1 d8d3 c4d3 d2d3 f3e2 d3e3 e2d2 e3g3 b2b4 g4h6
Position; fen rnbqkbnr/1p1ppp1p/p5p1/2p5/4P3/3P1N2/PPP1KPPP/RNBQ1B1R b kq - 0 1
Moves; b8c6 b1d2 g8f6 c2c3 d7d5 g2g3 c8e6 a2a4 f8h6 e4d5 d8d5 f1g2 e6f5 f3e1 d5e6 e2f1 f5g4 d2f3 h6c1 d1c1 a8d8 f1g1 e8g8 f3g5 e6e5 c1e3 e5e3 f2e3 e7e5 g1f2 g4f5 e3e4 f5g4 g5f3 g4e6 f3g5 e6b3 g5f3 h7h5 f2e2 d8d6 f3d2 b3e6 a4a5 f8d8 h1g1 c5c4 h2h3 c4d3 e2f2 g6g5 g2f1 g8h7 f2e3 h7g6 e1d3 e6h3 d3f4 e5f4 g3f4 d6d2 g1g5 g6h6 f1c4 f6g4
Warning; Bestmove does not match beginning of last PV - move e4e5 from SF_2000
Info; info depth 13 seldepth 25 multipv 1 score cp -680 nodes 45160 nps 1456774 hashfull 39 tbhits 0 time 31 pv b2b4 d2h2 b4b5 c6e7 b5a6 b7a6 c4a6 h2h3 e3f2 d8d2 f2g1 h3g3 g1f1
Position; fen rnbqkbnr/1p1ppp1p/p5p1/2p5/4P3/3P1N2/PPP1KPPP/RNBQ1B1R b kq - 0 1
Moves; b8c6 b1d2 g8f6 c2c3 d7d5 g2g3 c8e6 a2a4 f8h6 e4d5 d8d5 f1g2 e6f5 f3e1 d5e6 e2f1 f5g4 d2f3 h6c1 d1c1 a8d8 f1g1 e8g8 f3g5 e6e5 c1e3 e5e3 f2e3 e7e5 g1f2 g4f5 e3e4 f5g4 g5f3 g4e6 f3g5 e6b3 g5f3 h7h5 f2e2 d8d6 f3d2 b3e6 a4a5 f8d8 h1g1 c5c4 h2h3 c4d3 e2f2 g6g5 g2f1 g8h7 f2e3 h7g6 e1d3 e6h3 d3f4 e5f4 g3f4 d6d2 g1g5 g6h6 f1c4 f6g4 g5g4 h3g4
Warning; Bestmove does not match beginning of last PV - move a1f1 from SF_2000
Info; info depth 13 seldepth 19 multipv 1 score cp -680 nodes 46617 nps 1607482 hashfull 47 tbhits 0 time 29 pv e3e4 b2e2 c4e2 g4e2 e4e3 e2g4 e3f2
Position; fen rnbqkbnr/1p1ppp1p/p5p1/2p5/4P3/3P1N2/PPP1KPPP/RNBQ1B1R b kq - 0 1
Moves; b8c6 b1d2 g8f6 c2c3 d7d5 g2g3 c8e6 a2a4 f8h6 e4d5 d8d5 f1g2 e6f5 f3e1 d5e6 e2f1 f5g4 d2f3 h6c1 d1c1 a8d8 f1g1 e8g8 f3g5 e6e5 c1e3 e5e3 f2e3 e7e5 g1f2 g4f5 e3e4 f5g4 g5f3 g4e6 f3g5 e6b3 g5f3 h7h5 f2e2 d8d6 f3d2 b3e6 a4a5 f8d8 h1g1 c5c4 h2h3 c4d3 e2f2 g6g5 g2f1 g8h7 f2e3 h7g6 e1d3 e6h3 d3f4 e5f4 g3f4 d6d2 g1g5 g6h6 f1c4 f6g4 g5g4 h3g4 e4e5 d2b2
Warning; Bestmove does not match beginning of last PV - move e3e4 from SF_2000
Info; info depth 12 seldepth 26 multipv 1 score cp -779 nodes 45463 nps 1894291 hashfull 52 tbhits 0 time 24 pv e3d3 g4e2 d3e3 e2f1 c3c4 a5c4 e3f3 b2b3 f3f2 h6h7
Position; fen rnbqkbnr/1p1ppp1p/p5p1/2p5/4P3/3P1N2/PPP1KPPP/RNBQ1B1R b kq - 0 1
Moves; b8c6 b1d2 g8f6 c2c3 d7d5 g2g3 c8e6 a2a4 f8h6 e4d5 d8d5 f1g2 e6f5 f3e1 d5e6 e2f1 f5g4 d2f3 h6c1 d1c1 a8d8 f1g1 e8g8 f3g5 e6e5 c1e3 e5e3 f2e3 e7e5 g1f2 g4f5 e3e4 f5g4 g5f3 g4e6 f3g5 e6b3 g5f3 h7h5 f2e2 d8d6 f3d2 b3e6 a4a5 f8d8 h1g1 c5c4 h2h3 c4d3 e2f2 g6g5 g2f1 g8h7 f2e3 h7g6 e1d3 e6h3 d3f4 e5f4 g3f4 d6d2 g1g5 g6h6 f1c4 f6g4 g5g4 h3g4 e4e5 d2b2 a1f1 c6a5 c4d3 d8d3
Warning; Bestmove does not match beginning of last PV - move f1d1 from SF_2000
Info; info depth 13 seldepth 24 multipv 1 score cp -837 nodes 40621 nps 1692541 hashfull 48 tbhits 0 time 24 pv e5e6 b2e2 e4d4 c3c4 d4d5 g4e6 d5d6 c4c6 d6e7 e6c4 e7d8 e2d2 d8e7 c4f1 f4f5 d2e2 e7f7
Position; fen rnbqkbnr/1p1ppp1p/p5p1/2p5/4P3/3P1N2/PPP1KPPP/RNBQ1B1R b kq - 0 1
Moves; b8c6 b1d2 g8f6 c2c3 d7d5 g2g3 c8e6 a2a4 f8h6 e4d5 d8d5 f1g2 e6f5 f3e1 d5e6 e2f1 f5g4 d2f3 h6c1 d1c1 a8d8 f1g1 e8g8 f3g5 e6e5 c1e3 e5e3 f2e3 e7e5 g1f2 g4f5 e3e4 f5g4 g5f3 g4e6 f3g5 e6b3 g5f3 h7h5 f2e2 d8d6 f3d2 b3e6 a4a5 f8d8 h1g1 c5c4 h2h3 c4d3 e2f2 g6g5 g2f1 g8h7 f2e3 h7g6 e1d3 e6h3 d3f4 e5f4 g3f4 d6d2 g1g5 g6h6 f1c4 f6g4 g5g4 h3g4 e4e5 d2b2 a1f1 c6a5 c4d3 d8d3 e3e4 d3c3
Warning; Bestmove does not match beginning of last PV - move f4f5 from SF_2000
Info; info depth 46 seldepth 9 multipv 1 score mate -4 nodes 33833 nps 2602538 hashfull 17 tbhits 0 time 13 pv d5d6 b4d4 d6e7 c3c7 e7e8 d1a4 e8f8 d4d8
Position; fen rnbqkbnr/1p1ppp1p/p5p1/2p5/4P3/3P1N2/PPP1KPPP/RNBQ1B1R b kq - 0 1
Moves; b8c6 b1d2 g8f6 c2c3 d7d5 g2g3 c8e6 a2a4 f8h6 e4d5 d8d5 f1g2 e6f5 f3e1 d5e6 e2f1 f5g4 d2f3 h6c1 d1c1 a8d8 f1g1 e8g8 f3g5 e6e5 c1e3 e5e3 f2e3 e7e5 g1f2 g4f5 e3e4 f5g4 g5f3 g4e6 f3g5 e6b3 g5f3 h7h5 f2e2 d8d6 f3d2 b3e6 a4a5 f8d8 h1g1 c5c4 h2h3 c4d3 e2f2 g6g5 g2f1 g8h7 f2e3 h7g6 e1d3 e6h3 d3f4 e5f4 g3f4 d6d2 g1g5 g6h6 f1c4 f6g4 g5g4 h3g4 e4e5 d2b2 a1f1 c6a5 c4d3 d8d3 e3e4 d3c3 f1d1 b2b4 e4d5 g4d1
Finished game 2 (SF_2000 vs HiveChess): 0-1 {Black mates}
Started game 3 of 10 (HiveChess vs SF_2100)
Warning; Bestmove does not match beginning of last PV - move g8f6 from SF_2100
Info; info depth 14 seldepth 22 multipv 1 score cp 77 nodes 197415 nps 446640 hashfull 74 tbhits 0 time 442 pv f8g7 c2c3 g8f6 e2e1 b8c6 f1e2 e8g8 c1e3 b7b6 h2h3 d8c7 c3c4 c8b7 b1c3 e7e6 d1c1 a8d8
Position; fen rnbqkbnr/1p1ppp1p/p5p1/2p5/4P3/3P1N2/PPP1KPPP/RNBQ1B1R b kq - 0 1
Moves; 
Warning; Bestmove does not match beginning of last PV - move f6g8 from SF_2100
Info; info depth 12 seldepth 13 multipv 1 score cp 73 nodes 86728 nps 487235 hashfull 35 tbhits 0 time 178 pv f6d5 d3d4 d7d6 c2c4 d5b4 a2a3 b4c6 d4c5 b8d7 c5d6
Position; fen rnbqkbnr/1p1ppp1p/p5p1/2p5/4P3/3P1N2/PPP1KPPP/RNBQ1B1R b kq - 0 1
Moves; g8f6 e4e5
Warning; Bestmove does not match beginning of last PV - move g7d4 from SF_2100
Info; info depth 14 seldepth 19 multipv 1 score cp 202 nodes 126523 nps 450259 hashfull 42 tbhits 0 time 281 pv b8d7 c1e3 b7b5 c4b6 b5a4 b6a8 c7c6 e2e1 c6a8 d3d4 g8f6 f2f3 a8b8 c2c4 e7e5
Position; fen rnbqkbnr/1p1ppp1p/p5p1/2p5/4P3/3P1N2/PPP1KPPP/RNBQ1B1R b kq - 0 1
Moves; g8f6 e4e5 f6g8 b1c3 d7d6 c3e4 d6e5 f3e5 f8g7 e5c4 f7f5 e4c5 d8c7 c5a4
Warning; Bestmove does not match beginning of last PV - move h7h5 from SF_2100
Info; info depth 14 seldepth 22 multipv 1 score cp 372 nodes 69008 nps 479222 hashfull 20 tbhits 0 time 144 pv a7c5 d5f6 d7f6 f3e3 c5c7 f2f3 f5f4
Position; fen rnbqkbnr/1p1ppp1p/p5p1/2p5/4P3/3P1N2/PPP1KPPP/RNBQ1B1R b kq - 0 1
Moves; g8f6 e4e5 f6g8 b1c3 d7d6 c3e4 d6e5 f3e5 f8g7 e5c4 f7f5 e4c5 d8c7 c5a4 g7d4 c1e3 d4e3 e2e3 b8d7 d1f3 a8b8 a4c3 b7b5 c3d5 c7a7 e3e2 b5c4 d3c4 g8f6 b2b3
Warning; Bestmove does not match beginning of last PV - move a7c5 from SF_2100
Info; info depth 13 seldepth 13 multipv 1 score cp 404 nodes 13568 nps 565333 hashfull 2 tbhits 0 time 24 pv h5h4 f3e3 a7e3 d5e3
Position; fen rnbqkbnr/1p1ppp1p/p5p1/2p5/4P3/3P1N2/PPP1KPPP/RNBQ1B1R b kq - 0 1
Moves; g8f6 e4e5 f6g8 b1c3 d7d6 c3e4 d6e5 f3e5 f8g7 e5c4 f7f5 e4c5 d8c7 c5a4 g7d4 c1e3 d4e3 e2e3 b8d7 d1f3 a8b8 a4c3 b7b5 c3d5 c7a7 e3e2 b5c4 d3c4 g8f6 b2b3 h7h5 a1b1
Warning; Bestmove does not match beginning of last PV - move e8f7 from SF_2100
Info; info depth 12 seldepth 15 multipv 1 score cp 399 nodes 15652 nps 539724 hashfull 6 tbhits 0 time 29 pv f6d5 d3d5 c5c7 d5d2 e8f7 f2f3
Position; fen rnbqkbnr/1p1ppp1p/p5p1/2p5/4P3/3P1N2/PPP1KPPP/RNBQ1B1R b kq - 0 1
Moves; g8f6 e4e5 f6g8 b1c3 d7d6 c3e4 d6e5 f3e5 f8g7 e5c4 f7f5 e4c5 d8c7 c5a4 g7d4 c1e3 d4e3 e2e3 b8d7 d1f3 a8b8 a4c3 b7b5 c3d5 c7a7 e3e2 b5c4 d3c4 g8f6 b2b3 h7h5 a1b1 a7c5 f3d3
Warning; Bestmove does not match beginning of last PV - move c5a7 from SF_2100
Info; info depth 13 seldepth 19 multipv 1 score cp 421 nodes 28894 nps 481566 hashfull 9 tbhits 0 time 60 pv c5d6 e2e1 c8b7 d5f6 d6e5 d3e3 e5e3 f2e3 d7f6 c4c5 h8d8
Position; fen rnbqkbnr/1p1ppp1p/p5p1/2p5/4P3/3P1N2/PPP1KPPP/RNBQ1B1R b kq - 0 1
Moves; g8f6 e4e5 f6g8 b1c3 d7d6 c3e4 d6e5 f3e5 f8g7 e5c4 f7f5 e4c5 d8c7 c5a4 g7d4 c1e3 d4e3 e2e3 b8d7 d1f3 a8b8 a4c3 b7b5 c3d5 c7a7 e3e2 b5c4 d3c4 g8f6 b2b3 h7h5 a1b1 a7c5 f3d3 e8f7 b3b4
Warning; Bestmove does not match beginning of last PV - move h5h4 from SF_2100
Info; info depth 12 seldepth 19 multipv 1 score cp 357 nodes 27395 nps 480614 hashfull 11 tbhits 0 time 57 pv a6a5 a2a3 h5h4 d3b3 a5b4 d5f6 e7f6
Position; fen rnbqkbnr/1p1ppp1p/p5p1/2p5/4P3/3P1N2/PPP1KPPP/RNBQ1B1R b kq - 0 1
Moves; g8f6 e4e5 f6g8 b1c3 d7d6 c3e4 d6e5 f3e5 f8g7 e5c4 f7f5 e4c5 d8c7 c5a4 g7d4 c1e3 d4e3 e2e3 b8d7 d1f3 a8b8 a4c3 b7b5 c3d5 c7a7 e3e2 b5c4 d3c4 g8f6 b2b3 h7h5 a1b1 a7c5 f3d3 e8f7 b3b4 c5a7 e2e1
Warning; Bestmove does not match beginning of last PV - move h4h3 from SF_2100
Info; info depth 14 seldepth 16 multipv 1 score cp 335 nodes 25834 nps 478407 hashfull 9 tbhits 0 time 54 pv a6a5 a2a3 a5b4 a3b4 h4h3 g2h3 c8b7 d5f6 d7f6
Position; fen rnbqkbnr/1p1ppp1p/p5p1/2p5/4P3/3P1N2/PPP1KPPP/RNBQ1B1R b kq - 0 1
Moves; g8f6 e4e5 f6g8 b1c3 d7d6 c3e4 d6e5 f3e5 f8g7 e5c4 f7f5 e4c5 d8c7 c5a4 g7d4 c1e3 d4e3 e2e3 b8d7 d1f3 a8b8 a4c3 b7b5 c3d5 c7a7 e3e2 b5c4 d3c4 g8f6 b2b3 h7h5 a1b1 a7c5 f3d3 e8f7 b3b4 c5a7 e2e1 h5h4 f1e2
Warning; Bestmove does not match beginning of last PV - move e7e6 from SF_2100
Info; info depth 11 seldepth 12 multipv 1 score cp 298 nodes 24376 nps 487520 hashfull 8 tbhits 0 time 50 pv a6a5 b4b5 a7c5 d5f6 e7f6 d3d5 c5d5 c4d5 h8h3 c2c4
Position; fen rnbqkbnr/1p1ppp1p/p5p1/2p5/4P3/3P1N2/PPP1KPPP/RNBQ1B1R b kq - 0 1
Moves; g8f6 e4e5 f6g8 b1c3 d7d6 c3e4 d6e5 f3e5 f8g7 e5c4 f7f5 e4c5 d8c7 c5a4 g7d4 c1e3 d4e3 e2e3 b8d7 d1f3 a8b8 a4c3 b7b5 c3d5 c7a7 e3e2 b5c4 d3c4 g8f6 b2b3 h7h5 a1b1 a7c5 f3d3 e8f7 b3b4 c5a7 e2e1 h5h4 f1e2 h4h3 g2h3
Warning; Bestmove does not match beginning of last PV - move f6h5 from SF_2100
Info; info depth 10 seldepth 18 multipv 1 score cp 290 nodes 13314 nps 459103 hashfull 2 tbhits 0 time 29 pv a7c7 h1g1 c7f4 d3g3 f4g3 g1g3
Position; fen rnbqkbnr/1p1ppp1p/p5p1/2p5/4P3/3P1N2/PPP1KPPP/RNBQ1B1R b kq - 0 1
Moves; g8f6 e4e5 f6g8 b1c3 d7d6 c3e4 d6e5 f3e5 f8g7 e5c4 f7f5 e4c5 d8c7 c5a4 g7d4 c1e3 d4e3 e2e3 b8d7 d1f3 a8b8 a4c3 b7b5 c3d5 c7a7 e3e2 b5c4 d3c4 g8f6 b2b3 h7h5 a1b1 a7c5 f3d3 e8f7 b3b4 c5a7 e2e1 h5h4 f1e2 h4h3 g2h3 e7e6 d5c3
Warning; Bestmove does not match beginning of last PV - move h5f6 from SF_2100
Info; info depth 10 seldepth 13 multipv 1 score cp 316 nodes 17823 nps 434707 hashfull 5 tbhits 0 time 41 pv e6e5 d4d5 b6e6 d5d2 d7f6
Position; fen rnbqkbnr/1p1ppp1p/p5p1/2p5/4P3/3P1N2/PPP1KPPP/RNBQ1B1R b kq - 0 1
Moves; g8f6 e4e5 f6g8 b1c3 d7d6 c3e4 d6e5 f3e5 f8g7 e5c4 f7f5 e4c5 d8c7 c5a4 g7d4 c1e3 d4e3 e2e3 b8d7 d1f3 a8b8 a4c3 b7b5 c3d5 c7a7 e3e2 b5c4 d3c4 g8f6 b2b3 h7h5 a1b1 a7c5 f3d3 e8f7 b3b4 c5a7 e2e1 h5h4 f1e2 h4h3 g2h3 e7e6 d5c3 f6h5 d3d6 b8b6 d6d4
Warning; Bestmove does not match beginning of last PV - move b6b7 from SF_2100
Info; info depth 11 seldepth 14 multipv 1 score cp 236 nodes 21586 nps 459276 hashfull 5 tbhits 0 time 47 pv b6c6 d4e3 a7b8
Position; fen rnbqkbnr/1p1ppp1p/p5p1/2p5/4P3/3P1N2/PPP1KPPP/RNBQ1B1R b kq - 0 1
Moves; g8f6 e4e5 f6g8 b1c3 d7d6 c3e4 d6e5 f3e5 f8g7 e5c4 f7f5 e4c5 d8c7 c5a4 g7d4 c1e3 d4e3 e2e3 b8d7 d1f3 a8b8 a4c3 b7b5 c3d5 c7a7 e3e2 b5c4 d3c4 g8f6 b2b3 h7h5 a1b1 a7c5 f3d3 e8f7 b3b4 c5a7 e2e1 h5h4 f1e2 h4h3 g2h3 e7e6 d5c3 f6h5 d3d6 b8b6 d6d4 h5f6 c4c5
Warning; Bestmove does not match beginning of last PV - move d7f8 from SF_2100
Info; info depth 10 seldepth 12 multipv 1 score cp 197 nodes 20407 nps 453488 hashfull 5 tbhits 0 time 45 pv d7b8 e3g3 b8c6 h1g1 h8g8 b4b5 a6b5 c3b5 a7a5 e1f1
Position; fen rnbqkbnr/1p1ppp1p/p5p1/2p5/4P3/3P1N2/PPP1KPPP/RNBQ1B1R b kq - 0 1
Moves; g8f6 e4e5 f6g8 b1c3 d7d6 c3e4 d6e5 f3e5 f8g7 e5c4 f7f5 e4c5 d8c7 c5a4 g7d4 c1e3 d4e3 e2e3 b8d7 d1f3 a8b8 a4c3 b7b5 c3d5 c7a7 e3e2 b5c4 d3c4 g8f6 b2b3 h7h5 a1b1 a7c5 f3d3 e8f7 b3b4 c5a7 e2e1 h5h4 f1e2 h4h3 g2h3 e7e6 d5c3 f6h5 d3d6 b8b6 d6d4 h5f6 c4c5 b6b7 d4e3
Warning; Bestmove does not match beginning of last PV - move h8h4 from SF_2100
Info; info depth 12 seldepth 12 multipv 1 score cp 230 nodes 19813 nps 483243 hashfull 5 tbhits 0 time 41 pv b7e7 e1d2 a7c7 d2c1 h8h4
Position; fen rnbqkbnr/1p1ppp1p/p5p1/2p5/4P3/3P1N2/PPP1KPPP/RNBQ1B1R b kq - 0 1
Moves; g8f6 e4e5 f6g8 b1c3 d7d6 c3e4 d6e5 f3e5 f8g7 e5c4 f7f5 e4c5 d8c7 c5a4 g7d4 c1e3 d4e3 e2e3 b8d7 d1f3 a8b8 a4c3 b7b5 c3d5 c7a7 e3e2 b5c4 d3c4 g8f6 b2b3 h7h5 a1b1 a7c5 f3d3 e8f7 b3b4 c5a7 e2e1 h5h4 f1e2 h4h3 g2h3 e7e6 d5c3 f6h5 d3d6 b8b6 d6d4 h5f6 c4c5 b6b7 d4e3 d7f8 h1g1
Warning; Bestmove does not match beginning of last PV - move h4h8 from SF_2100
Info; info depth 10 seldepth 15 multipv 1 score cp 184 nodes 19015 nps 500394 hashfull 5 tbhits 0 time 38 pv b7d7 b1d1 d7d1 e1d1 a7b8 e3g3 b8f4 g3f4
Position; fen rnbqkbnr/1p1ppp1p/p5p1/2p5/4P3/3P1N2/PPP1KPPP/RNBQ1B1R b kq - 0 1
Moves; g8f6 e4e5 f6g8 b1c3 d7d6 c3e4 d6e5 f3e5 f8g7 e5c4 f7f5 e4c5 d8c7 c5a4 g7d4 c1e3 d4e3 e2e3 b8d7 d1f3 a8b8 a4c3 b7b5 c3d5 c7a7 e3e2 b5c4 d3c4 g8f6 b2b3 h7h5 a1b1 a7c5 f3d3 e8f7 b3b4 c5a7 e2e1 h5h4 f1e2 h4h3 g2h3 e7e6 d5c3 f6h5 d3d6 b8b6 d6d4 h5f6 c4c5 b6b7 d4e3 d7f8 h1g1 h8h4 a2a3
Warning; Bestmove does not match beginning of last PV - move a7b8 from SF_2100
Info; info depth 9 seldepth 13 multipv 1 score cp 197 nodes 8936 nps 558500 hashfull 1 tbhits 0 time 16 pv d7d1 e2d1 a7c7 f2f4 h8h4 e3e5 c7e5 f4e5 f6d7
Position; fen rnbqkbnr/1p1ppp1p/p5p1/2p5/4P3/3P1N2/PPP1KPPP/RNBQ1B1R b kq - 0 1
Moves; g8f6 e4e5 f6g8 b1c3 d7d6 c3e4 d6e5 f3e5 f8g7 e5c4 f7f5 e4c5 d8c7 c5a4 g7d4 c1e3 d4e3 e2e3 b8d7 d1f3 a8b8 a4c3 b7b5 c3d5 c7a7 e3e2 b5c4 d3c4 g8f6 b2b3 h7h5 a1b1 a7c5 f3d3 e8f7 b3b4 c5a7 e2e1 h5h4 f1e2 h4h3 g2h3 e7e6 d5c3 f6h5 d3d6 b8b6 d6d4 h5f6 c4c5 b6b7 d4e3 d7f8 h1g1 h8h4 a2a3 h4h8 b1d1 b7d7 g1g3
Warning; Bestmove does not match beginning of last PV - move c8b7 from SF_2100
Info; info depth 13 seldepth 15 multipv 1 score cp 188 nodes 17470 nps 563548 hashfull 3 tbhits 0 time 31 pv d7d1 e1d1 c8b7 e2c4 h8h4 c3e2 f6e4 g3f3 b7d5 c4d5 e6d5 e3d4 f8e6 d4d5
Position; fen rnbqkbnr/1p1ppp1p/p5p1/2p5/4P3/3P1N2/PPP1KPPP/RNBQ1B1R b kq - 0 1
Moves; g8f6 e4e5 f6g8 b1c3 d7d6 c3e4 d6e5 f3e5 f8g7 e5c4 f7f5 e4c5 d8c7 c5a4 g7d4 c1e3 d4e3 e2e3 b8d7 d1f3 a8b8 a4c3 b7b5 c3d5 c7a7 e3e2 b5c4 d3c4 g8f6 b2b3 h7h5 a1b1 a7c5 f3d3 e8f7 b3b4 c5a7 e2e1 h5h4 f1e2 h4h3 g2h3 e7e6 d5c3 f6h5 d3d6 b8b6 d6d4 h5f6 c4c5 b6b7 d4e3 d7f8 h1g1 h8h4 a2a3 h4h8 b1d1 b7d7 g1g3 a7b8 f2f4
Warning; Bestmove does not match beginning of last PV - move f6d7 from SF_2100
Info; info depth 11 seldepth 17 multipv 1 score cp 170 nodes 13960 nps 465333 hashfull 63 tbhits 0 time 30 pv f8d7 e2c4 d7f8 e3d4 h8h4 c3e2 f6h5 d4h8 h4f4
Position; fen rnbqkbnr/1p1ppp1p/p5p1/2p5/4P3/3P1N2/PPP1KPPP/RNBQ1B1R b kq - 0 1
Moves; g8f6 e4e5 f6g8 b1c3 d7d6 c3e4 d6e5 f3e5 f8g7 e5c4 f7f5 e4c5 d8c7 c5a4 g7d4 c1e3 d4e3 e2e3 b8d7 d1f3 a8b8 a4c3 b7b5 c3d5 c7a7 e3e2 b5c4 d3c4 g8f6 b2b3 h7h5 a1b1 a7c5 f3d3 e8f7 b3b4 c5a7 e2e1 h5h4 f1e2 h4h3 g2h3 e7e6 d5c3 f6h5 d3d6 b8b6 d6d4 h5f6 c4c5 b6b7 d4e3 d7f8 h1g1 h8h4 a2a3 h4h8 b1d1 b7d7 g1g3 a7b8 f2f4 c8b7 d1d7
Warning; Bestmove does not match beginning of last PV - move e6e5 from SF_2100
Info; info depth 9 seldepth 10 multipv 1 score cp 171 nodes 13803 nps 575125 hashfull 45 tbhits 0 time 24 pv d7f6 a3a4 b8b1 e1d2 b1h1 d6c8 e7f7 c8d6 f7g7
Position; fen rnbqkbnr/1p1ppp1p/p5p1/2p5/4P3/3P1N2/PPP1KPPP/RNBQ1B1R b kq - 0 1
Moves; g8f6 e4e5 f6g8 b1c3 d7d6 c3e4 d6e5 f3e5 f8g7 e5c4 f7f5 e4c5 d8c7 c5a4 g7d4 c1e3 d4e3 e2e3 b8d7 d1f3 a8b8 a4c3 b7b5 c3d5 c7a7 e3e2 b5c4 d3c4 g8f6 b2b3 h7h5 a1b1 a7c5 f3d3 e8f7 b3b4 c5a7 e2e1 h5h4 f1e2 h4h3 g2h3 e7e6 d5c3 f6h5 d3d6 b8b6 d6d4 h5f6 c4c5 b6b7 d4e3 d7f8 h1g1 h8h4 a2a3 h4h8 b1d1 b7d7 g1g3 a7b8 f2f4 c8b7 d1d7 f6d7 b4b5 a6b5 c3b5 b7c6 b5d6 f7e7 e3d4
Warning; Bestmove does not match beginning of last PV - move b8b1 from SF_2100
Info; info depth 9 seldepth 20 multipv 1 score cp 108 nodes 15942 nps 693130 hashfull 41 tbhits 0 time 23 pv f8e6 d4c3 b8b1 e2d1 h8h4 g3g6 h4f4 c3g3
Position; fen rnbqkbnr/1p1ppp1p/p5p1/2p5/4P3/3P1N2/PPP1KPPP/RNBQ1B1R b kq - 0 1
Moves; g8f6 e4e5 f6g8 b1c3 d7d6 c3e4 d6e5 f3e5 f8g7 e5c4 f7f5 e4c5 d8c7 c5a4 g7d4 c1e3 d4e3 e2e3 b8d7 d1f3 a8b8 a4c3 b7b5 c3d5 c7a7 e3e2 b5c4 d3c4 g8f6 b2b3 h7h5 a1b1 a7c5 f3d3 e8f7 b3b4 c5a7 e2e1 h5h4 f1e2 h4h3 g2h3 e7e6 d5c3 f6h5 d3d6 b8b6 d6d4 h5f6 c4c5 b6b7 d4e3 d7f8 h1g1 h8h4 a2a3 h4h8 b1d1 b7d7 g1g3 a7b8 f2f4 c8b7 d1d7 f6d7 b4b5 a6b5 c3b5 b7c6 b5d6 f7e7 e3d4 e6e5 f4e5
Warning; Bestmove does not match beginning of last PV - move e7d8 from SF_2100
Info; info depth 15 seldepth 46 multipv 1 score cp -159 nodes 315112 nps 1013221 hashfull 151 tbhits 0 time 311 pv e7f7 g6e6 f7e6 d2d6 e6f7 e5e6 f7g7 e6d7 f4e4 e1f2 f3d1 d6d2 e4e2 d2e2 d1e2 d7d8q b1c2 d8d4 g7h7 c8d6 e2g4 f2g3 c2b3 g3f4 b3h3 d4f2 h3h6 f4e5
Position; fen rnbqkbnr/1p1ppp1p/p5p1/2p5/4P3/3P1N2/PPP1KPPP/RNBQ1B1R b kq - 0 1
Moves; g8f6 e4e5 f6g8 b1c3 d7d6 c3e4 d6e5 f3e5 f8g7 e5c4 f7f5 e4c5 d8c7 c5a4 g7d4 c1e3 d4e3 e2e3 b8d7 d1f3 a8b8 a4c3 b7b5 c3d5 c7a7 e3e2 b5c4 d3c4 g8f6 b2b3 h7h5 a1b1 a7c5 f3d3 e8f7 b3b4 c5a7 e2e1 h5h4 f1e2 h4h3 g2h3 e7e6 d5c3 f6h5 d3d6 b8b6 d6d4 h5f6 c4c5 b6b7 d4e3 d7f8 h1g1 h8h4 a2a3 h4h8 b1d1 b7d7 g1g3 a7b8 f2f4 c8b7 d1d7 f6d7 b4b5 a6b5 c3b5 b7c6 b5d6 f7e7 e3d4 e6e5 f4e5 b8b1 e2d1 f8e6 d4c3 h8h4 g3g6 h4f4 c3d2 c6f3 d6c8
Warning; Bestmove does not match beginning of last PV - move b7a6 from SF_2100
Info; info depth 14 seldepth 35 multipv 1 score cp -579 nodes 730293 nps 1375316 hashfull 308 tbhits 0 time 531 pv e6c7 c8d6 b7a6 d6b5 b1d1 d7d1 f4e4 e1d2 f3d1 b5c7 a6b7 g8f8
Position; fen rnbqkbnr/1p1ppp1p/p5p1/2p5/4P3/3P1N2/PPP1KPPP/RNBQ1B1R b kq - 0 1
Moves; g8f6 e4e5 f6g8 b1c3 d7d6 c3e4 d6e5 f3e5 f8g7 e5c4 f7f5 e4c5 d8c7 c5a4 g7d4 c1e3 d4e3 e2e3 b8d7 d1f3 a8b8 a4c3 b7b5 c3d5 c7a7 e3e2 b5c4 d3c4 g8f6 b2b3 h7h5 a1b1 a7c5 f3d3 e8f7 b3b4 c5a7 e2e1 h5h4 f1e2 h4h3 g2h3 e7e6 d5c3 f6h5 d3d6 b8b6 d6d4 h5f6 c4c5 b6b7 d4e3 d7f8 h1g1 h8h4 a2a3 h4h8 b1d1 b7d7 g1g3 a7b8 f2f4 c8b7 d1d7 f6d7 b4b5 a6b5 c3b5 b7c6 b5d6 f7e7 e3d4 e6e5 f4e5 b8b1 e2d1 f8e6 d4c3 h8h4 g3g6 h4f4 c3d2 c6f3 d6c8 e7d8 g6g8 d8c7 d2d6 c7b7 d6d7
Warning; Bestmove does not match beginning of last PV - move b5a4 from SF_2100
Info; info depth 16 seldepth 38 multipv 1 score cp -996 nodes 261092 nps 1764135 hashfull 96 tbhits 0 time 148 pv b5c4 b6b1 c4d5 d1f3 d5e5 b1b2 f4d4 c8d6 e5f6 g8g1 f6e5 d6c4 e5f6 c5c6 f6e7 b2b4 e7f6 c6c7 f5f4 b4c3
Position; fen rnbqkbnr/1p1ppp1p/p5p1/2p5/4P3/3P1N2/PPP1KPPP/RNBQ1B1R b kq - 0 1
Moves; g8f6 e4e5 f6g8 b1c3 d7d6 c3e4 d6e5 f3e5 f8g7 e5c4 f7f5 e4c5 d8c7 c5a4 g7d4 c1e3 d4e3 e2e3 b8d7 d1f3 a8b8 a4c3 b7b5 c3d5 c7a7 e3e2 b5c4 d3c4 g8f6 b2b3 h7h5 a1b1 a7c5 f3d3 e8f7 b3b4 c5a7 e2e1 h5h4 f1e2 h4h3 g2h3 e7e6 d5c3 f6h5 d3d6 b8b6 d6d4 h5f6 c4c5 b6b7 d4e3 d7f8 h1g1 h8h4 a2a3 h4h8 b1d1 b7d7 g1g3 a7b8 f2f4 c8b7 d1d7 f6d7 b4b5 a6b5 c3b5 b7c6 b5d6 f7e7 e3d4 e6e5 f4e5 b8b1 e2d1 f8e6 d4c3 h8h4 g3g6 h4f4 c3d2 c6f3 d6c8 e7d8 g6g8 d8c7 d2d6 c7b7 d6d7 b7a6 d7a7 a6b5 a7b6
Finished game 3 (HiveChess vs SF_2100): 1-0 {White mates}
Started game 4 of 10 (SF_2100 vs HiveChess)
Warning; Bestmove does not match beginning of last PV - move b1d2 from SF_2100
Info; info depth 14 seldepth 25 multipv 1 score cp -45 nodes 179699 nps 447012 hashfull 58 tbhits 0 time 402 pv e4d5 f6d5 h1e1 f8g7 e2f1 e8g8 f1g1 a8b8 b1d2 b7b5 c2c3 b5b4 c3c4 d5c7 d2b3 c7e6
Position; fen rnbqkbnr/1p1ppp1p/p5p1/2p5/4P3/3P1N2/PPP1KPPP/RNBQ1B1R b kq - 0 1
Moves; b8c6 g2g3 g8f6 f1g2 d7d5
Warning; Bestmove does not match beginning of last PV - move d2b1 from SF_2100
Info; info depth 12 seldepth 18 multipv 1 score cp 44 nodes 53416 nps 556416 hashfull 10 tbhits 0 time 96 pv e2f1 e8f8 c2c4 f8g7 c4d5 f6d5 d2c4
Position; fen rnbqkbnr/1p1ppp1p/p5p1/2p5/4P3/3P1N2/PPP1KPPP/RNBQ1B1R b kq - 0 1
Moves; b8c6 g2g3 g8f6 f1g2 d7d5 b1d2 e7e6 e4d5 e6d5 h1e1 f8d6
Warning; Bestmove does not match beginning of last PV - move c1h6 from SF_2100
Info; info depth 12 seldepth 22 multipv 1 score cp -19 nodes 144051 nps 426186 hashfull 41 tbhits 0 time 338 pv e2f1 h7h6 b2b3 g6g5 c1b2 e8g8 b1d2 f8e8 f1g1
Position; fen rnbqkbnr/1p1ppp1p/p5p1/2p5/4P3/3P1N2/PPP1KPPP/RNBQ1B1R b kq - 0 1
Moves; b8c6 g2g3 g8f6 f1g2 d7d5 b1d2 e7e6 e4d5 e6d5 h1e1 f8d6 d2b1 c8e6
Warning; Bestmove does not match beginning of last PV - move h6g7 from SF_2100
Info; info depth 11 seldepth 12 multipv 1 score cp -78 nodes 124323 nps 420010 hashfull 42 tbhits 0 time 296 pv h6d2 c6e5 f3e5 d6e5 h2h3 e5b2 b1c3 d8f6 h3g4 b2c3
Position; fen rnbqkbnr/1p1ppp1p/p5p1/2p5/4P3/3P1N2/PPP1KPPP/RNBQ1B1R b kq - 0 1
Moves; b8c6 g2g3 g8f6 f1g2 d7d5 b1d2 e7e6 e4d5 e6d5 h1e1 f8d6 d2b1 c8e6 c1h6 f6g4
Warning; Bestmove does not match beginning of last PV - move f3g1 from SF_2100
Info; info depth 12 seldepth 18 multipv 1 score cp 154 nodes 70496 nps 559492 hashfull 16 tbhits 0 time 126 pv f3h4 d6e7 f2g1 e7h4 g3h4 d8h4 e1e3 h4g5 c3d2
Position; fen rnbqkbnr/1p1ppp1p/p5p1/2p5/4P3/3P1N2/PPP1KPPP/RNBQ1B1R b kq - 0 1
Moves; b8c6 g2g3 g8f6 f1g2 d7d5 b1d2 e7e6 e4d5 e6d5 h1e1 f8d6 d2b1 c8e6 c1h6 f6g4 h6g7 h8g8 g7c3 g6g5 e2f1 g4f2 f1f2 g5g4
Warning; Bestmove does not match beginning of last PV - move f2g2 from SF_2100
Info; info depth 11 seldepth 16 multipv 1 score cp 90 nodes 69743 nps 540643 hashfull 19 tbhits 0 time 129 pv e1e6 f7e6 c3e1 d6g3 h2g3 g8f8 f2e2 d8d5 d1d2 d5g2 e2d1 g2g1 d2e2 f8f3 b1d2
Position; fen rnbqkbnr/1p1ppp1p/p5p1/2p5/4P3/3P1N2/PPP1KPPP/RNBQ1B1R b kq - 0 1
Moves; b8c6 g2g3 g8f6 f1g2 d7d5 b1d2 e7e6 e4d5 e6d5 h1e1 f8d6 d2b1 c8e6 c1h6 f6g4 h6g7 h8g8 g7c3 g6g5 e2f1 g4f2 f1f2 g5g4 f3g1 d5d4 g2c6 b7c6
Warning; Bestmove does not match beginning of last PV - move e1e6 from SF_2100
Info; info depth 13 seldepth 18 multipv 1 score cp -57 nodes 67612 nps 476140 hashfull 22 tbhits 0 time 142 pv b1c3 d8a5 d1d2 e8c8 a1d1 c5c4 g1e2 c4d3
Position; fen rnbqkbnr/1p1ppp1p/p5p1/2p5/4P3/3P1N2/PPP1KPPP/RNBQ1B1R b kq - 0 1
Moves; b8c6 g2g3 g8f6 f1g2 d7d5 b1d2 e7e6 e4d5 e6d5 h1e1 f8d6 d2b1 c8e6 c1h6 f6g4 h6g7 h8g8 g7c3 g6g5 e2f1 g4f2 f1f2 g5g4 f3g1 d5d4 g2c6 b7c6 f2g2 d4c3
Warning; Bestmove does not match beginning of last PV - move d1e2 from SF_2100
Info; info depth 13 seldepth 18 multipv 1 score cp -170 nodes 47701 nps 596262 hashfull 16 tbhits 0 time 80 pv b1c3 d8e7 c3e4 h7h5 d1d2 h5h4 g3h4
Position; fen rnbqkbnr/1p1ppp1p/p5p1/2p5/4P3/3P1N2/PPP1KPPP/RNBQ1B1R b kq - 0 1
Moves; b8c6 g2g3 g8f6 f1g2 d7d5 b1d2 e7e6 e4d5 e6d5 h1e1 f8d6 d2b1 c8e6 c1h6 f6g4 h6g7 h8g8 g7c3 g6g5 e2f1 g4f2 f1f2 g5g4 f3g1 d5d4 g2c6 b7c6 f2g2 d4c3 e1e6 f7e6
Warning; Bestmove does not match beginning of last PV - move c2c3 from SF_2100
Info; info depth 13 seldepth 16 multipv 1 score cp -666 nodes 103833 nps 1597430 hashfull 42 tbhits 0 time 65 pv e2e6 e8f8 e6f5 f8g7 f5g4 g7h8 g4h5 b2a1b g1f3 d8f6
Position; fen rnbqkbnr/1p1ppp1p/p5p1/2p5/4P3/3P1N2/PPP1KPPP/RNBQ1B1R b kq - 0 1
Moves; b8c6 g2g3 g8f6 f1g2 d7d5 b1d2 e7e6 e4d5 e6d5 h1e1 f8d6 d2b1 c8e6 c1h6 f6g4 h6g7 h8g8 g7c3 g6g5 e2f1 g4f2 f1f2 g5g4 f3g1 d5d4 g2c6 b7c6 f2g2 d4c3 e1e6 f7e6 d1e2 c3b2
Warning; Bestmove does not match beginning of last PV - move a2a3 from SF_2100
Info; info depth 13 seldepth 23 multipv 1 score cp -790 nodes 108129 nps 1864293 hashfull 46 tbhits 0 time 58 pv e6f5 f8g7 b1d2 a1a2 f5g4 g7h8 g4e2 d8e7 d2c4 e7e2 g1e2 g8g6 c4b6 a8d8 g2g1
Position; fen rnbqkbnr/1p1ppp1p/p5p1/2p5/4P3/3P1N2/PPP1KPPP/RNBQ1B1R b kq - 0 1
Moves; b8c6 g2g3 g8f6 f1g2 d7d5 b1d2 e7e6 e4d5 e6d5 h1e1 f8d6 d2b1 c8e6 c1h6 f6g4 h6g7 h8g8 g7c3 g6g5 e2f1 g4f2 f1f2 g5g4 f3g1 d5d4 g2c6 b7c6 f2g2 d4c3 e1e6 f7e6 d1e2 c3b2 c2c3 b2a1q e2e6 e8f8
Warning; Bestmove does not match beginning of last PV - move e6h6 from SF_2100
Info; info depth 12 seldepth 19 multipv 1 score cp -810 nodes 100012 nps 1852074 hashfull 40 tbhits 0 time 54 pv e6f5 f8g7 c3c4 b1c2 g1e2
Position; fen rnbqkbnr/1p1ppp1p/p5p1/2p5/4P3/3P1N2/PPP1KPPP/RNBQ1B1R b kq - 0 1
Moves; b8c6 g2g3 g8f6 f1g2 d7d5 b1d2 e7e6 e4d5 e6d5 h1e1 f8d6 d2b1 c8e6 c1h6 f6g4 h6g7 h8g8 g7c3 g6g5 e2f1 g4f2 f1f2 g5g4 f3g1 d5d4 g2c6 b7c6 f2g2 d4c3 e1e6 f7e6 d1e2 c3b2 c2c3 b2a1q e2e6 e8f8 a2a3 a1b1
Warning; Bestmove does not match beginning of last PV - move c3c4 from SF_2100
Info; info depth 13 seldepth 22 multipv 1 score cp -901 nodes 90258 nps 1769764 hashfull 31 tbhits 0 time 51 pv h6d2 d8e7 h2h3 f8g8 h3g4 g7g4
Position; fen rnbqkbnr/1p1ppp1p/p5p1/2p5/4P3/3P1N2/PPP1KPPP/RNBQ1B1R b kq - 0 1
Moves; b8c6 g2g3 g8f6 f1g2 d7d5 b1d2 e7e6 e4d5 e6d5 h1e1 f8d6 d2b1 c8e6 c1h6 f6g4 h6g7 h8g8 g7c3 g6g5 e2f1 g4f2 f1f2 g5g4 f3g1 d5d4 g2c6 b7c6 f2g2 d4c3 e1e6 f7e6 d1e2 c3b2 c2c3 b2a1q e2e6 e8f8 a2a3 a1b1 e6h6 g8g7
Warning; Bestmove does not match beginning of last PV - move h2h4 from SF_2100
Info; info depth 14 seldepth 20 multipv 1 score cp -1021 nodes 93360 nps 1986382 hashfull 29 tbhits 0 time 47 pv a3a4 d3e4 g2f1 e4g6 h6d2 f8g8 g1e2 d8f8 e2f4 d6f4
Position; fen rnbqkbnr/1p1ppp1p/p5p1/2p5/4P3/3P1N2/PPP1KPPP/RNBQ1B1R b kq - 0 1
Moves; b8c6 g2g3 g8f6 f1g2 d7d5 b1d2 e7e6 e4d5 e6d5 h1e1 f8d6 d2b1 c8e6 c1h6 f6g4 h6g7 h8g8 g7c3 g6g5 e2f1 g4f2 f1f2 g5g4 f3g1 d5d4 g2c6 b7c6 f2g2 d4c3 e1e6 f7e6 d1e2 c3b2 c2c3 b2a1q e2e6 e8f8 a2a3 a1b1 e6h6 g8g7 c3c4 b1d3
Warning; Bestmove does not match beginning of last PV - move g1h3 from SF_2100
Info; info depth 30 seldepth 11 multipv 1 score mate -5 nodes 22797 nps 1899750 hashfull 4 tbhits 0 time 12 pv h6h3 g7g3 h3g3 d3g3 g2f1 d8f6 f1e2 f6f2 e2d1 g3g1
Position; fen rnbqkbnr/1p1ppp1p/p5p1/2p5/4P3/3P1N2/PPP1KPPP/RNBQ1B1R b kq - 0 1
Moves; b8c6 g2g3 g8f6 f1g2 d7d5 b1d2 e7e6 e4d5 e6d5 h1e1 f8d6 d2b1 c8e6 c1h6 f6g4 h6g7 h8g8 g7c3 g6g5 e2f1 g4f2 f1f2 g5g4 f3g1 d5d4 g2c6 b7c6 f2g2 d4c3 e1e6 f7e6 d1e2 c3b2 c2c3 b2a1q e2e6 e8f8 a2a3 a1b1 e6h6 g8g7 c3c4 b1d3 h2h4 g4h3
Warning; Bestmove does not match beginning of last PV - move g2h1 from SF_2100
Info; info depth 54 seldepth 7 multipv 1 score mate -3 nodes 17112 nps 3422400 hashfull 1 tbhits 0 time 5 pv g2f1 g3g2 f1e1 d6g3 h3f2 g2f2
Position; fen rnbqkbnr/1p1ppp1p/p5p1/2p5/4P3/3P1N2/PPP1KPPP/RNBQ1B1R b kq - 0 1
Moves; b8c6 g2g3 g8f6 f1g2 d7d5 b1d2 e7e6 e4d5 e6d5 h1e1 f8d6 d2b1 c8e6 c1h6 f6g4 h6g7 h8g8 g7c3 g6g5 e2f1 g4f2 f1f2 g5g4 f3g1 d5d4 g2c6 b7c6 f2g2 d4c3 e1e6 f7e6 d1e2 c3b2 c2c3 b2a1q e2e6 e8f8 a2a3 a1b1 e6h6 g8g7 c3c4 b1d3 h2h4 g4h3 g1h3 d3g3
Finished game 4 (SF_2100 vs HiveChess): 0-1 {Black mates}
Started game 5 of 10 (HiveChess vs SF_2200)
Warning; Bestmove does not match beginning of last PV - move b7b5 from SF_2200
Info; info depth 14 seldepth 25 multipv 1 score cp 83 nodes 131086 nps 435501 hashfull 54 tbhits 0 time 301 pv g8f6 e2e1 b7b5 c1e3 d7d6 a2a3 e8g8 f1e2 c8b7
Position; fen rnbqkbnr/1p1ppp1p/p5p1/2p5/4P3/3P1N2/PPP1KPPP/RNBQ1B1R b kq - 0 1
Moves; f8g7 b1c3
Warning; Bestmove does not match beginning of last PV - move b5b4 from SF_2200
Info; info depth 12 seldepth 19 multipv 1 score cp 80 nodes 171591 nps 465016 hashfull 60 tbhits 0 time 369 pv d7d6 a2a3 b8c6 e2e1 g8f6 d1c1 e8g8 f1e2 c8b7 e3h6 e7e5 h6g7 g8g7
Position; fen rnbqkbnr/1p1ppp1p/p5p1/2p5/4P3/3P1N2/PPP1KPPP/RNBQ1B1R b kq - 0 1
Moves; f8g7 b1c3 b7b5 c1e3
Warning; Bestmove does not match beginning of last PV - move d7d6 from SF_2200
Info; info depth 11 seldepth 15 multipv 1 score cp 79 nodes 116407 nps 522004 hashfull 32 tbhits 0 time 223 pv d8a5 a4c5 g7b2 c5b3 a5c7 a1b1 b2c3 e3d2 a6a5
Position; fen rnbqkbnr/1p1ppp1p/p5p1/2p5/4P3/3P1N2/PPP1KPPP/RNBQ1B1R b kq - 0 1
Moves; f8g7 b1c3 b7b5 c1e3 b5b4 c3a4
Warning; Bestmove does not match beginning of last PV - move b8c6 from SF_2200
Info; info depth 12 seldepth 17 multipv 1 score cp 88 nodes 52714 nps 532464 hashfull 18 tbhits 0 time 99 pv b4c3 b2c3 d8a5 a1b1 b8c6 f3d2 c8e6 d1c2
Position; fen rnbqkbnr/1p1ppp1p/p5p1/2p5/4P3/3P1N2/PPP1KPPP/RNBQ1B1R b kq - 0 1
Moves; f8g7 b1c3 b7b5 c1e3 b5b4 c3a4 d7d6 c2c3
Warning; Bestmove does not match beginning of last PV - move c5d4 from SF_2200
Info; info depth 11 seldepth 19 multipv 1 score cp 69 nodes 144749 nps 485734 hashfull 42 tbhits 0 time 298 pv g8f6 d4c5 f6e4 a2a3 b4c6 c5d6 e8g8 a1c1 c8d7 e2e1 d8a5 f3d2 e4d2 e3d2
Position; fen rnbqkbnr/1p1ppp1p/p5p1/2p5/4P3/3P1N2/PPP1KPPP/RNBQ1B1R b kq - 0 1
Moves; f8g7 b1c3 b7b5 c1e3 b5b4 c3a4 d7d6 c2c3 b8c6 c3b4 c6b4 d3d4
Warning; Bestmove does not match beginning of last PV - move e7e5 from SF_2200
Info; info depth 13 seldepth 19 multipv 1 score cp 88 nodes 67787 nps 610693 hashfull 17 tbhits 0 time 111 pv g8f6 a4b6 c8d7 e2e1 a8b8 b6d7 d8d7 a2a3 b4c6 d4c3 d7g4
Position; fen rnbqkbnr/1p1ppp1p/p5p1/2p5/4P3/3P1N2/PPP1KPPP/RNBQ1B1R b kq - 0 1
Moves; f8g7 b1c3 b7b5 c1e3 b5b4 c3a4 d7d6 c2c3 b8c6 c3b4 c6b4 d3d4 c5d4 e3d4
Warning; Bestmove does not match beginning of last PV - move e8g8 from SF_2200
Info; info depth 11 seldepth 19 multipv 1 score cp -27 nodes 132717 nps 641144 hashfull 38 tbhits 0 time 207 pv d6d5 a2a3 d5e4 d1a4 c8d7 a4b4 e4f3 e2e1 e7b4 a3b4 a8b8 e3c5 g7f8 g2f3 f8c5 b4c5
Position; fen rnbqkbnr/1p1ppp1p/p5p1/2p5/4P3/3P1N2/PPP1KPPP/RNBQ1B1R b kq - 0 1
Moves; f8g7 b1c3 b7b5 c1e3 b5b4 c3a4 d7d6 c2c3 b8c6 c3b4 c6b4 d3d4 c5d4 e3d4 e7e5 d4b6 d8e7 b6e3 g8f6 a4b6
Warning; Bestmove does not match beginning of last PV - move e7b7 from SF_2200
Info; info depth 10 seldepth 10 multipv 1 score cp 1 nodes 72108 nps 743381 hashfull 19 tbhits 0 time 97 pv d6d5 e2e1 f6e4 a8b6 d5d4 b6c8 f8c8 a1c1 c8d8
Position; fen rnbqkbnr/1p1ppp1p/p5p1/2p5/4P3/3P1N2/PPP1KPPP/RNBQ1B1R b kq - 0 1
Moves; f8g7 b1c3 b7b5 c1e3 b5b4 c3a4 d7d6 c2c3 b8c6 c3b4 c6b4 d3d4 c5d4 e3d4 e7e5 d4b6 d8e7 b6e3 g8f6 a4b6 e8g8 b6a8
Warning; Bestmove does not match beginning of last PV - move f8d8 from SF_2200
Info; info depth 10 seldepth 10 multipv 1 score cp -143 nodes 32779 nps 964088 hashfull 9 tbhits 0 time 34 pv e5d4 a4d4 f6e4 d4d5 e4f2 e3f2 c8f5 d3d2 b7b8
Position; fen rnbqkbnr/1p1ppp1p/p5p1/2p5/4P3/3P1N2/PPP1KPPP/RNBQ1B1R b kq - 0 1
Moves; f8g7 b1c3 b7b5 c1e3 b5b4 c3a4 d7d6 c2c3 b8c6 c3b4 c6b4 d3d4 c5d4 e3d4 e7e5 d4b6 d8e7 b6e3 g8f6 a4b6 e8g8 b6a8 e7b7 a8b6 d6d5 d1a4 b4d3 e2d3 d5d4 f3d4
Warning; Bestmove does not match beginning of last PV - move b7e4 from SF_2200
Info; info depth 10 seldepth 17 multipv 1 score cp -130 nodes 49345 nps 897181 hashfull 17 tbhits 0 time 55 pv e5d4 e3g5 f6e4 c8e7 g8h8 a1c1 e4f2 d3e2 f2h1
Position; fen rnbqkbnr/1p1ppp1p/p5p1/2p5/4P3/3P1N2/PPP1KPPP/RNBQ1B1R b kq - 0 1
Moves; f8g7 b1c3 b7b5 c1e3 b5b4 c3a4 d7d6 c2c3 b8c6 c3b4 c6b4 d3d4 c5d4 e3d4 e7e5 d4b6 d8e7 b6e3 g8f6 a4b6 e8g8 b6a8 e7b7 a8b6 d6d5 d1a4 b4d3 e2d3 d5d4 f3d4 f8d8 b6c8
Warning; Bestmove does not match beginning of last PV - move e4d5 from SF_2200
Info; info depth 10 seldepth 11 multipv 1 score cp -171 nodes 47349 nps 876833 hashfull 18 tbhits 0 time 54 pv e4e5 h2h4 c8b8 b2b3 e5g3 a1e1
Position; fen rnbqkbnr/1p1ppp1p/p5p1/2p5/4P3/3P1N2/PPP1KPPP/RNBQ1B1R b kq - 0 1
Moves; f8g7 b1c3 b7b5 c1e3 b5b4 c3a4 d7d6 c2c3 b8c6 c3b4 c6b4 d3d4 c5d4 e3d4 e7e5 d4b6 d8e7 b6e3 g8f6 a4b6 e8g8 b6a8 e7b7 a8b6 d6d5 d1a4 b4d3 e2d3 d5d4 f3d4 f8d8 b6c8 b7e4 d3d2 e5d4 e3g5 d8c8 f2f3
Warning; Bestmove does not match beginning of last PV - move d4d3 from SF_2200
Info; info depth 12 seldepth 15 multipv 1 score cp -146 nodes 31577 nps 1263080 hashfull 8 tbhits 0 time 25 pv g7f6 d2d1 d4d3 a4a6 c8c6 a6d3 d5e5 d3e4 e5b2 e4c6
Position; fen rnbqkbnr/1p1ppp1p/p5p1/2p5/4P3/3P1N2/PPP1KPPP/RNBQ1B1R b kq - 0 1
Moves; f8g7 b1c3 b7b5 c1e3 b5b4 c3a4 d7d6 c2c3 b8c6 c3b4 c6b4 d3d4 c5d4 e3d4 e7e5 d4b6 d8e7 b6e3 g8f6 a4b6 e8g8 b6a8 e7b7 a8b6 d6d5 d1a4 b4d3 e2d3 d5d4 f3d4 f8d8 b6c8 b7e4 d3d2 e5d4 e3g5 d8c8 f2f3 e4d5 g5f6
Warning; Bestmove does not match beginning of last PV - move c8c4 from SF_2200
Info; info depth 11 seldepth 21 multipv 1 score cp -424 nodes 74968 nps 1529959 hashfull 21 tbhits 0 time 49 pv g8g7 a4e4 d5b5 e4d4 g7f8 f1d3 b5g5 d2d1 c8d8 d4c3 g5g2
Position; fen rnbqkbnr/1p1ppp1p/p5p1/2p5/4P3/3P1N2/PPP1KPPP/RNBQ1B1R b kq - 0 1
Moves; f8g7 b1c3 b7b5 c1e3 b5b4 c3a4 d7d6 c2c3 b8c6 c3b4 c6b4 d3d4 c5d4 e3d4 e7e5 d4b6 d8e7 b6e3 g8f6 a4b6 e8g8 b6a8 e7b7 a8b6 d6d5 d1a4 b4d3 e2d3 d5d4 f3d4 f8d8 b6c8 b7e4 d3d2 e5d4 e3g5 d8c8 f2f3 e4d5 g5f6 d4d3 f6g7
Warning; Bestmove does not match beginning of last PV - move d5g5 from SF_2200
Info; info depth 12 seldepth 19 multipv 1 score cp -596 nodes 48829 nps 2034541 hashfull 17 tbhits 0 time 24 pv d5c4 g7c3 c4f4 d2d3 f4f5 d3d2 f5f4 d2c2 f4a4 b2b3 a4d7 f1d3 d7c7 a1c1
Position; fen rnbqkbnr/1p1ppp1p/p5p1/2p5/4P3/3P1N2/PPP1KPPP/RNBQ1B1R b kq - 0 1
Moves; f8g7 b1c3 b7b5 c1e3 b5b4 c3a4 d7d6 c2c3 b8c6 c3b4 c6b4 d3d4 c5d4 e3d4 e7e5 d4b6 d8e7 b6e3 g8f6 a4b6 e8g8 b6a8 e7b7 a8b6 d6d5 d1a4 b4d3 e2d3 d5d4 f3d4 f8d8 b6c8 b7e4 d3d2 e5d4 e3g5 d8c8 f2f3 e4d5 g5f6 d4d3 f6g7 c8c4 a4c4
Warning; Bestmove does not match beginning of last PV - move g5b5 from SF_2200
Info; info depth 13 seldepth 22 multipv 1 score cp -996 nodes 95091 nps 2113133 hashfull 29 tbhits 0 time 45 pv g5h4 c4d4 h4e7 f1d3 e7b7 h1e1 b7g2 e1e2 g2a8 g7f6 g8f8 d4b4 f8g8
Position; fen rnbqkbnr/1p1ppp1p/p5p1/2p5/4P3/3P1N2/PPP1KPPP/RNBQ1B1R b kq - 0 1
Moves; f8g7 b1c3 b7b5 c1e3 b5b4 c3a4 d7d6 c2c3 b8c6 c3b4 c6b4 d3d4 c5d4 e3d4 e7e5 d4b6 d8e7 b6e3 g8f6 a4b6 e8g8 b6a8 e7b7 a8b6 d6d5 d1a4 b4d3 e2d3 d5d4 f3d4 f8d8 b6c8 b7e4 d3d2 e5d4 e3g5 d8c8 f2f3 e4d5 g5f6 d4d3 f6g7 c8c4 a4c4 d5g5 f3f4
Warning; Bestmove does not match beginning of last PV - move a6b5 from SF_2200
Info; info depth 18 seldepth 19 multipv 1 score mate -9 nodes 59674 nps 2210148 hashfull 15 tbhits 0 time 27 pv g8g7 b5e5 g7h6 f1d3 a6a5 h1e1 a5a4 e5e7 h6g7 e7e8 g7h6 e8f7 a4a3 f7f8 h6h5 d3e2 h5h4 f8h6
Position; fen rnbqkbnr/1p1ppp1p/p5p1/2p5/4P3/3P1N2/PPP1KPPP/RNBQ1B1R b kq - 0 1
Moves; f8g7 b1c3 b7b5 c1e3 b5b4 c3a4 d7d6 c2c3 b8c6 c3b4 c6b4 d3d4 c5d4 e3d4 e7e5 d4b6 d8e7 b6e3 g8f6 a4b6 e8g8 b6a8 e7b7 a8b6 d6d5 d1a4 b4d3 e2d3 d5d4 f3d4 f8d8 b6c8 b7e4 d3d2 e5d4 e3g5 d8c8 f2f3 e4d5 g5f6 d4d3 f6g7 c8c4 a4c4 d5g5 f3f4 g5b5 c4b5
Warning; Bestmove does not match beginning of last PV - move f7f6 from SF_2200
Info; info depth 18 seldepth 23 multipv 1 score cp -1082 nodes 105744 nps 2349866 hashfull 22 tbhits 0 time 45 pv f7f5 f1d3 g6g5 h1e1 g5f4 a1c1 f4f3 c1c8 g8f7
Position; fen rnbqkbnr/1p1ppp1p/p5p1/2p5/4P3/3P1N2/PPP1KPPP/RNBQ1B1R b kq - 0 1
Moves; f8g7 b1c3 b7b5 c1e3 b5b4 c3a4 d7d6 c2c3 b8c6 c3b4 c6b4 d3d4 c5d4 e3d4 e7e5 d4b6 d8e7 b6e3 g8f6 a4b6 e8g8 b6a8 e7b7 a8b6 d6d5 d1a4 b4d3 e2d3 d5d4 f3d4 f8d8 b6c8 b7e4 d3d2 e5d4 e3g5 d8c8 f2f3 e4d5 g5f6 d4d3 f6g7 c8c4 a4c4 d5g5 f3f4 g5b5 c4b5 a6b5 g7d4
Warning; Bestmove does not match beginning of last PV - move h7h5 from SF_2200
Info; info depth 23 seldepth 15 multipv 1 score mate -7 nodes 38430 nps 2401875 hashfull 8 tbhits 0 time 16 pv g8g7 a1c1 g7h6 c1c7 h6h5 c7h7 h5g4 d4f6 g6g5 f4g5 b5b4 h1f1 b4b3 d3f5
Position; fen rnbqkbnr/1p1ppp1p/p5p1/2p5/4P3/3P1N2/PPP1KPPP/RNBQ1B1R b kq - 0 1
Moves; f8g7 b1c3 b7b5 c1e3 b5b4 c3a4 d7d6 c2c3 b8c6 c3b4 c6b4 d3d4 c5d4 e3d4 e7e5 d4b6 d8e7 b6e3 g8f6 a4b6 e8g8 b6a8 e7b7 a8b6 d6d5 d1a4 b4d3 e2d3 d5d4 f3d4 f8d8 b6c8 b7e4 d3d2 e5d4 e3g5 d8c8 f2f3 e4d5 g5f6 d4d3 f6g7 c8c4 a4c4 d5g5 f3f4 g5b5 c4b5 a6b5 g7d4 f7f6 f1d3
Warning; Bestmove does not match beginning of last PV - move g7g8 from SF_2200
Info; info depth 13 seldepth 21 multipv 1 score cp -1037 nodes 52329 nps 2378590 hashfull 17 tbhits 0 time 22 pv b5b4 a1c1 g7h6 h5e2 h6h7
Position; fen rnbqkbnr/1p1ppp1p/p5p1/2p5/4P3/3P1N2/PPP1KPPP/RNBQ1B1R b kq - 0 1
Moves; f8g7 b1c3 b7b5 c1e3 b5b4 c3a4 d7d6 c2c3 b8c6 c3b4 c6b4 d3d4 c5d4 e3d4 e7e5 d4b6 d8e7 b6e3 g8f6 a4b6 e8g8 b6a8 e7b7 a8b6 d6d5 d1a4 b4d3 e2d3 d5d4 f3d4 f8d8 b6c8 b7e4 d3d2 e5d4 e3g5 d8c8 f2f3 e4d5 g5f6 d4d3 f6g7 c8c4 a4c4 d5g5 f3f4 g5b5 c4b5 a6b5 g7d4 f7f6 f1d3 h7h5 d3g6 g8g7 g6h5
Warning; Bestmove does not match beginning of last PV - move b4b3 from SF_2200
Info; info depth 245 seldepth 5 multipv 1 score mate -2 nodes 15222 nps 3805500 hashfull 39 tbhits 0 time 4 pv h6h7 e5h5 h7g8 h5h8
Position; fen rnbqkbnr/1p1ppp1p/p5p1/2p5/4P3/3P1N2/PPP1KPPP/RNBQ1B1R b kq - 0 1
Moves; f8g7 b1c3 b7b5 c1e3 b5b4 c3a4 d7d6 c2c3 b8c6 c3b4 c6b4 d3d4 c5d4 e3d4 e7e5 d4b6 d8e7 b6e3 g8f6 a4b6 e8g8 b6a8 e7b7 a8b6 d6d5 d1a4 b4d3 e2d3 d5d4 f3d4 f8d8 b6c8 b7e4 d3d2 e5d4 e3g5 d8c8 f2f3 e4d5 g5f6 d4d3 f6g7 c8c4 a4c4 d5g5 f3f4 g5b5 c4b5 a6b5 g7d4 f7f6 f1d3 h7h5 d3g6 g8g7 g6h5 g7g8 d4f6 g8h7 h1e1 h7h6 e1e5 b5b4 h5e8
Finished game 5 (HiveChess vs SF_2200): 1-0 {White mates}
Started game 6 of 10 (SF_2200 vs HiveChess)
Warning; Bestmove does not match beginning of last PV - move b1d2 from SF_2200
Info; info depth 12 seldepth 17 multipv 1 score cp -39 nodes 167577 nps 443325 hashfull 61 tbhits 0 time 378 pv g2g3 g8f6 f1g2 f8g7 h1e1 e8g8
Position; fen rnbqkbnr/1p1ppp1p/p5p1/2p5/4P3/3P1N2/PPP1KPPP/RNBQ1B1R b kq - 0 1
Moves; b8c6
Warning; Bestmove does not match beginning of last PV - move h2h3 from SF_2200
Info; info depth 12 seldepth 22 multipv 1 score cp -60 nodes 112656 nps 491947 hashfull 31 tbhits 0 time 229 pv g2g3 d7d6 f1g2 f8g7 h1e1 f6g4 e2f1 g4e5 f1g1
Position; fen rnbqkbnr/1p1ppp1p/p5p1/2p5/4P3/3P1N2/PPP1KPPP/RNBQ1B1R b kq - 0 1
Moves; b8c6 b1d2 g8f6
Warning; Bestmove does not match beginning of last PV - move c2c3 from SF_2200
Info; info depth 14 seldepth 14 multipv 1 score cp -94 nodes 170462 nps 434852 hashfull 59 tbhits 0 time 392 pv g2g3 d5e4 d3e4 f8g7 f1g2 e8g8 h1e1 d8c7 e2f1 f8d8 f1g1
Position; fen rnbqkbnr/1p1ppp1p/p5p1/2p5/4P3/3P1N2/PPP1KPPP/RNBQ1B1R b kq - 0 1
Moves; b8c6 b1d2 g8f6 h2h3 d7d5
Warning; Bestmove does not match beginning of last PV - move e4d5 from SF_2200
Info; info depth 13 seldepth 12 multipv 1 score cp -104 nodes 137308 nps 412336 hashfull 55 tbhits 0 time 333 pv e2e1 h7h6 f3h2 c8e6 h2g4 d5d4 g4f6 d8f6 f1e2 f6e7
Position; fen rnbqkbnr/1p1ppp1p/p5p1/2p5/4P3/3P1N2/PPP1KPPP/RNBQ1B1R b kq - 0 1
Moves; b8c6 b1d2 g8f6 h2h3 d7d5 c2c3 e7e5
Warning; Bestmove does not match beginning of last PV - move d2c4 from SF_2200
Info; info depth 12 seldepth 17 multipv 1 score cp -123 nodes 72770 nps 406536 hashfull 23 tbhits 0 time 179 pv f1g2 f7f6 d2e4 f6f5 e4d2 d5c7 h1e1 f8g7 d2b3
Position; fen rnbqkbnr/1p1ppp1p/p5p1/2p5/4P3/3P1N2/PPP1KPPP/RNBQ1B1R b kq - 0 1
Moves; b8c6 b1d2 g8f6 h2h3 d7d5 c2c3 e7e5 e4d5 f6d5 g2g3 c8e6
Warning; Bestmove does not match beginning of last PV - move e2e1 from SF_2200
Info; info depth 11 seldepth 12 multipv 1 score cp -67 nodes 67912 nps 458864 hashfull 27 tbhits 0 time 148 pv f3g5 e6f5 f1g2 h7h6 g5e4 e8g8 e2e1
Position; fen rnbqkbnr/1p1ppp1p/p5p1/2p5/4P3/3P1N2/PPP1KPPP/RNBQ1B1R b kq - 0 1
Moves; b8c6 b1d2 g8f6 h2h3 d7d5 c2c3 e7e5 e4d5 f6d5 g2g3 c8e6 d2c4 f8g7
Warning; Bestmove does not match beginning of last PV - move a2a4 from SF_2200
Info; info depth 10 seldepth 14 multipv 1 score cp -53 nodes 21695 nps 461595 hashfull 7 tbhits 0 time 47 pv d2e4 f7f5 e4c5 e6f7 f3g5 d8e7 g5f7
Position; fen rnbqkbnr/1p1ppp1p/p5p1/2p5/4P3/3P1N2/PPP1KPPP/RNBQ1B1R b kq - 0 1
Moves; b8c6 b1d2 g8f6 h2h3 d7d5 c2c3 e7e5 e4d5 f6d5 g2g3 c8e6 d2c4 f8g7 e2e1 b7b5 c4d2 e8g8
Warning; Bestmove does not match beginning of last PV - move d1a4 from SF_2200
Info; info depth 10 seldepth 19 multipv 1 score cp -30 nodes 62713 nps 509861 hashfull 18 tbhits 0 time 123 pv d2e4 a8c8 a1a4 d8e7 a4a6 h7h6 f1g2
Position; fen rnbqkbnr/1p1ppp1p/p5p1/2p5/4P3/3P1N2/PPP1KPPP/RNBQ1B1R b kq - 0 1
Moves; b8c6 b1d2 g8f6 h2h3 d7d5 c2c3 e7e5 e4d5 f6d5 g2g3 c8e6 d2c4 f8g7 e2e1 b7b5 c4d2 e8g8 a2a4 b5a4
Warning; Bestmove does not match beginning of last PV - move h3h4 from SF_2200
Info; info depth 9 seldepth 9 multipv 1 score cp 102 nodes 34232 nps 622400 hashfull 9 tbhits 0 time 55 pv f3g5 e6f5 d2c4 b6c7
Position; fen rnbqkbnr/1p1ppp1p/p5p1/2p5/4P3/3P1N2/PPP1KPPP/RNBQ1B1R b kq - 0 1
Moves; b8c6 b1d2 g8f6 h2h3 d7d5 c2c3 e7e5 e4d5 f6d5 g2g3 c8e6 d2c4 f8g7 e2e1 b7b5 c4d2 e8g8 a2a4 b5a4 d1a4 d8b6
Warning; Bestmove does not match beginning of last PV - move d2b3 from SF_2200
Info; info depth 10 seldepth 20 multipv 1 score cp 82 nodes 60831 nps 431425 hashfull 22 tbhits 0 time 141 pv d2e4 e8d8 a4a5 c7c6 a5c5 c6g6 c1g5 f7f6 g5d2 g8h8 a1a5 h7h6 e4d6 g6d3 g2d5
Position; fen rnbqkbnr/1p1ppp1p/p5p1/2p5/4P3/3P1N2/PPP1KPPP/RNBQ1B1R b kq - 0 1
Moves; b8c6 b1d2 g8f6 h2h3 d7d5 c2c3 e7e5 e4d5 f6d5 g2g3 c8e6 d2c4 f8g7 e2e1 b7b5 c4d2 e8g8 a2a4 b5a4 d1a4 d8b6 h3h4 f8e8 h4h5 g6h5 d2c4 b6c7 f3d2 e6g4 f1g2 c6e7
Warning; Bestmove does not match beginning of last PV - move c4d2 from SF_2200
Info; info depth 8 seldepth 16 multipv 1 score cp 35 nodes 29823 nps 532553 hashfull 7 tbhits 0 time 56 pv b3d2 h7h6 d2e4 b8d8 a4a5 c7c6 a5c5 c6g6
Position; fen rnbqkbnr/1p1ppp1p/p5p1/2p5/4P3/3P1N2/PPP1KPPP/RNBQ1B1R b kq - 0 1
Moves; b8c6 b1d2 g8f6 h2h3 d7d5 c2c3 e7e5 e4d5 f6d5 g2g3 c8e6 d2c4 f8g7 e2e1 b7b5 c4d2 e8g8 a2a4 b5a4 d1a4 d8b6 h3h4 f8e8 h4h5 g6h5 d2c4 b6c7 f3d2 e6g4 f1g2 c6e7 d2b3 e8b8
Warning; Bestmove does not match beginning of last PV - move a5a2 from SF_2200
Info; info depth 10 seldepth 12 multipv 1 score cp 166 nodes 19998 nps 588176 hashfull 5 tbhits 0 time 34 pv a5c5 a7d7 c5d6 d7d6 e4d6 c8d8 g2d5 d8d6 d5g2 d6d3 g2c6
Position; fen rnbqkbnr/1p1ppp1p/p5p1/2p5/4P3/3P1N2/PPP1KPPP/RNBQ1B1R b kq - 0 1
Moves; b8c6 b1d2 g8f6 h2h3 d7d5 c2c3 e7e5 e4d5 f6d5 g2g3 c8e6 d2c4 f8g7 e2e1 b7b5 c4d2 e8g8 a2a4 b5a4 d1a4 d8b6 h3h4 f8e8 h4h5 g6h5 d2c4 b6c7 f3d2 e6g4 f1g2 c6e7 d2b3 e8b8 c4d2 b8c8 a4a5 c7a7 d2e4 e7c6
Warning; Bestmove does not match beginning of last PV - move b3d2 from SF_2200
Info; info depth 8 seldepth 10 multipv 1 score cp 170 nodes 12295 nps 534565 hashfull 2 tbhits 0 time 23 pv b3c5 c6e7 b2b4 h7h6 a2d2 a7b6 a1a5
Position; fen rnbqkbnr/1p1ppp1p/p5p1/2p5/4P3/3P1N2/PPP1KPPP/RNBQ1B1R b kq - 0 1
Moves; b8c6 b1d2 g8f6 h2h3 d7d5 c2c3 e7e5 e4d5 f6d5 g2g3 c8e6 d2c4 f8g7 e2e1 b7b5 c4d2 e8g8 a2a4 b5a4 d1a4 d8b6 h3h4 f8e8 h4h5 g6h5 d2c4 b6c7 f3d2 e6g4 f1g2 c6e7 d2b3 e8b8 c4d2 b8c8 a4a5 c7a7 d2e4 e7c6 a5a2 g7f8
Warning; Bestmove does not match beginning of last PV - move e4f6 from SF_2200
Info; info depth 9 seldepth 13 multipv 1 score cp -142 nodes 22992 nps 821142 hashfull 4 tbhits 0 time 28 pv c3b4 d5b4 e4f6 g8g7 f1e3 b4a2 e3g4 h5g4
Position; fen rnbqkbnr/1p1ppp1p/p5p1/2p5/4P3/3P1N2/PPP1KPPP/RNBQ1B1R b kq - 0 1
Moves; b8c6 b1d2 g8f6 h2h3 d7d5 c2c3 e7e5 e4d5 f6d5 g2g3 c8e6 d2c4 f8g7 e2e1 b7b5 c4d2 e8g8 a2a4 b5a4 d1a4 d8b6 h3h4 f8e8 h4h5 g6h5 d2c4 b6c7 f3d2 e6g4 f1g2 c6e7 d2b3 e8b8 c4d2 b8c8 a4a5 c7a7 d2e4 e7c6 a5a2 g7f8 b3d2 c8d8 d2f1 c6b4
Warning; Bestmove does not match beginning of last PV - move a2b1 from SF_2200
Info; info depth 12 seldepth 11 multipv 1 score cp -63 nodes 20637 nps 1146500 hashfull 4 tbhits 0 time 18 pv c3b4 d5b4 f1e3 b4a2 e3g4 a2c1 a1c1 d8d3
Position; fen rnbqkbnr/1p1ppp1p/p5p1/2p5/4P3/3P1N2/PPP1KPPP/RNBQ1B1R b kq - 0 1
Moves; b8c6 b1d2 g8f6 h2h3 d7d5 c2c3 e7e5 e4d5 f6d5 g2g3 c8e6 d2c4 f8g7 e2e1 b7b5 c4d2 e8g8 a2a4 b5a4 d1a4 d8b6 h3h4 f8e8 h4h5 g6h5 d2c4 b6c7 f3d2 e6g4 f1g2 c6e7 d2b3 e8b8 c4d2 b8c8 a4a5 c7a7 d2e4 e7c6 a5a2 g7f8 b3d2 c8d8 d2f1 c6b4 e4f6 g8h8
Warning; Bestmove does not match beginning of last PV - move f1e3 from SF_2200
Info; info depth 13 seldepth 12 multipv 1 score cp -216 nodes 34823 nps 1450958 hashfull 9 tbhits 0 time 24 pv b2c3 b4d3 b1d3 d8d3 f1e3 d3e3 c1e3 g4f5 e3g5 a8b8 h1h5
Position; fen rnbqkbnr/1p1ppp1p/p5p1/2p5/4P3/3P1N2/PPP1KPPP/RNBQ1B1R b kq - 0 1
Moves; b8c6 b1d2 g8f6 h2h3 d7d5 c2c3 e7e5 e4d5 f6d5 g2g3 c8e6 d2c4 f8g7 e2e1 b7b5 c4d2 e8g8 a2a4 b5a4 d1a4 d8b6 h3h4 f8e8 h4h5 g6h5 d2c4 b6c7 f3d2 e6g4 f1g2 c6e7 d2b3 e8b8 c4d2 b8c8 a4a5 c7a7 d2e4 e7c6 a5a2 g7f8 b3d2 c8d8 d2f1 c6b4 e4f6 g8h8 a2b1 d5c3
Warning; Bestmove does not match beginning of last PV - move e1f1 from SF_2200
Info; info depth 12 seldepth 23 multipv 1 score cp -419 nodes 46461 nps 1498741 hashfull 17 tbhits 0 time 31 pv e3g4 b4d3 e1f1 d3c1 g2f3 f8e7 h1h5 e7f6 g4f6 b1d2 f1g2 h8g7 h5f5 d2f3 f5f3 g7f8 f6h7 f8g7 a1c1 a7b7 c1c5
Position; fen rnbqkbnr/1p1ppp1p/p5p1/2p5/4P3/3P1N2/PPP1KPPP/RNBQ1B1R b kq - 0 1
Moves; b8c6 b1d2 g8f6 h2h3 d7d5 c2c3 e7e5 e4d5 f6d5 g2g3 c8e6 d2c4 f8g7 e2e1 b7b5 c4d2 e8g8 a2a4 b5a4 d1a4 d8b6 h3h4 f8e8 h4h5 g6h5 d2c4 b6c7 f3d2 e6g4 f1g2 c6e7 d2b3 e8b8 c4d2 b8c8 a4a5 c7a7 d2e4 e7c6 a5a2 g7f8 b3d2 c8d8 d2f1 c6b4 e4f6 g8h8 a2b1 d5c3 f1e3 c3b1
Warning; Bestmove does not match beginning of last PV - move h1h4 from SF_2200
Info; info depth 12 seldepth 18 multipv 1 score cp -392 nodes 39686 nps 1526384 hashfull 15 tbhits 0 time 26 pv g2e4 g4f3 e4f3 d3d6 e3g4 f8g7 f3e4 d6f6 g4f6 g7f6 h1h5
Position; fen rnbqkbnr/1p1ppp1p/p5p1/2p5/4P3/3P1N2/PPP1KPPP/RNBQ1B1R b kq - 0 1
Moves; b8c6 b1d2 g8f6 h2h3 d7d5 c2c3 e7e5 e4d5 f6d5 g2g3 c8e6 d2c4 f8g7 e2e1 b7b5 c4d2 e8g8 a2a4 b5a4 d1a4 d8b6 h3h4 f8e8 h4h5 g6h5 d2c4 b6c7 f3d2 e6g4 f1g2 c6e7 d2b3 e8b8 c4d2 b8c8 a4a5 c7a7 d2e4 e7c6 a5a2 g7f8 b3d2 c8d8 d2f1 c6b4 e4f6 g8h8 a2b1 d5c3 f1e3 c3b1 e1f1 d8d3
Warning; Bestmove does not match beginning of last PV - move h4h5 from SF_2200
Info; info depth 14 seldepth 20 multipv 1 score cp -411 nodes 71092 nps 1692666 hashfull 24 tbhits 0 time 42 pv g2e4 a6a5 h4h5 a7a6 e2f3 a6f6 g4f6 e7f6 h5h7 h8g8
Position; fen rnbqkbnr/1p1ppp1p/p5p1/2p5/4P3/3P1N2/PPP1KPPP/RNBQ1B1R b kq - 0 1
Moves; b8c6 b1d2 g8f6 h2h3 d7d5 c2c3 e7e5 e4d5 f6d5 g2g3 c8e6 d2c4 f8g7 e2e1 b7b5 c4d2 e8g8 a2a4 b5a4 d1a4 d8b6 h3h4 f8e8 h4h5 g6h5 d2c4 b6c7 f3d2 e6g4 f1g2 c6e7 d2b3 e8b8 c4d2 b8c8 a4a5 c7a7 d2e4 e7c6 a5a2 g7f8 b3d2 c8d8 d2f1 c6b4 e4f6 g8h8 a2b1 d5c3 f1e3 c3b1 e1f1 d8d3 h1h4 f8e7 e3g4 d3d1 f1e2 d1c1
Warning; Bestmove does not match beginning of last PV - move a1b1 from SF_2200
Info; info depth 15 seldepth 17 multipv 1 score cp -479 nodes 67698 nps 1829675 hashfull 21 tbhits 0 time 37 pv e4h7 b4c2 g4e3 c2e3 f2e3 a7b6 a1a2 e5e4 e2f2 f7f5 f2g2
Position; fen rnbqkbnr/1p1ppp1p/p5p1/2p5/4P3/3P1N2/PPP1KPPP/RNBQ1B1R b kq - 0 1
Moves; b8c6 b1d2 g8f6 h2h3 d7d5 c2c3 e7e5 e4d5 f6d5 g2g3 c8e6 d2c4 f8g7 e2e1 b7b5 c4d2 e8g8 a2a4 b5a4 d1a4 d8b6 h3h4 f8e8 h4h5 g6h5 d2c4 b6c7 f3d2 e6g4 f1g2 c6e7 d2b3 e8b8 c4d2 b8c8 a4a5 c7a7 d2e4 e7c6 a5a2 g7f8 b3d2 c8d8 d2f1 c6b4 e4f6 g8h8 a2b1 d5c3 f1e3 c3b1 e1f1 d8d3 h1h4 f8e7 e3g4 d3d1 f1e2 d1c1 h4h5 e7f6 g2e4 f6g7
Warning; Bestmove does not match beginning of last PV - move g3g4 from SF_2200
Info; info depth 12 seldepth 21 multipv 1 score cp -517 nodes 55535 nps 1915000 hashfull 52 tbhits 0 time 29 pv e3d1 b4d3 h7d3 h8g8 d3h7 g8f8 d1b2 e8d8 b2c4 d8d1 f1e2 d1c1 h5g5 c1c4
Position; fen rnbqkbnr/1p1ppp1p/p5p1/2p5/4P3/3P1N2/PPP1KPPP/RNBQ1B1R b kq - 0 1
Moves; b8c6 b1d2 g8f6 h2h3 d7d5 c2c3 e7e5 e4d5 f6d5 g2g3 c8e6 d2c4 f8g7 e2e1 b7b5 c4d2 e8g8 a2a4 b5a4 d1a4 d8b6 h3h4 f8e8 h4h5 g6h5 d2c4 b6c7 f3d2 e6g4 f1g2 c6e7 d2b3 e8b8 c4d2 b8c8 a4a5 c7a7 d2e4 e7c6 a5a2 g7f8 b3d2 c8d8 d2f1 c6b4 e4f6 g8h8 a2b1 d5c3 f1e3 c3b1 e1f1 d8d3 h1h4 f8e7 e3g4 d3d1 f1e2 d1c1 h4h5 e7f6 g2e4 f6g7 a1b1 c1b1 e4h7 b1b2 e2f1 a8e8 g4e3 c5c4
Warning; Bestmove does not match beginning of last PV - move h5h2 from SF_2200
Info; info depth 13 seldepth 20 multipv 1 score cp -622 nodes 51747 nps 1916555 hashfull 34 tbhits 0 time 27 pv e3d1 c3c2 h7c2 h8g8 c2h7 g8f8 d1b2 e8d8 b2c4 d8d1 f1e2 d1c1 h5g5
Position; fen rnbqkbnr/1p1ppp1p/p5p1/2p5/4P3/3P1N2/PPP1KPPP/RNBQ1B1R b kq - 0 1
Moves; b8c6 b1d2 g8f6 h2h3 d7d5 c2c3 e7e5 e4d5 f6d5 g2g3 c8e6 d2c4 f8g7 e2e1 b7b5 c4d2 e8g8 a2a4 b5a4 d1a4 d8b6 h3h4 f8e8 h4h5 g6h5 d2c4 b6c7 f3d2 e6g4 f1g2 c6e7 d2b3 e8b8 c4d2 b8c8 a4a5 c7a7 d2e4 e7c6 a5a2 g7f8 b3d2 c8d8 d2f1 c6b4 e4f6 g8h8 a2b1 d5c3 f1e3 c3b1 e1f1 d8d3 h1h4 f8e7 e3g4 d3d1 f1e2 d1c1 h4h5 e7f6 g2e4 f6g7 a1b1 c1b1 e4h7 b1b2 e2f1 a8e8 g4e3 c5c4 g3g4 c4c3
Warning; Bestmove does not match beginning of last PV - move g4g5 from SF_2200
Info; info depth 12 seldepth 14 multipv 1 score cp -877 nodes 52068 nps 2082720 hashfull 34 tbhits 0 time 25 pv h7c2 h8g8 f2e3 b4c2 f1f2 c2b4 f2f3 b2h2 f3g3 h2b2 g4g5
Position; fen rnbqkbnr/1p1ppp1p/p5p1/2p5/4P3/3P1N2/PPP1KPPP/RNBQ1B1R b kq - 0 1
Moves; b8c6 b1d2 g8f6 h2h3 d7d5 c2c3 e7e5 e4d5 f6d5 g2g3 c8e6 d2c4 f8g7 e2e1 b7b5 c4d2 e8g8 a2a4 b5a4 d1a4 d8b6 h3h4 f8e8 h4h5 g6h5 d2c4 b6c7 f3d2 e6g4 f1g2 c6e7 d2b3 e8b8 c4d2 b8c8 a4a5 c7a7 d2e4 e7c6 a5a2 g7f8 b3d2 c8d8 d2f1 c6b4 e4f6 g8h8 a2b1 d5c3 f1e3 c3b1 e1f1 d8d3 h1h4 f8e7 e3g4 d3d1 f1e2 d1c1 h4h5 e7f6 g2e4 f6g7 a1b1 c1b1 e4h7 b1b2 e2f1 a8e8 g4e3 c5c4 g3g4 c4c3 h5h2 a7e3
Finished game 6 (SF_2200 vs HiveChess): 0-1 {Black mates}
Started game 7 of 10 (HiveChess vs SF_2300)
Warning; Bestmove does not match beginning of last PV - move g8f6 from SF_2300
Info; info depth 14 seldepth 22 multipv 1 score cp 77 nodes 205222 nps 464303 hashfull 77 tbhits 0 time 442 pv f8g7 c2c3 g8f6 e2e1 b8c6 f1e2 e8g8 c1e3 b7b6 h2h3 d8c7 c3c4 c8b7 b1c3 e7e6 d1c1 a8d8
Position; fen rnbqkbnr/1p1ppp1p/p5p1/2p5/4P3/3P1N2/PPP1KPPP/RNBQ1B1R b kq - 0 1
Moves; 
Warning; Bestmove does not match beginning of last PV - move f6g8 from SF_2300
Info; info depth 12 seldepth 23 multipv 1 score cp 78 nodes 92532 nps 522779 hashfull 24 tbhits 0 time 177 pv f6d5 d3d4 d7d6 c2c4 d5b4 a2a3 b4c6 d4c5 d6c5 d1d8 e8d8 c1e3 c8g4 e2e1 g4f3 g2f3 c6e5
Position; fen rnbqkbnr/1p1ppp1p/p5p1/2p5/4P3/3P1N2/PPP1KPPP/RNBQ1B1R b kq - 0 1
Moves; g8f6 e4e5
Warning; Bestmove does not match beginning of last PV - move b8c6 from SF_2300
Info; info depth 13 seldepth 23 multipv 1 score cp 58 nodes 145380 nps 492813 hashfull 43 tbhits 0 time 295 pv f8g7 c1e3 d7d6 e5d6 e7d6 d3d4 c5d4 f3d4 g8f6 e2e1 f6g4 f1e2 g4e3 f2e3
Position; fen rnbqkbnr/1p1ppp1p/p5p1/2p5/4P3/3P1N2/PPP1KPPP/RNBQ1B1R b kq - 0 1
Moves; g8f6 e4e5 f6g8 b1c3
Warning; Bestmove does not match beginning of last PV - move f7f6 from SF_2300
Info; info depth 11 seldepth 16 multipv 1 score cp 102 nodes 37317 nps 533100 hashfull 9 tbhits 0 time 70 pv f8g7 e2e1 f7f6 e5f6
Position; fen rnbqkbnr/1p1ppp1p/p5p1/2p5/4P3/3P1N2/PPP1KPPP/RNBQ1B1R b kq - 0 1
Moves; g8f6 e4e5 f6g8 b1c3 b8c6 c1f4
Warning; Bestmove does not match beginning of last PV - move g6g5 from SF_2300
Info; info depth 15 seldepth 18 multipv 1 score cp 115 nodes 143410 nps 471743 hashfull 46 tbhits 0 time 304 pv f6e5 f3e5 c6d4 e2d1 g8f6 e5c4 d4e6 f4e5 b7b5 e5f6
Position; fen rnbqkbnr/1p1ppp1p/p5p1/2p5/4P3/3P1N2/PPP1KPPP/RNBQ1B1R b kq - 0 1
Moves; g8f6 e4e5 f6g8 b1c3 b8c6 c1f4 f7f6 d1e1
Warning; Bestmove does not match beginning of last PV - move c8f5 from SF_2300
Info; info depth 10 seldepth 21 multipv 1 score cp 165 nodes 49096 nps 450422 hashfull 13 tbhits 0 time 109 pv b7b6 c5a3 b6b5 a3c5 g8f6 e2d1 f6d7 d2b3 d7c5 b3c5 f8h6 h2h3 g4h3
Position; fen rnbqkbnr/1p1ppp1p/p5p1/2p5/4P3/3P1N2/PPP1KPPP/RNBQ1B1R b kq - 0 1
Moves; g8f6 e4e5 f6g8 b1c3 b8c6 c1f4 f7f6 d1e1 g6g5 f4e3 g5g4 f3d2 f6e5 e3c5 d7d6 c5e3 d6d5 e3c5
Warning; Bestmove does not match beginning of last PV - move b7b6 from SF_2300
Info; info depth 12 seldepth 23 multipv 1 score cp 160 nodes 59284 nps 452549 hashfull 20 tbhits 0 time 131 pv g8f6 h2h3 g4h3 g2g4 f5g4 f2f3 h7h5 f3g4 h5g4 c5f2
Position; fen rnbqkbnr/1p1ppp1p/p5p1/2p5/4P3/3P1N2/PPP1KPPP/RNBQ1B1R b kq - 0 1
Moves; g8f6 e4e5 f6g8 b1c3 b8c6 c1f4 f7f6 d1e1 g6g5 f4e3 g5g4 f3d2 f6e5 e3c5 d7d6 c5e3 d6d5 e3c5 c8f5 e2d1
Warning; Bestmove does not match beginning of last PV - move h7h5 from SF_2300
Info; info depth 10 seldepth 18 multipv 1 score cp 165 nodes 36432 nps 479368 hashfull 12 tbhits 0 time 76 pv g8f6 h2h3 g4h3 g2g4 f5g4 f2f3 h7h5 f3g4 h5g4 e1g3 f8h6 f1h3 g4h3 g3h3 d8d7
Position; fen rnbqkbnr/1p1ppp1p/p5p1/2p5/4P3/3P1N2/PPP1KPPP/RNBQ1B1R b kq - 0 1
Moves; g8f6 e4e5 f6g8 b1c3 b8c6 c1f4 f7f6 d1e1 g6g5 f4e3 g5g4 f3d2 f6e5 e3c5 d7d6 c5e3 d6d5 e3c5 c8f5 e2d1 b7b6 c5a3
Warning; Bestmove does not match beginning of last PV - move h8h6 from SF_2300
Info; info depth 11 seldepth 19 multipv 1 score cp 242 nodes 33812 nps 444894 hashfull 11 tbhits 0 time 76 pv b6b5 a3c5 g8f6 h2h3 g4h3 d2f3 d5d4 c3e4 f5e4 d3e4 h3g2 f1g2
Position; fen rnbqkbnr/1p1ppp1p/p5p1/2p5/4P3/3P1N2/PPP1KPPP/RNBQ1B1R b kq - 0 1
Moves; g8f6 e4e5 f6g8 b1c3 b8c6 c1f4 f7f6 d1e1 g6g5 f4e3 g5g4 f3d2 f6e5 e3c5 d7d6 c5e3 d6d5 e3c5 c8f5 e2d1 b7b6 c5a3 h7h5 d1c1
Warning; Bestmove does not match beginning of last PV - move g8f6 from SF_2300
Info; info depth 13 seldepth 22 multipv 1 score cp 170 nodes 104449 nps 437025 hashfull 41 tbhits 0 time 239 pv b6b5 a3c5 a8c8 h2h3 c6d4 b2b4 e7e6 h3g4 f5g4 c5f8 c8c3 f8c5 c3c2 c1b1 d8c7 d2b3
Position; fen rnbqkbnr/1p1ppp1p/p5p1/2p5/4P3/3P1N2/PPP1KPPP/RNBQ1B1R b kq - 0 1
Moves; g8f6 e4e5 f6g8 b1c3 b8c6 c1f4 f7f6 d1e1 g6g5 f4e3 g5g4 f3d2 f6e5 e3c5 d7d6 c5e3 d6d5 e3c5 c8f5 e2d1 b7b6 c5a3 h7h5 d1c1 h8h6 g2g3
Warning; Bestmove does not match beginning of last PV - move d8c7 from SF_2300
Info; info depth 11 seldepth 17 multipv 1 score cp 208 nodes 56036 nps 383808 hashfull 25 tbhits 0 time 146 pv b6b5 a3c5 a8c8 h2h3 b5b4 c3e2 d8c7 h3g4 h5g4 a2a3
Position; fen rnbqkbnr/1p1ppp1p/p5p1/2p5/4P3/3P1N2/PPP1KPPP/RNBQ1B1R b kq - 0 1
Moves; g8f6 e4e5 f6g8 b1c3 b8c6 c1f4 f7f6 d1e1 g6g5 f4e3 g5g4 f3d2 f6e5 e3c5 d7d6 c5e3 d6d5 e3c5 c8f5 e2d1 b7b6 c5a3 h7h5 d1c1 h8h6 g2g3 g8f6 f1g2
Warning; Bestmove does not match beginning of last PV - move f6d5 from SF_2300
Info; info depth 10 seldepth 16 multipv 1 score cp 139 nodes 84373 nps 453618 hashfull 29 tbhits 0 time 186 pv b6b5 a3c5 a8c8 d5b3 c6d4 c5d4 e5d4 c3e4 f6e4 d2e4 h6c6
Position; fen rnbqkbnr/1p1ppp1p/p5p1/2p5/4P3/3P1N2/PPP1KPPP/RNBQ1B1R b kq - 0 1
Moves; g8f6 e4e5 f6g8 b1c3 b8c6 c1f4 f7f6 d1e1 g6g5 f4e3 g5g4 f3d2 f6e5 e3c5 d7d6 c5e3 d6d5 e3c5 c8f5 e2d1 b7b6 c5a3 h7h5 d1c1 h8h6 g2g3 g8f6 f1g2 d8c7 g2d5
Warning; Bestmove does not match beginning of last PV - move f8g7 from SF_2300
Info; info depth 12 seldepth 14 multipv 1 score cp 257 nodes 22568 nps 512909 hashfull 4 tbhits 0 time 44 pv h6e6 c4e3 d4c2 e3c2
Position; fen rnbqkbnr/1p1ppp1p/p5p1/2p5/4P3/3P1N2/PPP1KPPP/RNBQ1B1R b kq - 0 1
Moves; g8f6 e4e5 f6g8 b1c3 b8c6 c1f4 f7f6 d1e1 g6g5 f4e3 g5g4 f3d2 f6e5 e3c5 d7d6 c5e3 d6d5 e3c5 c8f5 e2d1 b7b6 c5a3 h7h5 d1c1 h8h6 g2g3 g8f6 f1g2 d8c7 g2d5 f6d5 c3d5 c7b7 d2c4 a8d8 d5b6 c6d4 a3c5
Warning; Bestmove does not match beginning of last PV - move f5d3 from SF_2300
Info; info depth 11 seldepth 13 multipv 1 score cp 268 nodes 31780 nps 538644 hashfull 13 tbhits 0 time 59 pv d4c2 c1c2 f5d3 c2b3 h6b6 c5b6 d8d6 b3a3 b7b6
Position; fen rnbqkbnr/1p1ppp1p/p5p1/2p5/4P3/3P1N2/PPP1KPPP/RNBQ1B1R b kq - 0 1
Moves; g8f6 e4e5 f6g8 b1c3 b8c6 c1f4 f7f6 d1e1 g6g5 f4e3 g5g4 f3d2 f6e5 e3c5 d7d6 c5e3 d6d5 e3c5 c8f5 e2d1 b7b6 c5a3 h7h5 d1c1 h8h6 g2g3 g8f6 f1g2 d8c7 g2d5 f6d5 c3d5 c7b7 d2c4 a8d8 d5b6 c6d4 a3c5 f8g7 c4e3
Warning; Bestmove does not match beginning of last PV - move d4e6 from SF_2300
Info; info depth 8 seldepth 12 multipv 1 score cp 203 nodes 14094 nps 741789 hashfull 3 tbhits 0 time 19 pv b7b5 b2b3 b5d3 c1b2 e5e4 c5d4 d8d4 b2a3 d4a4 a3a4
Position; fen rnbqkbnr/1p1ppp1p/p5p1/2p5/4P3/3P1N2/PPP1KPPP/RNBQ1B1R b kq - 0 1
Moves; g8f6 e4e5 f6g8 b1c3 b8c6 c1f4 f7f6 d1e1 g6g5 f4e3 g5g4 f3d2 f6e5 e3c5 d7d6 c5e3 d6d5 e3c5 c8f5 e2d1 b7b6 c5a3 h7h5 d1c1 h8h6 g2g3 g8f6 f1g2 d8c7 g2d5 f6d5 c3d5 c7b7 d2c4 a8d8 d5b6 c6d4 a3c5 f8g7 c4e3 f5d3 c2d3 h6c6 b6a4
Warning; Bestmove does not match beginning of last PV - move g7f8 from SF_2300
Info; info depth 10 seldepth 16 multipv 1 score cp 252 nodes 18325 nps 678703 hashfull 4 tbhits 0 time 27 pv g7f6 a4c3 b5d3 c3e4 e6c5 b4c5 d3a3 c1b1 d8b8 b1c2 b8b2 c2d1 a3f3
Position; fen rnbqkbnr/1p1ppp1p/p5p1/2p5/4P3/3P1N2/PPP1KPPP/RNBQ1B1R b kq - 0 1
Moves; g8f6 e4e5 f6g8 b1c3 b8c6 c1f4 f7f6 d1e1 g6g5 f4e3 g5g4 f3d2 f6e5 e3c5 d7d6 c5e3 d6d5 e3c5 c8f5 e2d1 b7b6 c5a3 h7h5 d1c1 h8h6 g2g3 g8f6 f1g2 d8c7 g2d5 f6d5 c3d5 c7b7 d2c4 a8d8 d5b6 c6d4 a3c5 f8g7 c4e3 f5d3 c2d3 h6c6 b6a4 d4e6 b2b4 b7b5 e3f5
Warning; Bestmove does not match beginning of last PV - move d8d3 from SF_2300
Info; info depth 11 seldepth 18 multipv 1 score cp 335 nodes 23435 nps 509456 hashfull 9 tbhits 0 time 46 pv a4b3 d3d4 d8d5 c1d2
Position; fen rnbqkbnr/1p1ppp1p/p5p1/2p5/4P3/3P1N2/PPP1KPPP/RNBQ1B1R b kq - 0 1
Moves; g8f6 e4e5 f6g8 b1c3 b8c6 c1f4 f7f6 d1e1 g6g5 f4e3 g5g4 f3d2 f6e5 e3c5 d7d6 c5e3 d6d5 e3c5 c8f5 e2d1 b7b6 c5a3 h7h5 d1c1 h8h6 g2g3 g8f6 f1g2 d8c7 g2d5 f6d5 c3d5 c7b7 d2c4 a8d8 d5b6 c6d4 a3c5 f8g7 c4e3 f5d3 c2d3 h6c6 b6a4 d4e6 b2b4 b7b5 e3f5 g7f8 a2a3 b5a4 e1e5
Warning; Bestmove does not match beginning of last PV - move f8g7 from SF_2300
Info; info depth 10 seldepth 15 multipv 1 score cp 420 nodes 19774 nps 564971 hashfull 7 tbhits 0 time 35 pv e6c5 b4c5 a4a5 e5b8 d3d8 b8b4 c6c5 c1b2 f8g7 b2a2
Position; fen rnbqkbnr/1p1ppp1p/p5p1/2p5/4P3/3P1N2/PPP1KPPP/RNBQ1B1R b kq - 0 1
Moves; g8f6 e4e5 f6g8 b1c3 b8c6 c1f4 f7f6 d1e1 g6g5 f4e3 g5g4 f3d2 f6e5 e3c5 d7d6 c5e3 d6d5 e3c5 c8f5 e2d1 b7b6 c5a3 h7h5 d1c1 h8h6 g2g3 g8f6 f1g2 d8c7 g2d5 f6d5 c3d5 c7b7 d2c4 a8d8 d5b6 c6d4 a3c5 f8g7 c4e3 f5d3 c2d3 h6c6 b6a4 d4e6 b2b4 b7b5 e3f5 g7f8 a2a3 b5a4 e1e5 d8d3 f5e3
Warning; Bestmove does not match beginning of last PV - move c6c5 from SF_2300
Info; info depth 10 seldepth 33 multipv 1 score cp 709 nodes 55282 nps 1494108 hashfull 81 tbhits 0 time 37 pv c3b3 b1c1 b3c3 c1b1 c6c5 f5c5 c3c5 h1d1 d3d1 e3d1 c5d5 d1e3 d5b3 b1c1 b3a2 e3g4 a2c4 c1d2 c4g4 d2e1 g4a4 e1f1 a4d1 f1g2
Position; fen rnbqkbnr/1p1ppp1p/p5p1/2p5/4P3/3P1N2/PPP1KPPP/RNBQ1B1R b kq - 0 1
Moves; g8f6 e4e5 f6g8 b1c3 b8c6 c1f4 f7f6 d1e1 g6g5 f4e3 g5g4 f3d2 f6e5 e3c5 d7d6 c5e3 d6d5 e3c5 c8f5 e2d1 b7b6 c5a3 h7h5 d1c1 h8h6 g2g3 g8f6 f1g2 d8c7 g2d5 f6d5 c3d5 c7b7 d2c4 a8d8 d5b6 c6d4 a3c5 f8g7 c4e3 f5d3 c2d3 h6c6 b6a4 d4e6 b2b4 b7b5 e3f5 g7f8 a2a3 b5a4 e1e5 d8d3 f5e3 f8g7 e5h5 e8d8 a1a2 e6c5 b4c5 a4b3 h5f5 b3c3 c1b1
Warning; Bestmove does not match beginning of last PV - move c5c3 from SF_2300
Info; info depth 12 seldepth 24 multipv 1 score cp 774 nodes 59536 nps 1860500 hashfull 49 tbhits 0 time 32 pv d3d1 e3d1 c5d5 a2b2 d5d1 b1a2 g7b2 h2h4
Position; fen rnbqkbnr/1p1ppp1p/p5p1/2p5/4P3/3P1N2/PPP1KPPP/RNBQ1B1R b kq - 0 1
Moves; g8f6 e4e5 f6g8 b1c3 b8c6 c1f4 f7f6 d1e1 g6g5 f4e3 g5g4 f3d2 f6e5 e3c5 d7d6 c5e3 d6d5 e3c5 c8f5 e2d1 b7b6 c5a3 h7h5 d1c1 h8h6 g2g3 g8f6 f1g2 d8c7 g2d5 f6d5 c3d5 c7b7 d2c4 a8d8 d5b6 c6d4 a3c5 f8g7 c4e3 f5d3 c2d3 h6c6 b6a4 d4e6 b2b4 b7b5 e3f5 g7f8 a2a3 b5a4 e1e5 d8d3 f5e3 f8g7 e5h5 e8d8 a1a2 e6c5 b4c5 a4b3 h5f5 b3c3 c1b1 c6c5 f5c5 c3c5 h1d1
Warning; Bestmove does not match beginning of last PV - move d3c3 from SF_2300
Info; info depth 13 seldepth 32 multipv 1 score cp 523 nodes 43732 nps 1366625 hashfull 55 tbhits 0 time 32 pv d8e8 a2c2 g7h6 c2c8 e8f7 c8c2 h6g5 c2d2 g5e3 f2e3 d3e3
Position; fen rnbqkbnr/1p1ppp1p/p5p1/2p5/4P3/3P1N2/PPP1KPPP/RNBQ1B1R b kq - 0 1
Moves; g8f6 e4e5 f6g8 b1c3 b8c6 c1f4 f7f6 d1e1 g6g5 f4e3 g5g4 f3d2 f6e5 e3c5 d7d6 c5e3 d6d5 e3c5 c8f5 e2d1 b7b6 c5a3 h7h5 d1c1 h8h6 g2g3 g8f6 f1g2 d8c7 g2d5 f6d5 c3d5 c7b7 d2c4 a8d8 d5b6 c6d4 a3c5 f8g7 c4e3 f5d3 c2d3 h6c6 b6a4 d4e6 b2b4 b7b5 e3f5 g7f8 a2a3 b5a4 e1e5 d8d3 f5e3 f8g7 e5h5 e8d8 a1a2 e6c5 b4c5 a4b3 h5f5 b3c3 c1b1 c6c5 f5c5 c3c5 h1d1 c5c3 d1d3 c3d3 b1c1
Warning; Bestmove does not match beginning of last PV - move a6a5 from SF_2300
Info; info depth 15 seldepth 31 multipv 1 score cp 597 nodes 326976 nps 1557028 hashfull 113 tbhits 0 time 210 pv d8e8 e3d1 c3g7 d1e3 g7h6 c1b1 e8f7 b1b2 a6a5 a3a4 d3d4 b2c1 d4a1 c1d2 a1a4 c2c7 a4b3 c7c1 a5a4 d2e2
Position; fen rnbqkbnr/1p1ppp1p/p5p1/2p5/4P3/3P1N2/PPP1KPPP/RNBQ1B1R b kq - 0 1
Moves; g8f6 e4e5 f6g8 b1c3 b8c6 c1f4 f7f6 d1e1 g6g5 f4e3 g5g4 f3d2 f6e5 e3c5 d7d6 c5e3 d6d5 e3c5 c8f5 e2d1 b7b6 c5a3 h7h5 d1c1 h8h6 g2g3 g8f6 f1g2 d8c7 g2d5 f6d5 c3d5 c7b7 d2c4 a8d8 d5b6 c6d4 a3c5 f8g7 c4e3 f5d3 c2d3 h6c6 b6a4 d4e6 b2b4 b7b5 e3f5 g7f8 a2a3 b5a4 e1e5 d8d3 f5e3 f8g7 e5h5 e8d8 a1a2 e6c5 b4c5 a4b3 h5f5 b3c3 c1b1 c6c5 f5c5 c3c5 h1d1 c5c3 d1d3 c3d3 b1c1 d3c3 c1d1 c3b3 a2c2 g7c3 d1e2 b3b5 e2d1 b5b3 d1e2 b3b5 e2d1 b5d3 d1c1
Warning; Bestmove does not match beginning of last PV - move c3d4 from SF_2300
Info; info depth 17 seldepth 36 multipv 1 score cp 689 nodes 360397 nps 1507937 hashfull 112 tbhits 0 time 239 pv c3b4 c2a2 b4a3 a2a3 d3a3 c1d2 a3a4 d1e3 d7e8 d2e2 a4d4 e3g4 a5a4 e2e1
Position; fen rnbqkbnr/1p1ppp1p/p5p1/2p5/4P3/3P1N2/PPP1KPPP/RNBQ1B1R b kq - 0 1
Moves; g8f6 e4e5 f6g8 b1c3 b8c6 c1f4 f7f6 d1e1 g6g5 f4e3 g5g4 f3d2 f6e5 e3c5 d7d6 c5e3 d6d5 e3c5 c8f5 e2d1 b7b6 c5a3 h7h5 d1c1 h8h6 g2g3 g8f6 f1g2 d8c7 g2d5 f6d5 c3d5 c7b7 d2c4 a8d8 d5b6 c6d4 a3c5 f8g7 c4e3 f5d3 c2d3 h6c6 b6a4 d4e6 b2b4 b7b5 e3f5 g7f8 a2a3 b5a4 e1e5 d8d3 f5e3 f8g7 e5h5 e8d8 a1a2 e6c5 b4c5 a4b3 h5f5 b3c3 c1b1 c6c5 f5c5 c3c5 h1d1 c5c3 d1d3 c3d3 b1c1 d3c3 c1d1 c3b3 a2c2 g7c3 d1e2 b3b5 e2d1 b5b3 d1e2 b3b5 e2d1 b5d3 d1c1 a6a5 a3a4 d8d7 e3d1
Warning; Bestmove does not match beginning of last PV - move d3a3 from SF_2300
Info; info depth 16 seldepth 41 multipv 1 score cp 675 nodes 536358 nps 1799859 hashfull 160 tbhits 0 time 298 pv d3f1 b2d1 d4g7 c2d2 d7e8 c1b1 g7h6 d2d4 f1e2 d1c3 e2e1 b1c2 e1f2 c2d3 f2f1
Position; fen rnbqkbnr/1p1ppp1p/p5p1/2p5/4P3/3P1N2/PPP1KPPP/RNBQ1B1R b kq - 0 1
Moves; g8f6 e4e5 f6g8 b1c3 b8c6 c1f4 f7f6 d1e1 g6g5 f4e3 g5g4 f3d2 f6e5 e3c5 d7d6 c5e3 d6d5 e3c5 c8f5 e2d1 b7b6 c5a3 h7h5 d1c1 h8h6 g2g3 g8f6 f1g2 d8c7 g2d5 f6d5 c3d5 c7b7 d2c4 a8d8 d5b6 c6d4 a3c5 f8g7 c4e3 f5d3 c2d3 h6c6 b6a4 d4e6 b2b4 b7b5 e3f5 g7f8 a2a3 b5a4 e1e5 d8d3 f5e3 f8g7 e5h5 e8d8 a1a2 e6c5 b4c5 a4b3 h5f5 b3c3 c1b1 c6c5 f5c5 c3c5 h1d1 c5c3 d1d3 c3d3 b1c1 d3c3 c1d1 c3b3 a2c2 g7c3 d1e2 b3b5 e2d1 b5b3 d1e2 b3b5 e2d1 b5d3 d1c1 a6a5 a3a4 d8d7 e3d1 c3d4 d1b2
Warning; Bestmove does not match beginning of last PV - move d7e8 from SF_2300
Info; info depth 15 seldepth 31 multipv 1 score cp 614 nodes 261551 nps 1816326 hashfull 67 tbhits 0 time 144 pv a3b4 b1a1 b4e1 a1a2 e1e4 c2d2 d7e8 a2b3 e4f3 b2d3
Position; fen rnbqkbnr/1p1ppp1p/p5p1/2p5/4P3/3P1N2/PPP1KPPP/RNBQ1B1R b kq - 0 1
Moves; g8f6 e4e5 f6g8 b1c3 b8c6 c1f4 f7f6 d1e1 g6g5 f4e3 g5g4 f3d2 f6e5 e3c5 d7d6 c5e3 d6d5 e3c5 c8f5 e2d1 b7b6 c5a3 h7h5 d1c1 h8h6 g2g3 g8f6 f1g2 d8c7 g2d5 f6d5 c3d5 c7b7 d2c4 a8d8 d5b6 c6d4 a3c5 f8g7 c4e3 f5d3 c2d3 h6c6 b6a4 d4e6 b2b4 b7b5 e3f5 g7f8 a2a3 b5a4 e1e5 d8d3 f5e3 f8g7 e5h5 e8d8 a1a2 e6c5 b4c5 a4b3 h5f5 b3c3 c1b1 c6c5 f5c5 c3c5 h1d1 c5c3 d1d3 c3d3 b1c1 d3c3 c1d1 c3b3 a2c2 g7c3 d1e2 b3b5 e2d1 b5b3 d1e2 b3b5 e2d1 b5d3 d1c1 a6a5 a3a4 d8d7 e3d1 c3d4 d1b2 d3a3 c1b1
Warning; Bestmove does not match beginning of last PV - move a3c3 from SF_2300
Info; info depth 16 seldepth 45 multipv 1 score cp 636 nodes 367121 nps 1995222 hashfull 93 tbhits 0 time 184 pv a3c5 d2c2 c5b4 c2e2 d4g7 b1c1 b4c3 c1b1 c3f3 e2d2 f3h1 b2d1 h1e4 b1c1 e4c4
Position; fen rnbqkbnr/1p1ppp1p/p5p1/2p5/4P3/3P1N2/PPP1KPPP/RNBQ1B1R b kq - 0 1
Moves; g8f6 e4e5 f6g8 b1c3 b8c6 c1f4 f7f6 d1e1 g6g5 f4e3 g5g4 f3d2 f6e5 e3c5 d7d6 c5e3 d6d5 e3c5 c8f5 e2d1 b7b6 c5a3 h7h5 d1c1 h8h6 g2g3 g8f6 f1g2 d8c7 g2d5 f6d5 c3d5 c7b7 d2c4 a8d8 d5b6 c6d4 a3c5 f8g7 c4e3 f5d3 c2d3 h6c6 b6a4 d4e6 b2b4 b7b5 e3f5 g7f8 a2a3 b5a4 e1e5 d8d3 f5e3 f8g7 e5h5 e8d8 a1a2 e6c5 b4c5 a4b3 h5f5 b3c3 c1b1 c6c5 f5c5 c3c5 h1d1 c5c3 d1d3 c3d3 b1c1 d3c3 c1d1 c3b3 a2c2 g7c3 d1e2 b3b5 e2d1 b5b3 d1e2 b3b5 e2d1 b5d3 d1c1 a6a5 a3a4 d8d7 e3d1 c3d4 d1b2 d3a3 c1b1 d7e8 c2d2
Warning; Bestmove does not match beginning of last PV - move c3e1 from SF_2300
Info; info depth 14 seldepth 21 multipv 1 score cp 617 nodes 119394 nps 2170800 hashfull 24 tbhits 0 time 55 pv c3b4 c2e2 d4g7 e2c2 b4e4 b2d1 e4e1 c2c8 e8f7 c8d8 e1e2 d8d7 e2e4 b1c1 e4a4
Position; fen rnbqkbnr/1p1ppp1p/p5p1/2p5/4P3/3P1N2/PPP1KPPP/RNBQ1B1R b kq - 0 1
Moves; g8f6 e4e5 f6g8 b1c3 b8c6 c1f4 f7f6 d1e1 g6g5 f4e3 g5g4 f3d2 f6e5 e3c5 d7d6 c5e3 d6d5 e3c5 c8f5 e2d1 b7b6 c5a3 h7h5 d1c1 h8h6 g2g3 g8f6 f1g2 d8c7 g2d5 f6d5 c3d5 c7b7 d2c4 a8d8 d5b6 c6d4 a3c5 f8g7 c4e3 f5d3 c2d3 h6c6 b6a4 d4e6 b2b4 b7b5 e3f5 g7f8 a2a3 b5a4 e1e5 d8d3 f5e3 f8g7 e5h5 e8d8 a1a2 e6c5 b4c5 a4b3 h5f5 b3c3 c1b1 c6c5 f5c5 c3c5 h1d1 c5c3 d1d3 c3d3 b1c1 d3c3 c1d1 c3b3 a2c2 g7c3 d1e2 b3b5 e2d1 b5b3 d1e2 b3b5 e2d1 b5d3 d1c1 a6a5 a3a4 d8d7 e3d1 c3d4 d1b2 d3a3 c1b1 d7e8 c2d2 a3c3 d2c2
Warning; Bestmove does not match beginning of last PV - move d4f6 from SF_2300
Info; info depth 15 seldepth 28 multipv 1 score cp 685 nodes 511276 nps 1704253 hashfull 163 tbhits 0 time 300 pv e1d1 c4a3 d4f6 f2f4 g4f3 h2h4 d1a1 a2b3 a1d4 b3a2 f3f2 h4h5 d4a1 a2b3 a1d1 b3a2 d1d4
Position; fen rnbqkbnr/1p1ppp1p/p5p1/2p5/4P3/3P1N2/PPP1KPPP/RNBQ1B1R b kq - 0 1
Moves; g8f6 e4e5 f6g8 b1c3 b8c6 c1f4 f7f6 d1e1 g6g5 f4e3 g5g4 f3d2 f6e5 e3c5 d7d6 c5e3 d6d5 e3c5 c8f5 e2d1 b7b6 c5a3 h7h5 d1c1 h8h6 g2g3 g8f6 f1g2 d8c7 g2d5 f6d5 c3d5 c7b7 d2c4 a8d8 d5b6 c6d4 a3c5 f8g7 c4e3 f5d3 c2d3 h6c6 b6a4 d4e6 b2b4 b7b5 e3f5 g7f8 a2a3 b5a4 e1e5 d8d3 f5e3 f8g7 e5h5 e8d8 a1a2 e6c5 b4c5 a4b3 h5f5 b3c3 c1b1 c6c5 f5c5 c3c5 h1d1 c5c3 d1d3 c3d3 b1c1 d3c3 c1d1 c3b3 a2c2 g7c3 d1e2 b3b5 e2d1 b5b3 d1e2 b3b5 e2d1 b5d3 d1c1 a6a5 a3a4 d8d7 e3d1 c3d4 d1b2 d3a3 c1b1 d7e8 c2d2 a3c3 d2c2 c3e1 b1a2 e8f7 b2c4
Warning; Bestmove does not match beginning of last PV - move e1e4 from SF_2300
Info; info depth 14 seldepth 40 multipv 1 score cp 701 nodes 325411 nps 1838480 hashfull 100 tbhits 0 time 177 pv e1e6 b2c4 e6e4 c2c1 e4e2 a2b1 e2f2 c1c2 f2f1 b1a2 f1d1 c4a3 d1a1 a2b3 a1d4 b3a2 d4a4 c2c7 f7g6 c7c5
Position; fen rnbqkbnr/1p1ppp1p/p5p1/2p5/4P3/3P1N2/PPP1KPPP/RNBQ1B1R b kq - 0 1
Moves; g8f6 e4e5 f6g8 b1c3 b8c6 c1f4 f7f6 d1e1 g6g5 f4e3 g5g4 f3d2 f6e5 e3c5 d7d6 c5e3 d6d5 e3c5 c8f5 e2d1 b7b6 c5a3 h7h5 d1c1 h8h6 g2g3 g8f6 f1g2 d8c7 g2d5 f6d5 c3d5 c7b7 d2c4 a8d8 d5b6 c6d4 a3c5 f8g7 c4e3 f5d3 c2d3 h6c6 b6a4 d4e6 b2b4 b7b5 e3f5 g7f8 a2a3 b5a4 e1e5 d8d3 f5e3 f8g7 e5h5 e8d8 a1a2 e6c5 b4c5 a4b3 h5f5 b3c3 c1b1 c6c5 f5c5 c3c5 h1d1 c5c3 d1d3 c3d3 b1c1 d3c3 c1d1 c3b3 a2c2 g7c3 d1e2 b3b5 e2d1 b5b3 d1e2 b3b5 e2d1 b5d3 d1c1 a6a5 a3a4 d8d7 e3d1 c3d4 d1b2 d3a3 c1b1 d7e8 c2d2 a3c3 d2c2 c3e1 b1a2 e8f7 b2c4 d4f6 c4b2
Warning; Bestmove does not match beginning of last PV - move e4e1 from SF_2300
Info; info depth 11 seldepth 42 multipv 1 score cp 684 nodes 161726 nps 1650265 hashfull 63 tbhits 0 time 98 pv e4h1 c2c1 h1e4 c1c2 f6g7 b2c4 e4e1 b1a2 e1a1 a2b3 a1d4 b3a2 d4d5 c2c1 d5d3 f2f4 d3e2 a2b1 e2e4 c1c2
Position; fen rnbqkbnr/1p1ppp1p/p5p1/2p5/4P3/3P1N2/PPP1KPPP/RNBQ1B1R b kq - 0 1
Moves; g8f6 e4e5 f6g8 b1c3 b8c6 c1f4 f7f6 d1e1 g6g5 f4e3 g5g4 f3d2 f6e5 e3c5 d7d6 c5e3 d6d5 e3c5 c8f5 e2d1 b7b6 c5a3 h7h5 d1c1 h8h6 g2g3 g8f6 f1g2 d8c7 g2d5 f6d5 c3d5 c7b7 d2c4 a8d8 d5b6 c6d4 a3c5 f8g7 c4e3 f5d3 c2d3 h6c6 b6a4 d4e6 b2b4 b7b5 e3f5 g7f8 a2a3 b5a4 e1e5 d8d3 f5e3 f8g7 e5h5 e8d8 a1a2 e6c5 b4c5 a4b3 h5f5 b3c3 c1b1 c6c5 f5c5 c3c5 h1d1 c5c3 d1d3 c3d3 b1c1 d3c3 c1d1 c3b3 a2c2 g7c3 d1e2 b3b5 e2d1 b5b3 d1e2 b3b5 e2d1 b5d3 d1c1 a6a5 a3a4 d8d7 e3d1 c3d4 d1b2 d3a3 c1b1 d7e8 c2d2 a3c3 d2c2 c3e1 b1a2 e8f7 b2c4 d4f6 c4b2 e1e4 a2b1
Warning; Bestmove does not match beginning of last PV - move e1e6 from SF_2300
Info; info depth 13 seldepth 39 multipv 1 score cp 693 nodes 110937 nps 2054388 hashfull 34 tbhits 0 time 54 pv e1e4 a2b1 e4e5 b1a2 e5d5 a2b1 d5e4 b2c4 e4e1 b1a2 e1a1 a2b3 a1d1 c4d2
Position; fen rnbqkbnr/1p1ppp1p/p5p1/2p5/4P3/3P1N2/PPP1KPPP/RNBQ1B1R b kq - 0 1
Moves; g8f6 e4e5 f6g8 b1c3 b8c6 c1f4 f7f6 d1e1 g6g5 f4e3 g5g4 f3d2 f6e5 e3c5 d7d6 c5e3 d6d5 e3c5 c8f5 e2d1 b7b6 c5a3 h7h5 d1c1 h8h6 g2g3 g8f6 f1g2 d8c7 g2d5 f6d5 c3d5 c7b7 d2c4 a8d8 d5b6 c6d4 a3c5 f8g7 c4e3 f5d3 c2d3 h6c6 b6a4 d4e6 b2b4 b7b5 e3f5 g7f8 a2a3 b5a4 e1e5 d8d3 f5e3 f8g7 e5h5 e8d8 a1a2 e6c5 b4c5 a4b3 h5f5 b3c3 c1b1 c6c5 f5c5 c3c5 h1d1 c5c3 d1d3 c3d3 b1c1 d3c3 c1d1 c3b3 a2c2 g7c3 d1e2 b3b5 e2d1 b5b3 d1e2 b3b5 e2d1 b5d3 d1c1 a6a5 a3a4 d8d7 e3d1 c3d4 d1b2 d3a3 c1b1 d7e8 c2d2 a3c3 d2c2 c3e1 b1a2 e8f7 b2c4 d4f6 c4b2 e1e4 a2b1 e4e1 b1a2
Warning; Bestmove does not match beginning of last PV - move d5g2 from SF_2300
Info; info depth 13 seldepth 32 multipv 1 score cp 713 nodes 96665 nps 2013854 hashfull 30 tbhits 0 time 48 pv f6g5 c1c3 g5f6 c3c1 d5d4 a2b3 d4c5 b3a2 c5b4 f2f4 g4f3 c4a5 b4a5
Position; fen rnbqkbnr/1p1ppp1p/p5p1/2p5/4P3/3P1N2/PPP1KPPP/RNBQ1B1R b kq - 0 1
Moves; g8f6 e4e5 f6g8 b1c3 b8c6 c1f4 f7f6 d1e1 g6g5 f4e3 g5g4 f3d2 f6e5 e3c5 d7d6 c5e3 d6d5 e3c5 c8f5 e2d1 b7b6 c5a3 h7h5 d1c1 h8h6 g2g3 g8f6 f1g2 d8c7 g2d5 f6d5 c3d5 c7b7 d2c4 a8d8 d5b6 c6d4 a3c5 f8g7 c4e3 f5d3 c2d3 h6c6 b6a4 d4e6 b2b4 b7b5 e3f5 g7f8 a2a3 b5a4 e1e5 d8d3 f5e3 f8g7 e5h5 e8d8 a1a2 e6c5 b4c5 a4b3 h5f5 b3c3 c1b1 c6c5 f5c5 c3c5 h1d1 c5c3 d1d3 c3d3 b1c1 d3c3 c1d1 c3b3 a2c2 g7c3 d1e2 b3b5 e2d1 b5b3 d1e2 b3b5 e2d1 b5d3 d1c1 a6a5 a3a4 d8d7 e3d1 c3d4 d1b2 d3a3 c1b1 d7e8 c2d2 a3c3 d2c2 c3e1 b1a2 e8f7 b2c4 d4f6 c4b2 e1e4 a2b1 e4e1 b1a2 e1e6 b2c4 e6d5 c2c1
Warning; Bestmove does not match beginning of last PV - move g2h1 from SF_2300
Info; info depth 12 seldepth 29 multipv 1 score cp 726 nodes 51465 nps 1979423 hashfull 14 tbhits 0 time 26 pv g2e4 a2b1 e4e1 b1a2 e1d1 c4a3 d1a1 a2b3 a1d4 b3a2 d4a4 c2c5
Position; fen rnbqkbnr/1p1ppp1p/p5p1/2p5/4P3/3P1N2/PPP1KPPP/RNBQ1B1R b kq - 0 1
Moves; g8f6 e4e5 f6g8 b1c3 b8c6 c1f4 f7f6 d1e1 g6g5 f4e3 g5g4 f3d2 f6e5 e3c5 d7d6 c5e3 d6d5 e3c5 c8f5 e2d1 b7b6 c5a3 h7h5 d1c1 h8h6 g2g3 g8f6 f1g2 d8c7 g2d5 f6d5 c3d5 c7b7 d2c4 a8d8 d5b6 c6d4 a3c5 f8g7 c4e3 f5d3 c2d3 h6c6 b6a4 d4e6 b2b4 b7b5 e3f5 g7f8 a2a3 b5a4 e1e5 d8d3 f5e3 f8g7 e5h5 e8d8 a1a2 e6c5 b4c5 a4b3 h5f5 b3c3 c1b1 c6c5 f5c5 c3c5 h1d1 c5c3 d1d3 c3d3 b1c1 d3c3 c1d1 c3b3 a2c2 g7c3 d1e2 b3b5 e2d1 b5b3 d1e2 b3b5 e2d1 b5d3 d1c1 a6a5 a3a4 d8d7 e3d1 c3d4 d1b2 d3a3 c1b1 d7e8 c2d2 a3c3 d2c2 c3e1 b1a2 e8f7 b2c4 d4f6 c4b2 e1e4 a2b1 e4e1 b1a2 e1e6 b2c4 e6d5 c2c1 d5g2 c1c2
Warning; Bestmove does not match beginning of last PV - move e4e5 from SF_2300
Info; info depth 12 seldepth 33 multipv 1 score cp 742 nodes 133002 nps 1873267 hashfull 45 tbhits 0 time 71 pv f6g7 b2c4 e4e1 b1a2 e1d1 c4a3 g7f6 a2b3 d1d5 c2c4 d5d3 b3a2 d3d2 c4c2 d2b4 h2h4 g4h3 f2f4 b4e4 f4f5 e4d5 a3c4 d5d4
Position; fen rnbqkbnr/1p1ppp1p/p5p1/2p5/4P3/3P1N2/PPP1KPPP/RNBQ1B1R b kq - 0 1
Moves; g8f6 e4e5 f6g8 b1c3 b8c6 c1f4 f7f6 d1e1 g6g5 f4e3 g5g4 f3d2 f6e5 e3c5 d7d6 c5e3 d6d5 e3c5 c8f5 e2d1 b7b6 c5a3 h7h5 d1c1 h8h6 g2g3 g8f6 f1g2 d8c7 g2d5 f6d5 c3d5 c7b7 d2c4 a8d8 d5b6 c6d4 a3c5 f8g7 c4e3 f5d3 c2d3 h6c6 b6a4 d4e6 b2b4 b7b5 e3f5 g7f8 a2a3 b5a4 e1e5 d8d3 f5e3 f8g7 e5h5 e8d8 a1a2 e6c5 b4c5 a4b3 h5f5 b3c3 c1b1 c6c5 f5c5 c3c5 h1d1 c5c3 d1d3 c3d3 b1c1 d3c3 c1d1 c3b3 a2c2 g7c3 d1e2 b3b5 e2d1 b5b3 d1e2 b3b5 e2d1 b5d3 d1c1 a6a5 a3a4 d8d7 e3d1 c3d4 d1b2 d3a3 c1b1 d7e8 c2d2 a3c3 d2c2 c3e1 b1a2 e8f7 b2c4 d4f6 c4b2 e1e4 a2b1 e4e1 b1a2 e1e6 b2c4 e6d5 c2c1 d5g2 c1c2 g2h1 c4b2 h1e4 a2b1
Warning; Bestmove does not match beginning of last PV - move e5e1 from SF_2300
Info; info depth 13 seldepth 29 multipv 1 score cp 732 nodes 81012 nps 1841181 hashfull 24 tbhits 0 time 44 pv e5d5 a2a3 d5e4 a3b3 f6g7 f2f4 g4f3 h2h4 g7d4 g3g4 f3f2 h4h5 e4d5 b2c4 f2f1r b3a2
Position; fen rnbqkbnr/1p1ppp1p/p5p1/2p5/4P3/3P1N2/PPP1KPPP/RNBQ1B1R b kq - 0 1
Moves; g8f6 e4e5 f6g8 b1c3 b8c6 c1f4 f7f6 d1e1 g6g5 f4e3 g5g4 f3d2 f6e5 e3c5 d7d6 c5e3 d6d5 e3c5 c8f5 e2d1 b7b6 c5a3 h7h5 d1c1 h8h6 g2g3 g8f6 f1g2 d8c7 g2d5 f6d5 c3d5 c7b7 d2c4 a8d8 d5b6 c6d4 a3c5 f8g7 c4e3 f5d3 c2d3 h6c6 b6a4 d4e6 b2b4 b7b5 e3f5 g7f8 a2a3 b5a4 e1e5 d8d3 f5e3 f8g7 e5h5 e8d8 a1a2 e6c5 b4c5 a4b3 h5f5 b3c3 c1b1 c6c5 f5c5 c3c5 h1d1 c5c3 d1d3 c3d3 b1c1 d3c3 c1d1 c3b3 a2c2 g7c3 d1e2 b3b5 e2d1 b5b3 d1e2 b3b5 e2d1 b5d3 d1c1 a6a5 a3a4 d8d7 e3d1 c3d4 d1b2 d3a3 c1b1 d7e8 c2d2 a3c3 d2c2 c3e1 b1a2 e8f7 b2c4 d4f6 c4b2 e1e4 a2b1 e4e1 b1a2 e1e6 b2c4 e6d5 c2c1 d5g2 c1c2 g2h1 c4b2 h1e4 a2b1 e4e5 b1a2
Warning; Bestmove does not match beginning of last PV - move e1e6 from SF_2300
Info; info depth 12 seldepth 19 multipv 1 score cp 742 nodes 91802 nps 1995695 hashfull 29 tbhits 0 time 46 pv e1d1 c4e3 d1a1 a2b3 a1d4 c2c6 d4b4 b3c2 b4a4 c2d2 a4c6 e3g4 c6d7 d2e2 d7g4 e2f1
Position; fen rnbqkbnr/1p1ppp1p/p5p1/2p5/4P3/3P1N2/PPP1KPPP/RNBQ1B1R b kq - 0 1
Moves; g8f6 e4e5 f6g8 b1c3 b8c6 c1f4 f7f6 d1e1 g6g5 f4e3 g5g4 f3d2 f6e5 e3c5 d7d6 c5e3 d6d5 e3c5 c8f5 e2d1 b7b6 c5a3 h7h5 d1c1 h8h6 g2g3 g8f6 f1g2 d8c7 g2d5 f6d5 c3d5 c7b7 d2c4 a8d8 d5b6 c6d4 a3c5 f8g7 c4e3 f5d3 c2d3 h6c6 b6a4 d4e6 b2b4 b7b5 e3f5 g7f8 a2a3 b5a4 e1e5 d8d3 f5e3 f8g7 e5h5 e8d8 a1a2 e6c5 b4c5 a4b3 h5f5 b3c3 c1b1 c6c5 f5c5 c3c5 h1d1 c5c3 d1d3 c3d3 b1c1 d3c3 c1d1 c3b3 a2c2 g7c3 d1e2 b3b5 e2d1 b5b3 d1e2 b3b5 e2d1 b5d3 d1c1 a6a5 a3a4 d8d7 e3d1 c3d4 d1b2 d3a3 c1b1 d7e8 c2d2 a3c3 d2c2 c3e1 b1a2 e8f7 b2c4 d4f6 c4b2 e1e4 a2b1 e4e1 b1a2 e1e6 b2c4 e6d5 c2c1 d5g2 c1c2 g2h1 c4b2 h1e4 a2b1 e4e5 b1a2 e5e1 b2c4
Warning; Bestmove does not match beginning of last PV - move f7g6 from SF_2300
Info; info depth 13 seldepth 29 multipv 1 score cp 734 nodes 98532 nps 1759500 hashfull 33 tbhits 0 time 56 pv e6d5 c2c1 d5c5 b3a2 c5f2 a2a3 f2h2 c1e1 h2g3 e1e3 g3f4 e3e7 f6e7 a3b3 f4d4 c4a5 d4d3 b3b2 d3d2 b2b3
Position; fen rnbqkbnr/1p1ppp1p/p5p1/2p5/4P3/3P1N2/PPP1KPPP/RNBQ1B1R b kq - 0 1
Moves; g8f6 e4e5 f6g8 b1c3 b8c6 c1f4 f7f6 d1e1 g6g5 f4e3 g5g4 f3d2 f6e5 e3c5 d7d6 c5e3 d6d5 e3c5 c8f5 e2d1 b7b6 c5a3 h7h5 d1c1 h8h6 g2g3 g8f6 f1g2 d8c7 g2d5 f6d5 c3d5 c7b7 d2c4 a8d8 d5b6 c6d4 a3c5 f8g7 c4e3 f5d3 c2d3 h6c6 b6a4 d4e6 b2b4 b7b5 e3f5 g7f8 a2a3 b5a4 e1e5 d8d3 f5e3 f8g7 e5h5 e8d8 a1a2 e6c5 b4c5 a4b3 h5f5 b3c3 c1b1 c6c5 f5c5 c3c5 h1d1 c5c3 d1d3 c3d3 b1c1 d3c3 c1d1 c3b3 a2c2 g7c3 d1e2 b3b5 e2d1 b5b3 d1e2 b3b5 e2d1 b5d3 d1c1 a6a5 a3a4 d8d7 e3d1 c3d4 d1b2 d3a3 c1b1 d7e8 c2d2 a3c3 d2c2 c3e1 b1a2 e8f7 b2c4 d4f6 c4b2 e1e4 a2b1 e4e1 b1a2 e1e6 b2c4 e6d5 c2c1 d5g2 c1c2 g2h1 c4b2 h1e4 a2b1 e4e5 b1a2 e5e1 b2c4 e1e6 a2b3
Warning; Bestmove does not match beginning of last PV - move e6f5 from SF_2300
Info; info depth 11 seldepth 24 multipv 1 score cp 708 nodes 40083 nps 1603320 hashfull 14 tbhits 0 time 25 pv e6e1 h2h4 g4h3 f2f4 e1b1 c4b2 f6b2 d2b2
Position; fen rnbqkbnr/1p1ppp1p/p5p1/2p5/4P3/3P1N2/PPP1KPPP/RNBQ1B1R b kq - 0 1
Moves; g8f6 e4e5 f6g8 b1c3 b8c6 c1f4 f7f6 d1e1 g6g5 f4e3 g5g4 f3d2 f6e5 e3c5 d7d6 c5e3 d6d5 e3c5 c8f5 e2d1 b7b6 c5a3 h7h5 d1c1 h8h6 g2g3 g8f6 f1g2 d8c7 g2d5 f6d5 c3d5 c7b7 d2c4 a8d8 d5b6 c6d4 a3c5 f8g7 c4e3 f5d3 c2d3 h6c6 b6a4 d4e6 b2b4 b7b5 e3f5 g7f8 a2a3 b5a4 e1e5 d8d3 f5e3 f8g7 e5h5 e8d8 a1a2 e6c5 b4c5 a4b3 h5f5 b3c3 c1b1 c6c5 f5c5 c3c5 h1d1 c5c3 d1d3 c3d3 b1c1 d3c3 c1d1 c3b3 a2c2 g7c3 d1e2 b3b5 e2d1 b5b3 d1e2 b3b5 e2d1 b5d3 d1c1 a6a5 a3a4 d8d7 e3d1 c3d4 d1b2 d3a3 c1b1 d7e8 c2d2 a3c3 d2c2 c3e1 b1a2 e8f7 b2c4 d4f6 c4b2 e1e4 a2b1 e4e1 b1a2 e1e6 b2c4 e6d5 c2c1 d5g2 c1c2 g2h1 c4b2 h1e4 a2b1 e4e5 b1a2 e5e1 b2c4 e1e6 a2b3 f7g6 c2d2
Warning; Bestmove does not match beginning of last PV - move f5e4 from SF_2300
Info; info depth 14 seldepth 25 multipv 1 score cp 693 nodes 73209 nps 1525187 hashfull 30 tbhits 0 time 48 pv f5b1 b3c4 b1e4 c4b3 e7e6 e3c4 e4b1 c4b2 b1e1 b3c2 f6b2 d2d6 e1f2 d6d2 f2e1 d2d8 e1c3 c2d1
Position; fen rnbqkbnr/1p1ppp1p/p5p1/2p5/4P3/3P1N2/PPP1KPPP/RNBQ1B1R b kq - 0 1
Moves; g8f6 e4e5 f6g8 b1c3 b8c6 c1f4 f7f6 d1e1 g6g5 f4e3 g5g4 f3d2 f6e5 e3c5 d7d6 c5e3 d6d5 e3c5 c8f5 e2d1 b7b6 c5a3 h7h5 d1c1 h8h6 g2g3 g8f6 f1g2 d8c7 g2d5 f6d5 c3d5 c7b7 d2c4 a8d8 d5b6 c6d4 a3c5 f8g7 c4e3 f5d3 c2d3 h6c6 b6a4 d4e6 b2b4 b7b5 e3f5 g7f8 a2a3 b5a4 e1e5 d8d3 f5e3 f8g7 e5h5 e8d8 a1a2 e6c5 b4c5 a4b3 h5f5 b3c3 c1b1 c6c5 f5c5 c3c5 h1d1 c5c3 d1d3 c3d3 b1c1 d3c3 c1d1 c3b3 a2c2 g7c3 d1e2 b3b5 e2d1 b5b3 d1e2 b3b5 e2d1 b5d3 d1c1 a6a5 a3a4 d8d7 e3d1 c3d4 d1b2 d3a3 c1b1 d7e8 c2d2 a3c3 d2c2 c3e1 b1a2 e8f7 b2c4 d4f6 c4b2 e1e4 a2b1 e4e1 b1a2 e1e6 b2c4 e6d5 c2c1 d5g2 c1c2 g2h1 c4b2 h1e4 a2b1 e4e5 b1a2 e5e1 b2c4 e1e6 a2b3 f7g6 c2d2 e6f5 c4e3
Warning; Bestmove does not match beginning of last PV - move e4e1 from SF_2300
Info; info depth 11 seldepth 44 multipv 1 score cp 760 nodes 54475 nps 1702343 hashfull 17 tbhits 0 time 32 pv e4b7 b3c2 b7c6 d2d8 c6c4 c2d2 c4f1 d8f8 f1f2 d2d1 f2d4 d1e2
Position; fen rnbqkbnr/1p1ppp1p/p5p1/2p5/4P3/3P1N2/PPP1KPPP/RNBQ1B1R b kq - 0 1
Moves; g8f6 e4e5 f6g8 b1c3 b8c6 c1f4 f7f6 d1e1 g6g5 f4e3 g5g4 f3d2 f6e5 e3c5 d7d6 c5e3 d6d5 e3c5 c8f5 e2d1 b7b6 c5a3 h7h5 d1c1 h8h6 g2g3 g8f6 f1g2 d8c7 g2d5 f6d5 c3d5 c7b7 d2c4 a8d8 d5b6 c6d4 a3c5 f8g7 c4e3 f5d3 c2d3 h6c6 b6a4 d4e6 b2b4 b7b5 e3f5 g7f8 a2a3 b5a4 e1e5 d8d3 f5e3 f8g7 e5h5 e8d8 a1a2 e6c5 b4c5 a4b3 h5f5 b3c3 c1b1 c6c5 f5c5 c3c5 h1d1 c5c3 d1d3 c3d3 b1c1 d3c3 c1d1 c3b3 a2c2 g7c3 d1e2 b3b5 e2d1 b5b3 d1e2 b3b5 e2d1 b5d3 d1c1 a6a5 a3a4 d8d7 e3d1 c3d4 d1b2 d3a3 c1b1 d7e8 c2d2 a3c3 d2c2 c3e1 b1a2 e8f7 b2c4 d4f6 c4b2 e1e4 a2b1 e4e1 b1a2 e1e6 b2c4 e6d5 c2c1 d5g2 c1c2 g2h1 c4b2 h1e4 a2b1 e4e5 b1a2 e5e1 b2c4 e1e6 a2b3 f7g6 c2d2 e6f5 c4e3 f5e4 e3c4
Warning; Bestmove does not match beginning of last PV - move e1a1 from SF_2300
Info; info depth 12 seldepth 31 multipv 1 score cp 751 nodes 51802 nps 1786275 hashfull 16 tbhits 0 time 29 pv e1e4 c2b3 e4b7 b3c2 b7c6 c2b3 c6c5 d2d8 c5b4 b3c2 b4c4 c2d2 c4f1 d8g8 g6f7 g8b8 f1f2 d2d3 f2f3 d3c2
Position; fen rnbqkbnr/1p1ppp1p/p5p1/2p5/4P3/3P1N2/PPP1KPPP/RNBQ1B1R b kq - 0 1
Moves; g8f6 e4e5 f6g8 b1c3 b8c6 c1f4 f7f6 d1e1 g6g5 f4e3 g5g4 f3d2 f6e5 e3c5 d7d6 c5e3 d6d5 e3c5 c8f5 e2d1 b7b6 c5a3 h7h5 d1c1 h8h6 g2g3 g8f6 f1g2 d8c7 g2d5 f6d5 c3d5 c7b7 d2c4 a8d8 d5b6 c6d4 a3c5 f8g7 c4e3 f5d3 c2d3 h6c6 b6a4 d4e6 b2b4 b7b5 e3f5 g7f8 a2a3 b5a4 e1e5 d8d3 f5e3 f8g7 e5h5 e8d8 a1a2 e6c5 b4c5 a4b3 h5f5 b3c3 c1b1 c6c5 f5c5 c3c5 h1d1 c5c3 d1d3 c3d3 b1c1 d3c3 c1d1 c3b3 a2c2 g7c3 d1e2 b3b5 e2d1 b5b3 d1e2 b3b5 e2d1 b5d3 d1c1 a6a5 a3a4 d8d7 e3d1 c3d4 d1b2 d3a3 c1b1 d7e8 c2d2 a3c3 d2c2 c3e1 b1a2 e8f7 b2c4 d4f6 c4b2 e1e4 a2b1 e4e1 b1a2 e1e6 b2c4 e6d5 c2c1 d5g2 c1c2 g2h1 c4b2 h1e4 a2b1 e4e5 b1a2 e5e1 b2c4 e1e6 a2b3 f7g6 c2d2 e6f5 c4e3 f5e4 e3c4 e4e1 b3c2
Warning; Bestmove does not match beginning of last PV - move b4b3 from SF_2300
Info; info depth 13 seldepth 19 multipv 1 score cp 628 nodes 42472 nps 1769666 hashfull 11 tbhits 0 time 24 pv a5a4 d5h5 a4a3 e3d5 b4b3 d1d2
Position; fen rnbqkbnr/1p1ppp1p/p5p1/2p5/4P3/3P1N2/PPP1KPPP/RNBQ1B1R b kq - 0 1
Moves; g8f6 e4e5 f6g8 b1c3 b8c6 c1f4 f7f6 d1e1 g6g5 f4e3 g5g4 f3d2 f6e5 e3c5 d7d6 c5e3 d6d5 e3c5 c8f5 e2d1 b7b6 c5a3 h7h5 d1c1 h8h6 g2g3 g8f6 f1g2 d8c7 g2d5 f6d5 c3d5 c7b7 d2c4 a8d8 d5b6 c6d4 a3c5 f8g7 c4e3 f5d3 c2d3 h6c6 b6a4 d4e6 b2b4 b7b5 e3f5 g7f8 a2a3 b5a4 e1e5 d8d3 f5e3 f8g7 e5h5 e8d8 a1a2 e6c5 b4c5 a4b3 h5f5 b3c3 c1b1 c6c5 f5c5 c3c5 h1d1 c5c3 d1d3 c3d3 b1c1 d3c3 c1d1 c3b3 a2c2 g7c3 d1e2 b3b5 e2d1 b5b3 d1e2 b3b5 e2d1 b5d3 d1c1 a6a5 a3a4 d8d7 e3d1 c3d4 d1b2 d3a3 c1b1 d7e8 c2d2 a3c3 d2c2 c3e1 b1a2 e8f7 b2c4 d4f6 c4b2 e1e4 a2b1 e4e1 b1a2 e1e6 b2c4 e6d5 c2c1 d5g2 c1c2 g2h1 c4b2 h1e4 a2b1 e4e5 b1a2 e5e1 b2c4 e1e6 a2b3 f7g6 c2d2 e6f5 c4e3 f5e4 e3c4 e4e1 b3c2 e1a1 c4e3 g6f7 d2d5 a1a4 c2d2 a4b4 d2d1
Warning; Bestmove does not match beginning of last PV - move b3b2 from SF_2300
Info; info depth 12 seldepth 17 multipv 1 score cp 593 nodes 38835 nps 1765227 hashfull 9 tbhits 0 time 22 pv a5a4 e2f1 a4a3 d5a5 b3b1 f1g2 b1e4 g2g1 a3a2 a5a2 e4b1 g1g2 b1a2 e3g4
Position; fen rnbqkbnr/1p1ppp1p/p5p1/2p5/4P3/3P1N2/PPP1KPPP/RNBQ1B1R b kq - 0 1
Moves; g8f6 e4e5 f6g8 b1c3 b8c6 c1f4 f7f6 d1e1 g6g5 f4e3 g5g4 f3d2 f6e5 e3c5 d7d6 c5e3 d6d5 e3c5 c8f5 e2d1 b7b6 c5a3 h7h5 d1c1 h8h6 g2g3 g8f6 f1g2 d8c7 g2d5 f6d5 c3d5 c7b7 d2c4 a8d8 d5b6 c6d4 a3c5 f8g7 c4e3 f5d3 c2d3 h6c6 b6a4 d4e6 b2b4 b7b5 e3f5 g7f8 a2a3 b5a4 e1e5 d8d3 f5e3 f8g7 e5h5 e8d8 a1a2 e6c5 b4c5 a4b3 h5f5 b3c3 c1b1 c6c5 f5c5 c3c5 h1d1 c5c3 d1d3 c3d3 b1c1 d3c3 c1d1 c3b3 a2c2 g7c3 d1e2 b3b5 e2d1 b5b3 d1e2 b3b5 e2d1 b5d3 d1c1 a6a5 a3a4 d8d7 e3d1 c3d4 d1b2 d3a3 c1b1 d7e8 c2d2 a3c3 d2c2 c3e1 b1a2 e8f7 b2c4 d4f6 c4b2 e1e4 a2b1 e4e1 b1a2 e1e6 b2c4 e6d5 c2c1 d5g2 c1c2 g2h1 c4b2 h1e4 a2b1 e4e5 b1a2 e5e1 b2c4 e1e6 a2b3 f7g6 c2d2 e6f5 c4e3 f5e4 e3c4 e4e1 b3c2 e1a1 c4e3 g6f7 d2d5 a1a4 c2d2 a4b4 d2d1 b4b3 d1e2
Warning; Bestmove does not match beginning of last PV - move b5b3 from SF_2300
Info; info depth 11 seldepth 14 multipv 1 score cp 617 nodes 26426 nps 1761733 hashfull 18 tbhits 0 time 15 pv a5a4 d2d5 b5b4 d5h5 a4a3 e3d5 b4b5
Position; fen rnbqkbnr/1p1ppp1p/p5p1/2p5/4P3/3P1N2/PPP1KPPP/RNBQ1B1R b kq - 0 1
Moves; g8f6 e4e5 f6g8 b1c3 b8c6 c1f4 f7f6 d1e1 g6g5 f4e3 g5g4 f3d2 f6e5 e3c5 d7d6 c5e3 d6d5 e3c5 c8f5 e2d1 b7b6 c5a3 h7h5 d1c1 h8h6 g2g3 g8f6 f1g2 d8c7 g2d5 f6d5 c3d5 c7b7 d2c4 a8d8 d5b6 c6d4 a3c5 f8g7 c4e3 f5d3 c2d3 h6c6 b6a4 d4e6 b2b4 b7b5 e3f5 g7f8 a2a3 b5a4 e1e5 d8d3 f5e3 f8g7 e5h5 e8d8 a1a2 e6c5 b4c5 a4b3 h5f5 b3c3 c1b1 c6c5 f5c5 c3c5 h1d1 c5c3 d1d3 c3d3 b1c1 d3c3 c1d1 c3b3 a2c2 g7c3 d1e2 b3b5 e2d1 b5b3 d1e2 b3b5 e2d1 b5d3 d1c1 a6a5 a3a4 d8d7 e3d1 c3d4 d1b2 d3a3 c1b1 d7e8 c2d2 a3c3 d2c2 c3e1 b1a2 e8f7 b2c4 d4f6 c4b2 e1e4 a2b1 e4e1 b1a2 e1e6 b2c4 e6d5 c2c1 d5g2 c1c2 g2h1 c4b2 h1e4 a2b1 e4e5 b1a2 e5e1 b2c4 e1e6 a2b3 f7g6 c2d2 e6f5 c4e3 f5e4 e3c4 e4e1 b3c2 e1a1 c4e3 g6f7 d2d5 a1a4 c2d2 a4b4 d2d1 b4b3 d1e2 b3b2 d5d2 b2b5 e2d1
Warning; Bestmove does not match beginning of last PV - move f6g5 from SF_2300
Info; info depth 11 seldepth 15 multipv 1 score cp 644 nodes 25172 nps 1936307 hashfull 30 tbhits 0 time 13 pv a5a4 d2c2 b3d3 e3g4 d3a3 c1d2 a3b4 d2e3 b4d4 e3f3 d4d1 f3e3 d1c2
Position; fen rnbqkbnr/1p1ppp1p/p5p1/2p5/4P3/3P1N2/PPP1KPPP/RNBQ1B1R b kq - 0 1
Moves; g8f6 e4e5 f6g8 b1c3 b8c6 c1f4 f7f6 d1e1 g6g5 f4e3 g5g4 f3d2 f6e5 e3c5 d7d6 c5e3 d6d5 e3c5 c8f5 e2d1 b7b6 c5a3 h7h5 d1c1 h8h6 g2g3 g8f6 f1g2 d8c7 g2d5 f6d5 c3d5 c7b7 d2c4 a8d8 d5b6 c6d4 a3c5 f8g7 c4e3 f5d3 c2d3 h6c6 b6a4 d4e6 b2b4 b7b5 e3f5 g7f8 a2a3 b5a4 e1e5 d8d3 f5e3 f8g7 e5h5 e8d8 a1a2 e6c5 b4c5 a4b3 h5f5 b3c3 c1b1 c6c5 f5c5 c3c5 h1d1 c5c3 d1d3 c3d3 b1c1 d3c3 c1d1 c3b3 a2c2 g7c3 d1e2 b3b5 e2d1 b5b3 d1e2 b3b5 e2d1 b5d3 d1c1 a6a5 a3a4 d8d7 e3d1 c3d4 d1b2 d3a3 c1b1 d7e8 c2d2 a3c3 d2c2 c3e1 b1a2 e8f7 b2c4 d4f6 c4b2 e1e4 a2b1 e4e1 b1a2 e1e6 b2c4 e6d5 c2c1 d5g2 c1c2 g2h1 c4b2 h1e4 a2b1 e4e5 b1a2 e5e1 b2c4 e1e6 a2b3 f7g6 c2d2 e6f5 c4e3 f5e4 e3c4 e4e1 b3c2 e1a1 c4e3 g6f7 d2d5 a1a4 c2d2 a4b4 d2d1 b4b3 d1e2 b3b2 d5d2 b2b5 e2d1 b5b3 d1c1
Warning; Bestmove does not match beginning of last PV - move g5f6 from SF_2300
Info; info depth 10 seldepth 20 multipv 1 score cp 687 nodes 19577 nps 1957700 hashfull 26 tbhits 0 time 10 pv a5a4 e2b2 b3d3 b2d2 g5e3 f2e3 d3e3 c1c2 a4a3 c2d1 e3b3 d1e1 f7e8 d2f2 a3a2 f2a2 b3a2
Position; fen rnbqkbnr/1p1ppp1p/p5p1/2p5/4P3/3P1N2/PPP1KPPP/RNBQ1B1R b kq - 0 1
Moves; g8f6 e4e5 f6g8 b1c3 b8c6 c1f4 f7f6 d1e1 g6g5 f4e3 g5g4 f3d2 f6e5 e3c5 d7d6 c5e3 d6d5 e3c5 c8f5 e2d1 b7b6 c5a3 h7h5 d1c1 h8h6 g2g3 g8f6 f1g2 d8c7 g2d5 f6d5 c3d5 c7b7 d2c4 a8d8 d5b6 c6d4 a3c5 f8g7 c4e3 f5d3 c2d3 h6c6 b6a4 d4e6 b2b4 b7b5 e3f5 g7f8 a2a3 b5a4 e1e5 d8d3 f5e3 f8g7 e5h5 e8d8 a1a2 e6c5 b4c5 a4b3 h5f5 b3c3 c1b1 c6c5 f5c5 c3c5 h1d1 c5c3 d1d3 c3d3 b1c1 d3c3 c1d1 c3b3 a2c2 g7c3 d1e2 b3b5 e2d1 b5b3 d1e2 b3b5 e2d1 b5d3 d1c1 a6a5 a3a4 d8d7 e3d1 c3d4 d1b2 d3a3 c1b1 d7e8 c2d2 a3c3 d2c2 c3e1 b1a2 e8f7 b2c4 d4f6 c4b2 e1e4 a2b1 e4e1 b1a2 e1e6 b2c4 e6d5 c2c1 d5g2 c1c2 g2h1 c4b2 h1e4 a2b1 e4e5 b1a2 e5e1 b2c4 e1e6 a2b3 f7g6 c2d2 e6f5 c4e3 f5e4 e3c4 e4e1 b3c2 e1a1 c4e3 g6f7 d2d5 a1a4 c2d2 a4b4 d2d1 b4b3 d1e2 b3b2 d5d2 b2b5 e2d1 b5b3 d1c1 f6g5 d2e2
Warning; Bestmove does not match beginning of last PV - move b3b5 from SF_2300
Info; info depth 10 seldepth 12 multipv 1 score cp 665 nodes 16330 nps 2041250 hashfull 84 tbhits 0 time 8 pv a5a4 d2d5 b3b2 c1d1 b2f2 d5d3 f2g1 d1c2 g1h2 c2b1 h2g3
Position; fen rnbqkbnr/1p1ppp1p/p5p1/2p5/4P3/3P1N2/PPP1KPPP/RNBQ1B1R b kq - 0 1
Moves; g8f6 e4e5 f6g8 b1c3 b8c6 c1f4 f7f6 d1e1 g6g5 f4e3 g5g4 f3d2 f6e5 e3c5 d7d6 c5e3 d6d5 e3c5 c8f5 e2d1 b7b6 c5a3 h7h5 d1c1 h8h6 g2g3 g8f6 f1g2 d8c7 g2d5 f6d5 c3d5 c7b7 d2c4 a8d8 d5b6 c6d4 a3c5 f8g7 c4e3 f5d3 c2d3 h6c6 b6a4 d4e6 b2b4 b7b5 e3f5 g7f8 a2a3 b5a4 e1e5 d8d3 f5e3 f8g7 e5h5 e8d8 a1a2 e6c5 b4c5 a4b3 h5f5 b3c3 c1b1 c6c5 f5c5 c3c5 h1d1 c5c3 d1d3 c3d3 b1c1 d3c3 c1d1 c3b3 a2c2 g7c3 d1e2 b3b5 e2d1 b5b3 d1e2 b3b5 e2d1 b5d3 d1c1 a6a5 a3a4 d8d7 e3d1 c3d4 d1b2 d3a3 c1b1 d7e8 c2d2 a3c3 d2c2 c3e1 b1a2 e8f7 b2c4 d4f6 c4b2 e1e4 a2b1 e4e1 b1a2 e1e6 b2c4 e6d5 c2c1 d5g2 c1c2 g2h1 c4b2 h1e4 a2b1 e4e5 b1a2 e5e1 b2c4 e1e6 a2b3 f7g6 c2d2 e6f5 c4e3 f5e4 e3c4 e4e1 b3c2 e1a1 c4e3 g6f7 d2d5 a1a4 c2d2 a4b4 d2d1 b4b3 d1e2 b3b2 d5d2 b2b5 e2d1 b5b3 d1c1 f6g5 d2e2 g5f6 e2d2
Warning; Bestmove does not match beginning of last PV - move b5b4 from SF_2300
Info; info depth 10 seldepth 20 multipv 1 score cp 622 nodes 10740 nps 1790000 hashfull 42 tbhits 0 time 6 pv a5a4 d2d5 b5b3 d1e2 b3b4 d5h5 a4a3 e3d5 b4b5 e2e1 b5b1 e1e2
Position; fen rnbqkbnr/1p1ppp1p/p5p1/2p5/4P3/3P1N2/PPP1KPPP/RNBQ1B1R b kq - 0 1
Moves; g8f6 e4e5 f6g8 b1c3 b8c6 c1f4 f7f6 d1e1 g6g5 f4e3 g5g4 f3d2 f6e5 e3c5 d7d6 c5e3 d6d5 e3c5 c8f5 e2d1 b7b6 c5a3 h7h5 d1c1 h8h6 g2g3 g8f6 f1g2 d8c7 g2d5 f6d5 c3d5 c7b7 d2c4 a8d8 d5b6 c6d4 a3c5 f8g7 c4e3 f5d3 c2d3 h6c6 b6a4 d4e6 b2b4 b7b5 e3f5 g7f8 a2a3 b5a4 e1e5 d8d3 f5e3 f8g7 e5h5 e8d8 a1a2 e6c5 b4c5 a4b3 h5f5 b3c3 c1b1 c6c5 f5c5 c3c5 h1d1 c5c3 d1d3 c3d3 b1c1 d3c3 c1d1 c3b3 a2c2 g7c3 d1e2 b3b5 e2d1 b5b3 d1e2 b3b5 e2d1 b5d3 d1c1 a6a5 a3a4 d8d7 e3d1 c3d4 d1b2 d3a3 c1b1 d7e8 c2d2 a3c3 d2c2 c3e1 b1a2 e8f7 b2c4 d4f6 c4b2 e1e4 a2b1 e4e1 b1a2 e1e6 b2c4 e6d5 c2c1 d5g2 c1c2 g2h1 c4b2 h1e4 a2b1 e4e5 b1a2 e5e1 b2c4 e1e6 a2b3 f7g6 c2d2 e6f5 c4e3 f5e4 e3c4 e4e1 b3c2 e1a1 c4e3 g6f7 d2d5 a1a4 c2d2 a4b4 d2d1 b4b3 d1e2 b3b2 d5d2 b2b5 e2d1 b5b3 d1c1 f6g5 d2e2 g5f6 e2d2 b3b5 c1d1
Warning; Bestmove does not match beginning of last PV - move b4c3 from SF_2300
Info; info depth 8 seldepth 11 multipv 1 score cp 719 nodes 2926 nps 1463000 hashfull 24 tbhits 0 time 2 pv a4a3 e2f1 a3a2 f1g2 b4e4 g2g1 a2a1r d5d1 a1d1 e3d1
Position; fen rnbqkbnr/1p1ppp1p/p5p1/2p5/4P3/3P1N2/PPP1KPPP/RNBQ1B1R b kq - 0 1
Moves; g8f6 e4e5 f6g8 b1c3 b8c6 c1f4 f7f6 d1e1 g6g5 f4e3 g5g4 f3d2 f6e5 e3c5 d7d6 c5e3 d6d5 e3c5 c8f5 e2d1 b7b6 c5a3 h7h5 d1c1 h8h6 g2g3 g8f6 f1g2 d8c7 g2d5 f6d5 c3d5 c7b7 d2c4 a8d8 d5b6 c6d4 a3c5 f8g7 c4e3 f5d3 c2d3 h6c6 b6a4 d4e6 b2b4 b7b5 e3f5 g7f8 a2a3 b5a4 e1e5 d8d3 f5e3 f8g7 e5h5 e8d8 a1a2 e6c5 b4c5 a4b3 h5f5 b3c3 c1b1 c6c5 f5c5 c3c5 h1d1 c5c3 d1d3 c3d3 b1c1 d3c3 c1d1 c3b3 a2c2 g7c3 d1e2 b3b5 e2d1 b5b3 d1e2 b3b5 e2d1 b5d3 d1c1 a6a5 a3a4 d8d7 e3d1 c3d4 d1b2 d3a3 c1b1 d7e8 c2d2 a3c3 d2c2 c3e1 b1a2 e8f7 b2c4 d4f6 c4b2 e1e4 a2b1 e4e1 b1a2 e1e6 b2c4 e6d5 c2c1 d5g2 c1c2 g2h1 c4b2 h1e4 a2b1 e4e5 b1a2 e5e1 b2c4 e1e6 a2b3 f7g6 c2d2 e6f5 c4e3 f5e4 e3c4 e4e1 b3c2 e1a1 c4e3 g6f7 d2d5 a1a4 c2d2 a4b4 d2d1 b4b3 d1e2 b3b2 d5d2 b2b5 e2d1 b5b3 d1c1 f6g5 d2e2 g5f6 e2d2 b3b5 c1d1 b5b4 d2d5 a5a4 d1e2
Warning; Bestmove does not match beginning of last PV - move f7f8 from SF_2300
Info; info depth 16 seldepth 24 multipv 1 score cp 659 nodes 392360 nps 1691206 hashfull 187 tbhits 0 time 232 pv a4a3 h5d5 a3a2 d5d1 f6d4 e3g4 c3c4 e2f3 c4d5 f3e2 d5b5 e2f3 b5f5 f3g2 f5g4
Position; fen rnbqkbnr/1p1ppp1p/p5p1/2p5/4P3/3P1N2/PPP1KPPP/RNBQ1B1R b kq - 0 1
Moves; g8f6 e4e5 f6g8 b1c3 b8c6 c1f4 f7f6 d1e1 g6g5 f4e3 g5g4 f3d2 f6e5 e3c5 d7d6 c5e3 d6d5 e3c5 c8f5 e2d1 b7b6 c5a3 h7h5 d1c1 h8h6 g2g3 g8f6 f1g2 d8c7 g2d5 f6d5 c3d5 c7b7 d2c4 a8d8 d5b6 c6d4 a3c5 f8g7 c4e3 f5d3 c2d3 h6c6 b6a4 d4e6 b2b4 b7b5 e3f5 g7f8 a2a3 b5a4 e1e5 d8d3 f5e3 f8g7 e5h5 e8d8 a1a2 e6c5 b4c5 a4b3 h5f5 b3c3 c1b1 c6c5 f5c5 c3c5 h1d1 c5c3 d1d3 c3d3 b1c1 d3c3 c1d1 c3b3 a2c2 g7c3 d1e2 b3b5 e2d1 b5b3 d1e2 b3b5 e2d1 b5d3 d1c1 a6a5 a3a4 d8d7 e3d1 c3d4 d1b2 d3a3 c1b1 d7e8 c2d2 a3c3 d2c2 c3e1 b1a2 e8f7 b2c4 d4f6 c4b2 e1e4 a2b1 e4e1 b1a2 e1e6 b2c4 e6d5 c2c1 d5g2 c1c2 g2h1 c4b2 h1e4 a2b1 e4e5 b1a2 e5e1 b2c4 e1e6 a2b3 f7g6 c2d2 e6f5 c4e3 f5e4 e3c4 e4e1 b3c2 e1a1 c4e3 g6f7 d2d5 a1a4 c2d2 a4b4 d2d1 b4b3 d1e2 b3b2 d5d2 b2b5 e2d1 b5b3 d1c1 f6g5 d2e2 g5f6 e2d2 b3b5 c1d1 b5b4 d2d5 a5a4 d1e2 b4c3 d5h5
Warning; Bestmove does not match beginning of last PV - move a4a3 from SF_2300
Info; info depth 16 seldepth 26 multipv 1 score cp 611 nodes 791188 nps 1697828 hashfull 255 tbhits 0 time 466 pv f6d4 h5f5 f8e8 f5f3 c3c4 f3d3 c4c2 d3d2 c2e4 e2f1
Position; fen rnbqkbnr/1p1ppp1p/p5p1/2p5/4P3/3P1N2/PPP1KPPP/RNBQ1B1R b kq - 0 1
Moves; g8f6 e4e5 f6g8 b1c3 b8c6 c1f4 f7f6 d1e1 g6g5 f4e3 g5g4 f3d2 f6e5 e3c5 d7d6 c5e3 d6d5 e3c5 c8f5 e2d1 b7b6 c5a3 h7h5 d1c1 h8h6 g2g3 g8f6 f1g2 d8c7 g2d5 f6d5 c3d5 c7b7 d2c4 a8d8 d5b6 c6d4 a3c5 f8g7 c4e3 f5d3 c2d3 h6c6 b6a4 d4e6 b2b4 b7b5 e3f5 g7f8 a2a3 b5a4 e1e5 d8d3 f5e3 f8g7 e5h5 e8d8 a1a2 e6c5 b4c5 a4b3 h5f5 b3c3 c1b1 c6c5 f5c5 c3c5 h1d1 c5c3 d1d3 c3d3 b1c1 d3c3 c1d1 c3b3 a2c2 g7c3 d1e2 b3b5 e2d1 b5b3 d1e2 b3b5 e2d1 b5d3 d1c1 a6a5 a3a4 d8d7 e3d1 c3d4 d1b2 d3a3 c1b1 d7e8 c2d2 a3c3 d2c2 c3e1 b1a2 e8f7 b2c4 d4f6 c4b2 e1e4 a2b1 e4e1 b1a2 e1e6 b2c4 e6d5 c2c1 d5g2 c1c2 g2h1 c4b2 h1e4 a2b1 e4e5 b1a2 e5e1 b2c4 e1e6 a2b3 f7g6 c2d2 e6f5 c4e3 f5e4 e3c4 e4e1 b3c2 e1a1 c4e3 g6f7 d2d5 a1a4 c2d2 a4b4 d2d1 b4b3 d1e2 b3b2 d5d2 b2b5 e2d1 b5b3 d1c1 f6g5 d2e2 g5f6 e2d2 b3b5 c1d1 b5b4 d2d5 a5a4 d1e2 b4c3 d5h5 f7f8 e3g4
Warning; Bestmove does not match beginning of last PV - move a3a2 from SF_2300
Info; info depth 17 seldepth 38 multipv 1 score cp 656 nodes 911857 nps 2053731 hashfull 234 tbhits 0 time 444 pv e7f6 h5h8 f8g7 h8d8 a3a2 d8d7 g7g6 d7d1 c3e5 e2f3 a2a1q d1a1 e5a1 g3g4 a1h1 f3f4 h1h2 f4f3 h2g1 f3e2 g1g4 e2f1 g4f3 f1g1
Position; fen rnbqkbnr/1p1ppp1p/p5p1/2p5/4P3/3P1N2/PPP1KPPP/RNBQ1B1R b kq - 0 1
Moves; g8f6 e4e5 f6g8 b1c3 b8c6 c1f4 f7f6 d1e1 g6g5 f4e3 g5g4 f3d2 f6e5 e3c5 d7d6 c5e3 d6d5 e3c5 c8f5 e2d1 b7b6 c5a3 h7h5 d1c1 h8h6 g2g3 g8f6 f1g2 d8c7 g2d5 f6d5 c3d5 c7b7 d2c4 a8d8 d5b6 c6d4 a3c5 f8g7 c4e3 f5d3 c2d3 h6c6 b6a4 d4e6 b2b4 b7b5 e3f5 g7f8 a2a3 b5a4 e1e5 d8d3 f5e3 f8g7 e5h5 e8d8 a1a2 e6c5 b4c5 a4b3 h5f5 b3c3 c1b1 c6c5 f5c5 c3c5 h1d1 c5c3 d1d3 c3d3 b1c1 d3c3 c1d1 c3b3 a2c2 g7c3 d1e2 b3b5 e2d1 b5b3 d1e2 b3b5 e2d1 b5d3 d1c1 a6a5 a3a4 d8d7 e3d1 c3d4 d1b2 d3a3 c1b1 d7e8 c2d2 a3c3 d2c2 c3e1 b1a2 e8f7 b2c4 d4f6 c4b2 e1e4 a2b1 e4e1 b1a2 e1e6 b2c4 e6d5 c2c1 d5g2 c1c2 g2h1 c4b2 h1e4 a2b1 e4e5 b1a2 e5e1 b2c4 e1e6 a2b3 f7g6 c2d2 e6f5 c4e3 f5e4 e3c4 e4e1 b3c2 e1a1 c4e3 g6f7 d2d5 a1a4 c2d2 a4b4 d2d1 b4b3 d1e2 b3b2 d5d2 b2b5 e2d1 b5b3 d1c1 f6g5 d2e2 g5f6 e2d2 b3b5 c1d1 b5b4 d2d5 a5a4 d1e2 b4c3 d5h5 f7f8 e3g4 a4a3 g4f6
Warning; Bestmove does not match beginning of last PV - move c3c2 from SF_2300
Info; info depth 16 seldepth 37 multipv 1 score cp 734 nodes 595776 nps 2524474 hashfull 134 tbhits 0 time 236 pv g7f6 f2f4 a2a1r a8a1 c3a1 g3g4 a1h1 g4g5 f6g6 h2h4 h1h2 e2e3 h2h4
Position; fen rnbqkbnr/1p1ppp1p/p5p1/2p5/4P3/3P1N2/PPP1KPPP/RNBQ1B1R b kq - 0 1
Moves; g8f6 e4e5 f6g8 b1c3 b8c6 c1f4 f7f6 d1e1 g6g5 f4e3 g5g4 f3d2 f6e5 e3c5 d7d6 c5e3 d6d5 e3c5 c8f5 e2d1 b7b6 c5a3 h7h5 d1c1 h8h6 g2g3 g8f6 f1g2 d8c7 g2d5 f6d5 c3d5 c7b7 d2c4 a8d8 d5b6 c6d4 a3c5 f8g7 c4e3 f5d3 c2d3 h6c6 b6a4 d4e6 b2b4 b7b5 e3f5 g7f8 a2a3 b5a4 e1e5 d8d3 f5e3 f8g7 e5h5 e8d8 a1a2 e6c5 b4c5 a4b3 h5f5 b3c3 c1b1 c6c5 f5c5 c3c5 h1d1 c5c3 d1d3 c3d3 b1c1 d3c3 c1d1 c3b3 a2c2 g7c3 d1e2 b3b5 e2d1 b5b3 d1e2 b3b5 e2d1 b5d3 d1c1 a6a5 a3a4 d8d7 e3d1 c3d4 d1b2 d3a3 c1b1 d7e8 c2d2 a3c3 d2c2 c3e1 b1a2 e8f7 b2c4 d4f6 c4b2 e1e4 a2b1 e4e1 b1a2 e1e6 b2c4 e6d5 c2c1 d5g2 c1c2 g2h1 c4b2 h1e4 a2b1 e4e5 b1a2 e5e1 b2c4 e1e6 a2b3 f7g6 c2d2 e6f5 c4e3 f5e4 e3c4 e4e1 b3c2 e1a1 c4e3 g6f7 d2d5 a1a4 c2d2 a4b4 d2d1 b4b3 d1e2 b3b2 d5d2 b2b5 e2d1 b5b3 d1c1 f6g5 d2e2 g5f6 e2d2 b3b5 c1d1 b5b4 d2d5 a5a4 d1e2 b4c3 d5h5 f7f8 e3g4 a4a3 g4f6 a3a2 h5h8 f8g7 h8a8
Warning; Bestmove does not match beginning of last PV - move g7f6 from SF_2300
Info; info depth 13 seldepth 43 multipv 1 score cp 741 nodes 436493 nps 3186080 hashfull 70 tbhits 0 time 137 pv c3f6 h2h4 f6b2 e2d3 a2a1r a8a1 b2a1 f2f3 a1d1 d3e3
Position; fen rnbqkbnr/1p1ppp1p/p5p1/2p5/4P3/3P1N2/PPP1KPPP/RNBQ1B1R b kq - 0 1
Moves; g8f6 e4e5 f6g8 b1c3 b8c6 c1f4 f7f6 d1e1 g6g5 f4e3 g5g4 f3d2 f6e5 e3c5 d7d6 c5e3 d6d5 e3c5 c8f5 e2d1 b7b6 c5a3 h7h5 d1c1 h8h6 g2g3 g8f6 f1g2 d8c7 g2d5 f6d5 c3d5 c7b7 d2c4 a8d8 d5b6 c6d4 a3c5 f8g7 c4e3 f5d3 c2d3 h6c6 b6a4 d4e6 b2b4 b7b5 e3f5 g7f8 a2a3 b5a4 e1e5 d8d3 f5e3 f8g7 e5h5 e8d8 a1a2 e6c5 b4c5 a4b3 h5f5 b3c3 c1b1 c6c5 f5c5 c3c5 h1d1 c5c3 d1d3 c3d3 b1c1 d3c3 c1d1 c3b3 a2c2 g7c3 d1e2 b3b5 e2d1 b5b3 d1e2 b3b5 e2d1 b5d3 d1c1 a6a5 a3a4 d8d7 e3d1 c3d4 d1b2 d3a3 c1b1 d7e8 c2d2 a3c3 d2c2 c3e1 b1a2 e8f7 b2c4 d4f6 c4b2 e1e4 a2b1 e4e1 b1a2 e1e6 b2c4 e6d5 c2c1 d5g2 c1c2 g2h1 c4b2 h1e4 a2b1 e4e5 b1a2 e5e1 b2c4 e1e6 a2b3 f7g6 c2d2 e6f5 c4e3 f5e4 e3c4 e4e1 b3c2 e1a1 c4e3 g6f7 d2d5 a1a4 c2d2 a4b4 d2d1 b4b3 d1e2 b3b2 d5d2 b2b5 e2d1 b5b3 d1c1 f6g5 d2e2 g5f6 e2d2 b3b5 c1d1 b5b4 d2d5 a5a4 d1e2 b4c3 d5h5 f7f8 e3g4 a4a3 g4f6 a3a2 h5h8 f8g7 h8a8 c3c2 e2e3 c2c3 e3e2
Warning; Bestmove does not match beginning of last PV - move f6f7 from SF_2300
Info; info depth 15 seldepth 49 multipv 1 score cp 1016 nodes 1161533 nps 4178176 hashfull 64 tbhits 0 time 278 pv a2b1 f1e2 f6g6 e2d2 b1h1 h2h3 h1h3 d2e2 h3h5 e2d2 h5f3 d2e1 g6h6 e1d2 f3f2 d2c3 h6g6 c3c4
Position; fen rnbqkbnr/1p1ppp1p/p5p1/2p5/4P3/3P1N2/PPP1KPPP/RNBQ1B1R b kq - 0 1
Moves; g8f6 e4e5 f6g8 b1c3 b8c6 c1f4 f7f6 d1e1 g6g5 f4e3 g5g4 f3d2 f6e5 e3c5 d7d6 c5e3 d6d5 e3c5 c8f5 e2d1 b7b6 c5a3 h7h5 d1c1 h8h6 g2g3 g8f6 f1g2 d8c7 g2d5 f6d5 c3d5 c7b7 d2c4 a8d8 d5b6 c6d4 a3c5 f8g7 c4e3 f5d3 c2d3 h6c6 b6a4 d4e6 b2b4 b7b5 e3f5 g7f8 a2a3 b5a4 e1e5 d8d3 f5e3 f8g7 e5h5 e8d8 a1a2 e6c5 b4c5 a4b3 h5f5 b3c3 c1b1 c6c5 f5c5 c3c5 h1d1 c5c3 d1d3 c3d3 b1c1 d3c3 c1d1 c3b3 a2c2 g7c3 d1e2 b3b5 e2d1 b5b3 d1e2 b3b5 e2d1 b5d3 d1c1 a6a5 a3a4 d8d7 e3d1 c3d4 d1b2 d3a3 c1b1 d7e8 c2d2 a3c3 d2c2 c3e1 b1a2 e8f7 b2c4 d4f6 c4b2 e1e4 a2b1 e4e1 b1a2 e1e6 b2c4 e6d5 c2c1 d5g2 c1c2 g2h1 c4b2 h1e4 a2b1 e4e5 b1a2 e5e1 b2c4 e1e6 a2b3 f7g6 c2d2 e6f5 c4e3 f5e4 e3c4 e4e1 b3c2 e1a1 c4e3 g6f7 d2d5 a1a4 c2d2 a4b4 d2d1 b4b3 d1e2 b3b2 d5d2 b2b5 e2d1 b5b3 d1c1 f6g5 d2e2 g5f6 e2d2 b3b5 c1d1 b5b4 d2d5 a5a4 d1e2 b4c3 d5h5 f7f8 e3g4 a4a3 g4f6 a3a2 h5h8 f8g7 h8a8 c3c2 e2e3 c2c3 e3e2 g7f6 a8a2 c3c4 e2e1 c4a2 e1f1
Warning; Bestmove does not match beginning of last PV - move f7g6 from SF_2300
Info; info depth 11 seldepth 41 multipv 1 score cp 1008 nodes 130703 nps 4084468 hashfull 17 tbhits 0 time 32 pv a2a4 f2f3 a4d1 f1g2 d1e2 g2g1 e2f3 h4h5 f3h5 g1f1 h5h3 f1f2 h3h2 f2e3 f7g6 e3d3 h2g3 d3e4
Position; fen rnbqkbnr/1p1ppp1p/p5p1/2p5/4P3/3P1N2/PPP1KPPP/RNBQ1B1R b kq - 0 1
Moves; g8f6 e4e5 f6g8 b1c3 b8c6 c1f4 f7f6 d1e1 g6g5 f4e3 g5g4 f3d2 f6e5 e3c5 d7d6 c5e3 d6d5 e3c5 c8f5 e2d1 b7b6 c5a3 h7h5 d1c1 h8h6 g2g3 g8f6 f1g2 d8c7 g2d5 f6d5 c3d5 c7b7 d2c4 a8d8 d5b6 c6d4 a3c5 f8g7 c4e3 f5d3 c2d3 h6c6 b6a4 d4e6 b2b4 b7b5 e3f5 g7f8 a2a3 b5a4 e1e5 d8d3 f5e3 f8g7 e5h5 e8d8 a1a2 e6c5 b4c5 a4b3 h5f5 b3c3 c1b1 c6c5 f5c5 c3c5 h1d1 c5c3 d1d3 c3d3 b1c1 d3c3 c1d1 c3b3 a2c2 g7c3 d1e2 b3b5 e2d1 b5b3 d1e2 b3b5 e2d1 b5d3 d1c1 a6a5 a3a4 d8d7 e3d1 c3d4 d1b2 d3a3 c1b1 d7e8 c2d2 a3c3 d2c2 c3e1 b1a2 e8f7 b2c4 d4f6 c4b2 e1e4 a2b1 e4e1 b1a2 e1e6 b2c4 e6d5 c2c1 d5g2 c1c2 g2h1 c4b2 h1e4 a2b1 e4e5 b1a2 e5e1 b2c4 e1e6 a2b3 f7g6 c2d2 e6f5 c4e3 f5e4 e3c4 e4e1 b3c2 e1a1 c4e3 g6f7 d2d5 a1a4 c2d2 a4b4 d2d1 b4b3 d1e2 b3b2 d5d2 b2b5 e2d1 b5b3 d1c1 f6g5 d2e2 g5f6 e2d2 b3b5 c1d1 b5b4 d2d5 a5a4 d1e2 b4c3 d5h5 f7f8 e3g4 a4a3 g4f6 a3a2 h5h8 f8g7 h8a8 c3c2 e2e3 c2c3 e3e2 g7f6 a8a2 c3c4 e2e1 c4a2 e1f1 f6f7 h2h4
Warning; Bestmove does not match beginning of last PV - move a2a1 from SF_2300
Info; info depth 11 seldepth 19 multipv 1 score cp 1013 nodes 308196 nps 4340788 hashfull 26 tbhits 0 time 71 pv a2d2 f3f4 d2e3 f1g2 e3e2 g2g1 e2e1 g1g2 e1e3 f4f5 g6f5 g2f1 e3d3 f1e1 d3g3 e1d1 g3h4 d1c2
Position; fen rnbqkbnr/1p1ppp1p/p5p1/2p5/4P3/3P1N2/PPP1KPPP/RNBQ1B1R b kq - 0 1
Moves; g8f6 e4e5 f6g8 b1c3 b8c6 c1f4 f7f6 d1e1 g6g5 f4e3 g5g4 f3d2 f6e5 e3c5 d7d6 c5e3 d6d5 e3c5 c8f5 e2d1 b7b6 c5a3 h7h5 d1c1 h8h6 g2g3 g8f6 f1g2 d8c7 g2d5 f6d5 c3d5 c7b7 d2c4 a8d8 d5b6 c6d4 a3c5 f8g7 c4e3 f5d3 c2d3 h6c6 b6a4 d4e6 b2b4 b7b5 e3f5 g7f8 a2a3 b5a4 e1e5 d8d3 f5e3 f8g7 e5h5 e8d8 a1a2 e6c5 b4c5 a4b3 h5f5 b3c3 c1b1 c6c5 f5c5 c3c5 h1d1 c5c3 d1d3 c3d3 b1c1 d3c3 c1d1 c3b3 a2c2 g7c3 d1e2 b3b5 e2d1 b5b3 d1e2 b3b5 e2d1 b5d3 d1c1 a6a5 a3a4 d8d7 e3d1 c3d4 d1b2 d3a3 c1b1 d7e8 c2d2 a3c3 d2c2 c3e1 b1a2 e8f7 b2c4 d4f6 c4b2 e1e4 a2b1 e4e1 b1a2 e1e6 b2c4 e6d5 c2c1 d5g2 c1c2 g2h1 c4b2 h1e4 a2b1 e4e5 b1a2 e5e1 b2c4 e1e6 a2b3 f7g6 c2d2 e6f5 c4e3 f5e4 e3c4 e4e1 b3c2 e1a1 c4e3 g6f7 d2d5 a1a4 c2d2 a4b4 d2d1 b4b3 d1e2 b3b2 d5d2 b2b5 e2d1 b5b3 d1c1 f6g5 d2e2 g5f6 e2d2 b3b5 c1d1 b5b4 d2d5 a5a4 d1e2 b4c3 d5h5 f7f8 e3g4 a4a3 g4f6 a3a2 h5h8 f8g7 h8a8 c3c2 e2e3 c2c3 e3e2 g7f6 a8a2 c3c4 e2e1 c4a2 e1f1 f6f7 h2h4 f7g6 f2f3
Warning; Bestmove does not match beginning of last PV - move a1h1 from SF_2300
Info; info depth 12 seldepth 50 multipv 1 score cp 1035 nodes 273316 nps 4338349 hashfull 22 tbhits 0 time 63 pv a1e5 e2f2 e5d4 f2e2 d4g1 g3g4 g1d4 h4h5 g6g5 h5h6 g5h6 e2f1 h6g6 f1e2 d4f4 g4g5
Position; fen rnbqkbnr/1p1ppp1p/p5p1/2p5/4P3/3P1N2/PPP1KPPP/RNBQ1B1R b kq - 0 1
Moves; g8f6 e4e5 f6g8 b1c3 b8c6 c1f4 f7f6 d1e1 g6g5 f4e3 g5g4 f3d2 f6e5 e3c5 d7d6 c5e3 d6d5 e3c5 c8f5 e2d1 b7b6 c5a3 h7h5 d1c1 h8h6 g2g3 g8f6 f1g2 d8c7 g2d5 f6d5 c3d5 c7b7 d2c4 a8d8 d5b6 c6d4 a3c5 f8g7 c4e3 f5d3 c2d3 h6c6 b6a4 d4e6 b2b4 b7b5 e3f5 g7f8 a2a3 b5a4 e1e5 d8d3 f5e3 f8g7 e5h5 e8d8 a1a2 e6c5 b4c5 a4b3 h5f5 b3c3 c1b1 c6c5 f5c5 c3c5 h1d1 c5c3 d1d3 c3d3 b1c1 d3c3 c1d1 c3b3 a2c2 g7c3 d1e2 b3b5 e2d1 b5b3 d1e2 b3b5 e2d1 b5d3 d1c1 a6a5 a3a4 d8d7 e3d1 c3d4 d1b2 d3a3 c1b1 d7e8 c2d2 a3c3 d2c2 c3e1 b1a2 e8f7 b2c4 d4f6 c4b2 e1e4 a2b1 e4e1 b1a2 e1e6 b2c4 e6d5 c2c1 d5g2 c1c2 g2h1 c4b2 h1e4 a2b1 e4e5 b1a2 e5e1 b2c4 e1e6 a2b3 f7g6 c2d2 e6f5 c4e3 f5e4 e3c4 e4e1 b3c2 e1a1 c4e3 g6f7 d2d5 a1a4 c2d2 a4b4 d2d1 b4b3 d1e2 b3b2 d5d2 b2b5 e2d1 b5b3 d1c1 f6g5 d2e2 g5f6 e2d2 b3b5 c1d1 b5b4 d2d5 a5a4 d1e2 b4c3 d5h5 f7f8 e3g4 a4a3 g4f6 a3a2 h5h8 f8g7 h8a8 c3c2 e2e3 c2c3 e3e2 g7f6 a8a2 c3c4 e2e1 c4a2 e1f1 f6f7 h2h4 f7g6 f2f3 a2a1 f1e2
Warning; Bestmove does not match beginning of last PV - move h2h4 from SF_2300
Info; info depth 14 seldepth 53 multipv 1 score cp 8115 nodes 266533 nps 3807614 hashfull 28 tbhits 0 time 70 pv h2h1 f1f2 h1h2 f2e1 h2h4 e1e2 h4h2 e2e1 h2g1 e1e2 g6g5 f3f4 g5f4 g4g5 g1e3 e2d1
Position; fen rnbqkbnr/1p1ppp1p/p5p1/2p5/4P3/3P1N2/PPP1KPPP/RNBQ1B1R b kq - 0 1
Moves; g8f6 e4e5 f6g8 b1c3 b8c6 c1f4 f7f6 d1e1 g6g5 f4e3 g5g4 f3d2 f6e5 e3c5 d7d6 c5e3 d6d5 e3c5 c8f5 e2d1 b7b6 c5a3 h7h5 d1c1 h8h6 g2g3 g8f6 f1g2 d8c7 g2d5 f6d5 c3d5 c7b7 d2c4 a8d8 d5b6 c6d4 a3c5 f8g7 c4e3 f5d3 c2d3 h6c6 b6a4 d4e6 b2b4 b7b5 e3f5 g7f8 a2a3 b5a4 e1e5 d8d3 f5e3 f8g7 e5h5 e8d8 a1a2 e6c5 b4c5 a4b3 h5f5 b3c3 c1b1 c6c5 f5c5 c3c5 h1d1 c5c3 d1d3 c3d3 b1c1 d3c3 c1d1 c3b3 a2c2 g7c3 d1e2 b3b5 e2d1 b5b3 d1e2 b3b5 e2d1 b5d3 d1c1 a6a5 a3a4 d8d7 e3d1 c3d4 d1b2 d3a3 c1b1 d7e8 c2d2 a3c3 d2c2 c3e1 b1a2 e8f7 b2c4 d4f6 c4b2 e1e4 a2b1 e4e1 b1a2 e1e6 b2c4 e6d5 c2c1 d5g2 c1c2 g2h1 c4b2 h1e4 a2b1 e4e5 b1a2 e5e1 b2c4 e1e6 a2b3 f7g6 c2d2 e6f5 c4e3 f5e4 e3c4 e4e1 b3c2 e1a1 c4e3 g6f7 d2d5 a1a4 c2d2 a4b4 d2d1 b4b3 d1e2 b3b2 d5d2 b2b5 e2d1 b5b3 d1c1 f6g5 d2e2 g5f6 e2d2 b3b5 c1d1 b5b4 d2d5 a5a4 d1e2 b4c3 d5h5 f7f8 e3g4 a4a3 g4f6 a3a2 h5h8 f8g7 h8a8 c3c2 e2e3 c2c3 e3e2 g7f6 a8a2 c3c4 e2e1 c4a2 e1f1 f6f7 h2h4 f7g6 f2f3 a2a1 f1e2 a1h1 g3g4 h1h2 e2f1
Warning; Bestmove does not match beginning of last PV - move h4h1 from SF_2300
Info; info depth 13 seldepth 37 multipv 1 score cp 8115 nodes 108367 nps 3386468 hashfull 11 tbhits 0 time 32 pv h4g3 e2e3 g6g5 e3d3 g3f3 d3c2 f3e2 c2b3 g5f4 b3a3 e2f3 a3b4 f3g4 b4c3 g4h4 c3c2
Position; fen rnbqkbnr/1p1ppp1p/p5p1/2p5/4P3/3P1N2/PPP1KPPP/RNBQ1B1R b kq - 0 1
Moves; g8f6 e4e5 f6g8 b1c3 b8c6 c1f4 f7f6 d1e1 g6g5 f4e3 g5g4 f3d2 f6e5 e3c5 d7d6 c5e3 d6d5 e3c5 c8f5 e2d1 b7b6 c5a3 h7h5 d1c1 h8h6 g2g3 g8f6 f1g2 d8c7 g2d5 f6d5 c3d5 c7b7 d2c4 a8d8 d5b6 c6d4 a3c5 f8g7 c4e3 f5d3 c2d3 h6c6 b6a4 d4e6 b2b4 b7b5 e3f5 g7f8 a2a3 b5a4 e1e5 d8d3 f5e3 f8g7 e5h5 e8d8 a1a2 e6c5 b4c5 a4b3 h5f5 b3c3 c1b1 c6c5 f5c5 c3c5 h1d1 c5c3 d1d3 c3d3 b1c1 d3c3 c1d1 c3b3 a2c2 g7c3 d1e2 b3b5 e2d1 b5b3 d1e2 b3b5 e2d1 b5d3 d1c1 a6a5 a3a4 d8d7 e3d1 c3d4 d1b2 d3a3 c1b1 d7e8 c2d2 a3c3 d2c2 c3e1 b1a2 e8f7 b2c4 d4f6 c4b2 e1e4 a2b1 e4e1 b1a2 e1e6 b2c4 e6d5 c2c1 d5g2 c1c2 g2h1 c4b2 h1e4 a2b1 e4e5 b1a2 e5e1 b2c4 e1e6 a2b3 f7g6 c2d2 e6f5 c4e3 f5e4 e3c4 e4e1 b3c2 e1a1 c4e3 g6f7 d2d5 a1a4 c2d2 a4b4 d2d1 b4b3 d1e2 b3b2 d5d2 b2b5 e2d1 b5b3 d1c1 f6g5 d2e2 g5f6 e2d2 b3b5 c1d1 b5b4 d2d5 a5a4 d1e2 b4c3 d5h5 f7f8 e3g4 a4a3 g4f6 a3a2 h5h8 f8g7 h8a8 c3c2 e2e3 c2c3 e3e2 g7f6 a8a2 c3c4 e2e1 c4a2 e1f1 f6f7 h2h4 f7g6 f2f3 a2a1 f1e2 a1h1 g3g4 h1h2 e2f1 h2h4 f1e2
Warning; Bestmove does not match beginning of last PV - move h1h2 from SF_2300
Info; info depth 14 seldepth 48 multipv 1 score cp 8115 nodes 312167 nps 4524159 hashfull 18 tbhits 0 time 69 pv h1g1 e3d2 g1g3 d2c2 g3f3 g4g5 g6g5 c2d2 g5f4 d2c2 f3g4 c2d2 f4f3 d2c1
Position; fen rnbqkbnr/1p1ppp1p/p5p1/2p5/4P3/3P1N2/PPP1KPPP/RNBQ1B1R b kq - 0 1
Moves; g8f6 e4e5 f6g8 b1c3 b8c6 c1f4 f7f6 d1e1 g6g5 f4e3 g5g4 f3d2 f6e5 e3c5 d7d6 c5e3 d6d5 e3c5 c8f5 e2d1 b7b6 c5a3 h7h5 d1c1 h8h6 g2g3 g8f6 f1g2 d8c7 g2d5 f6d5 c3d5 c7b7 d2c4 a8d8 d5b6 c6d4 a3c5 f8g7 c4e3 f5d3 c2d3 h6c6 b6a4 d4e6 b2b4 b7b5 e3f5 g7f8 a2a3 b5a4 e1e5 d8d3 f5e3 f8g7 e5h5 e8d8 a1a2 e6c5 b4c5 a4b3 h5f5 b3c3 c1b1 c6c5 f5c5 c3c5 h1d1 c5c3 d1d3 c3d3 b1c1 d3c3 c1d1 c3b3 a2c2 g7c3 d1e2 b3b5 e2d1 b5b3 d1e2 b3b5 e2d1 b5d3 d1c1 a6a5 a3a4 d8d7 e3d1 c3d4 d1b2 d3a3 c1b1 d7e8 c2d2 a3c3 d2c2 c3e1 b1a2 e8f7 b2c4 d4f6 c4b2 e1e4 a2b1 e4e1 b1a2 e1e6 b2c4 e6d5 c2c1 d5g2 c1c2 g2h1 c4b2 h1e4 a2b1 e4e5 b1a2 e5e1 b2c4 e1e6 a2b3 f7g6 c2d2 e6f5 c4e3 f5e4 e3c4 e4e1 b3c2 e1a1 c4e3 g6f7 d2d5 a1a4 c2d2 a4b4 d2d1 b4b3 d1e2 b3b2 d5d2 b2b5 e2d1 b5b3 d1c1 f6g5 d2e2 g5f6 e2d2 b3b5 c1d1 b5b4 d2d5 a5a4 d1e2 b4c3 d5h5 f7f8 e3g4 a4a3 g4f6 a3a2 h5h8 f8g7 h8a8 c3c2 e2e3 c2c3 e3e2 g7f6 a8a2 c3c4 e2e1 c4a2 e1f1 f6f7 h2h4 f7g6 f2f3 a2a1 f1e2 a1h1 g3g4 h1h2 e2f1 h2h4 f1e2 h4h1 e2e3
Warning; Bestmove does not match beginning of last PV - move h2g3 from SF_2300
Info; info depth 16 seldepth 52 multipv 1 score cp 4973 nodes 213969 nps 3626593 hashfull 15 tbhits 0 time 59 pv h2h3 e3e4 h3g3 f3f4 g3f2 e4e5 f2e3 e5d5 e3f4 d5c6 g6g5 c6b7 f4f6 b7c7 g5h5 c7b8 h5g4 b8a7 f6h4 a7b6 g4f3 b6a7
Position; fen rnbqkbnr/1p1ppp1p/p5p1/2p5/4P3/3P1N2/PPP1KPPP/RNBQ1B1R b kq - 0 1
Moves; g8f6 e4e5 f6g8 b1c3 b8c6 c1f4 f7f6 d1e1 g6g5 f4e3 g5g4 f3d2 f6e5 e3c5 d7d6 c5e3 d6d5 e3c5 c8f5 e2d1 b7b6 c5a3 h7h5 d1c1 h8h6 g2g3 g8f6 f1g2 d8c7 g2d5 f6d5 c3d5 c7b7 d2c4 a8d8 d5b6 c6d4 a3c5 f8g7 c4e3 f5d3 c2d3 h6c6 b6a4 d4e6 b2b4 b7b5 e3f5 g7f8 a2a3 b5a4 e1e5 d8d3 f5e3 f8g7 e5h5 e8d8 a1a2 e6c5 b4c5 a4b3 h5f5 b3c3 c1b1 c6c5 f5c5 c3c5 h1d1 c5c3 d1d3 c3d3 b1c1 d3c3 c1d1 c3b3 a2c2 g7c3 d1e2 b3b5 e2d1 b5b3 d1e2 b3b5 e2d1 b5d3 d1c1 a6a5 a3a4 d8d7 e3d1 c3d4 d1b2 d3a3 c1b1 d7e8 c2d2 a3c3 d2c2 c3e1 b1a2 e8f7 b2c4 d4f6 c4b2 e1e4 a2b1 e4e1 b1a2 e1e6 b2c4 e6d5 c2c1 d5g2 c1c2 g2h1 c4b2 h1e4 a2b1 e4e5 b1a2 e5e1 b2c4 e1e6 a2b3 f7g6 c2d2 e6f5 c4e3 f5e4 e3c4 e4e1 b3c2 e1a1 c4e3 g6f7 d2d5 a1a4 c2d2 a4b4 d2d1 b4b3 d1e2 b3b2 d5d2 b2b5 e2d1 b5b3 d1c1 f6g5 d2e2 g5f6 e2d2 b3b5 c1d1 b5b4 d2d5 a5a4 d1e2 b4c3 d5h5 f7f8 e3g4 a4a3 g4f6 a3a2 h5h8 f8g7 h8a8 c3c2 e2e3 c2c3 e3e2 g7f6 a8a2 c3c4 e2e1 c4a2 e1f1 f6f7 h2h4 f7g6 f2f3 a2a1 f1e2 a1h1 g3g4 h1h2 e2f1 h2h4 f1e2 h4h1 e2e3 h1h2 g4g5
Warning; Bestmove does not match beginning of last PV - move g5f4 from SF_2300
Info; info depth 13 seldepth 56 multipv 1 score cp 4986 nodes 154190 nps 3854750 hashfull 15 tbhits 0 time 40 pv g5f6 d4e3 f6h4 e3d3 h4g3 d3e4 g6g5 e4d4 g5f4 d4c4 g3f3 c4c5 f3e2 c5d4 f4f3 d4d5 e2e4 d5c5 e4h4 c5b5 e7e5 b5b6
Position; fen rnbqkbnr/1p1ppp1p/p5p1/2p5/4P3/3P1N2/PPP1KPPP/RNBQ1B1R b kq - 0 1
Moves; g8f6 e4e5 f6g8 b1c3 b8c6 c1f4 f7f6 d1e1 g6g5 f4e3 g5g4 f3d2 f6e5 e3c5 d7d6 c5e3 d6d5 e3c5 c8f5 e2d1 b7b6 c5a3 h7h5 d1c1 h8h6 g2g3 g8f6 f1g2 d8c7 g2d5 f6d5 c3d5 c7b7 d2c4 a8d8 d5b6 c6d4 a3c5 f8g7 c4e3 f5d3 c2d3 h6c6 b6a4 d4e6 b2b4 b7b5 e3f5 g7f8 a2a3 b5a4 e1e5 d8d3 f5e3 f8g7 e5h5 e8d8 a1a2 e6c5 b4c5 a4b3 h5f5 b3c3 c1b1 c6c5 f5c5 c3c5 h1d1 c5c3 d1d3 c3d3 b1c1 d3c3 c1d1 c3b3 a2c2 g7c3 d1e2 b3b5 e2d1 b5b3 d1e2 b3b5 e2d1 b5d3 d1c1 a6a5 a3a4 d8d7 e3d1 c3d4 d1b2 d3a3 c1b1 d7e8 c2d2 a3c3 d2c2 c3e1 b1a2 e8f7 b2c4 d4f6 c4b2 e1e4 a2b1 e4e1 b1a2 e1e6 b2c4 e6d5 c2c1 d5g2 c1c2 g2h1 c4b2 h1e4 a2b1 e4e5 b1a2 e5e1 b2c4 e1e6 a2b3 f7g6 c2d2 e6f5 c4e3 f5e4 e3c4 e4e1 b3c2 e1a1 c4e3 g6f7 d2d5 a1a4 c2d2 a4b4 d2d1 b4b3 d1e2 b3b2 d5d2 b2b5 e2d1 b5b3 d1c1 f6g5 d2e2 g5f6 e2d2 b3b5 c1d1 b5b4 d2d5 a5a4 d1e2 b4c3 d5h5 f7f8 e3g4 a4a3 g4f6 a3a2 h5h8 f8g7 h8a8 c3c2 e2e3 c2c3 e3e2 g7f6 a8a2 c3c4 e2e1 c4a2 e1f1 f6f7 h2h4 f7g6 f2f3 a2a1 f1e2 a1h1 g3g4 h1h2 e2f1 h2h4 f1e2 h4h1 e2e3 h1h2 g4g5 h2g3 e3e4 g3g5 e4d4
Warning; Bestmove does not match beginning of last PV - move f3f4 from SF_2300
Info; info depth 16 seldepth 56 multipv 1 score cp 4915 nodes 180544 nps 4103272 hashfull 10 tbhits 0 time 44 pv e7e5 c5c4 f3e2 c4d5 e5e4 d5d4 e2f3 d4c5 e4e3 c5b6 f5g4 b6c5 f3f6 c5b5 g4f3 b5c4 f6h4 c4b3 f3f4
Position; fen rnbqkbnr/1p1ppp1p/p5p1/2p5/4P3/3P1N2/PPP1KPPP/RNBQ1B1R b kq - 0 1
Moves; g8f6 e4e5 f6g8 b1c3 b8c6 c1f4 f7f6 d1e1 g6g5 f4e3 g5g4 f3d2 f6e5 e3c5 d7d6 c5e3 d6d5 e3c5 c8f5 e2d1 b7b6 c5a3 h7h5 d1c1 h8h6 g2g3 g8f6 f1g2 d8c7 g2d5 f6d5 c3d5 c7b7 d2c4 a8d8 d5b6 c6d4 a3c5 f8g7 c4e3 f5d3 c2d3 h6c6 b6a4 d4e6 b2b4 b7b5 e3f5 g7f8 a2a3 b5a4 e1e5 d8d3 f5e3 f8g7 e5h5 e8d8 a1a2 e6c5 b4c5 a4b3 h5f5 b3c3 c1b1 c6c5 f5c5 c3c5 h1d1 c5c3 d1d3 c3d3 b1c1 d3c3 c1d1 c3b3 a2c2 g7c3 d1e2 b3b5 e2d1 b5b3 d1e2 b3b5 e2d1 b5d3 d1c1 a6a5 a3a4 d8d7 e3d1 c3d4 d1b2 d3a3 c1b1 d7e8 c2d2 a3c3 d2c2 c3e1 b1a2 e8f7 b2c4 d4f6 c4b2 e1e4 a2b1 e4e1 b1a2 e1e6 b2c4 e6d5 c2c1 d5g2 c1c2 g2h1 c4b2 h1e4 a2b1 e4e5 b1a2 e5e1 b2c4 e1e6 a2b3 f7g6 c2d2 e6f5 c4e3 f5e4 e3c4 e4e1 b3c2 e1a1 c4e3 g6f7 d2d5 a1a4 c2d2 a4b4 d2d1 b4b3 d1e2 b3b2 d5d2 b2b5 e2d1 b5b3 d1c1 f6g5 d2e2 g5f6 e2d2 b3b5 c1d1 b5b4 d2d5 a5a4 d1e2 b4c3 d5h5 f7f8 e3g4 a4a3 g4f6 a3a2 h5h8 f8g7 h8a8 c3c2 e2e3 c2c3 e3e2 g7f6 a8a2 c3c4 e2e1 c4a2 e1f1 f6f7 h2h4 f7g6 f2f3 a2a1 f1e2 a1h1 g3g4 h1h2 e2f1 h2h4 f1e2 h4h1 e2e3 h1h2 g4g5 h2g3 e3e4 g3g5 e4d4 g5f4 d4c5 f4f3 c5b4 g6f5 b4c5
Warning; Bestmove does not match beginning of last PV - move f4g4 from SF_2300
Info; info depth 16 seldepth 36 multipv 1 score cp 4913 nodes 145497 nps 4041583 hashfull 9 tbhits 0 time 36 pv f4d6 d5c4 d6f6 c4b4 e7e5 b4c3 e5e4 c3c4 f5g4 c4c5 g4f3 c5c4
Position; fen rnbqkbnr/1p1ppp1p/p5p1/2p5/4P3/3P1N2/PPP1KPPP/RNBQ1B1R b kq - 0 1
Moves; g8f6 e4e5 f6g8 b1c3 b8c6 c1f4 f7f6 d1e1 g6g5 f4e3 g5g4 f3d2 f6e5 e3c5 d7d6 c5e3 d6d5 e3c5 c8f5 e2d1 b7b6 c5a3 h7h5 d1c1 h8h6 g2g3 g8f6 f1g2 d8c7 g2d5 f6d5 c3d5 c7b7 d2c4 a8d8 d5b6 c6d4 a3c5 f8g7 c4e3 f5d3 c2d3 h6c6 b6a4 d4e6 b2b4 b7b5 e3f5 g7f8 a2a3 b5a4 e1e5 d8d3 f5e3 f8g7 e5h5 e8d8 a1a2 e6c5 b4c5 a4b3 h5f5 b3c3 c1b1 c6c5 f5c5 c3c5 h1d1 c5c3 d1d3 c3d3 b1c1 d3c3 c1d1 c3b3 a2c2 g7c3 d1e2 b3b5 e2d1 b5b3 d1e2 b3b5 e2d1 b5d3 d1c1 a6a5 a3a4 d8d7 e3d1 c3d4 d1b2 d3a3 c1b1 d7e8 c2d2 a3c3 d2c2 c3e1 b1a2 e8f7 b2c4 d4f6 c4b2 e1e4 a2b1 e4e1 b1a2 e1e6 b2c4 e6d5 c2c1 d5g2 c1c2 g2h1 c4b2 h1e4 a2b1 e4e5 b1a2 e5e1 b2c4 e1e6 a2b3 f7g6 c2d2 e6f5 c4e3 f5e4 e3c4 e4e1 b3c2 e1a1 c4e3 g6f7 d2d5 a1a4 c2d2 a4b4 d2d1 b4b3 d1e2 b3b2 d5d2 b2b5 e2d1 b5b3 d1c1 f6g5 d2e2 g5f6 e2d2 b3b5 c1d1 b5b4 d2d5 a5a4 d1e2 b4c3 d5h5 f7f8 e3g4 a4a3 g4f6 a3a2 h5h8 f8g7 h8a8 c3c2 e2e3 c2c3 e3e2 g7f6 a8a2 c3c4 e2e1 c4a2 e1f1 f6f7 h2h4 f7g6 f2f3 a2a1 f1e2 a1h1 g3g4 h1h2 e2f1 h2h4 f1e2 h4h1 e2e3 h1h2 g4g5 h2g3 e3e4 g3g5 e4d4 g5f4 d4c5 f4f3 c5b4 g6f5 b4c5 f3f4 c5d5
Warning; Bestmove does not match beginning of last PV - move g4f4 from SF_2300
Info; info depth 14 seldepth 25 multipv 1 score cp 4812 nodes 96777 nps 4032375 hashfull 7 tbhits 0 time 24 pv g4c4 b6a7 c4h4 a7b7 e5e4 b7c6 h4f2 c6b7 f2f4 b7b6 e4e3 b6a6
Position; fen rnbqkbnr/1p1ppp1p/p5p1/2p5/4P3/3P1N2/PPP1KPPP/RNBQ1B1R b kq - 0 1
Moves; g8f6 e4e5 f6g8 b1c3 b8c6 c1f4 f7f6 d1e1 g6g5 f4e3 g5g4 f3d2 f6e5 e3c5 d7d6 c5e3 d6d5 e3c5 c8f5 e2d1 b7b6 c5a3 h7h5 d1c1 h8h6 g2g3 g8f6 f1g2 d8c7 g2d5 f6d5 c3d5 c7b7 d2c4 a8d8 d5b6 c6d4 a3c5 f8g7 c4e3 f5d3 c2d3 h6c6 b6a4 d4e6 b2b4 b7b5 e3f5 g7f8 a2a3 b5a4 e1e5 d8d3 f5e3 f8g7 e5h5 e8d8 a1a2 e6c5 b4c5 a4b3 h5f5 b3c3 c1b1 c6c5 f5c5 c3c5 h1d1 c5c3 d1d3 c3d3 b1c1 d3c3 c1d1 c3b3 a2c2 g7c3 d1e2 b3b5 e2d1 b5b3 d1e2 b3b5 e2d1 b5d3 d1c1 a6a5 a3a4 d8d7 e3d1 c3d4 d1b2 d3a3 c1b1 d7e8 c2d2 a3c3 d2c2 c3e1 b1a2 e8f7 b2c4 d4f6 c4b2 e1e4 a2b1 e4e1 b1a2 e1e6 b2c4 e6d5 c2c1 d5g2 c1c2 g2h1 c4b2 h1e4 a2b1 e4e5 b1a2 e5e1 b2c4 e1e6 a2b3 f7g6 c2d2 e6f5 c4e3 f5e4 e3c4 e4e1 b3c2 e1a1 c4e3 g6f7 d2d5 a1a4 c2d2 a4b4 d2d1 b4b3 d1e2 b3b2 d5d2 b2b5 e2d1 b5b3 d1c1 f6g5 d2e2 g5f6 e2d2 b3b5 c1d1 b5b4 d2d5 a5a4 d1e2 b4c3 d5h5 f7f8 e3g4 a4a3 g4f6 a3a2 h5h8 f8g7 h8a8 c3c2 e2e3 c2c3 e3e2 g7f6 a8a2 c3c4 e2e1 c4a2 e1f1 f6f7 h2h4 f7g6 f2f3 a2a1 f1e2 a1h1 g3g4 h1h2 e2f1 h2h4 f1e2 h4h1 e2e3 h1h2 g4g5 h2g3 e3e4 g3g5 e4d4 g5f4 d4c5 f4f3 c5b4 g6f5 b4c5 f3f4 c5d5 f4g4 d5c5 e7e5 c5b6
Warning; Bestmove does not match beginning of last PV - move e5e4 from SF_2300
Info; info depth 11 seldepth 20 multipv 1 score cp 4883 nodes 19817 nps 2831000 hashfull 16 tbhits 0 time 7 pv d4d6 b7a7 e5e4 a7a8 g4f3 a8b7 d6f6 b7a7 e4e3
Position; fen rnbqkbnr/1p1ppp1p/p5p1/2p5/4P3/3P1N2/PPP1KPPP/RNBQ1B1R b kq - 0 1
Moves; g8f6 e4e5 f6g8 b1c3 b8c6 c1f4 f7f6 d1e1 g6g5 f4e3 g5g4 f3d2 f6e5 e3c5 d7d6 c5e3 d6d5 e3c5 c8f5 e2d1 b7b6 c5a3 h7h5 d1c1 h8h6 g2g3 g8f6 f1g2 d8c7 g2d5 f6d5 c3d5 c7b7 d2c4 a8d8 d5b6 c6d4 a3c5 f8g7 c4e3 f5d3 c2d3 h6c6 b6a4 d4e6 b2b4 b7b5 e3f5 g7f8 a2a3 b5a4 e1e5 d8d3 f5e3 f8g7 e5h5 e8d8 a1a2 e6c5 b4c5 a4b3 h5f5 b3c3 c1b1 c6c5 f5c5 c3c5 h1d1 c5c3 d1d3 c3d3 b1c1 d3c3 c1d1 c3b3 a2c2 g7c3 d1e2 b3b5 e2d1 b5b3 d1e2 b3b5 e2d1 b5d3 d1c1 a6a5 a3a4 d8d7 e3d1 c3d4 d1b2 d3a3 c1b1 d7e8 c2d2 a3c3 d2c2 c3e1 b1a2 e8f7 b2c4 d4f6 c4b2 e1e4 a2b1 e4e1 b1a2 e1e6 b2c4 e6d5 c2c1 d5g2 c1c2 g2h1 c4b2 h1e4 a2b1 e4e5 b1a2 e5e1 b2c4 e1e6 a2b3 f7g6 c2d2 e6f5 c4e3 f5e4 e3c4 e4e1 b3c2 e1a1 c4e3 g6f7 d2d5 a1a4 c2d2 a4b4 d2d1 b4b3 d1e2 b3b2 d5d2 b2b5 e2d1 b5b3 d1c1 f6g5 d2e2 g5f6 e2d2 b3b5 c1d1 b5b4 d2d5 a5a4 d1e2 b4c3 d5h5 f7f8 e3g4 a4a3 g4f6 a3a2 h5h8 f8g7 h8a8 c3c2 e2e3 c2c3 e3e2 g7f6 a8a2 c3c4 e2e1 c4a2 e1f1 f6f7 h2h4 f7g6 f2f3 a2a1 f1e2 a1h1 g3g4 h1h2 e2f1 h2h4 f1e2 h4h1 e2e3 h1h2 g4g5 h2g3 e3e4 g3g5 e4d4 g5f4 d4c5 f4f3 c5b4 g6f5 b4c5 f3f4 c5d5 f4g4 d5c5 e7e5 c5b6 g4f4 b6b7 f4d4 b7c6 f5g4 c6b7
Warning; Bestmove does not match beginning of last PV - move g4f5 from SF_2300
Info; info depth 10 seldepth 20 multipv 1 score cp 4891 nodes 15950 nps 3190000 hashfull 9 tbhits 0 time 5 pv d4f6 c7b7 f6d6 b7a7 g4f4 a7b7 f4f3 b7a7 d6f6 a7b7 e4e3 b7a7 e3e2 a7b8 f6f4 b8a7 f4h4
Position; fen rnbqkbnr/1p1ppp1p/p5p1/2p5/4P3/3P1N2/PPP1KPPP/RNBQ1B1R b kq - 0 1
Moves; g8f6 e4e5 f6g8 b1c3 b8c6 c1f4 f7f6 d1e1 g6g5 f4e3 g5g4 f3d2 f6e5 e3c5 d7d6 c5e3 d6d5 e3c5 c8f5 e2d1 b7b6 c5a3 h7h5 d1c1 h8h6 g2g3 g8f6 f1g2 d8c7 g2d5 f6d5 c3d5 c7b7 d2c4 a8d8 d5b6 c6d4 a3c5 f8g7 c4e3 f5d3 c2d3 h6c6 b6a4 d4e6 b2b4 b7b5 e3f5 g7f8 a2a3 b5a4 e1e5 d8d3 f5e3 f8g7 e5h5 e8d8 a1a2 e6c5 b4c5 a4b3 h5f5 b3c3 c1b1 c6c5 f5c5 c3c5 h1d1 c5c3 d1d3 c3d3 b1c1 d3c3 c1d1 c3b3 a2c2 g7c3 d1e2 b3b5 e2d1 b5b3 d1e2 b3b5 e2d1 b5d3 d1c1 a6a5 a3a4 d8d7 e3d1 c3d4 d1b2 d3a3 c1b1 d7e8 c2d2 a3c3 d2c2 c3e1 b1a2 e8f7 b2c4 d4f6 c4b2 e1e4 a2b1 e4e1 b1a2 e1e6 b2c4 e6d5 c2c1 d5g2 c1c2 g2h1 c4b2 h1e4 a2b1 e4e5 b1a2 e5e1 b2c4 e1e6 a2b3 f7g6 c2d2 e6f5 c4e3 f5e4 e3c4 e4e1 b3c2 e1a1 c4e3 g6f7 d2d5 a1a4 c2d2 a4b4 d2d1 b4b3 d1e2 b3b2 d5d2 b2b5 e2d1 b5b3 d1c1 f6g5 d2e2 g5f6 e2d2 b3b5 c1d1 b5b4 d2d5 a5a4 d1e2 b4c3 d5h5 f7f8 e3g4 a4a3 g4f6 a3a2 h5h8 f8g7 h8a8 c3c2 e2e3 c2c3 e3e2 g7f6 a8a2 c3c4 e2e1 c4a2 e1f1 f6f7 h2h4 f7g6 f2f3 a2a1 f1e2 a1h1 g3g4 h1h2 e2f1 h2h4 f1e2 h4h1 e2e3 h1h2 g4g5 h2g3 e3e4 g3g5 e4d4 g5f4 d4c5 f4f3 c5b4 g6f5 b4c5 f3f4 c5d5 f4g4 d5c5 e7e5 c5b6 g4f4 b6b7 f4d4 b7c6 f5g4 c6b7 e5e4 b7c7
Warning; Bestmove does not match beginning of last PV - move f4g3 from SF_2300
Info; info depth 1 seldepth 3 multipv 1 score cp 4891 nodes 114 nps 114000 hashfull 37 tbhits 0 time 1 pv g4f3
Position; fen rnbqkbnr/1p1ppp1p/p5p1/2p5/4P3/3P1N2/PPP1KPPP/RNBQ1B1R b kq - 0 1
Moves; g8f6 e4e5 f6g8 b1c3 b8c6 c1f4 f7f6 d1e1 g6g5 f4e3 g5g4 f3d2 f6e5 e3c5 d7d6 c5e3 d6d5 e3c5 c8f5 e2d1 b7b6 c5a3 h7h5 d1c1 h8h6 g2g3 g8f6 f1g2 d8c7 g2d5 f6d5 c3d5 c7b7 d2c4 a8d8 d5b6 c6d4 a3c5 f8g7 c4e3 f5d3 c2d3 h6c6 b6a4 d4e6 b2b4 b7b5 e3f5 g7f8 a2a3 b5a4 e1e5 d8d3 f5e3 f8g7 e5h5 e8d8 a1a2 e6c5 b4c5 a4b3 h5f5 b3c3 c1b1 c6c5 f5c5 c3c5 h1d1 c5c3 d1d3 c3d3 b1c1 d3c3 c1d1 c3b3 a2c2 g7c3 d1e2 b3b5 e2d1 b5b3 d1e2 b3b5 e2d1 b5d3 d1c1 a6a5 a3a4 d8d7 e3d1 c3d4 d1b2 d3a3 c1b1 d7e8 c2d2 a3c3 d2c2 c3e1 b1a2 e8f7 b2c4 d4f6 c4b2 e1e4 a2b1 e4e1 b1a2 e1e6 b2c4 e6d5 c2c1 d5g2 c1c2 g2h1 c4b2 h1e4 a2b1 e4e5 b1a2 e5e1 b2c4 e1e6 a2b3 f7g6 c2d2 e6f5 c4e3 f5e4 e3c4 e4e1 b3c2 e1a1 c4e3 g6f7 d2d5 a1a4 c2d2 a4b4 d2d1 b4b3 d1e2 b3b2 d5d2 b2b5 e2d1 b5b3 d1c1 f6g5 d2e2 g5f6 e2d2 b3b5 c1d1 b5b4 d2d5 a5a4 d1e2 b4c3 d5h5 f7f8 e3g4 a4a3 g4f6 a3a2 h5h8 f8g7 h8a8 c3c2 e2e3 c2c3 e3e2 g7f6 a8a2 c3c4 e2e1 c4a2 e1f1 f6f7 h2h4 f7g6 f2f3 a2a1 f1e2 a1h1 g3g4 h1h2 e2f1 h2h4 f1e2 h4h1 e2e3 h1h2 g4g5 h2g3 e3e4 g3g5 e4d4 g5f4 d4c5 f4f3 c5b4 g6f5 b4c5 f3f4 c5d5 f4g4 d5c5 e7e5 c5b6 g4f4 b6b7 f4d4 b7c6 f5g4 c6b7 e5e4 b7c7 g4f5 c7c6 f5g5 c6b5 g5f4 b5a6 f4g4 a6b5 d4d3 b5b4 d3d4 b4b5 e4e3 b5a6 d4d6 a6b5 d6h2 b5c5 h2f4 c5b6
Warning; Bestmove does not match beginning of last PV - move e3e2 from SF_2300
Info; info depth 32 seldepth 10 multipv 1 score mate 5 nodes 291510 nps 3005257 hashfull 128 tbhits 0 time 97 pv g3d6 b7c8 e3e2 c8b7 e2e1q b7a8 e1e8 a8b7 e8b8
Position; fen rnbqkbnr/1p1ppp1p/p5p1/2p5/4P3/3P1N2/PPP1KPPP/RNBQ1B1R b kq - 0 1
Moves; g8f6 e4e5 f6g8 b1c3 b8c6 c1f4 f7f6 d1e1 g6g5 f4e3 g5g4 f3d2 f6e5 e3c5 d7d6 c5e3 d6d5 e3c5 c8f5 e2d1 b7b6 c5a3 h7h5 d1c1 h8h6 g2g3 g8f6 f1g2 d8c7 g2d5 f6d5 c3d5 c7b7 d2c4 a8d8 d5b6 c6d4 a3c5 f8g7 c4e3 f5d3 c2d3 h6c6 b6a4 d4e6 b2b4 b7b5 e3f5 g7f8 a2a3 b5a4 e1e5 d8d3 f5e3 f8g7 e5h5 e8d8 a1a2 e6c5 b4c5 a4b3 h5f5 b3c3 c1b1 c6c5 f5c5 c3c5 h1d1 c5c3 d1d3 c3d3 b1c1 d3c3 c1d1 c3b3 a2c2 g7c3 d1e2 b3b5 e2d1 b5b3 d1e2 b3b5 e2d1 b5d3 d1c1 a6a5 a3a4 d8d7 e3d1 c3d4 d1b2 d3a3 c1b1 d7e8 c2d2 a3c3 d2c2 c3e1 b1a2 e8f7 b2c4 d4f6 c4b2 e1e4 a2b1 e4e1 b1a2 e1e6 b2c4 e6d5 c2c1 d5g2 c1c2 g2h1 c4b2 h1e4 a2b1 e4e5 b1a2 e5e1 b2c4 e1e6 a2b3 f7g6 c2d2 e6f5 c4e3 f5e4 e3c4 e4e1 b3c2 e1a1 c4e3 g6f7 d2d5 a1a4 c2d2 a4b4 d2d1 b4b3 d1e2 b3b2 d5d2 b2b5 e2d1 b5b3 d1c1 f6g5 d2e2 g5f6 e2d2 b3b5 c1d1 b5b4 d2d5 a5a4 d1e2 b4c3 d5h5 f7f8 e3g4 a4a3 g4f6 a3a2 h5h8 f8g7 h8a8 c3c2 e2e3 c2c3 e3e2 g7f6 a8a2 c3c4 e2e1 c4a2 e1f1 f6f7 h2h4 f7g6 f2f3 a2a1 f1e2 a1h1 g3g4 h1h2 e2f1 h2h4 f1e2 h4h1 e2e3 h1h2 g4g5 h2g3 e3e4 g3g5 e4d4 g5f4 d4c5 f4f3 c5b4 g6f5 b4c5 f3f4 c5d5 f4g4 d5c5 e7e5 c5b6 g4f4 b6b7 f4d4 b7c6 f5g4 c6b7 e5e4 b7c7 g4f5 c7c6 f5g5 c6b5 g5f4 b5a6 f4g4 a6b5 d4d3 b5b4 d3d4 b4b5 e4e3 b5a6 d4d6 a6b5 d6h2 b5c5 h2f4 c5b6 f4g3 b6b7
Warning; Bestmove does not match beginning of last PV - move e2e1q from SF_2300
Info; info depth 159 seldepth 8 multipv 1 score mate 4 nodes 911392 nps 6904484 hashfull 46 tbhits 0 time 132 pv g3d6 c8b7 e2e1q b7a8 e1e8 a8b7 e8b8
Position; fen rnbqkbnr/1p1ppp1p/p5p1/2p5/4P3/3P1N2/PPP1KPPP/RNBQ1B1R b kq - 0 1
Moves; g8f6 e4e5 f6g8 b1c3 b8c6 c1f4 f7f6 d1e1 g6g5 f4e3 g5g4 f3d2 f6e5 e3c5 d7d6 c5e3 d6d5 e3c5 c8f5 e2d1 b7b6 c5a3 h7h5 d1c1 h8h6 g2g3 g8f6 f1g2 d8c7 g2d5 f6d5 c3d5 c7b7 d2c4 a8d8 d5b6 c6d4 a3c5 f8g7 c4e3 f5d3 c2d3 h6c6 b6a4 d4e6 b2b4 b7b5 e3f5 g7f8 a2a3 b5a4 e1e5 d8d3 f5e3 f8g7 e5h5 e8d8 a1a2 e6c5 b4c5 a4b3 h5f5 b3c3 c1b1 c6c5 f5c5 c3c5 h1d1 c5c3 d1d3 c3d3 b1c1 d3c3 c1d1 c3b3 a2c2 g7c3 d1e2 b3b5 e2d1 b5b3 d1e2 b3b5 e2d1 b5d3 d1c1 a6a5 a3a4 d8d7 e3d1 c3d4 d1b2 d3a3 c1b1 d7e8 c2d2 a3c3 d2c2 c3e1 b1a2 e8f7 b2c4 d4f6 c4b2 e1e4 a2b1 e4e1 b1a2 e1e6 b2c4 e6d5 c2c1 d5g2 c1c2 g2h1 c4b2 h1e4 a2b1 e4e5 b1a2 e5e1 b2c4 e1e6 a2b3 f7g6 c2d2 e6f5 c4e3 f5e4 e3c4 e4e1 b3c2 e1a1 c4e3 g6f7 d2d5 a1a4 c2d2 a4b4 d2d1 b4b3 d1e2 b3b2 d5d2 b2b5 e2d1 b5b3 d1c1 f6g5 d2e2 g5f6 e2d2 b3b5 c1d1 b5b4 d2d5 a5a4 d1e2 b4c3 d5h5 f7f8 e3g4 a4a3 g4f6 a3a2 h5h8 f8g7 h8a8 c3c2 e2e3 c2c3 e3e2 g7f6 a8a2 c3c4 e2e1 c4a2 e1f1 f6f7 h2h4 f7g6 f2f3 a2a1 f1e2 a1h1 g3g4 h1h2 e2f1 h2h4 f1e2 h4h1 e2e3 h1h2 g4g5 h2g3 e3e4 g3g5 e4d4 g5f4 d4c5 f4f3 c5b4 g6f5 b4c5 f3f4 c5d5 f4g4 d5c5 e7e5 c5b6 g4f4 b6b7 f4d4 b7c6 f5g4 c6b7 e5e4 b7c7 g4f5 c7c6 f5g5 c6b5 g5f4 b5a6 f4g4 a6b5 d4d3 b5b4 d3d4 b4b5 e4e3 b5a6 d4d6 a6b5 d6h2 b5c5 h2f4 c5b6 f4g3 b6b7 e3e2 b7c8
Warning; Bestmove does not match beginning of last PV - move g3e5 from SF_2300
Info; info depth 245 seldepth 4 multipv 1 score mate 2 nodes 580254 nps 7736720 hashfull 10 tbhits 0 time 75 pv e1a5 b7c8 a5c7
Position; fen rnbqkbnr/1p1ppp1p/p5p1/2p5/4P3/3P1N2/PPP1KPPP/RNBQ1B1R b kq - 0 1
Moves; g8f6 e4e5 f6g8 b1c3 b8c6 c1f4 f7f6 d1e1 g6g5 f4e3 g5g4 f3d2 f6e5 e3c5 d7d6 c5e3 d6d5 e3c5 c8f5 e2d1 b7b6 c5a3 h7h5 d1c1 h8h6 g2g3 g8f6 f1g2 d8c7 g2d5 f6d5 c3d5 c7b7 d2c4 a8d8 d5b6 c6d4 a3c5 f8g7 c4e3 f5d3 c2d3 h6c6 b6a4 d4e6 b2b4 b7b5 e3f5 g7f8 a2a3 b5a4 e1e5 d8d3 f5e3 f8g7 e5h5 e8d8 a1a2 e6c5 b4c5 a4b3 h5f5 b3c3 c1b1 c6c5 f5c5 c3c5 h1d1 c5c3 d1d3 c3d3 b1c1 d3c3 c1d1 c3b3 a2c2 g7c3 d1e2 b3b5 e2d1 b5b3 d1e2 b3b5 e2d1 b5d3 d1c1 a6a5 a3a4 d8d7 e3d1 c3d4 d1b2 d3a3 c1b1 d7e8 c2d2 a3c3 d2c2 c3e1 b1a2 e8f7 b2c4 d4f6 c4b2 e1e4 a2b1 e4e1 b1a2 e1e6 b2c4 e6d5 c2c1 d5g2 c1c2 g2h1 c4b2 h1e4 a2b1 e4e5 b1a2 e5e1 b2c4 e1e6 a2b3 f7g6 c2d2 e6f5 c4e3 f5e4 e3c4 e4e1 b3c2 e1a1 c4e3 g6f7 d2d5 a1a4 c2d2 a4b4 d2d1 b4b3 d1e2 b3b2 d5d2 b2b5 e2d1 b5b3 d1c1 f6g5 d2e2 g5f6 e2d2 b3b5 c1d1 b5b4 d2d5 a5a4 d1e2 b4c3 d5h5 f7f8 e3g4 a4a3 g4f6 a3a2 h5h8 f8g7 h8a8 c3c2 e2e3 c2c3 e3e2 g7f6 a8a2 c3c4 e2e1 c4a2 e1f1 f6f7 h2h4 f7g6 f2f3 a2a1 f1e2 a1h1 g3g4 h1h2 e2f1 h2h4 f1e2 h4h1 e2e3 h1h2 g4g5 h2g3 e3e4 g3g5 e4d4 g5f4 d4c5 f4f3 c5b4 g6f5 b4c5 f3f4 c5d5 f4g4 d5c5 e7e5 c5b6 g4f4 b6b7 f4d4 b7c6 f5g4 c6b7 e5e4 b7c7 g4f5 c7c6 f5g5 c6b5 g5f4 b5a6 f4g4 a6b5 d4d3 b5b4 d3d4 b4b5 e4e3 b5a6 d4d6 a6b5 d6h2 b5c5 h2f4 c5b6 f4g3 b6b7 e3e2 b7c8 e2e1q c8b7
Warning; Bestmove does not match beginning of last PV - move e5c7 from SF_2300
Info; info depth 245 seldepth 4 multipv 1 score mate 2 nodes 64232 nps 5352666 hashfull 12 tbhits 0 time 12 pv e1a5 a6b7 e5c7
Position; fen rnbqkbnr/1p1ppp1p/p5p1/2p5/4P3/3P1N2/PPP1KPPP/RNBQ1B1R b kq - 0 1
Moves; g8f6 e4e5 f6g8 b1c3 b8c6 c1f4 f7f6 d1e1 g6g5 f4e3 g5g4 f3d2 f6e5 e3c5 d7d6 c5e3 d6d5 e3c5 c8f5 e2d1 b7b6 c5a3 h7h5 d1c1 h8h6 g2g3 g8f6 f1g2 d8c7 g2d5 f6d5 c3d5 c7b7 d2c4 a8d8 d5b6 c6d4 a3c5 f8g7 c4e3 f5d3 c2d3 h6c6 b6a4 d4e6 b2b4 b7b5 e3f5 g7f8 a2a3 b5a4 e1e5 d8d3 f5e3 f8g7 e5h5 e8d8 a1a2 e6c5 b4c5 a4b3 h5f5 b3c3 c1b1 c6c5 f5c5 c3c5 h1d1 c5c3 d1d3 c3d3 b1c1 d3c3 c1d1 c3b3 a2c2 g7c3 d1e2 b3b5 e2d1 b5b3 d1e2 b3b5 e2d1 b5d3 d1c1 a6a5 a3a4 d8d7 e3d1 c3d4 d1b2 d3a3 c1b1 d7e8 c2d2 a3c3 d2c2 c3e1 b1a2 e8f7 b2c4 d4f6 c4b2 e1e4 a2b1 e4e1 b1a2 e1e6 b2c4 e6d5 c2c1 d5g2 c1c2 g2h1 c4b2 h1e4 a2b1 e4e5 b1a2 e5e1 b2c4 e1e6 a2b3 f7g6 c2d2 e6f5 c4e3 f5e4 e3c4 e4e1 b3c2 e1a1 c4e3 g6f7 d2d5 a1a4 c2d2 a4b4 d2d1 b4b3 d1e2 b3b2 d5d2 b2b5 e2d1 b5b3 d1c1 f6g5 d2e2 g5f6 e2d2 b3b5 c1d1 b5b4 d2d5 a5a4 d1e2 b4c3 d5h5 f7f8 e3g4 a4a3 g4f6 a3a2 h5h8 f8g7 h8a8 c3c2 e2e3 c2c3 e3e2 g7f6 a8a2 c3c4 e2e1 c4a2 e1f1 f6f7 h2h4 f7g6 f2f3 a2a1 f1e2 a1h1 g3g4 h1h2 e2f1 h2h4 f1e2 h4h1 e2e3 h1h2 g4g5 h2g3 e3e4 g3g5 e4d4 g5f4 d4c5 f4f3 c5b4 g6f5 b4c5 f3f4 c5d5 f4g4 d5c5 e7e5 c5b6 g4f4 b6b7 f4d4 b7c6 f5g4 c6b7 e5e4 b7c7 g4f5 c7c6 f5g5 c6b5 g5f4 b5a6 f4g4 a6b5 d4d3 b5b4 d3d4 b4b5 e4e3 b5a6 d4d6 a6b5 d6h2 b5c5 h2f4 c5b6 f4g3 b6b7 e3e2 b7c8 e2e1q c8b7 g3e5 b7a6
Warning; Bestmove does not match beginning of last PV - move c7d6 from SF_2300
Info; info depth 245 seldepth 2 multipv 1 score mate 1 nodes 67492 nps 5191692 hashfull 8 tbhits 0 time 13 pv e1a5
Position; fen rnbqkbnr/1p1ppp1p/p5p1/2p5/4P3/3P1N2/PPP1KPPP/RNBQ1B1R b kq - 0 1
Moves; g8f6 e4e5 f6g8 b1c3 b8c6 c1f4 f7f6 d1e1 g6g5 f4e3 g5g4 f3d2 f6e5 e3c5 d7d6 c5e3 d6d5 e3c5 c8f5 e2d1 b7b6 c5a3 h7h5 d1c1 h8h6 g2g3 g8f6 f1g2 d8c7 g2d5 f6d5 c3d5 c7b7 d2c4 a8d8 d5b6 c6d4 a3c5 f8g7 c4e3 f5d3 c2d3 h6c6 b6a4 d4e6 b2b4 b7b5 e3f5 g7f8 a2a3 b5a4 e1e5 d8d3 f5e3 f8g7 e5h5 e8d8 a1a2 e6c5 b4c5 a4b3 h5f5 b3c3 c1b1 c6c5 f5c5 c3c5 h1d1 c5c3 d1d3 c3d3 b1c1 d3c3 c1d1 c3b3 a2c2 g7c3 d1e2 b3b5 e2d1 b5b3 d1e2 b3b5 e2d1 b5d3 d1c1 a6a5 a3a4 d8d7 e3d1 c3d4 d1b2 d3a3 c1b1 d7e8 c2d2 a3c3 d2c2 c3e1 b1a2 e8f7 b2c4 d4f6 c4b2 e1e4 a2b1 e4e1 b1a2 e1e6 b2c4 e6d5 c2c1 d5g2 c1c2 g2h1 c4b2 h1e4 a2b1 e4e5 b1a2 e5e1 b2c4 e1e6 a2b3 f7g6 c2d2 e6f5 c4e3 f5e4 e3c4 e4e1 b3c2 e1a1 c4e3 g6f7 d2d5 a1a4 c2d2 a4b4 d2d1 b4b3 d1e2 b3b2 d5d2 b2b5 e2d1 b5b3 d1c1 f6g5 d2e2 g5f6 e2d2 b3b5 c1d1 b5b4 d2d5 a5a4 d1e2 b4c3 d5h5 f7f8 e3g4 a4a3 g4f6 a3a2 h5h8 f8g7 h8a8 c3c2 e2e3 c2c3 e3e2 g7f6 a8a2 c3c4 e2e1 c4a2 e1f1 f6f7 h2h4 f7g6 f2f3 a2a1 f1e2 a1h1 g3g4 h1h2 e2f1 h2h4 f1e2 h4h1 e2e3 h1h2 g4g5 h2g3 e3e4 g3g5 e4d4 g5f4 d4c5 f4f3 c5b4 g6f5 b4c5 f3f4 c5d5 f4g4 d5c5 e7e5 c5b6 g4f4 b6b7 f4d4 b7c6 f5g4 c6b7 e5e4 b7c7 g4f5 c7c6 f5g5 c6b5 g5f4 b5a6 f4g4 a6b5 d4d3 b5b4 d3d4 b4b5 e4e3 b5a6 d4d6 a6b5 d6h2 b5c5 h2f4 c5b6 f4g3 b6b7 e3e2 b7c8 e2e1q c8b7 g3e5 b7a6 e5c7 a6b5
Warning; Bestmove does not match beginning of last PV - move d6c6 from SF_2300
Info; info depth 245 seldepth 2 multipv 1 score mate 1 nodes 69919 nps 5378384 hashfull 12 tbhits 0 time 13 pv e1b4
Position; fen rnbqkbnr/1p1ppp1p/p5p1/2p5/4P3/3P1N2/PPP1KPPP/RNBQ1B1R b kq - 0 1
Moves; g8f6 e4e5 f6g8 b1c3 b8c6 c1f4 f7f6 d1e1 g6g5 f4e3 g5g4 f3d2 f6e5 e3c5 d7d6 c5e3 d6d5 e3c5 c8f5 e2d1 b7b6 c5a3 h7h5 d1c1 h8h6 g2g3 g8f6 f1g2 d8c7 g2d5 f6d5 c3d5 c7b7 d2c4 a8d8 d5b6 c6d4 a3c5 f8g7 c4e3 f5d3 c2d3 h6c6 b6a4 d4e6 b2b4 b7b5 e3f5 g7f8 a2a3 b5a4 e1e5 d8d3 f5e3 f8g7 e5h5 e8d8 a1a2 e6c5 b4c5 a4b3 h5f5 b3c3 c1b1 c6c5 f5c5 c3c5 h1d1 c5c3 d1d3 c3d3 b1c1 d3c3 c1d1 c3b3 a2c2 g7c3 d1e2 b3b5 e2d1 b5b3 d1e2 b3b5 e2d1 b5d3 d1c1 a6a5 a3a4 d8d7 e3d1 c3d4 d1b2 d3a3 c1b1 d7e8 c2d2 a3c3 d2c2 c3e1 b1a2 e8f7 b2c4 d4f6 c4b2 e1e4 a2b1 e4e1 b1a2 e1e6 b2c4 e6d5 c2c1 d5g2 c1c2 g2h1 c4b2 h1e4 a2b1 e4e5 b1a2 e5e1 b2c4 e1e6 a2b3 f7g6 c2d2 e6f5 c4e3 f5e4 e3c4 e4e1 b3c2 e1a1 c4e3 g6f7 d2d5 a1a4 c2d2 a4b4 d2d1 b4b3 d1e2 b3b2 d5d2 b2b5 e2d1 b5b3 d1c1 f6g5 d2e2 g5f6 e2d2 b3b5 c1d1 b5b4 d2d5 a5a4 d1e2 b4c3 d5h5 f7f8 e3g4 a4a3 g4f6 a3a2 h5h8 f8g7 h8a8 c3c2 e2e3 c2c3 e3e2 g7f6 a8a2 c3c4 e2e1 c4a2 e1f1 f6f7 h2h4 f7g6 f2f3 a2a1 f1e2 a1h1 g3g4 h1h2 e2f1 h2h4 f1e2 h4h1 e2e3 h1h2 g4g5 h2g3 e3e4 g3g5 e4d4 g5f4 d4c5 f4f3 c5b4 g6f5 b4c5 f3f4 c5d5 f4g4 d5c5 e7e5 c5b6 g4f4 b6b7 f4d4 b7c6 f5g4 c6b7 e5e4 b7c7 g4f5 c7c6 f5g5 c6b5 g5f4 b5a6 f4g4 a6b5 d4d3 b5b4 d3d4 b4b5 e4e3 b5a6 d4d6 a6b5 d6h2 b5c5 h2f4 c5b6 f4g3 b6b7 e3e2 b7c8 e2e1q c8b7 g3e5 b7a6 e5c7 a6b5 c7d6 b5c4
Warning; Bestmove does not match beginning of last PV - move c6b6 from SF_2300
Info; info depth 245 seldepth 4 multipv 1 score mate 2 nodes 70271 nps 5019357 hashfull 16 tbhits 0 time 14 pv c6b5 b3a2 e1a5
Position; fen rnbqkbnr/1p1ppp1p/p5p1/2p5/4P3/3P1N2/PPP1KPPP/RNBQ1B1R b kq - 0 1
Moves; g8f6 e4e5 f6g8 b1c3 b8c6 c1f4 f7f6 d1e1 g6g5 f4e3 g5g4 f3d2 f6e5 e3c5 d7d6 c5e3 d6d5 e3c5 c8f5 e2d1 b7b6 c5a3 h7h5 d1c1 h8h6 g2g3 g8f6 f1g2 d8c7 g2d5 f6d5 c3d5 c7b7 d2c4 a8d8 d5b6 c6d4 a3c5 f8g7 c4e3 f5d3 c2d3 h6c6 b6a4 d4e6 b2b4 b7b5 e3f5 g7f8 a2a3 b5a4 e1e5 d8d3 f5e3 f8g7 e5h5 e8d8 a1a2 e6c5 b4c5 a4b3 h5f5 b3c3 c1b1 c6c5 f5c5 c3c5 h1d1 c5c3 d1d3 c3d3 b1c1 d3c3 c1d1 c3b3 a2c2 g7c3 d1e2 b3b5 e2d1 b5b3 d1e2 b3b5 e2d1 b5d3 d1c1 a6a5 a3a4 d8d7 e3d1 c3d4 d1b2 d3a3 c1b1 d7e8 c2d2 a3c3 d2c2 c3e1 b1a2 e8f7 b2c4 d4f6 c4b2 e1e4 a2b1 e4e1 b1a2 e1e6 b2c4 e6d5 c2c1 d5g2 c1c2 g2h1 c4b2 h1e4 a2b1 e4e5 b1a2 e5e1 b2c4 e1e6 a2b3 f7g6 c2d2 e6f5 c4e3 f5e4 e3c4 e4e1 b3c2 e1a1 c4e3 g6f7 d2d5 a1a4 c2d2 a4b4 d2d1 b4b3 d1e2 b3b2 d5d2 b2b5 e2d1 b5b3 d1c1 f6g5 d2e2 g5f6 e2d2 b3b5 c1d1 b5b4 d2d5 a5a4 d1e2 b4c3 d5h5 f7f8 e3g4 a4a3 g4f6 a3a2 h5h8 f8g7 h8a8 c3c2 e2e3 c2c3 e3e2 g7f6 a8a2 c3c4 e2e1 c4a2 e1f1 f6f7 h2h4 f7g6 f2f3 a2a1 f1e2 a1h1 g3g4 h1h2 e2f1 h2h4 f1e2 h4h1 e2e3 h1h2 g4g5 h2g3 e3e4 g3g5 e4d4 g5f4 d4c5 f4f3 c5b4 g6f5 b4c5 f3f4 c5d5 f4g4 d5c5 e7e5 c5b6 g4f4 b6b7 f4d4 b7c6 f5g4 c6b7 e5e4 b7c7 g4f5 c7c6 f5g5 c6b5 g5f4 b5a6 f4g4 a6b5 d4d3 b5b4 d3d4 b4b5 e4e3 b5a6 d4d6 a6b5 d6h2 b5c5 h2f4 c5b6 f4g3 b6b7 e3e2 b7c8 e2e1q c8b7 g3e5 b7a6 e5c7 a6b5 c7d6 b5c4 d6c6 c4b3
Warning; Bestmove does not match beginning of last PV - move e1b1 from SF_2300
Info; info depth 245 seldepth 2 multipv 1 score mate 1 nodes 62119 nps 5647181 hashfull 7 tbhits 0 time 11 pv e1a5
Position; fen rnbqkbnr/1p1ppp1p/p5p1/2p5/4P3/3P1N2/PPP1KPPP/RNBQ1B1R b kq - 0 1
Moves; g8f6 e4e5 f6g8 b1c3 b8c6 c1f4 f7f6 d1e1 g6g5 f4e3 g5g4 f3d2 f6e5 e3c5 d7d6 c5e3 d6d5 e3c5 c8f5 e2d1 b7b6 c5a3 h7h5 d1c1 h8h6 g2g3 g8f6 f1g2 d8c7 g2d5 f6d5 c3d5 c7b7 d2c4 a8d8 d5b6 c6d4 a3c5 f8g7 c4e3 f5d3 c2d3 h6c6 b6a4 d4e6 b2b4 b7b5 e3f5 g7f8 a2a3 b5a4 e1e5 d8d3 f5e3 f8g7 e5h5 e8d8 a1a2 e6c5 b4c5 a4b3 h5f5 b3c3 c1b1 c6c5 f5c5 c3c5 h1d1 c5c3 d1d3 c3d3 b1c1 d3c3 c1d1 c3b3 a2c2 g7c3 d1e2 b3b5 e2d1 b5b3 d1e2 b3b5 e2d1 b5d3 d1c1 a6a5 a3a4 d8d7 e3d1 c3d4 d1b2 d3a3 c1b1 d7e8 c2d2 a3c3 d2c2 c3e1 b1a2 e8f7 b2c4 d4f6 c4b2 e1e4 a2b1 e4e1 b1a2 e1e6 b2c4 e6d5 c2c1 d5g2 c1c2 g2h1 c4b2 h1e4 a2b1 e4e5 b1a2 e5e1 b2c4 e1e6 a2b3 f7g6 c2d2 e6f5 c4e3 f5e4 e3c4 e4e1 b3c2 e1a1 c4e3 g6f7 d2d5 a1a4 c2d2 a4b4 d2d1 b4b3 d1e2 b3b2 d5d2 b2b5 e2d1 b5b3 d1c1 f6g5 d2e2 g5f6 e2d2 b3b5 c1d1 b5b4 d2d5 a5a4 d1e2 b4c3 d5h5 f7f8 e3g4 a4a3 g4f6 a3a2 h5h8 f8g7 h8a8 c3c2 e2e3 c2c3 e3e2 g7f6 a8a2 c3c4 e2e1 c4a2 e1f1 f6f7 h2h4 f7g6 f2f3 a2a1 f1e2 a1h1 g3g4 h1h2 e2f1 h2h4 f1e2 h4h1 e2e3 h1h2 g4g5 h2g3 e3e4 g3g5 e4d4 g5f4 d4c5 f4f3 c5b4 g6f5 b4c5 f3f4 c5d5 f4g4 d5c5 e7e5 c5b6 g4f4 b6b7 f4d4 b7c6 f5g4 c6b7 e5e4 b7c7 g4f5 c7c6 f5g5 c6b5 g5f4 b5a6 f4g4 a6b5 d4d3 b5b4 d3d4 b4b5 e4e3 b5a6 d4d6 a6b5 d6h2 b5c5 h2f4 c5b6 f4g3 b6b7 e3e2 b7c8 e2e1q c8b7 g3e5 b7a6 e5c7 a6b5 c7d6 b5c4 d6c6 c4b3 c6b6 b3a2
Warning; Bestmove does not match beginning of last PV - move b6a5 from SF_2300
Info; info depth 245 seldepth 2 multipv 1 score mate 1 nodes 45596 nps 5699500 hashfull 9 tbhits 0 time 8 pv b1a1
Position; fen rnbqkbnr/1p1ppp1p/p5p1/2p5/4P3/3P1N2/PPP1KPPP/RNBQ1B1R b kq - 0 1
Moves; g8f6 e4e5 f6g8 b1c3 b8c6 c1f4 f7f6 d1e1 g6g5 f4e3 g5g4 f3d2 f6e5 e3c5 d7d6 c5e3 d6d5 e3c5 c8f5 e2d1 b7b6 c5a3 h7h5 d1c1 h8h6 g2g3 g8f6 f1g2 d8c7 g2d5 f6d5 c3d5 c7b7 d2c4 a8d8 d5b6 c6d4 a3c5 f8g7 c4e3 f5d3 c2d3 h6c6 b6a4 d4e6 b2b4 b7b5 e3f5 g7f8 a2a3 b5a4 e1e5 d8d3 f5e3 f8g7 e5h5 e8d8 a1a2 e6c5 b4c5 a4b3 h5f5 b3c3 c1b1 c6c5 f5c5 c3c5 h1d1 c5c3 d1d3 c3d3 b1c1 d3c3 c1d1 c3b3 a2c2 g7c3 d1e2 b3b5 e2d1 b5b3 d1e2 b3b5 e2d1 b5d3 d1c1 a6a5 a3a4 d8d7 e3d1 c3d4 d1b2 d3a3 c1b1 d7e8 c2d2 a3c3 d2c2 c3e1 b1a2 e8f7 b2c4 d4f6 c4b2 e1e4 a2b1 e4e1 b1a2 e1e6 b2c4 e6d5 c2c1 d5g2 c1c2 g2h1 c4b2 h1e4 a2b1 e4e5 b1a2 e5e1 b2c4 e1e6 a2b3 f7g6 c2d2 e6f5 c4e3 f5e4 e3c4 e4e1 b3c2 e1a1 c4e3 g6f7 d2d5 a1a4 c2d2 a4b4 d2d1 b4b3 d1e2 b3b2 d5d2 b2b5 e2d1 b5b3 d1c1 f6g5 d2e2 g5f6 e2d2 b3b5 c1d1 b5b4 d2d5 a5a4 d1e2 b4c3 d5h5 f7f8 e3g4 a4a3 g4f6 a3a2 h5h8 f8g7 h8a8 c3c2 e2e3 c2c3 e3e2 g7f6 a8a2 c3c4 e2e1 c4a2 e1f1 f6f7 h2h4 f7g6 f2f3 a2a1 f1e2 a1h1 g3g4 h1h2 e2f1 h2h4 f1e2 h4h1 e2e3 h1h2 g4g5 h2g3 e3e4 g3g5 e4d4 g5f4 d4c5 f4f3 c5b4 g6f5 b4c5 f3f4 c5d5 f4g4 d5c5 e7e5 c5b6 g4f4 b6b7 f4d4 b7c6 f5g4 c6b7 e5e4 b7c7 g4f5 c7c6 f5g5 c6b5 g5f4 b5a6 f4g4 a6b5 d4d3 b5b4 d3d4 b4b5 e4e3 b5a6 d4d6 a6b5 d6h2 b5c5 h2f4 c5b6 f4g3 b6b7 e3e2 b7c8 e2e1q c8b7 g3e5 b7a6 e5c7 a6b5 c7d6 b5c4 d6c6 c4b3 c6b6 b3a2 e1b1 a2a3
Finished game 7 (HiveChess vs SF_2300): 0-1 {Black mates}
Started game 8 of 10 (SF_2300 vs HiveChess)
Warning; Bestmove does not match beginning of last PV - move b1d2 from SF_2300
Info; info depth 11 seldepth 19 multipv 1 score cp -52 nodes 69155 nps 490460 hashfull 18 tbhits 0 time 141 pv f1g2 f8g7 h1e1 d7d5 e4d5 f6d5 b1d2 e8g8 e2f1 b7b5 a2a4 c8f5
Position; fen rnbqkbnr/1p1ppp1p/p5p1/2p5/4P3/3P1N2/PPP1KPPP/RNBQ1B1R b kq - 0 1
Moves; b8c6 g2g3 g8f6
Warning; Bestmove does not match beginning of last PV - move e2e1 from SF_2300
Info; info depth 11 seldepth 29 multipv 1 score cp -34 nodes 74524 nps 438376 hashfull 21 tbhits 0 time 170 pv e4d5 f6d5 f1g2 h7h6 h1e1 f8g7 e2f1 e8g8 f1g1 e7e5
Position; fen rnbqkbnr/1p1ppp1p/p5p1/2p5/4P3/3P1N2/PPP1KPPP/RNBQ1B1R b kq - 0 1
Moves; b8c6 g2g3 g8f6 b1d2 d7d5
Warning; Bestmove does not match beginning of last PV - move a2a4 from SF_2300
Info; info depth 12 seldepth 19 multipv 1 score cp -108 nodes 163625 nps 415291 hashfull 59 tbhits 0 time 394 pv c2c3 e8g8 f1g2 d8c7 d1e2 f8d8 h2h3 c5c4 d3d4 d5e4 d2e4
Position; fen rnbqkbnr/1p1ppp1p/p5p1/2p5/4P3/3P1N2/PPP1KPPP/RNBQ1B1R b kq - 0 1
Moves; b8c6 g2g3 g8f6 b1d2 d7d5 e2e1 f8g7
Warning; Bestmove does not match beginning of last PV - move f1g2 from SF_2300
Info; info depth 13 seldepth 22 multipv 1 score cp -135 nodes 131503 nps 393721 hashfull 53 tbhits 0 time 334 pv e4d5 f6d5 d2c4 c8f5 f1g2 b7b5 a4b5 a6b5 a1a8 d8a8 c4e3 d5e3 f2e3
Position; fen rnbqkbnr/1p1ppp1p/p5p1/2p5/4P3/3P1N2/PPP1KPPP/RNBQ1B1R b kq - 0 1
Moves; b8c6 g2g3 g8f6 b1d2 d7d5 e2e1 f8g7 a2a4 e8g8
Warning; Bestmove does not match beginning of last PV - move d1e2 from SF_2300
Info; info depth 9 seldepth 18 multipv 1 score cp -106 nodes 36729 nps 403615 hashfull 12 tbhits 0 time 91 pv h2h3 d8c7 f3h2 d5e4 d3e4
Position; fen rnbqkbnr/1p1ppp1p/p5p1/2p5/4P3/3P1N2/PPP1KPPP/RNBQ1B1R b kq - 0 1
Moves; b8c6 g2g3 g8f6 b1d2 d7d5 e2e1 f8g7 a2a4 e8g8 f1g2 e7e6
Warning; Bestmove does not match beginning of last PV - move e4d5 from SF_2300
Info; info depth 11 seldepth 23 multipv 1 score cp -125 nodes 76309 nps 393345 hashfull 24 tbhits 0 time 194 pv c2c3 f8e8 h2h3 h7h6 d2b3 b7b6 a4a5 c8e6
Position; fen rnbqkbnr/1p1ppp1p/p5p1/2p5/4P3/3P1N2/PPP1KPPP/RNBQ1B1R b kq - 0 1
Moves; b8c6 g2g3 g8f6 b1d2 d7d5 e2e1 f8g7 a2a4 e8g8 f1g2 e7e6 d1e2 e6e5
Warning; Bestmove does not match beginning of last PV - move c1e3 from SF_2300
Info; info depth 11 seldepth 19 multipv 1 score cp -56 nodes 106157 nps 442320 hashfull 30 tbhits 0 time 240 pv f3d2 f5e6 d2b3 d5f4 c1f4 e5f4 e4c5 c6e5 c5e6
Position; fen rnbqkbnr/1p1ppp1p/p5p1/2p5/4P3/3P1N2/PPP1KPPP/RNBQ1B1R b kq - 0 1
Moves; b8c6 g2g3 g8f6 b1d2 d7d5 e2e1 f8g7 a2a4 e8g8 f1g2 e7e6 d1e2 e6e5 e4d5 f6d5 c2c3 c8f5 d2e4 d8e7
Warning; Bestmove does not match beginning of last PV - move f2e3 from SF_2300
Info; info depth 13 seldepth 25 multipv 1 score cp -142 nodes 45459 nps 522517 hashfull 20 tbhits 0 time 87 pv e2e3 c5c4 d3c4 f5e4 e3e4 f7f5 e4e3 a8d8 a1d1 e5e4 f3d4 e7d7 e3e2 g7d4
Position; fen rnbqkbnr/1p1ppp1p/p5p1/2p5/4P3/3P1N2/PPP1KPPP/RNBQ1B1R b kq - 0 1
Moves; b8c6 g2g3 g8f6 b1d2 d7d5 e2e1 f8g7 a2a4 e8g8 f1g2 e7e6 d1e2 e6e5 e4d5 f6d5 c2c3 c8f5 d2e4 d8e7 c1e3 d5e3
Warning; Bestmove does not match beginning of last PV - move e3e4 from SF_2300
Info; info depth 11 seldepth 17 multipv 1 score cp -114 nodes 85433 nps 435882 hashfull 27 tbhits 0 time 196 pv f3d2 a8d8 a4a5 g7h6 g2c6
Position; fen rnbqkbnr/1p1ppp1p/p5p1/2p5/4P3/3P1N2/PPP1KPPP/RNBQ1B1R b kq - 0 1
Moves; b8c6 g2g3 g8f6 b1d2 d7d5 e2e1 f8g7 a2a4 e8g8 f1g2 e7e6 d1e2 e6e5 e4d5 f6d5 c2c3 c8f5 d2e4 d8e7 c1e3 d5e3 f2e3 f5g4 e4f2 g4e6
Warning; Bestmove does not match beginning of last PV - move f2d1 from SF_2300
Info; info depth 9 seldepth 14 multipv 1 score cp 59 nodes 49090 nps 463113 hashfull 16 tbhits 0 time 106 pv f3d2 e7d7 d2c4 a8d8 a4a5 g5g4 c4e3 h7h5
Position; fen rnbqkbnr/1p1ppp1p/p5p1/2p5/4P3/3P1N2/PPP1KPPP/RNBQ1B1R b kq - 0 1
Moves; b8c6 g2g3 g8f6 b1d2 d7d5 e2e1 f8g7 a2a4 e8g8 f1g2 e7e6 d1e2 e6e5 e4d5 f6d5 c2c3 c8f5 d2e4 d8e7 c1e3 d5e3 f2e3 f5g4 e4f2 g4e6 e3e4 g6g5
Warning; Bestmove does not match beginning of last PV - move f3d2 from SF_2300
Info; info depth 11 seldepth 22 multipv 1 score cp 60 nodes 60173 nps 462869 hashfull 16 tbhits 0 time 130 pv f3h4 e7g5 d1f2 a8d8 h4f5 e6f5 e4f5 g5f5 h2h3 g4h3 g3g4
Position; fen rnbqkbnr/1p1ppp1p/p5p1/2p5/4P3/3P1N2/PPP1KPPP/RNBQ1B1R b kq - 0 1
Moves; b8c6 g2g3 g8f6 b1d2 d7d5 e2e1 f8g7 a2a4 e8g8 f1g2 e7e6 d1e2 e6e5 e4d5 f6d5 c2c3 c8f5 d2e4 d8e7 c1e3 d5e3 f2e3 f5g4 e4f2 g4e6 e3e4 g6g5 f2d1 g5g4
Warning; Bestmove does not match beginning of last PV - move d1e3 from SF_2300
Info; info depth 9 seldepth 11 multipv 1 score cp 166 nodes 14919 nps 621625 hashfull 2 tbhits 0 time 24 pv d2c4 e6c4 d3c4 c6a5 d1e3 a5b3
Position; fen rnbqkbnr/1p1ppp1p/p5p1/2p5/4P3/3P1N2/PPP1KPPP/RNBQ1B1R b kq - 0 1
Moves; b8c6 g2g3 g8f6 b1d2 d7d5 e2e1 f8g7 a2a4 e8g8 f1g2 e7e6 d1e2 e6e5 e4d5 f6d5 c2c3 c8f5 d2e4 d8e7 c1e3 d5e3 f2e3 f5g4 e4f2 g4e6 e3e4 g6g5 f2d1 g5g4 f3d2 f8b8 a4a5 e7c7
Warning; Bestmove does not match beginning of last PV - move h2h3 from SF_2300
Info; info depth 9 seldepth 11 multipv 1 score cp 93 nodes 28273 nps 589020 hashfull 8 tbhits 0 time 48 pv e3f5 g8h8 h2h3 c5c4 f5g7 h8g7 e2e3 b8g8
Position; fen rnbqkbnr/1p1ppp1p/p5p1/2p5/4P3/3P1N2/PPP1KPPP/RNBQ1B1R b kq - 0 1
Moves; b8c6 g2g3 g8f6 b1d2 d7d5 e2e1 f8g7 a2a4 e8g8 f1g2 e7e6 d1e2 e6e5 e4d5 f6d5 c2c3 c8f5 d2e4 d8e7 c1e3 d5e3 f2e3 f5g4 e4f2 g4e6 e3e4 g6g5 f2d1 g5g4 f3d2 f8b8 a4a5 e7c7 d1e3 c6a5
Warning; Bestmove does not match beginning of last PV - move d2f1 from SF_2300
Info; info depth 10 seldepth 9 multipv 1 score cp 146 nodes 23504 nps 559619 hashfull 6 tbhits 0 time 42 pv h3g4 b7b5 e3f5 b5b4 e2e3 b4c3
Position; fen rnbqkbnr/1p1ppp1p/p5p1/2p5/4P3/3P1N2/PPP1KPPP/RNBQ1B1R b kq - 0 1
Moves; b8c6 g2g3 g8f6 b1d2 d7d5 e2e1 f8g7 a2a4 e8g8 f1g2 e7e6 d1e2 e6e5 e4d5 f6d5 c2c3 c8f5 d2e4 d8e7 c1e3 d5e3 f2e3 f5g4 e4f2 g4e6 e3e4 g6g5 f2d1 g5g4 f3d2 f8b8 a4a5 e7c7 d1e3 c6a5 h2h3 a5c6
Warning; Bestmove does not match beginning of last PV - move e2f2 from SF_2300
Info; info depth 8 seldepth 13 multipv 1 score cp 206 nodes 7761 nps 517400 hashfull 1 tbhits 0 time 15 pv g4g5 e6d5 e4d5 e5e4 g2e4 a8d8 e4h7 g8f8 h7e4 d6g3 e1d2 g3g5
Position; fen rnbqkbnr/1p1ppp1p/p5p1/2p5/4P3/3P1N2/PPP1KPPP/RNBQ1B1R b kq - 0 1
Moves; b8c6 g2g3 g8f6 b1d2 d7d5 e2e1 f8g7 a2a4 e8g8 f1g2 e7e6 d1e2 e6e5 e4d5 f6d5 c2c3 c8f5 d2e4 d8e7 c1e3 d5e3 f2e3 f5g4 e4f2 g4e6 e3e4 g6g5 f2d1 g5g4 f3d2 f8b8 a4a5 e7c7 d1e3 c6a5 h2h3 a5c6 d2f1 b8d8 e3d5 c7d6 h3g4 c6e7 f1e3 d8e8
Warning; Bestmove does not match beginning of last PV - move g4g5 from SF_2300
Info; info depth 10 seldepth 12 multipv 1 score cp 197 nodes 23599 nps 491645 hashfull 8 tbhits 0 time 48 pv f2e2 e7g6 e2f2 a6a5 e3f5 a8a6 f2c5 a5a4
Position; fen rnbqkbnr/1p1ppp1p/p5p1/2p5/4P3/3P1N2/PPP1KPPP/RNBQ1B1R b kq - 0 1
Moves; b8c6 g2g3 g8f6 b1d2 d7d5 e2e1 f8g7 a2a4 e8g8 f1g2 e7e6 d1e2 e6e5 e4d5 f6d5 c2c3 c8f5 d2e4 d8e7 c1e3 d5e3 f2e3 f5g4 e4f2 g4e6 e3e4 g6g5 f2d1 g5g4 f3d2 f8b8 a4a5 e7c7 d1e3 c6a5 h2h3 a5c6 d2f1 b8d8 e3d5 c7d6 h3g4 c6e7 f1e3 d8e8 e2f2 d6d8
Warning; Bestmove does not match beginning of last PV - move g2f3 from SF_2300
Info; info depth 11 seldepth 12 multipv 1 score cp 247 nodes 6742 nps 749111 hashfull 1 tbhits 0 time 9 pv h1h5 c6e7 d5f6 g7f6 g5f6 e7g6 e1d2 a6a5 e3d5 a8a6 f2c5
Position; fen rnbqkbnr/1p1ppp1p/p5p1/2p5/4P3/3P1N2/PPP1KPPP/RNBQ1B1R b kq - 0 1
Moves; b8c6 g2g3 g8f6 b1d2 d7d5 e2e1 f8g7 a2a4 e8g8 f1g2 e7e6 d1e2 e6e5 e4d5 f6d5 c2c3 c8f5 d2e4 d8e7 c1e3 d5e3 f2e3 f5g4 e4f2 g4e6 e3e4 g6g5 f2d1 g5g4 f3d2 f8b8 a4a5 e7c7 d1e3 c6a5 h2h3 a5c6 d2f1 b8d8 e3d5 c7d6 h3g4 c6e7 f1e3 d8e8 e2f2 d6d8 g4g5 e7c6
Warning; Bestmove does not match beginning of last PV - move d5f6 from SF_2300
Info; info depth 9 seldepth 19 multipv 1 score cp 238 nodes 20969 nps 499261 hashfull 6 tbhits 0 time 42 pv f3h5 d8g5 d5c7 a8d8 c3d4 e5d4
Position; fen rnbqkbnr/1p1ppp1p/p5p1/2p5/4P3/3P1N2/PPP1KPPP/RNBQ1B1R b kq - 0 1
Moves; b8c6 g2g3 g8f6 b1d2 d7d5 e2e1 f8g7 a2a4 e8g8 f1g2 e7e6 d1e2 e6e5 e4d5 f6d5 c2c3 c8f5 d2e4 d8e7 c1e3 d5e3 f2e3 f5g4 e4f2 g4e6 e3e4 g6g5 f2d1 g5g4 f3d2 f8b8 a4a5 e7c7 d1e3 c6a5 h2h3 a5c6 d2f1 b8d8 e3d5 c7d6 h3g4 c6e7 f1e3 d8e8 e2f2 d6d8 g4g5 e7c6 g2f3 c6d4
Warning; Bestmove does not match beginning of last PV - move g4g5 from SF_2300
Info; info depth 11 seldepth 14 multipv 1 score cp 890 nodes 12209 nps 581380 hashfull 3 tbhits 0 time 21 pv f2h4 d8f6 h4f6 b5d6 f6h4 g8f8 h4h6 f8e7
Position; fen rnbqkbnr/1p1ppp1p/p5p1/2p5/4P3/3P1N2/PPP1KPPP/RNBQ1B1R b kq - 0 1
Moves; b8c6 g2g3 g8f6 b1d2 d7d5 e2e1 f8g7 a2a4 e8g8 f1g2 e7e6 d1e2 e6e5 e4d5 f6d5 c2c3 c8f5 d2e4 d8e7 c1e3 d5e3 f2e3 f5g4 e4f2 g4e6 e3e4 g6g5 f2d1 g5g4 f3d2 f8b8 a4a5 e7c7 d1e3 c6a5 h2h3 a5c6 d2f1 b8d8 e3d5 c7d6 h3g4 c6e7 f1e3 d8e8 e2f2 d6d8 g4g5 e7c6 g2f3 c6d4 d5f6 g7f6 g5f6 d4b5 f3e2 a8b8 g3g4 b7b6
Warning; Bestmove does not match beginning of last PV - move h1h2 from SF_2300
Info; info depth 14 seldepth 8 multipv 1 score mate 4 nodes 20975 nps 699166 hashfull 5 tbhits 0 time 30 pv f2h4 h7h5 h4h5 e6h3 h1h3 b5a3 h5h8
Position; fen rnbqkbnr/1p1ppp1p/p5p1/2p5/4P3/3P1N2/PPP1KPPP/RNBQ1B1R b kq - 0 1
Moves; b8c6 g2g3 g8f6 b1d2 d7d5 e2e1 f8g7 a2a4 e8g8 f1g2 e7e6 d1e2 e6e5 e4d5 f6d5 c2c3 c8f5 d2e4 d8e7 c1e3 d5e3 f2e3 f5g4 e4f2 g4e6 e3e4 g6g5 f2d1 g5g4 f3d2 f8b8 a4a5 e7c7 d1e3 c6a5 h2h3 a5c6 d2f1 b8d8 e3d5 c7d6 h3g4 c6e7 f1e3 d8e8 e2f2 d6d8 g4g5 e7c6 g2f3 c6d4 d5f6 g7f6 g5f6 d4b5 f3e2 a8b8 g3g4 b7b6 g4g5 d8c7
Warning; Bestmove does not match beginning of last PV - move h2h5 from SF_2300
Info; info depth 11 seldepth 10 multipv 1 score cp 892 nodes 25469 nps 795906 hashfull 8 tbhits 0 time 32 pv f2h4 c7d7 h4h5 e6h3 h2h3 d7h3 h5h3 b5c3 b2c3
Position; fen rnbqkbnr/1p1ppp1p/p5p1/2p5/4P3/3P1N2/PPP1KPPP/RNBQ1B1R b kq - 0 1
Moves; b8c6 g2g3 g8f6 b1d2 d7d5 e2e1 f8g7 a2a4 e8g8 f1g2 e7e6 d1e2 e6e5 e4d5 f6d5 c2c3 c8f5 d2e4 d8e7 c1e3 d5e3 f2e3 f5g4 e4f2 g4e6 e3e4 g6g5 f2d1 g5g4 f3d2 f8b8 a4a5 e7c7 d1e3 c6a5 h2h3 a5c6 d2f1 b8d8 e3d5 c7d6 h3g4 c6e7 f1e3 d8e8 e2f2 d6d8 g4g5 e7c6 g2f3 c6d4 d5f6 g7f6 g5f6 d4b5 f3e2 a8b8 g3g4 b7b6 g4g5 d8c7 h1h2 h7h5
Warning; Bestmove does not match beginning of last PV - move c3d4 from SF_2300
Info; info depth 11 seldepth 6 multipv 1 score mate 3 nodes 23133 nps 1217526 hashfull 57 tbhits 0 time 19 pv f2h4 d4c2 e3c2 a6a5 h5h8
Position; fen rnbqkbnr/1p1ppp1p/p5p1/2p5/4P3/3P1N2/PPP1KPPP/RNBQ1B1R b kq - 0 1
Moves; b8c6 g2g3 g8f6 b1d2 d7d5 e2e1 f8g7 a2a4 e8g8 f1g2 e7e6 d1e2 e6e5 e4d5 f6d5 c2c3 c8f5 d2e4 d8e7 c1e3 d5e3 f2e3 f5g4 e4f2 g4e6 e3e4 g6g5 f2d1 g5g4 f3d2 f8b8 a4a5 e7c7 d1e3 c6a5 h2h3 a5c6 d2f1 b8d8 e3d5 c7d6 h3g4 c6e7 f1e3 d8e8 e2f2 d6d8 g4g5 e7c6 g2f3 c6d4 d5f6 g7f6 g5f6 d4b5 f3e2 a8b8 g3g4 b7b6 g4g5 d8c7 h1h2 h7h5 h2h5 b5d4
Finished game 8 (SF_2300 vs HiveChess): 1-0 {White mates}
Started game 9 of 10 (HiveChess vs SF_2400)
Warning; Bestmove does not match beginning of last PV - move d7d5 from SF_2400
Info; info depth 14 seldepth 22 multipv 1 score cp 77 nodes 194757 nps 440626 hashfull 72 tbhits 0 time 442 pv f8g7 c2c3 g8f6 e2e1 b8c6 f1e2 e8g8 c1e3 b7b6 h2h3 d8c7 c3c4 c8b7 b1c3 e7e6 d1c1 a8d8
Position; fen rnbqkbnr/1p1ppp1p/p5p1/2p5/4P3/3P1N2/PPP1KPPP/RNBQ1B1R b kq - 0 1
Moves; 
Warning; Bestmove does not match beginning of last PV - move f8g7 from SF_2400
Info; info depth 12 seldepth 20 multipv 1 score cp 53 nodes 103035 nps 486014 hashfull 27 tbhits 0 time 212 pv d8d5 e2e1 f8g7 b1c3 d5c6 c1e3
Position; fen rnbqkbnr/1p1ppp1p/p5p1/2p5/4P3/3P1N2/PPP1KPPP/RNBQ1B1R b kq - 0 1
Moves; d7d5 e4d5
Warning; Bestmove does not match beginning of last PV - move g8f6 from SF_2400
Info; info depth 14 seldepth 20 multipv 1 score cp 98 nodes 183196 nps 492462 hashfull 59 tbhits 0 time 372 pv e6d5 c3d5 g8f6 c1g5 c8e6 d5f6 g7f6 d1d2 b8c6
Position; fen rnbqkbnr/1p1ppp1p/p5p1/2p5/4P3/3P1N2/PPP1KPPP/RNBQ1B1R b kq - 0 1
Moves; d7d5 e4d5 f8g7 c2c4 e7e6 b1c3
Warning; Bestmove does not match beginning of last PV - move e6d5 from SF_2400
Info; info depth 13 seldepth 19 multipv 1 score cp 174 nodes 103176 nps 458560 hashfull 31 tbhits 0 time 225 pv e8g8 e2e1 e6d5 f1e2 d5d4 c3d5 f6d5 c4d5 b7b5
Position; fen rnbqkbnr/1p1ppp1p/p5p1/2p5/4P3/3P1N2/PPP1KPPP/RNBQ1B1R b kq - 0 1
Moves; d7d5 e4d5 f8g7 c2c4 e7e6 b1c3 g8f6 d1b3
Warning; Bestmove does not match beginning of last PV - move e8g8 from SF_2400
Info; info depth 12 seldepth 27 multipv 1 score cp 193 nodes 51570 nps 477500 hashfull 16 tbhits 0 time 108 pv f6d5 c4d5 e8g8 c1g5 d8d6 g2g3 a6a5 a2a4 f8e8 g5e3 b8a6 f1g2 a6b4 f3d2
Position; fen rnbqkbnr/1p1ppp1p/p5p1/2p5/4P3/3P1N2/PPP1KPPP/RNBQ1B1R b kq - 0 1
Moves; d7d5 e4d5 f8g7 c2c4 e7e6 b1c3 g8f6 d1b3 e6d5 c3d5
Warning; Bestmove does not match beginning of last PV - move b8c6 from SF_2400
Info; info depth 13 seldepth 22 multipv 1 score cp 175 nodes 124088 nps 492412 hashfull 35 tbhits 0 time 252 pv f8e8 c1e3 b8c6 b6a8 b7b5 b3a3 c8b7 e2d1 b7a8 a3c5 g7f8
Position; fen rnbqkbnr/1p1ppp1p/p5p1/2p5/4P3/3P1N2/PPP1KPPP/RNBQ1B1R b kq - 0 1
Moves; d7d5 e4d5 f8g7 c2c4 e7e6 b1c3 g8f6 d1b3 e6d5 c3d5 e8g8 d5b6
Warning; Bestmove does not match beginning of last PV - move c8g4 from SF_2400
Info; info depth 10 seldepth 15 multipv 1 score cp 153 nodes 120121 nps 671067 hashfull 32 tbhits 0 time 179 pv f8e8 e2d1 f6g4 c1e3 e8e3 f2e3 g4e3 d1c1
Position; fen rnbqkbnr/1p1ppp1p/p5p1/2p5/4P3/3P1N2/PPP1KPPP/RNBQ1B1R b kq - 0 1
Moves; d7d5 e4d5 f8g7 c2c4 e7e6 b1c3 g8f6 d1b3 e6d5 c3d5 e8g8 d5b6 b8c6 b6a8
Warning; Bestmove does not match beginning of last PV - move f8e8 from SF_2400
Info; info depth 11 seldepth 21 multipv 1 score cp 92 nodes 183303 nps 716027 hashfull 57 tbhits 0 time 256 pv c6b4 e2e1 b4c2 e1d1 c2a1 a8b6 g4f3 g2f3 d8d4 f1e2 d4f2
Position; fen rnbqkbnr/1p1ppp1p/p5p1/2p5/4P3/3P1N2/PPP1KPPP/RNBQ1B1R b kq - 0 1
Moves; d7d5 e4d5 f8g7 c2c4 e7e6 b1c3 g8f6 d1b3 e6d5 c3d5 e8g8 d5b6 b8c6 b6a8 c8g4 b3b7
Warning; Bestmove does not match beginning of last PV - move g7h6 from SF_2400
Info; info depth 10 seldepth 34 multipv 1 score cp 29 nodes 147999 nps 831455 hashfull 41 tbhits 0 time 178 pv e8e7 b7b6 d8d4 b6b8 f6e8 a8c7 g7h6 b8e8 e7e8 c7e8 h6e3 f2e3 d4b2 d1d2 b2e5 e2f2
Position; fen rnbqkbnr/1p1ppp1p/p5p1/2p5/4P3/3P1N2/PPP1KPPP/RNBQ1B1R b kq - 0 1
Moves; d7d5 e4d5 f8g7 c2c4 e7e6 b1c3 g8f6 d1b3 e6d5 c3d5 e8g8 d5b6 b8c6 b6a8 c8g4 b3b7 f8e8 c1e3 c6b4 a1d1
Warning; Bestmove does not match beginning of last PV - move d8c7 from SF_2400
Info; info depth 12 seldepth 16 multipv 1 score cp 125 nodes 94930 nps 698014 hashfull 25 tbhits 0 time 136 pv d8b6 d5a8 e7e8 d1d2 c2e3 f2e3 c8d7 a8e8 d7e8 e2f2 b6e6 d2e2 e8a4 h2h3 a4d1
Position; fen rnbqkbnr/1p1ppp1p/p5p1/2p5/4P3/3P1N2/PPP1KPPP/RNBQ1B1R b kq - 0 1
Moves; d7d5 e4d5 f8g7 c2c4 e7e6 b1c3 g8f6 d1b3 e6d5 c3d5 e8g8 d5b6 b8c6 b6a8 c8g4 b3b7 f8e8 c1e3 c6b4 a1d1 g7h6 a8c7 e8e7 b7a8 g4c8 a2a3 b4c2 c7d5 f6d5 a8d5
Warning; Bestmove does not match beginning of last PV - move c8b7 from SF_2400
Info; info depth 10 seldepth 15 multipv 1 score cp -86 nodes 24308 nps 1056869 hashfull 6 tbhits 0 time 23 pv h6e3 d1d3 c8b7 d3e3 b7d5 c4d5 e7e3 e2e3 c5d4 e3d2 c7b8 d2c2 b8c8 c2b1
Position; fen rnbqkbnr/1p1ppp1p/p5p1/2p5/4P3/3P1N2/PPP1KPPP/RNBQ1B1R b kq - 0 1
Moves; d7d5 e4d5 f8g7 c2c4 e7e6 b1c3 g8f6 d1b3 e6d5 c3d5 e8g8 d5b6 b8c6 b6a8 c8g4 b3b7 f8e8 c1e3 c6b4 a1d1 g7h6 a8c7 e8e7 b7a8 g4c8 a2a3 b4c2 c7d5 f6d5 a8d5 d8c7 d3d4 c2e3 f2e3
Warning; Bestmove does not match beginning of last PV - move f2b2 from SF_2400
Info; info depth 13 seldepth 8 multipv 1 score mate 4 nodes 19326 nps 1486615 hashfull 6 tbhits 0 time 13 pv f4e3 c8g8 g7g8 f1e2 f2e2 g1f1 e3f2
Position; fen rnbqkbnr/1p1ppp1p/p5p1/2p5/4P3/3P1N2/PPP1KPPP/RNBQ1B1R b kq - 0 1
Moves; d7d5 e4d5 f8g7 c2c4 e7e6 b1c3 g8f6 d1b3 e6d5 c3d5 e8g8 d5b6 b8c6 b6a8 c8g4 b3b7 f8e8 c1e3 c6b4 a1d1 g7h6 a8c7 e8e7 b7a8 g4c8 a2a3 b4c2 c7d5 f6d5 a8d5 d8c7 d3d4 c2e3 f2e3 c8b7 d5c5 b7f3 g2f3 e7e3 e2f2 e3f3 f2g2 c7f4 c5c8 g8g7 a3a4 f3f2 g2g1
Warning; Bestmove does not match beginning of last PV - move f4g4 from SF_2400
Info; info depth 24 seldepth 6 multipv 1 score mate 3 nodes 12114 nps 2019000 hashfull 1 tbhits 0 time 6 pv f4d2 f1e2 d2e2 h2h3 e2f2
Position; fen rnbqkbnr/1p1ppp1p/p5p1/2p5/4P3/3P1N2/PPP1KPPP/RNBQ1B1R b kq - 0 1
Moves; d7d5 e4d5 f8g7 c2c4 e7e6 b1c3 g8f6 d1b3 e6d5 c3d5 e8g8 d5b6 b8c6 b6a8 c8g4 b3b7 f8e8 c1e3 c6b4 a1d1 g7h6 a8c7 e8e7 b7a8 g4c8 a2a3 b4c2 c7d5 f6d5 a8d5 d8c7 d3d4 c2e3 f2e3 c8b7 d5c5 b7f3 g2f3 e7e3 e2f2 e3f3 f2g2 c7f4 c5c8 g8g7 a3a4 f3f2 g2g1 f2b2 c8g8 g7g8 d1d2
Warning; Bestmove does not match beginning of last PV - move g4h4 from SF_2400
Info; info depth 19 seldepth 4 multipv 1 score mate 2 nodes 14863 nps 2477166 hashfull 2 tbhits 0 time 6 pv d2e2 f2f1 g4g2
Position; fen rnbqkbnr/1p1ppp1p/p5p1/2p5/4P3/3P1N2/PPP1KPPP/RNBQ1B1R b kq - 0 1
Moves; d7d5 e4d5 f8g7 c2c4 e7e6 b1c3 g8f6 d1b3 e6d5 c3d5 e8g8 d5b6 b8c6 b6a8 c8g4 b3b7 f8e8 c1e3 c6b4 a1d1 g7h6 a8c7 e8e7 b7a8 g4c8 a2a3 b4c2 c7d5 f6d5 a8d5 d8c7 d3d4 c2e3 f2e3 c8b7 d5c5 b7f3 g2f3 e7e3 e2f2 e3f3 f2g2 c7f4 c5c8 g8g7 a3a4 f3f2 g2g1 f2b2 c8g8 g7g8 d1d2 f4g4 g1f2 b2d2 f1e2
Warning; Bestmove does not match beginning of last PV - move h4e4 from SF_2400
Info; info depth 22 seldepth 6 multipv 1 score mate 3 nodes 15189 nps 2169857 hashfull 2 tbhits 0 time 7 pv h6e3 f1g2 h4g4 g2f1 g4e2
Position; fen rnbqkbnr/1p1ppp1p/p5p1/2p5/4P3/3P1N2/PPP1KPPP/RNBQ1B1R b kq - 0 1
Moves; d7d5 e4d5 f8g7 c2c4 e7e6 b1c3 g8f6 d1b3 e6d5 c3d5 e8g8 d5b6 b8c6 b6a8 c8g4 b3b7 f8e8 c1e3 c6b4 a1d1 g7h6 a8c7 e8e7 b7a8 g4c8 a2a3 b4c2 c7d5 f6d5 a8d5 d8c7 d3d4 c2e3 f2e3 c8b7 d5c5 b7f3 g2f3 e7e3 e2f2 e3f3 f2g2 c7f4 c5c8 g8g7 a3a4 f3f2 g2g1 f2b2 c8g8 g7g8 d1d2 f4g4 g1f2 b2d2 f1e2 g4h4 f2f1
Warning; Bestmove does not match beginning of last PV - move h6f4 from SF_2400
Info; info depth 23 seldepth 4 multipv 1 score mate 2 nodes 17081 nps 2846833 hashfull 3 tbhits 0 time 6 pv e4e2 f1g1 e2f2
Position; fen rnbqkbnr/1p1ppp1p/p5p1/2p5/4P3/3P1N2/PPP1KPPP/RNBQ1B1R b kq - 0 1
Moves; d7d5 e4d5 f8g7 c2c4 e7e6 b1c3 g8f6 d1b3 e6d5 c3d5 e8g8 d5b6 b8c6 b6a8 c8g4 b3b7 f8e8 c1e3 c6b4 a1d1 g7h6 a8c7 e8e7 b7a8 g4c8 a2a3 b4c2 c7d5 f6d5 a8d5 d8c7 d3d4 c2e3 f2e3 c8b7 d5c5 b7f3 g2f3 e7e3 e2f2 e3f3 f2g2 c7f4 c5c8 g8g7 a3a4 f3f2 g2g1 f2b2 c8g8 g7g8 d1d2 f4g4 g1f2 b2d2 f1e2 g4h4 f2f1 h4e4 h2h3
Warning; Bestmove does not match beginning of last PV - move f4e3 from SF_2400
Info; info depth 54 seldepth 4 multipv 1 score mate 2 nodes 32186 nps 4598000 hashfull 0 tbhits 0 time 7 pv e4e2 h1h2 e2d1
Position; fen rnbqkbnr/1p1ppp1p/p5p1/2p5/4P3/3P1N2/PPP1KPPP/RNBQ1B1R b kq - 0 1
Moves; d7d5 e4d5 f8g7 c2c4 e7e6 b1c3 g8f6 d1b3 e6d5 c3d5 e8g8 d5b6 b8c6 b6a8 c8g4 b3b7 f8e8 c1e3 c6b4 a1d1 g7h6 a8c7 e8e7 b7a8 g4c8 a2a3 b4c2 c7d5 f6d5 a8d5 d8c7 d3d4 c2e3 f2e3 c8b7 d5c5 b7f3 g2f3 e7e3 e2f2 e3f3 f2g2 c7f4 c5c8 g8g7 a3a4 f3f2 g2g1 f2b2 c8g8 g7g8 d1d2 f4g4 g1f2 b2d2 f1e2 g4h4 f2f1 h4e4 h2h3 h6f4 f1g1
Warning; Bestmove does not match beginning of last PV - move e3f4 from SF_2400
Info; info depth 24 seldepth 4 multipv 1 score mate 2 nodes 15660 nps 2237142 hashfull 55 tbhits 0 time 7 pv e4f4 h2g2 d2e2
Position; fen rnbqkbnr/1p1ppp1p/p5p1/2p5/4P3/3P1N2/PPP1KPPP/RNBQ1B1R b kq - 0 1
Moves; d7d5 e4d5 f8g7 c2c4 e7e6 b1c3 g8f6 d1b3 e6d5 c3d5 e8g8 d5b6 b8c6 b6a8 c8g4 b3b7 f8e8 c1e3 c6b4 a1d1 g7h6 a8c7 e8e7 b7a8 g4c8 a2a3 b4c2 c7d5 f6d5 a8d5 d8c7 d3d4 c2e3 f2e3 c8b7 d5c5 b7f3 g2f3 e7e3 e2f2 e3f3 f2g2 c7f4 c5c8 g8g7 a3a4 f3f2 g2g1 f2b2 c8g8 g7g8 d1d2 f4g4 g1f2 b2d2 f1e2 g4h4 f2f1 h4e4 h2h3 h6f4 f1g1 f4e3 g1h2
Warning; Bestmove does not match beginning of last PV - move e4e2 from SF_2400
Info; info depth 55 seldepth 4 multipv 1 score mate 2 nodes 35000 nps 5000000 hashfull 20 tbhits 0 time 7 pv d2e2 h1h2 e4b1
Position; fen rnbqkbnr/1p1ppp1p/p5p1/2p5/4P3/3P1N2/PPP1KPPP/RNBQ1B1R b kq - 0 1
Moves; d7d5 e4d5 f8g7 c2c4 e7e6 b1c3 g8f6 d1b3 e6d5 c3d5 e8g8 d5b6 b8c6 b6a8 c8g4 b3b7 f8e8 c1e3 c6b4 a1d1 g7h6 a8c7 e8e7 b7a8 g4c8 a2a3 b4c2 c7d5 f6d5 a8d5 d8c7 d3d4 c2e3 f2e3 c8b7 d5c5 b7f3 g2f3 e7e3 e2f2 e3f3 f2g2 c7f4 c5c8 g8g7 a3a4 f3f2 g2g1 f2b2 c8g8 g7g8 d1d2 f4g4 g1f2 b2d2 f1e2 g4h4 f2f1 h4e4 h2h3 h6f4 f1g1 f4e3 g1h2 e3f4 h2g1
Warning; Bestmove does not match beginning of last PV - move e2d1 from SF_2400
Info; info depth 240 seldepth 2 multipv 1 score mate 1 nodes 38929 nps 5561285 hashfull 19 tbhits 0 time 7 pv e2f2
Position; fen rnbqkbnr/1p1ppp1p/p5p1/2p5/4P3/3P1N2/PPP1KPPP/RNBQ1B1R b kq - 0 1
Moves; d7d5 e4d5 f8g7 c2c4 e7e6 b1c3 g8f6 d1b3 e6d5 c3d5 e8g8 d5b6 b8c6 b6a8 c8g4 b3b7 f8e8 c1e3 c6b4 a1d1 g7h6 a8c7 e8e7 b7a8 g4c8 a2a3 b4c2 c7d5 f6d5 a8d5 d8c7 d3d4 c2e3 f2e3 c8b7 d5c5 b7f3 g2f3 e7e3 e2f2 e3f3 f2g2 c7f4 c5c8 g8g7 a3a4 f3f2 g2g1 f2b2 c8g8 g7g8 d1d2 f4g4 g1f2 b2d2 f1e2 g4h4 f2f1 h4e4 h2h3 h6f4 f1g1 f4e3 g1h2 e3f4 h2g1 e4e2 c4c5
Finished game 9 (HiveChess vs SF_2400): 0-1 {Black mates}
Started game 10 of 10 (SF_2400 vs HiveChess)
Warning; Bestmove does not match beginning of last PV - move c2c3 from SF_2400
Info; info depth 10 seldepth 17 multipv 1 score cp -45 nodes 44974 nps 499711 hashfull 14 tbhits 0 time 90 pv e4d5 f6d5 h1e1 f8g7 e2f1 e8g8 b1d2 d8c7 d2e4 c8g4 e4c5
Position; fen rnbqkbnr/1p1ppp1p/p5p1/2p5/4P3/3P1N2/PPP1KPPP/RNBQ1B1R b kq - 0 1
Moves; b8c6 g2g3 g8f6 f1g2 d7d5
Warning; Bestmove does not match beginning of last PV - move e2e1 from SF_2400
Info; info depth 12 seldepth 12 multipv 1 score cp 0 nodes 138793 nps 535880 hashfull 46 tbhits 0 time 259 pv c1e3 h7h5 b1d2 e4d2 d1d2 f8h6 e3h6 h8h6 f3g5 c8g4 e2f1
Position; fen rnbqkbnr/1p1ppp1p/p5p1/2p5/4P3/3P1N2/PPP1KPPP/RNBQ1B1R b kq - 0 1
Moves; b8c6 g2g3 g8f6 f1g2 d7d5 c2c3 d5e4 d3e4 d8d1 h1d1 f6e4
Warning; Bestmove does not match beginning of last PV - move a3c4 from SF_2400
Info; info depth 10 seldepth 11 multipv 1 score cp 33 nodes 52037 nps 626951 hashfull 9 tbhits 0 time 83 pv e3g5 f8e7 g5e7 e8e7 a3c4
Position; fen rnbqkbnr/1p1ppp1p/p5p1/2p5/4P3/3P1N2/PPP1KPPP/RNBQ1B1R b kq - 0 1
Moves; b8c6 g2g3 g8f6 f1g2 d7d5 c2c3 d5e4 d3e4 d8d1 h1d1 f6e4 e2e1 e4d6 b1a3 e7e5 c1e3 d6f5
Warning; Bestmove does not match beginning of last PV - move c4e3 from SF_2400
Info; info depth 13 seldepth 24 multipv 1 score cp -32 nodes 174251 nps 560292 hashfull 67 tbhits 0 time 311 pv f2e3 e5e4 f3d2 f7f5 c4b6 a8b8 g2h3 c8e6 d2e4 f8e7 e4d6 e7d6 d1d6 e8e7 a1d1 h8d8 d6d8 b8d8 d1d8 e7d8 b6a4
Position; fen rnbqkbnr/1p1ppp1p/p5p1/2p5/4P3/3P1N2/PPP1KPPP/RNBQ1B1R b kq - 0 1
Moves; b8c6 g2g3 g8f6 f1g2 d7d5 c2c3 d5e4 d3e4 d8d1 h1d1 f6e4 e2e1 e4d6 b1a3 e7e5 c1e3 d6f5 a3c4 f5e3
Warning; Bestmove does not match beginning of last PV - move a2a4 from SF_2400
Info; info depth 11 seldepth 11 multipv 1 score cp 30 nodes 102346 nps 541513 hashfull 29 tbhits 0 time 189 pv e3c4 c8e6 f3d2 e6g4 g2c6 b7c6 f2f3 g4f5 c4e5
Position; fen rnbqkbnr/1p1ppp1p/p5p1/2p5/4P3/3P1N2/PPP1KPPP/RNBQ1B1R b kq - 0 1
Moves; b8c6 g2g3 g8f6 f1g2 d7d5 c2c3 d5e4 d3e4 d8d1 h1d1 f6e4 e2e1 e4d6 b1a3 e7e5 c1e3 d6f5 a3c4 f5e3 c4e3 a8a7
Warning; Bestmove does not match beginning of last PV - move e3d5 from SF_2400
Info; info depth 11 seldepth 19 multipv 1 score cp 35 nodes 107000 nps 591160 hashfull 31 tbhits 0 time 181 pv f3d2 e5e4 d2c4 c8e6 f2f3 e4f3 g2f3 a7a8 e3d5 e6d5 d1d5 a8d8 e1f1 d8d5 f3d5
Position; fen rnbqkbnr/1p1ppp1p/p5p1/2p5/4P3/3P1N2/PPP1KPPP/RNBQ1B1R b kq - 0 1
Moves; b8c6 g2g3 g8f6 f1g2 d7d5 c2c3 d5e4 d3e4 d8d1 h1d1 f6e4 e2e1 e4d6 b1a3 e7e5 c1e3 d6f5 a3c4 f5e3 c4e3 a8a7 a2a4 f7f5
Warning; Bestmove does not match beginning of last PV - move a4a5 from SF_2400
Info; info depth 12 seldepth 18 multipv 1 score cp 91 nodes 85154 nps 545858 hashfull 24 tbhits 0 time 156 pv f3d2 c8e6 d2c4 e8f7 d5b6 e5e4 a4a5 f8e7 f2f3 e6c4 b6c4 e4f3 g2f3 a7a8
Position; fen rnbqkbnr/1p1ppp1p/p5p1/2p5/4P3/3P1N2/PPP1KPPP/RNBQ1B1R b kq - 0 1
Moves; b8c6 g2g3 g8f6 f1g2 d7d5 c2c3 d5e4 d3e4 d8d1 h1d1 f6e4 e2e1 e4d6 b1a3 e7e5 c1e3 d6f5 a3c4 f5e3 c4e3 a8a7 a2a4 f7f5 e3d5 h7h6
Warning; Bestmove does not match beginning of last PV - move f3d2 from SF_2400
Info; info depth 11 seldepth 22 multipv 1 score cp 136 nodes 72786 nps 491797 hashfull 27 tbhits 0 time 148 pv f3h4 e8f7 d5b6 g7f6 g2d5 f7g7 h4g2 h6h5 e1f1 e5e4
Position; fen rnbqkbnr/1p1ppp1p/p5p1/2p5/4P3/3P1N2/PPP1KPPP/RNBQ1B1R b kq - 0 1
Moves; b8c6 g2g3 g8f6 f1g2 d7d5 c2c3 d5e4 d3e4 d8d1 h1d1 f6e4 e2e1 e4d6 b1a3 e7e5 c1e3 d6f5 a3c4 f5e3 c4e3 a8a7 a2a4 f7f5 e3d5 h7h6 a4a5 f8g7
Warning; Bestmove does not match beginning of last PV - move d2b3 from SF_2400
Info; info depth 10 seldepth 23 multipv 1 score cp 189 nodes 23347 nps 542953 hashfull 4 tbhits 0 time 43 pv d2c4 c8e6 c4d6 f7f8
Position; fen rnbqkbnr/1p1ppp1p/p5p1/2p5/4P3/3P1N2/PPP1KPPP/RNBQ1B1R b kq - 0 1
Moves; b8c6 g2g3 g8f6 f1g2 d7d5 c2c3 d5e4 d3e4 d8d1 h1d1 f6e4 e2e1 e4d6 b1a3 e7e5 c1e3 d6f5 a3c4 f5e3 c4e3 a8a7 a2a4 f7f5 e3d5 h7h6 a4a5 f8g7 f3d2 e8f7
Warning; Bestmove does not match beginning of last PV - move h2h3 from SF_2400
Info; info depth 9 seldepth 18 multipv 1 score cp 179 nodes 28289 nps 544019 hashfull 9 tbhits 0 time 52 pv d5e6 f7e6 a1a4 e5e4 e1e2 c6e5
Position; fen rnbqkbnr/1p1ppp1p/p5p1/2p5/4P3/3P1N2/PPP1KPPP/RNBQ1B1R b kq - 0 1
Moves; b8c6 g2g3 g8f6 f1g2 d7d5 c2c3 d5e4 d3e4 d8d1 h1d1 f6e4 e2e1 e4d6 b1a3 e7e5 c1e3 d6f5 a3c4 f5e3 c4e3 a8a7 a2a4 f7f5 e3d5 h7h6 a4a5 f8g7 f3d2 e8f7 d2b3 g7f8 d5b6 c8e6 g2d5 g6g5
Warning; Bestmove does not match beginning of last PV - move d1d2 from SF_2400
Info; info depth 11 seldepth 16 multipv 1 score cp 159 nodes 75584 nps 490805 hashfull 29 tbhits 0 time 154 pv a1a4 e5e4 e1e2 f8e7 g3g4 h5g4 h3g4
Position; fen rnbqkbnr/1p1ppp1p/p5p1/2p5/4P3/3P1N2/PPP1KPPP/RNBQ1B1R b kq - 0 1
Moves; b8c6 g2g3 g8f6 f1g2 d7d5 c2c3 d5e4 d3e4 d8d1 h1d1 f6e4 e2e1 e4d6 b1a3 e7e5 c1e3 d6f5 a3c4 f5e3 c4e3 a8a7 a2a4 f7f5 e3d5 h7h6 a4a5 f8g7 f3d2 e8f7 d2b3 g7f8 d5b6 c8e6 g2d5 g6g5 h2h3 h6h5
Warning; Bestmove does not match beginning of last PV - move a1d1 from SF_2400
Info; info depth 11 seldepth 13 multipv 1 score cp 263 nodes 30548 nps 526689 hashfull 11 tbhits 0 time 58 pv d5e6 f7e6 e1f1 f8e7 a1e1 e6f7 d2d7 f4f3 e1e3
Position; fen rnbqkbnr/1p1ppp1p/p5p1/2p5/4P3/3P1N2/PPP1KPPP/RNBQ1B1R b kq - 0 1
Moves; b8c6 g2g3 g8f6 f1g2 d7d5 c2c3 d5e4 d3e4 d8d1 h1d1 f6e4 e2e1 e4d6 b1a3 e7e5 c1e3 d6f5 a3c4 f5e3 c4e3 a8a7 a2a4 f7f5 e3d5 h7h6 a4a5 f8g7 f3d2 e8f7 d2b3 g7f8 d5b6 c8e6 g2d5 g6g5 h2h3 h6h5 d1d2 f5f4 g3f4 e5f4
Warning; Bestmove does not match beginning of last PV - move e1f1 from SF_2400
Info; info depth 11 seldepth 16 multipv 1 score cp 189 nodes 31619 nps 574890 hashfull 10 tbhits 0 time 55 pv d2e2 c5c4 d5e6 h6e6 d1d7 e6e7 e2e7 f8e7 b3c5 h5h4 b6c8
Position; fen rnbqkbnr/1p1ppp1p/p5p1/2p5/4P3/3P1N2/PPP1KPPP/RNBQ1B1R b kq - 0 1
Moves; b8c6 g2g3 g8f6 f1g2 d7d5 c2c3 d5e4 d3e4 d8d1 h1d1 f6e4 e2e1 e4d6 b1a3 e7e5 c1e3 d6f5 a3c4 f5e3 c4e3 a8a7 a2a4 f7f5 e3d5 h7h6 a4a5 f8g7 f3d2 e8f7 d2b3 g7f8 d5b6 c8e6 g2d5 g6g5 h2h3 h6h5 d1d2 f5f4 g3f4 e5f4 a1d1 h8h6
Warning; Bestmove does not match beginning of last PV - move b6d7 from SF_2400
Info; info depth 10 seldepth 16 multipv 1 score cp 167 nodes 21639 nps 746172 hashfull 7 tbhits 0 time 29 pv d5f5 f7g6 f5f8 a5b3 e2e7 g6h5 b6c4 a6a5 f8g8 a7a6 e7b7 a5a4
Position; fen rnbqkbnr/1p1ppp1p/p5p1/2p5/4P3/3P1N2/PPP1KPPP/RNBQ1B1R b kq - 0 1
Moves; b8c6 g2g3 g8f6 f1g2 d7d5 c2c3 d5e4 d3e4 d8d1 h1d1 f6e4 e2e1 e4d6 b1a3 e7e5 c1e3 d6f5 a3c4 f5e3 c4e3 a8a7 a2a4 f7f5 e3d5 h7h6 a4a5 f8g7 f3d2 e8f7 d2b3 g7f8 d5b6 c8e6 g2d5 g6g5 h2h3 h6h5 d1d2 f5f4 g3f4 e5f4 a1d1 h8h6 e1f1 h5h4 d2e2 e6d5 d1d5 c6a5
Warning; Bestmove does not match beginning of last PV - move d7e5 from SF_2400
Info; info depth 10 seldepth 12 multipv 1 score cp 140 nodes 32568 nps 957882 hashfull 4 tbhits 0 time 34 pv b3a5 b6a5 d5f5 f7g6 f5f6 g6h5 f6f7 h6d6 d7f6 h5g6
Position; fen rnbqkbnr/1p1ppp1p/p5p1/2p5/4P3/3P1N2/PPP1KPPP/RNBQ1B1R b kq - 0 1
Moves; b8c6 g2g3 g8f6 f1g2 d7d5 c2c3 d5e4 d3e4 d8d1 h1d1 f6e4 e2e1 e4d6 b1a3 e7e5 c1e3 d6f5 a3c4 f5e3 c4e3 a8a7 a2a4 f7f5 e3d5 h7h6 a4a5 f8g7 f3d2 e8f7 d2b3 g7f8 d5b6 c8e6 g2d5 g6g5 h2h3 h6h5 d1d2 f5f4 g3f4 e5f4 a1d1 h8h6 e1f1 h5h4 d2e2 e6d5 d1d5 c6a5 b6d7 b7b6
Warning; Bestmove does not match beginning of last PV - move e5f3 from SF_2400
Info; info depth 9 seldepth 8 multipv 1 score cp 86 nodes 21112 nps 703733 hashfull 5 tbhits 0 time 30 pv e5d7 f8d6 d7c5 f4f3 e2e6 h6e6 c5e6
Position; fen rnbqkbnr/1p1ppp1p/p5p1/2p5/4P3/3P1N2/PPP1KPPP/RNBQ1B1R b kq - 0 1
Moves; b8c6 g2g3 g8f6 f1g2 d7d5 c2c3 d5e4 d3e4 d8d1 h1d1 f6e4 e2e1 e4d6 b1a3 e7e5 c1e3 d6f5 a3c4 f5e3 c4e3 a8a7 a2a4 f7f5 e3d5 h7h6 a4a5 f8g7 f3d2 e8f7 d2b3 g7f8 d5b6 c8e6 g2d5 g6g5 h2h3 h6h5 d1d2 f5f4 g3f4 e5f4 a1d1 h8h6 e1f1 h5h4 d2e2 e6d5 d1d5 c6a5 b6d7 b7b6 d7e5 f7g8 b3a5 b6a5
Warning; Bestmove does not match beginning of last PV - move d5d1 from SF_2400
Info; info depth 9 seldepth 16 multipv 1 score cp 88 nodes 26921 nps 791794 hashfull 7 tbhits 0 time 34 pv f1g1 a7e7 d5g5 e7g7 g5g7 f8g7
Position; fen rnbqkbnr/1p1ppp1p/p5p1/2p5/4P3/3P1N2/PPP1KPPP/RNBQ1B1R b kq - 0 1
Moves; b8c6 g2g3 g8f6 f1g2 d7d5 c2c3 d5e4 d3e4 d8d1 h1d1 f6e4 e2e1 e4d6 b1a3 e7e5 c1e3 d6f5 a3c4 f5e3 c4e3 a8a7 a2a4 f7f5 e3d5 h7h6 a4a5 f8g7 f3d2 e8f7 d2b3 g7f8 d5b6 c8e6 g2d5 g6g5 h2h3 h6h5 d1d2 f5f4 g3f4 e5f4 a1d1 h8h6 e1f1 h5h4 d2e2 e6d5 d1d5 c6a5 b6d7 b7b6 d7e5 f7g8 b3a5 b6a5 e5f3 g5g4 h3g4 h4h3
Warning; Bestmove does not match beginning of last PV - move f1g1 from SF_2400
Info; info depth 9 seldepth 11 multipv 1 score cp 69 nodes 15166 nps 399105 hashfull 2 tbhits 0 time 38 pv g4g5 h3h2 f1g2
Position; fen rnbqkbnr/1p1ppp1p/p5p1/2p5/4P3/3P1N2/PPP1KPPP/RNBQ1B1R b kq - 0 1
Moves; b8c6 g2g3 g8f6 f1g2 d7d5 c2c3 d5e4 d3e4 d8d1 h1d1 f6e4 e2e1 e4d6 b1a3 e7e5 c1e3 d6f5 a3c4 f5e3 c4e3 a8a7 a2a4 f7f5 e3d5 h7h6 a4a5 f8g7 f3d2 e8f7 d2b3 g7f8 d5b6 c8e6 g2d5 g6g5 h2h3 h6h5 d1d2 f5f4 g3f4 e5f4 a1d1 h8h6 e1f1 h5h4 d2e2 e6d5 d1d5 c6a5 b6d7 b7b6 d7e5 f7g8 b3a5 b6a5 e5f3 g5g4 h3g4 h4h3 d5d1 a7g7
Warning; Bestmove does not match beginning of last PV - move e8e4 from SF_2400
Info; info depth 9 seldepth 15 multipv 1 score cp 32 nodes 23955 nps 748593 hashfull 23 tbhits 0 time 32 pv e8a8 g4g7 d1d7 f7e6 d7d8 f8e7 a8a6 e6f5
Position; fen rnbqkbnr/1p1ppp1p/p5p1/2p5/4P3/3P1N2/PPP1KPPP/RNBQ1B1R b kq - 0 1
Moves; b8c6 g2g3 g8f6 f1g2 d7d5 c2c3 d5e4 d3e4 d8d1 h1d1 f6e4 e2e1 e4d6 b1a3 e7e5 c1e3 d6f5 a3c4 f5e3 c4e3 a8a7 a2a4 f7f5 e3d5 h7h6 a4a5 f8g7 f3d2 e8f7 d2b3 g7f8 d5b6 c8e6 g2d5 g6g5 h2h3 h6h5 d1d2 f5f4 g3f4 e5f4 a1d1 h8h6 e1f1 h5h4 d2e2 e6d5 d1d5 c6a5 b6d7 b7b6 d7e5 f7g8 b3a5 b6a5 e5f3 g5g4 h3g4 h4h3 d5d1 a7g7 f1g1 g7g4 g1h1 h3h2 e2e8 g8f7
Warning; Bestmove does not match beginning of last PV - move e8e7 from SF_2400
Info; info depth 9 seldepth 10 multipv 1 score cp -9 nodes 26642 nps 986740 hashfull 29 tbhits 0 time 27 pv e1e7 h3f3 e7e6 f6g5 e6e5 g5h6 e5e2 g4g1 h1h2
Position; fen rnbqkbnr/1p1ppp1p/p5p1/2p5/4P3/3P1N2/PPP1KPPP/RNBQ1B1R b kq - 0 1
Moves; b8c6 g2g3 g8f6 f1g2 d7d5 c2c3 d5e4 d3e4 d8d1 h1d1 f6e4 e2e1 e4d6 b1a3 e7e5 c1e3 d6f5 a3c4 f5e3 c4e3 a8a7 a2a4 f7f5 e3d5 h7h6 a4a5 f8g7 f3d2 e8f7 d2b3 g7f8 d5b6 c8e6 g2d5 g6g5 h2h3 h6h5 d1d2 f5f4 g3f4 e5f4 a1d1 h8h6 e1f1 h5h4 d2e2 e6d5 d1d5 c6a5 b6d7 b7b6 d7e5 f7g8 b3a5 b6a5 e5f3 g5g4 h3g4 h4h3 d5d1 a7g7 f1g1 g7g4 g1h1 h3h2 e2e8 g8f7 e8e4 f7f6 e4e8 f8e7 d1e1 h6h3
Warning; Bestmove does not match beginning of last PV - move e1e6 from SF_2400
Info; info depth 9 seldepth 11 multipv 1 score cp -32 nodes 25021 nps 1042541 hashfull 40 tbhits 0 time 24 pv e1e2 g4h4 e7e6 f6g5 e2e5 g5g4
Position; fen rnbqkbnr/1p1ppp1p/p5p1/2p5/4P3/3P1N2/PPP1KPPP/RNBQ1B1R b kq - 0 1
Moves; b8c6 g2g3 g8f6 f1g2 d7d5 c2c3 d5e4 d3e4 d8d1 h1d1 f6e4 e2e1 e4d6 b1a3 e7e5 c1e3 d6f5 a3c4 f5e3 c4e3 a8a7 a2a4 f7f5 e3d5 h7h6 a4a5 f8g7 f3d2 e8f7 d2b3 g7f8 d5b6 c8e6 g2d5 g6g5 h2h3 h6h5 d1d2 f5f4 g3f4 e5f4 a1d1 h8h6 e1f1 h5h4 d2e2 e6d5 d1d5 c6a5 b6d7 b7b6 d7e5 f7g8 b3a5 b6a5 e5f3 g5g4 h3g4 h4h3 d5d1 a7g7 f1g1 g7g4 g1h1 h3h2 e2e8 g8f7 e8e4 f7f6 e4e8 f8e7 d1e1 h6h3 e8e7 h3f3
Warning; Bestmove does not match beginning of last PV - move e6e5 from SF_2400
Info; info depth 9 seldepth 11 multipv 1 score cp -30 nodes 27389 nps 1190826 hashfull 24 tbhits 0 time 23 pv e6e2 g4h4 e2e5 g5g4 e7g7 g4h3 g7g2
Position; fen rnbqkbnr/1p1ppp1p/p5p1/2p5/4P3/3P1N2/PPP1KPPP/RNBQ1B1R b kq - 0 1
Moves; b8c6 g2g3 g8f6 f1g2 d7d5 c2c3 d5e4 d3e4 d8d1 h1d1 f6e4 e2e1 e4d6 b1a3 e7e5 c1e3 d6f5 a3c4 f5e3 c4e3 a8a7 a2a4 f7f5 e3d5 h7h6 a4a5 f8g7 f3d2 e8f7 d2b3 g7f8 d5b6 c8e6 g2d5 g6g5 h2h3 h6h5 d1d2 f5f4 g3f4 e5f4 a1d1 h8h6 e1f1 h5h4 d2e2 e6d5 d1d5 c6a5 b6d7 b7b6 d7e5 f7g8 b3a5 b6a5 e5f3 g5g4 h3g4 h4h3 d5d1 a7g7 f1g1 g7g4 g1h1 h3h2 e2e8 g8f7 e8e4 f7f6 e4e8 f8e7 d1e1 h6h3 e8e7 h3f3 e1e6 f6g5
Warning; Bestmove does not match beginning of last PV - move e5e6 from SF_2400
Info; info depth 9 seldepth 10 multipv 1 score cp -40 nodes 24460 nps 1164761 hashfull 28 tbhits 0 time 21 pv e7e6 g4g6 e6g6 h6g6 h1h2 f3f2 h2h3 f2b2
Position; fen rnbqkbnr/1p1ppp1p/p5p1/2p5/4P3/3P1N2/PPP1KPPP/RNBQ1B1R b kq - 0 1
Moves; b8c6 g2g3 g8f6 f1g2 d7d5 c2c3 d5e4 d3e4 d8d1 h1d1 f6e4 e2e1 e4d6 b1a3 e7e5 c1e3 d6f5 a3c4 f5e3 c4e3 a8a7 a2a4 f7f5 e3d5 h7h6 a4a5 f8g7 f3d2 e8f7 d2b3 g7f8 d5b6 c8e6 g2d5 g6g5 h2h3 h6h5 d1d2 f5f4 g3f4 e5f4 a1d1 h8h6 e1f1 h5h4 d2e2 e6d5 d1d5 c6a5 b6d7 b7b6 d7e5 f7g8 b3a5 b6a5 e5f3 g5g4 h3g4 h4h3 d5d1 a7g7 f1g1 g7g4 g1h1 h3h2 e2e8 g8f7 e8e4 f7f6 e4e8 f8e7 d1e1 h6h3 e8e7 h3f3 e1e6 f6g5 e6e5 g5h6
Warning; Bestmove does not match beginning of last PV - move e6e2 from SF_2400
Info; info depth 16 seldepth 23 multipv 1 score cp -194 nodes 690122 nps 815747 hashfull 205 tbhits 0 time 846 pv e6g6 h6g6 e7e2 f3h3 e2e5 h3h5 e5h5 g6h5 f2f3 h5g5 h1h2 g5f5 h2h3 f5e5 h3g4 a5a4 g4g5 e5d5
Position; fen rnbqkbnr/1p1ppp1p/p5p1/2p5/4P3/3P1N2/PPP1KPPP/RNBQ1B1R b kq - 0 1
Moves; b8c6 g2g3 g8f6 f1g2 d7d5 c2c3 d5e4 d3e4 d8d1 h1d1 f6e4 e2e1 e4d6 b1a3 e7e5 c1e3 d6f5 a3c4 f5e3 c4e3 a8a7 a2a4 f7f5 e3d5 h7h6 a4a5 f8g7 f3d2 e8f7 d2b3 g7f8 d5b6 c8e6 g2d5 g6g5 h2h3 h6h5 d1d2 f5f4 g3f4 e5f4 a1d1 h8h6 e1f1 h5h4 d2e2 e6d5 d1d5 c6a5 b6d7 b7b6 d7e5 f7g8 b3a5 b6a5 e5f3 g5g4 h3g4 h4h3 d5d1 a7g7 f1g1 g7g4 g1h1 h3h2 e2e8 g8f7 e8e4 f7f6 e4e8 f8e7 d1e1 h6h3 e8e7 h3f3 e1e6 f6g5 e6e5 g5h6 e5e6 g4g6
Warning; Bestmove does not match beginning of last PV - move e1e4 from SF_2400
Info; info depth 15 seldepth 32 multipv 1 score cp -247 nodes 401306 nps 689529 hashfull 153 tbhits 0 time 582 pv e7e5 g5g4 e5c5 g4f3 c5e5 h3h4 e1d1 h4g4 d1d3 f3f2 d3d2 f2g3 e5e2 f4f3 d2d3 g3f4 d3d4 f4g5 d4d5 g5h4 e2h2 h4g3 d5d1 g3f4 h2h3 f4e4
Position; fen rnbqkbnr/1p1ppp1p/p5p1/2p5/4P3/3P1N2/PPP1KPPP/RNBQ1B1R b kq - 0 1
Moves; b8c6 g2g3 g8f6 f1g2 d7d5 c2c3 d5e4 d3e4 d8d1 h1d1 f6e4 e2e1 e4d6 b1a3 e7e5 c1e3 d6f5 a3c4 f5e3 c4e3 a8a7 a2a4 f7f5 e3d5 h7h6 a4a5 f8g7 f3d2 e8f7 d2b3 g7f8 d5b6 c8e6 g2d5 g6g5 h2h3 h6h5 d1d2 f5f4 g3f4 e5f4 a1d1 h8h6 e1f1 h5h4 d2e2 e6d5 d1d5 c6a5 b6d7 b7b6 d7e5 f7g8 b3a5 b6a5 e5f3 g5g4 h3g4 h4h3 d5d1 a7g7 f1g1 g7g4 g1h1 h3h2 e2e8 g8f7 e8e4 f7f6 e4e8 f8e7 d1e1 h6h3 e8e7 h3f3 e1e6 f6g5 e6e5 g5h6 e5e6 g4g6 e6e2 f3h3 e2e1 h6g5
Warning; Bestmove does not match beginning of last PV - move e4e2 from SF_2400
Info; info depth 16 seldepth 27 multipv 1 score cp -290 nodes 318177 nps 716614 hashfull 116 tbhits 0 time 444 pv e4e1 b6b2 c3c4 a5a4 g7f7 f5g4 f2f3 g4g3 e1f1 b2b6
Position; fen rnbqkbnr/1p1ppp1p/p5p1/2p5/4P3/3P1N2/PPP1KPPP/RNBQ1B1R b kq - 0 1
Moves; b8c6 g2g3 g8f6 f1g2 d7d5 c2c3 d5e4 d3e4 d8d1 h1d1 f6e4 e2e1 e4d6 b1a3 e7e5 c1e3 d6f5 a3c4 f5e3 c4e3 a8a7 a2a4 f7f5 e3d5 h7h6 a4a5 f8g7 f3d2 e8f7 d2b3 g7f8 d5b6 c8e6 g2d5 g6g5 h2h3 h6h5 d1d2 f5f4 g3f4 e5f4 a1d1 h8h6 e1f1 h5h4 d2e2 e6d5 d1d5 c6a5 b6d7 b7b6 d7e5 f7g8 b3a5 b6a5 e5f3 g5g4 h3g4 h4h3 d5d1 a7g7 f1g1 g7g4 g1h1 h3h2 e2e8 g8f7 e8e4 f7f6 e4e8 f8e7 d1e1 h6h3 e8e7 h3f3 e1e6 f6g5 e6e5 g5h6 e5e6 g4g6 e6e2 f3h3 e2e1 h6g5 e1e4 g6b6 e7g7 g5f5
Warning; Bestmove does not match beginning of last PV - move e2d2 from SF_2400
Info; info depth 12 seldepth 12 multipv 1 score cp -115 nodes 144576 nps 672446 hashfull 51 tbhits 0 time 215 pv g7f7 b6f6 f7f6 f5f6 e2e4 h3h5 e4a4 f6e5 a4a5 e5e4 a5a6
Position; fen rnbqkbnr/1p1ppp1p/p5p1/2p5/4P3/3P1N2/PPP1KPPP/RNBQ1B1R b kq - 0 1
Moves; b8c6 g2g3 g8f6 f1g2 d7d5 c2c3 d5e4 d3e4 d8d1 h1d1 f6e4 e2e1 e4d6 b1a3 e7e5 c1e3 d6f5 a3c4 f5e3 c4e3 a8a7 a2a4 f7f5 e3d5 h7h6 a4a5 f8g7 f3d2 e8f7 d2b3 g7f8 d5b6 c8e6 g2d5 g6g5 h2h3 h6h5 d1d2 f5f4 g3f4 e5f4 a1d1 h8h6 e1f1 h5h4 d2e2 e6d5 d1d5 c6a5 b6d7 b7b6 d7e5 f7g8 b3a5 b6a5 e5f3 g5g4 h3g4 h4h3 d5d1 a7g7 f1g1 g7g4 g1h1 h3h2 e2e8 g8f7 e8e4 f7f6 e4e8 f8e7 d1e1 h6h3 e8e7 h3f3 e1e6 f6g5 e6e5 g5h6 e5e6 g4g6 e6e2 f3h3 e2e1 h6g5 e1e4 g6b6 e7g7 g5f5 e4e2 f4f3
Warning; Bestmove does not match beginning of last PV - move g7g4 from SF_2400
Info; info depth 13 seldepth 24 multipv 1 score cp -105 nodes 133565 nps 795029 hashfull 37 tbhits 0 time 168 pv g7c7 b6e6 d2d1 h3h5 c7c8 a5a4
Position; fen rnbqkbnr/1p1ppp1p/p5p1/2p5/4P3/3P1N2/PPP1KPPP/RNBQ1B1R b kq - 0 1
Moves; b8c6 g2g3 g8f6 f1g2 d7d5 c2c3 d5e4 d3e4 d8d1 h1d1 f6e4 e2e1 e4d6 b1a3 e7e5 c1e3 d6f5 a3c4 f5e3 c4e3 a8a7 a2a4 f7f5 e3d5 h7h6 a4a5 f8g7 f3d2 e8f7 d2b3 g7f8 d5b6 c8e6 g2d5 g6g5 h2h3 h6h5 d1d2 f5f4 g3f4 e5f4 a1d1 h8h6 e1f1 h5h4 d2e2 e6d5 d1d5 c6a5 b6d7 b7b6 d7e5 f7g8 b3a5 b6a5 e5f3 g5g4 h3g4 h4h3 d5d1 a7g7 f1g1 g7g4 g1h1 h3h2 e2e8 g8f7 e8e4 f7f6 e4e8 f8e7 d1e1 h6h3 e8e7 h3f3 e1e6 f6g5 e6e5 g5h6 e5e6 g4g6 e6e2 f3h3 e2e1 h6g5 e1e4 g6b6 e7g7 g5f5 e4e2 f4f3 e2d2 f5f6
Warning; Bestmove does not match beginning of last PV - move g4c4 from SF_2400
Info; info depth 12 seldepth 34 multipv 1 score cp -159 nodes 112996 nps 830852 hashfull 32 tbhits 0 time 136 pv d1f1 e2b2 g4a4 f6e6 a4a5 e6d5 c3c4 d5d4 f1d1 d4e4 d1f1 h3h4 a5c5
Position; fen rnbqkbnr/1p1ppp1p/p5p1/2p5/4P3/3P1N2/PPP1KPPP/RNBQ1B1R b kq - 0 1
Moves; b8c6 g2g3 g8f6 f1g2 d7d5 c2c3 d5e4 d3e4 d8d1 h1d1 f6e4 e2e1 e4d6 b1a3 e7e5 c1e3 d6f5 a3c4 f5e3 c4e3 a8a7 a2a4 f7f5 e3d5 h7h6 a4a5 f8g7 f3d2 e8f7 d2b3 g7f8 d5b6 c8e6 g2d5 g6g5 h2h3 h6h5 d1d2 f5f4 g3f4 e5f4 a1d1 h8h6 e1f1 h5h4 d2e2 e6d5 d1d5 c6a5 b6d7 b7b6 d7e5 f7g8 b3a5 b6a5 e5f3 g5g4 h3g4 h4h3 d5d1 a7g7 f1g1 g7g4 g1h1 h3h2 e2e8 g8f7 e8e4 f7f6 e4e8 f8e7 d1e1 h6h3 e8e7 h3f3 e1e6 f6g5 e6e5 g5h6 e5e6 g4g6 e6e2 f3h3 e2e1 h6g5 e1e4 g6b6 e7g7 g5f5 e4e2 f4f3 e2d2 f5f6 g7g4 b6e6 d2d1 e6e2
Warning; Bestmove does not match beginning of last PV - move f1d1 from SF_2400
Info; info depth 11 seldepth 15 multipv 1 score cp -202 nodes 34762 nps 755695 hashfull 12 tbhits 0 time 46 pv c4a4 f6e5 a4a5 e5e4 a5a6 e4d3 c3c4 b2c2 a6a3 c2c3 f1d1 d3c4
Position; fen rnbqkbnr/1p1ppp1p/p5p1/2p5/4P3/3P1N2/PPP1KPPP/RNBQ1B1R b kq - 0 1
Moves; b8c6 g2g3 g8f6 f1g2 d7d5 c2c3 d5e4 d3e4 d8d1 h1d1 f6e4 e2e1 e4d6 b1a3 e7e5 c1e3 d6f5 a3c4 f5e3 c4e3 a8a7 a2a4 f7f5 e3d5 h7h6 a4a5 f8g7 f3d2 e8f7 d2b3 g7f8 d5b6 c8e6 g2d5 g6g5 h2h3 h6h5 d1d2 f5f4 g3f4 e5f4 a1d1 h8h6 e1f1 h5h4 d2e2 e6d5 d1d5 c6a5 b6d7 b7b6 d7e5 f7g8 b3a5 b6a5 e5f3 g5g4 h3g4 h4h3 d5d1 a7g7 f1g1 g7g4 g1h1 h3h2 e2e8 g8f7 e8e4 f7f6 e4e8 f8e7 d1e1 h6h3 e8e7 h3f3 e1e6 f6g5 e6e5 g5h6 e5e6 g4g6 e6e2 f3h3 e2e1 h6g5 e1e4 g6b6 e7g7 g5f5 e4e2 f4f3 e2d2 f5f6 g7g4 b6e6 d2d1 e6e2 g4c4 h3h5 d1f1 e2b2
Warning; Bestmove does not match beginning of last PV - move c4a4 from SF_2400
Info; info depth 13 seldepth 15 multipv 1 score cp -405 nodes 60555 nps 696034 hashfull 13 tbhits 0 time 87 pv a1f1 h5f5 c4a4 f6g5 a4a5 f3f2 h1h2
Position; fen rnbqkbnr/1p1ppp1p/p5p1/2p5/4P3/3P1N2/PPP1KPPP/RNBQ1B1R b kq - 0 1
Moves; b8c6 g2g3 g8f6 f1g2 d7d5 c2c3 d5e4 d3e4 d8d1 h1d1 f6e4 e2e1 e4d6 b1a3 e7e5 c1e3 d6f5 a3c4 f5e3 c4e3 a8a7 a2a4 f7f5 e3d5 h7h6 a4a5 f8g7 f3d2 e8f7 d2b3 g7f8 d5b6 c8e6 g2d5 g6g5 h2h3 h6h5 d1d2 f5f4 g3f4 e5f4 a1d1 h8h6 e1f1 h5h4 d2e2 e6d5 d1d5 c6a5 b6d7 b7b6 d7e5 f7g8 b3a5 b6a5 e5f3 g5g4 h3g4 h4h3 d5d1 a7g7 f1g1 g7g4 g1h1 h3h2 e2e8 g8f7 e8e4 f7f6 e4e8 f8e7 d1e1 h6h3 e8e7 h3f3 e1e6 f6g5 e6e5 g5h6 e5e6 g4g6 e6e2 f3h3 e2e1 h6g5 e1e4 g6b6 e7g7 g5f5 e4e2 f4f3 e2d2 f5f6 g7g4 b6e6 d2d1 e6e2 g4c4 h3h5 d1f1 e2b2 f1d1 b2f2 d1a1 f2b2
Warning; Bestmove does not match beginning of last PV - move c3c4 from SF_2400
Info; info depth 13 seldepth 16 multipv 1 score cp -353 nodes 58818 nps 754076 hashfull 19 tbhits 0 time 78 pv a4a5 b2e2 a5a6 f6f5 a6a1 f5g4 c3c4 e3e7 a1a8 e2e1
Position; fen rnbqkbnr/1p1ppp1p/p5p1/2p5/4P3/3P1N2/PPP1KPPP/RNBQ1B1R b kq - 0 1
Moves; b8c6 g2g3 g8f6 f1g2 d7d5 c2c3 d5e4 d3e4 d8d1 h1d1 f6e4 e2e1 e4d6 b1a3 e7e5 c1e3 d6f5 a3c4 f5e3 c4e3 a8a7 a2a4 f7f5 e3d5 h7h6 a4a5 f8g7 f3d2 e8f7 d2b3 g7f8 d5b6 c8e6 g2d5 g6g5 h2h3 h6h5 d1d2 f5f4 g3f4 e5f4 a1d1 h8h6 e1f1 h5h4 d2e2 e6d5 d1d5 c6a5 b6d7 b7b6 d7e5 f7g8 b3a5 b6a5 e5f3 g5g4 h3g4 h4h3 d5d1 a7g7 f1g1 g7g4 g1h1 h3h2 e2e8 g8f7 e8e4 f7f6 e4e8 f8e7 d1e1 h6h3 e8e7 h3f3 e1e6 f6g5 e6e5 g5h6 e5e6 g4g6 e6e2 f3h3 e2e1 h6g5 e1e4 g6b6 e7g7 g5f5 e4e2 f4f3 e2d2 f5f6 g7g4 b6e6 d2d1 e6e2 g4c4 h3h5 d1f1 e2b2 f1d1 b2f2 d1a1 f2b2 c4a4 h5e5 a1f1 e5e3
Warning; Bestmove does not match beginning of last PV - move d1f1 from SF_2400
Info; info depth 10 seldepth 36 multipv 1 score cp -457 nodes 66357 nps 1543186 hashfull 13 tbhits 0 time 43 pv d1c1 c5b5 c1c5 b5a4 c5a5 a4b3 a5a3 b3c2 a3e3 b2b3 e3e8 b3b1 h1h2
Position; fen rnbqkbnr/1p1ppp1p/p5p1/2p5/4P3/3P1N2/PPP1KPPP/RNBQ1B1R b kq - 0 1
Moves; b8c6 g2g3 g8f6 f1g2 d7d5 c2c3 d5e4 d3e4 d8d1 h1d1 f6e4 e2e1 e4d6 b1a3 e7e5 c1e3 d6f5 a3c4 f5e3 c4e3 a8a7 a2a4 f7f5 e3d5 h7h6 a4a5 f8g7 f3d2 e8f7 d2b3 g7f8 d5b6 c8e6 g2d5 g6g5 h2h3 h6h5 d1d2 f5f4 g3f4 e5f4 a1d1 h8h6 e1f1 h5h4 d2e2 e6d5 d1d5 c6a5 b6d7 b7b6 d7e5 f7g8 b3a5 b6a5 e5f3 g5g4 h3g4 h4h3 d5d1 a7g7 f1g1 g7g4 g1h1 h3h2 e2e8 g8f7 e8e4 f7f6 e4e8 f8e7 d1e1 h6h3 e8e7 h3f3 e1e6 f6g5 e6e5 g5h6 e5e6 g4g6 e6e2 f3h3 e2e1 h6g5 e1e4 g6b6 e7g7 g5f5 e4e2 f4f3 e2d2 f5f6 g7g4 b6e6 d2d1 e6e2 g4c4 h3h5 d1f1 e2b2 f1d1 b2f2 d1a1 f2b2 c4a4 h5e5 a1f1 e5e3 c3c4 f6e5 a4a5 e5d4 f1d1 d4c4 a5c5 c4c5
Warning; Bestmove does not match beginning of last PV - move g3g4 from SF_2400
Info; info depth 27 seldepth 21 multipv 1 score mate -10 nodes 23239 nps 2582111 hashfull 1 tbhits 0 time 9 pv g3f4 e2e1 f4g3 f2c2 g3f3 a6a5 f3g3 a5a4 g3g4 a4a3 g4f3 a3a2 f3g3 a2a1q g3f4 a1g7 f4f3 g7g2 f3f4 c2f2
Position; fen rnbqkbnr/1p1ppp1p/p5p1/2p5/4P3/3P1N2/PPP1KPPP/RNBQ1B1R b kq - 0 1
Moves; b8c6 g2g3 g8f6 f1g2 d7d5 c2c3 d5e4 d3e4 d8d1 h1d1 f6e4 e2e1 e4d6 b1a3 e7e5 c1e3 d6f5 a3c4 f5e3 c4e3 a8a7 a2a4 f7f5 e3d5 h7h6 a4a5 f8g7 f3d2 e8f7 d2b3 g7f8 d5b6 c8e6 g2d5 g6g5 h2h3 h6h5 d1d2 f5f4 g3f4 e5f4 a1d1 h8h6 e1f1 h5h4 d2e2 e6d5 d1d5 c6a5 b6d7 b7b6 d7e5 f7g8 b3a5 b6a5 e5f3 g5g4 h3g4 h4h3 d5d1 a7g7 f1g1 g7g4 g1h1 h3h2 e2e8 g8f7 e8e4 f7f6 e4e8 f8e7 d1e1 h6h3 e8e7 h3f3 e1e6 f6g5 e6e5 g5h6 e5e6 g4g6 e6e2 f3h3 e2e1 h6g5 e1e4 g6b6 e7g7 g5f5 e4e2 f4f3 e2d2 f5f6 g7g4 b6e6 d2d1 e6e2 g4c4 h3h5 d1f1 e2b2 f1d1 b2f2 d1a1 f2b2 c4a4 h5e5 a1f1 e5e3 c3c4 f6e5 a4a5 e5d4 f1d1 d4c4 a5c5 c4c5 d1f1 c5b5 f1f2 e3e1 h1h2 b2f2 h2g3 e1e2
Warning; Bestmove does not match beginning of last PV - move e3d3 from SF_2400
Info; info depth 29 seldepth 15 multipv 1 score mate -2 nodes 39059 nps 2603933 hashfull 21 tbhits 0 time 15 pv e3e4 g2g3 e4e5 g3e3
Position; fen rnbqkbnr/1p1ppp1p/p5p1/2p5/4P3/3P1N2/PPP1KPPP/RNBQ1B1R b kq - 0 1
Moves; b8c6 g2g3 g8f6 f1g2 d7d5 c2c3 d5e4 d3e4 d8d1 h1d1 f6e4 e2e1 e4d6 b1a3 e7e5 c1e3 d6f5 a3c4 f5e3 c4e3 a8a7 a2a4 f7f5 e3d5 h7h6 a4a5 f8g7 f3d2 e8f7 d2b3 g7f8 d5b6 c8e6 g2d5 g6g5 h2h3 h6h5 d1d2 f5f4 g3f4 e5f4 a1d1 h8h6 e1f1 h5h4 d2e2 e6d5 d1d5 c6a5 b6d7 b7b6 d7e5 f7g8 b3a5 b6a5 e5f3 g5g4 h3g4 h4h3 d5d1 a7g7 f1g1 g7g4 g1h1 h3h2 e2e8 g8f7 e8e4 f7f6 e4e8 f8e7 d1e1 h6h3 e8e7 h3f3 e1e6 f6g5 e6e5 g5h6 e5e6 g4g6 e6e2 f3h3 e2e1 h6g5 e1e4 g6b6 e7g7 g5f5 e4e2 f4f3 e2d2 f5f6 g7g4 b6e6 d2d1 e6e2 g4c4 h3h5 d1f1 e2b2 f1d1 b2f2 d1a1 f2b2 c4a4 h5e5 a1f1 e5e3 c3c4 f6e5 a4a5 e5d4 f1d1 d4c4 a5c5 c4c5 d1f1 c5b5 f1f2 e3e1 h1h2 b2f2 h2g3 e1e2 g3g4 f2g2 g4f3 e2f2 f3e3 b5c5
Finished game 10 (SF_2400 vs HiveChess): 0-1 {Black mates}
--------------------------------------------------
Rank Name                             Elo        +/-       nElo        +/-      Games      Score       Draw           Ptnml(0-2)
   1 SF_2300                          inf        nan        inf        nan          2     100.0%       0.0%      [0, 0, 0, 0, 1]
   2 HiveChess                     147.19        nan     122.84     215.34         10      70.0%      20.0%      [1, 0, 1, 0, 3]
   3 SF_2400                        -0.00       0.00        nan        nan          2      50.0%     100.0%      [0, 0, 1, 0, 0]
   4 SF_2000                         -inf        nan       -inf        nan          2       0.0%       0.0%      [1, 0, 0, 0, 0]
   5 SF_2100                         -inf        nan       -inf        nan          2       0.0%       0.0%      [1, 0, 0, 0, 0]
   6 SF_2200                         -inf        nan       -inf        nan          2       0.0%       0.0%      [1, 0, 0, 0, 0]
--------------------------------------------------
Finished match
Total Time: 00:04:17 (hours:minutes:seconds)

Computing ELO...
elo: 2369.5
games_played: 10
score_pct: 0.700
total_wins: 7
total_draws: 0
total_losses: 3
ci_95: 250.1

Per-opponent breakdown:
  vs SF_2000 (2000): +2 =0 -0 [1.000]
  vs SF_2100 (2100): +2 =0 -0 [1.000]
  vs SF_2200 (2200): +2 =0 -0 [1.000]
  vs SF_2300 (2300): +0 =0 -2 [0.000]
  vs SF_2400 (2400): +1 =0 -1 [0.500]
---
elo:              2369.5
games_played:     10
score_pct:        0.700
wins:             7
draws:            0
losses:           3
binary_bytes:     1409472
line_count:       2525
compile_secs:     0
valid:            true
