Verifying tool integrity...
Tool integrity verified.
Compiling engine...
Compiled in 0s.
Running gauntlet tournament...
Gauntlet: 5 SF levels (2000-2400) x 2 games (engine 500ms, SF 100ms)...
Running: tools/fastchess -engine cmd=engine/target/release/hive-chess proto=uci name=HiveChess tc=40/20 -engine cmd=tools/stockfish proto=uci name=SF_2000 tc=40/4 option.UCI_LimitStrength=true option.UCI_Elo=2000 option.Threads=1 option.Hash=16 -engine cmd=tools/stockfish proto=uci name=SF_2100 tc=40/4 option.UCI_LimitStrength=true option.UCI_Elo=2100 option.Threads=1 option.Hash=16 -engine cmd=tools/stockfish proto=uci name=SF_2200 tc=40/4 option.UCI_LimitStrength=true option.UCI_Elo=2200 option.Threads=1 option.Hash=16 -engine cmd=tools/stockfish proto=uci name=SF_2300 tc=40/4 option.UCI_LimitStrength=true option.UCI_Elo=2300 option.Threads=1 option.Hash=16 -engine cmd=tools/stockfish proto=uci name=SF_2400 tc=40/4 option.UCI_LimitStrength=true option.UCI_Elo=2400 option.Threads=1 option.Hash=16 -tournament gauntlet -rounds 1 -games 2 -repeat -pgnout file=eval/games.pgn -recover -wait 50 -openings file=data/openings.epd format=epd order=random
Indexing opening suite...
Started game 1 of 10 (HiveChess vs SF_2000)
Warning; Bestmove does not match beginning of last PV - move c7c6 from SF_2000
Info; info depth 13 seldepth 26 multipv 1 score cp -76 nodes 184291 nps 417893 hashfull 61 tbhits 0 time 441 pv e7e5 b1c3 b8c6 f2f4 f8c5 c1b2 d7d6 d1h5 g7g6 h5h4 f6f5 h4d8 e8d8 f4e5 d6e5 e1c1 g8f6 g1f3 h8f8 f1c4 c8d7 e4f5 g6f5
Position; fen rnbqkbnr/ppppp1pp/5p2/8/8/1P6/P1PPPPPP/RNBQKBNR w KQkq - 0 1
Moves; e2e4
Warning; Bestmove does not match beginning of last PV - move e7e6 from SF_2000
Info; info depth 12 seldepth 21 multipv 1 score cp -82 nodes 165145 nps 412862 hashfull 65 tbhits 0 time 400 pv e7e5 d2d4 d7d5 d4e5 f8b4 c1d2 d8a5 d1h5 g7g6 h5f3 d5e4 c3e4 b4d2 e4d2 a5e5 f3e2
Position; fen rnbqkbnr/ppppp1pp/5p2/8/8/1P6/P1PPPPPP/RNBQKBNR w KQkq - 0 1
Moves; e2e4 c7c6 b1c3
Warning; Bestmove does not match beginning of last PV - move a7a5 from SF_2000
Info; info depth 12 seldepth 21 multipv 1 score cp -116 nodes 131162 nps 388053 hashfull 44 tbhits 0 time 338 pv d7d5 c1b2 a7a5 f1d3 b8a6 a2a3 g8h6 d1e2 f8e7
Position; fen rnbqkbnr/ppppp1pp/5p2/8/8/1P6/P1PPPPPP/RNBQKBNR w KQkq - 0 1
Moves; e2e4 c7c6 b1c3 e7e6 d2d4
Warning; Bestmove does not match beginning of last PV - move d7d5 from SF_2000
Info; info depth 12 seldepth 22 multipv 1 score cp -109 nodes 80563 nps 400810 hashfull 25 tbhits 0 time 201 pv f8b4 c1d2 d7d5 f1d3 g8e7 e1g1 e8g8 f1e1 b8d7 h2h3 e6e5 e4d5 c6d5 d4e5 f6e5 f3e5
Position; fen rnbqkbnr/ppppp1pp/5p2/8/8/1P6/P1PPPPPP/RNBQKBNR w KQkq - 0 1
Moves; e2e4 c7c6 b1c3 e7e6 d2d4 a7a5 g1f3
Warning; Bestmove does not match beginning of last PV - move f8d6 from SF_2000
Info; info depth 11 seldepth 24 multipv 1 score cp -115 nodes 59887 nps 410184 hashfull 20 tbhits 0 time 146 pv f8b4 c1d2 g8e7 e1g1 e8g8 a2a3 b4c3 d2c3 d5e4 d3e4 a5a4 c3b2 a4b3 c2c4 c6c5 d1b3 c5d4 f3d4 b8c6 d4c6 e7c6
Position; fen rnbqkbnr/ppppp1pp/5p2/8/8/1P6/P1PPPPPP/RNBQKBNR w KQkq - 0 1
Moves; e2e4 c7c6 b1c3 e7e6 d2d4 a7a5 g1f3 d7d5 f1d3
Warning; Bestmove does not match beginning of last PV - move b8a6 from SF_2000
Info; info depth 12 seldepth 14 multipv 1 score cp -149 nodes 96967 nps 387868 hashfull 32 tbhits 0 time 250 pv d6c7 f1e1 g8e7 e4e5 b8d7 f3h4 g7g6 e5f6 d7f6 c1h6
Position; fen rnbqkbnr/ppppp1pp/5p2/8/8/1P6/P1PPPPPP/RNBQKBNR w KQkq - 0 1
Moves; e2e4 c7c6 b1c3 e7e6 d2d4 a7a5 g1f3 d7d5 f1d3 f8d6 e1g1
Warning; Bestmove does not match beginning of last PV - move b7b5 from SF_2000
Info; info depth 11 seldepth 16 multipv 1 score cp -155 nodes 25127 nps 433224 hashfull 7 tbhits 0 time 58 pv g8e7 f1e1 d6b8 e4e5 f6e5 f3e5 e8g8 d1h5
Position; fen rnbqkbnr/ppppp1pp/5p2/8/8/1P6/P1PPPPPP/RNBQKBNR w KQkq - 0 1
Moves; e2e4 c7c6 b1c3 e7e6 d2d4 a7a5 g1f3 d7d5 f1d3 f8d6 e1g1 b8a6 a2a3
Warning; Bestmove does not match beginning of last PV - move g8h6 from SF_2000
Info; info depth 11 seldepth 22 multipv 1 score cp -106 nodes 66850 nps 367307 hashfull 25 tbhits 0 time 182 pv f6e5 f3e5 c7e5 d4e5 g8e7 f2f4 a6c5 d2f2 c5d3 c2d3 a5a4 b3a4 b5a4
Position; fen rnbqkbnr/ppppp1pp/5p2/8/8/1P6/P1PPPPPP/RNBQKBNR w KQkq - 0 1
Moves; e2e4 c7c6 b1c3 e7e6 d2d4 a7a5 g1f3 d7d5 f1d3 f8d6 e1g1 b8a6 a2a3 b7b5 e4e5 d6c7 d1d2
Warning; Bestmove does not match beginning of last PV - move c8d7 from SF_2000
Info; info depth 11 seldepth 18 multipv 1 score cp -64 nodes 80379 nps 390189 hashfull 28 tbhits 0 time 206 pv f6e5 f3e5 f7e5 d4e5 d8e7 e2e3 e8g8 c3e2 b5b4 e3h3 g7g6 h3g3 b4a3 d2h6 f8f7 h6g5
Position; fen rnbqkbnr/ppppp1pp/5p2/8/8/1P6/P1PPPPPP/RNBQKBNR w KQkq - 0 1
Moves; e2e4 c7c6 b1c3 e7e6 d2d4 a7a5 g1f3 d7d5 f1d3 f8d6 e1g1 b8a6 a2a3 b7b5 e4e5 d6c7 d1d2 g8h6 d2e2 h6f7 c1d2
Warning; Bestmove does not match beginning of last PV - move d7c8 from SF_2000
Info; info depth 10 seldepth 15 multipv 1 score cp -68 nodes 42931 nps 412798 hashfull 14 tbhits 0 time 104 pv f6e5 f3e5 f7e5 d4e5 d8h4 f2f4 a6c5 d2e3 c7b6 a3a4 c5d3 e2d3
Position; fen rnbqkbnr/ppppp1pp/5p2/8/8/1P6/P1PPPPPP/RNBQKBNR w KQkq - 0 1
Moves; e2e4 c7c6 b1c3 e7e6 d2d4 a7a5 g1f3 d7d5 f1d3 f8d6 e1g1 b8a6 a2a3 b7b5 e4e5 d6c7 d1d2 g8h6 d2e2 h6f7 c1d2 c8d7 a1e1
Warning; Bestmove does not match beginning of last PV - move a6c5 from SF_2000
Info; info depth 8 seldepth 9 multipv 1 score cp -106 nodes 16753 nps 507666 hashfull 3 tbhits 0 time 33 pv e8g8 e1e3 d7c6 f1e1 c6f3 e3f3 a6b8 a5b4
Position; fen rnbqkbnr/ppppp1pp/5p2/8/8/1P6/P1PPPPPP/RNBQKBNR w KQkq - 0 1
Moves; e2e4 c7c6 b1c3 e7e6 d2d4 a7a5 g1f3 d7d5 f1d3 f8d6 e1g1 b8a6 a2a3 b7b5 e4e5 d6c7 d1d2 g8h6 d2e2 h6f7 c1d2 c8d7 a1e1 d7c8 e5f6 d8f6 d3b5 c6b5 c3d5 f6d8 e2b5 c8d7 d5c7 a6c7 b5c5 c7a6 c5a5 d8a5 d2a5
Warning; Bestmove does not match beginning of last PV - move d7e6 from SF_2000
Info; info depth 12 seldepth 15 multipv 1 score cp -132 nodes 19009 nps 678892 hashfull 6 tbhits 0 time 28 pv c7e6 f3d4 f7d8 c3b4 e8f7 d4f5 d8c6 f5d6 f7g8 f2f4
Position; fen rnbqkbnr/ppppp1pp/5p2/8/8/1P6/P1PPPPPP/RNBQKBNR w KQkq - 0 1
Moves; e2e4 c7c6 b1c3 e7e6 d2d4 a7a5 g1f3 d7d5 f1d3 f8d6 e1g1 b8a6 a2a3 b7b5 e4e5 d6c7 d1d2 g8h6 d2e2 h6f7 c1d2 c8d7 a1e1 d7c8 e5f6 d8f6 d3b5 c6b5 c3d5 f6d8 e2b5 c8d7 d5c7 a6c7 b5c5 c7a6 c5a5 d8a5 d2a5 a6c5 a5c3 c5a6 d4d5 a6c7 d5e6
Warning; Bestmove does not match beginning of last PV - move d8d5 from SF_2000
Info; info depth 9 seldepth 20 multipv 1 score cp -85 nodes 28332 nps 555529 hashfull 7 tbhits 0 time 51 pv e6h3 f6d8 h3g2 d8c7 c8c7 e1e7 c7d6
Position; fen rnbqkbnr/ppppp1pp/5p2/8/8/1P6/P1PPPPPP/RNBQKBNR w KQkq - 0 1
Moves; e2e4 c7c6 b1c3 e7e6 d2d4 a7a5 g1f3 d7d5 f1d3 f8d6 e1g1 b8a6 a2a3 b7b5 e4e5 d6c7 d1d2 g8h6 d2e2 h6f7 c1d2 c8d7 a1e1 d7c8 e5f6 d8f6 d3b5 c6b5 c3d5 f6d8 e2b5 c8d7 d5c7 a6c7 b5c5 c7a6 c5a5 d8a5 d2a5 a6c5 a5c3 c5a6 d4d5 a6c7 d5e6 d7e6 c3g7 h8g8 g7b2 e8c8 b2f6
Warning; Bestmove does not match beginning of last PV - move d5d6 from SF_2000
Info; info depth 7 seldepth 9 multipv 1 score cp -55 nodes 11791 nps 842214 hashfull 2 tbhits 0 time 14 pv e6h3 e1e3 g8g2 g1h1 f7e5 e3h3
Position; fen rnbqkbnr/ppppp1pp/5p2/8/8/1P6/P1PPPPPP/RNBQKBNR w KQkq - 0 1
Moves; e2e4 c7c6 b1c3 e7e6 d2d4 a7a5 g1f3 d7d5 f1d3 f8d6 e1g1 b8a6 a2a3 b7b5 e4e5 d6c7 d1d2 g8h6 d2e2 h6f7 c1d2 c8d7 a1e1 d7c8 e5f6 d8f6 d3b5 c6b5 c3d5 f6d8 e2b5 c8d7 d5c7 a6c7 b5c5 c7a6 c5a5 d8a5 d2a5 a6c5 a5c3 c5a6 d4d5 a6c7 d5e6 d7e6 c3g7 h8g8 g7b2 e8c8 b2f6 d8d5 f3e5
Warning; Bestmove does not match beginning of last PV - move d6d4 from SF_2000
Info; info depth 8 seldepth 13 multipv 1 score cp -50 nodes 13205 nps 660250 hashfull 3 tbhits 0 time 20 pv d6d2 c2c4 d2b2 e5f7 e6f7 e1b1 b2a2 f1e1
Position; fen rnbqkbnr/ppppp1pp/5p2/8/8/1P6/P1PPPPPP/RNBQKBNR w KQkq - 0 1
Moves; e2e4 c7c6 b1c3 e7e6 d2d4 a7a5 g1f3 d7d5 f1d3 f8d6 e1g1 b8a6 a2a3 b7b5 e4e5 d6c7 d1d2 g8h6 d2e2 h6f7 c1d2 c8d7 a1e1 d7c8 e5f6 d8f6 d3b5 c6b5 c3d5 f6d8 e2b5 c8d7 d5c7 a6c7 b5c5 c7a6 c5a5 d8a5 d2a5 a6c5 a5c3 c5a6 d4d5 a6c7 d5e6 d7e6 c3g7 h8g8 g7b2 e8c8 b2f6 d8d5 f3e5 d5d6 f6e7
Warning; Bestmove does not match beginning of last PV - move e6d5 from SF_2000
Info; info depth 9 seldepth 15 multipv 1 score cp -113 nodes 22188 nps 792428 hashfull 5 tbhits 0 time 28 pv e6f7 f2f3 f7g6 f1f2 g8e8 f2e2 c7d5 e7c5 e8e2 e1e2
Position; fen rnbqkbnr/ppppp1pp/5p2/8/8/1P6/P1PPPPPP/RNBQKBNR w KQkq - 0 1
Moves; e2e4 c7c6 b1c3 e7e6 d2d4 a7a5 g1f3 d7d5 f1d3 f8d6 e1g1 b8a6 a2a3 b7b5 e4e5 d6c7 d1d2 g8h6 d2e2 h6f7 c1d2 c8d7 a1e1 d7c8 e5f6 d8f6 d3b5 c6b5 c3d5 f6d8 e2b5 c8d7 d5c7 a6c7 b5c5 c7a6 c5a5 d8a5 d2a5 a6c5 a5c3 c5a6 d4d5 a6c7 d5e6 d7e6 c3g7 h8g8 g7b2 e8c8 b2f6 d8d5 f3e5 d5d6 f6e7 d6d4 e5f7
Warning; Bestmove does not match beginning of last PV - move c8d7 from SF_2000
Info; info depth 9 seldepth 15 multipv 1 score cp -308 nodes 15529 nps 913470 hashfull 5 tbhits 0 time 17 pv h7h6 c2c4 d5c6 e7f6 d4d7 g5e4 c7e6 g2g3 e6f4 f2f3 f4h3 g1h1
Position; fen rnbqkbnr/ppppp1pp/5p2/8/8/1P6/P1PPPPPP/RNBQKBNR w KQkq - 0 1
Moves; e2e4 c7c6 b1c3 e7e6 d2d4 a7a5 g1f3 d7d5 f1d3 f8d6 e1g1 b8a6 a2a3 b7b5 e4e5 d6c7 d1d2 g8h6 d2e2 h6f7 c1d2 c8d7 a1e1 d7c8 e5f6 d8f6 d3b5 c6b5 c3d5 f6d8 e2b5 c8d7 d5c7 a6c7 b5c5 c7a6 c5a5 d8a5 d2a5 a6c5 a5c3 c5a6 d4d5 a6c7 d5e6 d7e6 c3g7 h8g8 g7b2 e8c8 b2f6 d8d5 f3e5 d5d6 f6e7 d6d4 e5f7 e6d5 f7g5
Warning; Bestmove does not match beginning of last PV - move d5c6 from SF_2000
Info; info depth 13 seldepth 16 multipv 1 score cp -461 nodes 39487 nps 918302 hashfull 15 tbhits 0 time 43 pv c7e6 c4d5 e6g5 e7g5 g8g5 f2f4 g5g7 f4f5
Position; fen rnbqkbnr/ppppp1pp/5p2/8/8/1P6/P1PPPPPP/RNBQKBNR w KQkq - 0 1
Moves; e2e4 c7c6 b1c3 e7e6 d2d4 a7a5 g1f3 d7d5 f1d3 f8d6 e1g1 b8a6 a2a3 b7b5 e4e5 d6c7 d1d2 g8h6 d2e2 h6f7 c1d2 c8d7 a1e1 d7c8 e5f6 d8f6 d3b5 c6b5 c3d5 f6d8 e2b5 c8d7 d5c7 a6c7 b5c5 c7a6 c5a5 d8a5 d2a5 a6c5 a5c3 c5a6 d4d5 a6c7 d5e6 d7e6 c3g7 h8g8 g7b2 e8c8 b2f6 d8d5 f3e5 d5d6 f6e7 d6d4 e5f7 e6d5 f7g5 c8d7 c2c4
Warning; Bestmove does not match beginning of last PV - move g8g6 from SF_2000
Info; info depth 13 seldepth 16 multipv 1 score cp -458 nodes 42467 nps 1061675 hashfull 13 tbhits 0 time 40 pv g8e8 e7b4 d4d3 g5h7 e8h8 h7g5 d3b3 f2f3 b3b2 f1f2 b2f2 g1f2 h8h2 f2g1
Position; fen rnbqkbnr/ppppp1pp/5p2/8/8/1P6/P1PPPPPP/RNBQKBNR w KQkq - 0 1
Moves; e2e4 c7c6 b1c3 e7e6 d2d4 a7a5 g1f3 d7d5 f1d3 f8d6 e1g1 b8a6 a2a3 b7b5 e4e5 d6c7 d1d2 g8h6 d2e2 h6f7 c1d2 c8d7 a1e1 d7c8 e5f6 d8f6 d3b5 c6b5 c3d5 f6d8 e2b5 c8d7 d5c7 a6c7 b5c5 c7a6 c5a5 d8a5 d2a5 a6c5 a5c3 c5a6 d4d5 a6c7 d5e6 d7e6 c3g7 h8g8 g7b2 e8c8 b2f6 d8d5 f3e5 d5d6 f6e7 d6d4 e5f7 e6d5 f7g5 c8d7 c2c4 d5c6 g2g3
Warning; Bestmove does not match beginning of last PV - move d3d2 from SF_2000
Info; info depth 12 seldepth 17 multipv 1 score cp -516 nodes 27337 nps 781057 hashfull 63 tbhits 0 time 35 pv g6e6 f7e5 e6e5 e1e5 c7e6 f1e1 c6f3 e5e6 d3d1 e1d1 f3d1
Position; fen rnbqkbnr/ppppp1pp/5p2/8/8/1P6/P1PPPPPP/RNBQKBNR w KQkq - 0 1
Moves; e2e4 c7c6 b1c3 e7e6 d2d4 a7a5 g1f3 d7d5 f1d3 f8d6 e1g1 b8a6 a2a3 b7b5 e4e5 d6c7 d1d2 g8h6 d2e2 h6f7 c1d2 c8d7 a1e1 d7c8 e5f6 d8f6 d3b5 c6b5 c3d5 f6d8 e2b5 c8d7 d5c7 a6c7 b5c5 c7a6 c5a5 d8a5 d2a5 a6c5 a5c3 c5a6 d4d5 a6c7 d5e6 d7e6 c3g7 h8g8 g7b2 e8c8 b2f6 d8d5 f3e5 d5d6 f6e7 d6d4 e5f7 e6d5 f7g5 c8d7 c2c4 d5c6 g2g3 g8g6 e7c5 d4d3 g5f7
Warning; Bestmove does not match beginning of last PV - move c6f3 from SF_2000
Info; info depth 11 seldepth 20 multipv 1 score cp -618 nodes 38209 nps 1528360 hashfull 35 tbhits 0 time 25 pv h7g6 f2f3 d2d7 g3g4 d7d3 b3b4 d3a3 c5e3
Position; fen rnbqkbnr/ppppp1pp/5p2/8/8/1P6/P1PPPPPP/RNBQKBNR w KQkq - 0 1
Moves; e2e4 c7c6 b1c3 e7e6 d2d4 a7a5 g1f3 d7d5 f1d3 f8d6 e1g1 b8a6 a2a3 b7b5 e4e5 d6c7 d1d2 g8h6 d2e2 h6f7 c1d2 c8d7 a1e1 d7c8 e5f6 d8f6 d3b5 c6b5 c3d5 f6d8 e2b5 c8d7 d5c7 a6c7 b5c5 c7a6 c5a5 d8a5 d2a5 a6c5 a5c3 c5a6 d4d5 a6c7 d5e6 d7e6 c3g7 h8g8 g7b2 e8c8 b2f6 d8d5 f3e5 d5d6 f6e7 d6d4 e5f7 e6d5 f7g5 c8d7 c2c4 d5c6 g2g3 g8g6 e7c5 d4d3 g5f7 d3d2 f7e5 d7c8 e5g6
Warning; Bestmove does not match beginning of last PV - move c8b7 from SF_2000
Info; info depth 12 seldepth 18 multipv 1 score cp -725 nodes 55374 nps 1730437 hashfull 35 tbhits 0 time 32 pv c7a6 e1e3 f3g4 b3b4 a6c5 b4c5 c8b7 g1g2 b7c6 h2h3
Position; fen rnbqkbnr/ppppp1pp/5p2/8/8/1P6/P1PPPPPP/RNBQKBNR w KQkq - 0 1
Moves; e2e4 c7c6 b1c3 e7e6 d2d4 a7a5 g1f3 d7d5 f1d3 f8d6 e1g1 b8a6 a2a3 b7b5 e4e5 d6c7 d1d2 g8h6 d2e2 h6f7 c1d2 c8d7 a1e1 d7c8 e5f6 d8f6 d3b5 c6b5 c3d5 f6d8 e2b5 c8d7 d5c7 a6c7 b5c5 c7a6 c5a5 d8a5 d2a5 a6c5 a5c3 c5a6 d4d5 a6c7 d5e6 d7e6 c3g7 h8g8 g7b2 e8c8 b2f6 d8d5 f3e5 d5d6 f6e7 d6d4 e5f7 e6d5 f7g5 c8d7 c2c4 d5c6 g2g3 g8g6 e7c5 d4d3 g5f7 d3d2 f7e5 d7c8 e5g6 c6f3 g6f4
Warning; Bestmove does not match beginning of last PV - move b7a8 from SF_2000
Info; info depth 12 seldepth 13 multipv 1 score cp -751 nodes 47100 nps 1570000 hashfull 42 tbhits 0 time 30 pv b7c8 e7e3 f3c6 f1e1 c7e8 h2h4
Position; fen rnbqkbnr/ppppp1pp/5p2/8/8/1P6/P1PPPPPP/RNBQKBNR w KQkq - 0 1
Moves; e2e4 c7c6 b1c3 e7e6 d2d4 a7a5 g1f3 d7d5 f1d3 f8d6 e1g1 b8a6 a2a3 b7b5 e4e5 d6c7 d1d2 g8h6 d2e2 h6f7 c1d2 c8d7 a1e1 d7c8 e5f6 d8f6 d3b5 c6b5 c3d5 f6d8 e2b5 c8d7 d5c7 a6c7 b5c5 c7a6 c5a5 d8a5 d2a5 a6c5 a5c3 c5a6 d4d5 a6c7 d5e6 d7e6 c3g7 h8g8 g7b2 e8c8 b2f6 d8d5 f3e5 d5d6 f6e7 d6d4 e5f7 e6d5 f7g5 c8d7 c2c4 d5c6 g2g3 g8g6 e7c5 d4d3 g5f7 d3d2 f7e5 d7c8 e5g6 c6f3 g6f4 c8b7 e1e7
Warning; Bestmove does not match beginning of last PV - move a8b8 from SF_2000
Info; info depth 12 seldepth 16 multipv 1 score cp -878 nodes 51258 nps 1830642 hashfull 22 tbhits 0 time 28 pv h7h5 f1e1 d2d1 e1d1 f3d1 b3b4
Position; fen rnbqkbnr/ppppp1pp/5p2/8/8/1P6/P1PPPPPP/RNBQKBNR w KQkq - 0 1
Moves; e2e4 c7c6 b1c3 e7e6 d2d4 a7a5 g1f3 d7d5 f1d3 f8d6 e1g1 b8a6 a2a3 b7b5 e4e5 d6c7 d1d2 g8h6 d2e2 h6f7 c1d2 c8d7 a1e1 d7c8 e5f6 d8f6 d3b5 c6b5 c3d5 f6d8 e2b5 c8d7 d5c7 a6c7 b5c5 c7a6 c5a5 d8a5 d2a5 a6c5 a5c3 c5a6 d4d5 a6c7 d5e6 d7e6 c3g7 h8g8 g7b2 e8c8 b2f6 d8d5 f3e5 d5d6 f6e7 d6d4 e5f7 e6d5 f7g5 c8d7 c2c4 d5c6 g2g3 g8g6 e7c5 d4d3 g5f7 d3d2 f7e5 d7c8 e5g6 c6f3 g6f4 c8b7 e1e7 b7a8 e7c7
Warning; Bestmove does not match beginning of last PV - move d2d3 from SF_2000
Info; info depth 12 seldepth 16 multipv 1 score cp -846 nodes 41689 nps 1812565 hashfull 32 tbhits 0 time 23 pv b8c8 f1e1 d2d7 h7d7 c8d7 h2h4 d7c6 g1h2 c6c5 e1e3 c5d4 e3f3 d4e4
Position; fen rnbqkbnr/ppppp1pp/5p2/8/8/1P6/P1PPPPPP/RNBQKBNR w KQkq - 0 1
Moves; e2e4 c7c6 b1c3 e7e6 d2d4 a7a5 g1f3 d7d5 f1d3 f8d6 e1g1 b8a6 a2a3 b7b5 e4e5 d6c7 d1d2 g8h6 d2e2 h6f7 c1d2 c8d7 a1e1 d7c8 e5f6 d8f6 d3b5 c6b5 c3d5 f6d8 e2b5 c8d7 d5c7 a6c7 b5c5 c7a6 c5a5 d8a5 d2a5 a6c5 a5c3 c5a6 d4d5 a6c7 d5e6 d7e6 c3g7 h8g8 g7b2 e8c8 b2f6 d8d5 f3e5 d5d6 f6e7 d6d4 e5f7 e6d5 f7g5 c8d7 c2c4 d5c6 g2g3 g8g6 e7c5 d4d3 g5f7 d3d2 f7e5 d7c8 e5g6 c6f3 g6f4 c8b7 e1e7 b7a8 e7c7 a8b8 c7h7
Warning; Bestmove does not match beginning of last PV - move f3b7 from SF_2000
Info; info depth 44 seldepth 13 multipv 1 score mate -6 nodes 325780 nps 2075031 hashfull 92 tbhits 0 time 157 pv f3e4 h7g7 e4f3 f1e1 f3c6 g7h7 c6d7 h7d7 b8c8 e1e7 c8b8 d7d8
Position; fen rnbqkbnr/ppppp1pp/5p2/8/8/1P6/P1PPPPPP/RNBQKBNR w KQkq - 0 1
Moves; e2e4 c7c6 b1c3 e7e6 d2d4 a7a5 g1f3 d7d5 f1d3 f8d6 e1g1 b8a6 a2a3 b7b5 e4e5 d6c7 d1d2 g8h6 d2e2 h6f7 c1d2 c8d7 a1e1 d7c8 e5f6 d8f6 d3b5 c6b5 c3d5 f6d8 e2b5 c8d7 d5c7 a6c7 b5c5 c7a6 c5a5 d8a5 d2a5 a6c5 a5c3 c5a6 d4d5 a6c7 d5e6 d7e6 c3g7 h8g8 g7b2 e8c8 b2f6 d8d5 f3e5 d5d6 f6e7 d6d4 e5f7 e6d5 f7g5 c8d7 c2c4 d5c6 g2g3 g8g6 e7c5 d4d3 g5f7 d3d2 f7e5 d7c8 e5g6 c6f3 g6f4 c8b7 e1e7 b7a8 e7c7 a8b8 c7h7 d2d3 f4d3
Warning; Bestmove does not match beginning of last PV - move b7e4 from SF_2000
Info; info depth 71 seldepth 9 multipv 1 score mate -4 nodes 304871 nps 4119878 hashfull 23 tbhits 0 time 74 pv b7c6 e1e7 c6d7 e7d7 b8c8 h2h4 c8b8 d7d8
Position; fen rnbqkbnr/ppppp1pp/5p2/8/8/1P6/P1PPPPPP/RNBQKBNR w KQkq - 0 1
Moves; e2e4 c7c6 b1c3 e7e6 d2d4 a7a5 g1f3 d7d5 f1d3 f8d6 e1g1 b8a6 a2a3 b7b5 e4e5 d6c7 d1d2 g8h6 d2e2 h6f7 c1d2 c8d7 a1e1 d7c8 e5f6 d8f6 d3b5 c6b5 c3d5 f6d8 e2b5 c8d7 d5c7 a6c7 b5c5 c7a6 c5a5 d8a5 d2a5 a6c5 a5c3 c5a6 d4d5 a6c7 d5e6 d7e6 c3g7 h8g8 g7b2 e8c8 b2f6 d8d5 f3e5 d5d6 f6e7 d6d4 e5f7 e6d5 f7g5 c8d7 c2c4 d5c6 g2g3 g8g6 e7c5 d4d3 g5f7 d3d2 f7e5 d7c8 e5g6 c6f3 g6f4 c8b7 e1e7 b7a8 e7c7 a8b8 c7h7 d2d3 f4d3 f3b7 f1e1
Warning; Bestmove does not match beginning of last PV - move b8a8 from SF_2000
Info; info depth 245 seldepth 3 multipv 1 score mate -1 nodes 1469 nps 1469000 hashfull 15 tbhits 0 time 1 pv b8c8 e4e8
Position; fen rnbqkbnr/ppppp1pp/5p2/8/8/1P6/P1PPPPPP/RNBQKBNR w KQkq - 0 1
Moves; e2e4 c7c6 b1c3 e7e6 d2d4 a7a5 g1f3 d7d5 f1d3 f8d6 e1g1 b8a6 a2a3 b7b5 e4e5 d6c7 d1d2 g8h6 d2e2 h6f7 c1d2 c8d7 a1e1 d7c8 e5f6 d8f6 d3b5 c6b5 c3d5 f6d8 e2b5 c8d7 d5c7 a6c7 b5c5 c7a6 c5a5 d8a5 d2a5 a6c5 a5c3 c5a6 d4d5 a6c7 d5e6 d7e6 c3g7 h8g8 g7b2 e8c8 b2f6 d8d5 f3e5 d5d6 f6e7 d6d4 e5f7 e6d5 f7g5 c8d7 c2c4 d5c6 g2g3 g8g6 e7c5 d4d3 g5f7 d3d2 f7e5 d7c8 e5g6 c6f3 g6f4 c8b7 e1e7 b7a8 e7c7 a8b8 c7h7 d2d3 f4d3 f3b7 f1e1 b7e4 e1e4
Finished game 1 (HiveChess vs SF_2000): 1-0 {White mates}
Started game 2 of 10 (SF_2000 vs HiveChess)
Warning; Bestmove does not match beginning of last PV - move d2d4 from SF_2000
Info; info depth 12 seldepth 18 multipv 1 score cp 74 nodes 70326 nps 465735 hashfull 33 tbhits 0 time 151 pv e2e4 e7e5 d2d4 d7d5 e4d5 d8d5
Position; fen rnbqkbnr/ppppp1pp/5p2/8/8/1P6/P1PPPPPP/RNBQKBNR w KQkq - 0 1
Moves; 
Warning; Bestmove does not match beginning of last PV - move b1d2 from SF_2000
Info; info depth 11 seldepth 16 multipv 1 score cp 79 nodes 82381 nps 481760 hashfull 19 tbhits 0 time 171 pv c1a3 g8h6 g1e2 e7e5 a3f8 h8f8 b1d2 f8h8 e1g1 h6f5
Position; fen rnbqkbnr/ppppp1pp/5p2/8/8/1P6/P1PPPPPP/RNBQKBNR w KQkq - 0 1
Moves; d2d4 d7d5 e2e3 b8c6 f1b5 a7a6 b5c6 b7c6
Warning; Bestmove does not match beginning of last PV - move g1e2 from SF_2000
Info; info depth 13 seldepth 30 multipv 1 score cp 31 nodes 156197 nps 443741 hashfull 49 tbhits 0 time 352 pv c2c4 c6c5 d4c5 f8c5 d1h5 g7g6 h5f3 c8b7 g1e2 d8e7 e1g1 f6f5 c1b2 g8f6 c4d5 e8c8 a1c1 d8d5 d2c4 e6e5 c4a5 h8e8
Position; fen rnbqkbnr/ppppp1pp/5p2/8/8/1P6/P1PPPPPP/RNBQKBNR w KQkq - 0 1
Moves; d2d4 d7d5 e2e3 b8c6 f1b5 a7a6 b5c6 b7c6 b1d2 e7e6
Warning; Bestmove does not match beginning of last PV - move e1g1 from SF_2000
Info; info depth 11 seldepth 18 multipv 1 score cp 45 nodes 60127 nps 509550 hashfull 13 tbhits 0 time 118 pv c2c4 a6a5 e1g1 f8d6 c1b2 e8g8 h2h3 d8e8 f1e1 e6e5
Position; fen rnbqkbnr/ppppp1pp/5p2/8/8/1P6/P1PPPPPP/RNBQKBNR w KQkq - 0 1
Moves; d2d4 d7d5 e2e3 b8c6 f1b5 a7a6 b5c6 b7c6 b1d2 e7e6 g1e2 g8h6
Warning; Bestmove does not match beginning of last PV - move c4d5 from SF_2000
Info; info depth 12 seldepth 14 multipv 1 score cp 163 nodes 83132 nps 386660 hashfull 34 tbhits 0 time 215 pv a1c1 f8e7 f2f4 e7c5 f1f3 d5c4 d1c2 d8d3 c2d3 c4d3 c1c5 d3e2
Position; fen rnbqkbnr/ppppp1pp/5p2/8/8/1P6/P1PPPPPP/RNBQKBNR w KQkq - 0 1
Moves; d2d4 d7d5 e2e3 b8c6 f1b5 a7a6 b5c6 b7c6 b1d2 e7e6 g1e2 g8h6 e1g1 e6e5 c2c4 c8g4 d4e5 f6e5 h2h3 g4e6 c1b2 h6f7
Warning; Bestmove does not match beginning of last PV - move g1h1 from SF_2000
Info; info depth 11 seldepth 18 multipv 1 score cp 125 nodes 81670 nps 432116 hashfull 27 tbhits 0 time 189 pv a1c1 c7c5 f2f4 f8e7 b2e5 f7e5 f4e5 d8d7 d1e1
Position; fen rnbqkbnr/ppppp1pp/5p2/8/8/1P6/P1PPPPPP/RNBQKBNR w KQkq - 0 1
Moves; d2d4 d7d5 e2e3 b8c6 f1b5 a7a6 b5c6 b7c6 b1d2 e7e6 g1e2 g8h6 e1g1 e6e5 c2c4 c8g4 d4e5 f6e5 h2h3 g4e6 c1b2 h6f7 c4d5 c6d5
Warning; Bestmove does not match beginning of last PV - move e2g3 from SF_2000
Info; info depth 9 seldepth 14 multipv 1 score cp 180 nodes 20414 nps 443782 hashfull 7 tbhits 0 time 46 pv f4e5 d6e5 b2e5 f7e5 e2d4
Position; fen rnbqkbnr/ppppp1pp/5p2/8/8/1P6/P1PPPPPP/RNBQKBNR w KQkq - 0 1
Moves; d2d4 d7d5 e2e3 b8c6 f1b5 a7a6 b5c6 b7c6 b1d2 e7e6 g1e2 g8h6 e1g1 e6e5 c2c4 c8g4 d4e5 f6e5 h2h3 g4e6 c1b2 h6f7 c4d5 c6d5 g1h1 f8d6 f2f4 d8c8
Warning; Bestmove does not match beginning of last PV - move f4f5 from SF_2000
Info; info depth 10 seldepth 16 multipv 1 score cp 94 nodes 73434 nps 479960 hashfull 20 tbhits 0 time 153 pv d2f3 c8d7 a1c1 e6h3 f4e5 d6e7 g2h3 d7h3 f3h2 h3g3
Position; fen rnbqkbnr/ppppp1pp/5p2/8/8/1P6/P1PPPPPP/RNBQKBNR w KQkq - 0 1
Moves; d2d4 d7d5 e2e3 b8c6 f1b5 a7a6 b5c6 b7c6 b1d2 e7e6 g1e2 g8h6 e1g1 e6e5 c2c4 c8g4 d4e5 f6e5 h2h3 g4e6 c1b2 h6f7 c4d5 c6d5 g1h1 f8d6 f2f4 d8c8 e2g3 e8g8
Warning; Bestmove does not match beginning of last PV - move a2a4 from SF_2000
Info; info depth 10 seldepth 17 multipv 1 score cp 20 nodes 63894 nps 499171 hashfull 18 tbhits 0 time 128 pv e3e4 d5d4 b2c1 c8d8 d2c4 d8h4 h1h2 d7b5 d1c2 a8b8 c1d2 d6e7 a2a4
Position; fen rnbqkbnr/ppppp1pp/5p2/8/8/1P6/P1PPPPPP/RNBQKBNR w KQkq - 0 1
Moves; d2d4 d7d5 e2e3 b8c6 f1b5 a7a6 b5c6 b7c6 b1d2 e7e6 g1e2 g8h6 e1g1 e6e5 c2c4 c8g4 d4e5 f6e5 h2h3 g4e6 c1b2 h6f7 c4d5 c6d5 g1h1 f8d6 f2f4 d8c8 e2g3 e8g8 f4f5 e6d7
Warning; Bestmove does not match beginning of last PV - move e3e4 from SF_2000
Info; info depth 9 seldepth 12 multipv 1 score cp 7 nodes 28284 nps 543923 hashfull 6 tbhits 0 time 52 pv d2f3 c7c6 e3e4 d5d4 b2c1 c6c5
Position; fen rnbqkbnr/ppppp1pp/5p2/8/8/1P6/P1PPPPPP/RNBQKBNR w KQkq - 0 1
Moves; d2d4 d7d5 e2e3 b8c6 f1b5 a7a6 b5c6 b7c6 b1d2 e7e6 g1e2 g8h6 e1g1 e6e5 c2c4 c8g4 d4e5 f6e5 h2h3 g4e6 c1b2 h6f7 c4d5 c6d5 g1h1 f8d6 f2f4 d8c8 e2g3 e8g8 f4f5 e6d7 a2a4 c8d8
Warning; Bestmove does not match beginning of last PV - move g3h1 from SF_2000
Info; info depth 9 seldepth 23 multipv 1 score cp -3 nodes 29081 nps 538537 hashfull 5 tbhits 0 time 54 pv d2f3 h4d8 f3d2 a6a5 b2c1 d7c8 d2c4 d8h4 c1d2
Position; fen rnbqkbnr/ppppp1pp/5p2/8/8/1P6/P1PPPPPP/RNBQKBNR w KQkq - 0 1
Moves; d2d4 d7d5 e2e3 b8c6 f1b5 a7a6 b5c6 b7c6 b1d2 e7e6 g1e2 g8h6 e1g1 e6e5 c2c4 c8g4 d4e5 f6e5 h2h3 g4e6 c1b2 h6f7 c4d5 c6d5 g1h1 f8d6 f2f4 d8c8 e2g3 e8g8 f4f5 e6d7 a2a4 c8d8 e3e4 d8h4 h1h2 d5d4
Warning; Bestmove does not match beginning of last PV - move b2c1 from SF_2000
Info; info depth 8 seldepth 9 multipv 1 score cp 34 nodes 22366 nps 604486 hashfull 3 tbhits 0 time 37 pv d1c2 a6a5 f1f3 d7c8
Position; fen rnbqkbnr/ppppp1pp/5p2/8/8/1P6/P1PPPPPP/RNBQKBNR w KQkq - 0 1
Moves; d2d4 d7d5 e2e3 b8c6 f1b5 a7a6 b5c6 b7c6 b1d2 e7e6 g1e2 g8h6 e1g1 e6e5 c2c4 c8g4 d4e5 f6e5 h2h3 g4e6 c1b2 h6f7 c4d5 c6d5 g1h1 f8d6 f2f4 d8c8 e2g3 e8g8 f4f5 e6d7 a2a4 c8d8 e3e4 d8h4 h1h2 d5d4 g3h1 f8b8
Warning; Bestmove does not match beginning of last PV - move d1e2 from SF_2000
Info; info depth 11 seldepth 15 multipv 1 score cp 44 nodes 29615 nps 616979 hashfull 5 tbhits 0 time 48 pv h1f2 a6a5 d2f3 h4d8 f2d3 b4d6 f3d2 d7c8 f1f3
Position; fen rnbqkbnr/ppppp1pp/5p2/8/8/1P6/P1PPPPPP/RNBQKBNR w KQkq - 0 1
Moves; d2d4 d7d5 e2e3 b8c6 f1b5 a7a6 b5c6 b7c6 b1d2 e7e6 g1e2 g8h6 e1g1 e6e5 c2c4 c8g4 d4e5 f6e5 h2h3 g4e6 c1b2 h6f7 c4d5 c6d5 g1h1 f8d6 f2f4 d8c8 e2g3 e8g8 f4f5 e6d7 a2a4 c8d8 e3e4 d8h4 h1h2 d5d4 g3h1 f8b8 b2c1 d6b4
Warning; Bestmove does not match beginning of last PV - move f3d2 from SF_2000
Info; info depth 8 seldepth 12 multipv 1 score cp -14 nodes 25021 nps 595738 hashfull 6 tbhits 0 time 42 pv c1d2 b4d6 a1b1 a6a5 g2g4 d7c8 e2g2 c8a6
Position; fen rnbqkbnr/ppppp1pp/5p2/8/8/1P6/P1PPPPPP/RNBQKBNR w KQkq - 0 1
Moves; d2d4 d7d5 e2e3 b8c6 f1b5 a7a6 b5c6 b7c6 b1d2 e7e6 g1e2 g8h6 e1g1 e6e5 c2c4 c8g4 d4e5 f6e5 h2h3 g4e6 c1b2 h6f7 c4d5 c6d5 g1h1 f8d6 f2f4 d8c8 e2g3 e8g8 f4f5 e6d7 a2a4 c8d8 e3e4 d8h4 h1h2 d5d4 g3h1 f8b8 b2c1 d6b4 d1e2 g8h8 d2f3 h4e7
Warning; Bestmove does not match beginning of last PV - move d2f3 from SF_2000
Info; info depth 6 seldepth 9 multipv 1 score cp 17 nodes 10056 nps 670400 hashfull 1 tbhits 0 time 15 pv d2c4 f7d6 h1f2 d6c4 f2d3 c5c6 b3c4
Position; fen rnbqkbnr/ppppp1pp/5p2/8/8/1P6/P1PPPPPP/RNBQKBNR w KQkq - 0 1
Moves; d2d4 d7d5 e2e3 b8c6 f1b5 a7a6 b5c6 b7c6 b1d2 e7e6 g1e2 g8h6 e1g1 e6e5 c2c4 c8g4 d4e5 f6e5 h2h3 g4e6 c1b2 h6f7 c4d5 c6d5 g1h1 f8d6 f2f4 d8c8 e2g3 e8g8 f4f5 e6d7 a2a4 c8d8 e3e4 d8h4 h1h2 d5d4 g3h1 f8b8 b2c1 d6b4 d1e2 g8h8 d2f3 h4e7 f3d2 e7c5
Warning; Bestmove does not match beginning of last PV - move a1b1 from SF_2000
Info; info depth 8 seldepth 14 multipv 1 score cp -3 nodes 26123 nps 669820 hashfull 5 tbhits 0 time 39 pv c1a3 c5c6 a1b1 d7c8 a3e7 a6a5 f5f6 c8a6
Position; fen rnbqkbnr/ppppp1pp/5p2/8/8/1P6/P1PPPPPP/RNBQKBNR w KQkq - 0 1
Moves; d2d4 d7d5 e2e3 b8c6 f1b5 a7a6 b5c6 b7c6 b1d2 e7e6 g1e2 g8h6 e1g1 e6e5 c2c4 c8g4 d4e5 f6e5 h2h3 g4e6 c1b2 h6f7 c4d5 c6d5 g1h1 f8d6 f2f4 d8c8 e2g3 e8g8 f4f5 e6d7 a2a4 c8d8 e3e4 d8h4 h1h2 d5d4 g3h1 f8b8 b2c1 d6b4 d1e2 g8h8 d2f3 h4e7 f3d2 e7c5 d2f3 b4c3
Warning; Bestmove does not match beginning of last PV - move f5f6 from SF_2000
Info; info depth 9 seldepth 28 multipv 1 score cp -11 nodes 25312 nps 602666 hashfull 8 tbhits 0 time 42 pv b3a4 b8b1 e2a2 b1c1 f1c1 c5e7 h1f2 c7c5 a2d5
Position; fen rnbqkbnr/ppppp1pp/5p2/8/8/1P6/P1PPPPPP/RNBQKBNR w KQkq - 0 1
Moves; d2d4 d7d5 e2e3 b8c6 f1b5 a7a6 b5c6 b7c6 b1d2 e7e6 g1e2 g8h6 e1g1 e6e5 c2c4 c8g4 d4e5 f6e5 h2h3 g4e6 c1b2 h6f7 c4d5 c6d5 g1h1 f8d6 f2f4 d8c8 e2g3 e8g8 f4f5 e6d7 a2a4 c8d8 e3e4 d8h4 h1h2 d5d4 g3h1 f8b8 b2c1 d6b4 d1e2 g8h8 d2f3 h4e7 f3d2 e7c5 d2f3 b4c3 a1b1 d7a4
Warning; Bestmove does not match beginning of last PV - move f6g7 from SF_2000
Info; info depth 11 seldepth 16 multipv 1 score cp -149 nodes 25965 nps 683289 hashfull 6 tbhits 0 time 38 pv e2f2 b5f1 f6g7 h8g7 f2h4 f1e2 f3g5 c5e7 h4h7 g7f8
Position; fen rnbqkbnr/ppppp1pp/5p2/8/8/1P6/P1PPPPPP/RNBQKBNR w KQkq - 0 1
Moves; d2d4 d7d5 e2e3 b8c6 f1b5 a7a6 b5c6 b7c6 b1d2 e7e6 g1e2 g8h6 e1g1 e6e5 c2c4 c8g4 d4e5 f6e5 h2h3 g4e6 c1b2 h6f7 c4d5 c6d5 g1h1 f8d6 f2f4 d8c8 e2g3 e8g8 f4f5 e6d7 a2a4 c8d8 e3e4 d8h4 h1h2 d5d4 g3h1 f8b8 b2c1 d6b4 d1e2 g8h8 d2f3 h4e7 f3d2 e7c5 d2f3 b4c3 a1b1 d7a4 f5f6 a4b5
Warning; Bestmove does not match beginning of last PV - move e2a2 from SF_2000
Info; info depth 10 seldepth 17 multipv 1 score cp -168 nodes 28855 nps 801527 hashfull 6 tbhits 0 time 36 pv e2f2 b5f1 f2h4 c5d6 f3g5 f7g5 c1g5 b8f8
Position; fen rnbqkbnr/ppppp1pp/5p2/8/8/1P6/P1PPPPPP/RNBQKBNR w KQkq - 0 1
Moves; d2d4 d7d5 e2e3 b8c6 f1b5 a7a6 b5c6 b7c6 b1d2 e7e6 g1e2 g8h6 e1g1 e6e5 c2c4 c8g4 d4e5 f6e5 h2h3 g4e6 c1b2 h6f7 c4d5 c6d5 g1h1 f8d6 f2f4 d8c8 e2g3 e8g8 f4f5 e6d7 a2a4 c8d8 e3e4 d8h4 h1h2 d5d4 g3h1 f8b8 b2c1 d6b4 d1e2 g8h8 d2f3 h4e7 f3d2 e7c5 d2f3 b4c3 a1b1 d7a4 f5f6 a4b5 f6g7 h8g7
Warning; Bestmove does not match beginning of last PV - move f3g5 from SF_2000
Info; info depth 11 seldepth 17 multipv 1 score cp -211 nodes 30682 nps 902411 hashfull 7 tbhits 0 time 34 pv c1a3 c5b5 h1g3 g7h8 f3h4 f1c4 a3e7 c4d3
Position; fen rnbqkbnr/ppppp1pp/5p2/8/8/1P6/P1PPPPPP/RNBQKBNR w KQkq - 0 1
Moves; d2d4 d7d5 e2e3 b8c6 f1b5 a7a6 b5c6 b7c6 b1d2 e7e6 g1e2 g8h6 e1g1 e6e5 c2c4 c8g4 d4e5 f6e5 h2h3 g4e6 c1b2 h6f7 c4d5 c6d5 g1h1 f8d6 f2f4 d8c8 e2g3 e8g8 f4f5 e6d7 a2a4 c8d8 e3e4 d8h4 h1h2 d5d4 g3h1 f8b8 b2c1 d6b4 d1e2 g8h8 d2f3 h4e7 f3d2 e7c5 d2f3 b4c3 a1b1 d7a4 f5f6 a4b5 f6g7 h8g7 e2a2 b5f1
Warning; Bestmove does not match beginning of last PV - move h1g3 from SF_2000
Info; info depth 11 seldepth 15 multipv 1 score cp -251 nodes 24737 nps 824566 hashfull 10 tbhits 0 time 30 pv c1g5 f1d3 b1d1 d3e4 a2f2 b8f8
Position; fen rnbqkbnr/ppppp1pp/5p2/8/8/1P6/P1PPPPPP/RNBQKBNR w KQkq - 0 1
Moves; d2d4 d7d5 e2e3 b8c6 f1b5 a7a6 b5c6 b7c6 b1d2 e7e6 g1e2 g8h6 e1g1 e6e5 c2c4 c8g4 d4e5 f6e5 h2h3 g4e6 c1b2 h6f7 c4d5 c6d5 g1h1 f8d6 f2f4 d8c8 e2g3 e8g8 f4f5 e6d7 a2a4 c8d8 e3e4 d8h4 h1h2 d5d4 g3h1 f8b8 b2c1 d6b4 d1e2 g8h8 d2f3 h4e7 f3d2 e7c5 d2f3 b4c3 a1b1 d7a4 f5f6 a4b5 f6g7 h8g7 e2a2 b5f1 f3g5 f7g5
Warning; Bestmove does not match beginning of last PV - move a2a4 from SF_2000
Info; info depth 11 seldepth 14 multipv 1 score cp -292 nodes 31708 nps 1174370 hashfull 29 tbhits 0 time 27 pv g3f5 g7f7 a2e2 b8g8 e2g4 g8g6 f5h6 f7e8 g4f5 g6g5 f5f7 e8d8
Position; fen rnbqkbnr/ppppp1pp/5p2/8/8/1P6/P1PPPPPP/RNBQKBNR w KQkq - 0 1
Moves; d2d4 d7d5 e2e3 b8c6 f1b5 a7a6 b5c6 b7c6 b1d2 e7e6 g1e2 g8h6 e1g1 e6e5 c2c4 c8g4 d4e5 f6e5 h2h3 g4e6 c1b2 h6f7 c4d5 c6d5 g1h1 f8d6 f2f4 d8c8 e2g3 e8g8 f4f5 e6d7 a2a4 c8d8 e3e4 d8h4 h1h2 d5d4 g3h1 f8b8 b2c1 d6b4 d1e2 g8h8 d2f3 h4e7 f3d2 e7c5 d2f3 b4c3 a1b1 d7a4 f5f6 a4b5 f6g7 h8g7 e2a2 b5f1 f3g5 f7g5 h1g3 f1d3 c1g5 d3b1
Warning; Bestmove does not match beginning of last PV - move g5f6 from SF_2000
Info; info depth 11 seldepth 17 multipv 1 score cp -189 nodes 35721 nps 1373884 hashfull 36 tbhits 0 time 26 pv a4d7 c5f8 d7g4 g6f7 g4d7 f7g8 g3f5 g8h8 g5h6 b1e4 h6f8 b8f8
Position; fen rnbqkbnr/ppppp1pp/5p2/8/8/1P6/P1PPPPPP/RNBQKBNR w KQkq - 0 1
Moves; d2d4 d7d5 e2e3 b8c6 f1b5 a7a6 b5c6 b7c6 b1d2 e7e6 g1e2 g8h6 e1g1 e6e5 c2c4 c8g4 d4e5 f6e5 h2h3 g4e6 c1b2 h6f7 c4d5 c6d5 g1h1 f8d6 f2f4 d8c8 e2g3 e8g8 f4f5 e6d7 a2a4 c8d8 e3e4 d8h4 h1h2 d5d4 g3h1 f8b8 b2c1 d6b4 d1e2 g8h8 d2f3 h4e7 f3d2 e7c5 d2f3 b4c3 a1b1 d7a4 f5f6 a4b5 f6g7 h8g7 e2a2 b5f1 f3g5 f7g5 h1g3 f1d3 c1g5 d3b1 a2a4 g7g6
Warning; Bestmove does not match beginning of last PV - move h3h4 from SF_2000
Info; info depth 12 seldepth 25 multipv 1 score cp -441 nodes 41189 nps 1716208 hashfull 61 tbhits 0 time 24 pv a4d7 c5e7 d7g4 c3d2 h2h1 f6f7 g3f5 e7f6 g4h5 f7f8
Position; fen rnbqkbnr/ppppp1pp/5p2/8/8/1P6/P1PPPPPP/RNBQKBNR w KQkq - 0 1
Moves; d2d4 d7d5 e2e3 b8c6 f1b5 a7a6 b5c6 b7c6 b1d2 e7e6 g1e2 g8h6 e1g1 e6e5 c2c4 c8g4 d4e5 f6e5 h2h3 g4e6 c1b2 h6f7 c4d5 c6d5 g1h1 f8d6 f2f4 d8c8 e2g3 e8g8 f4f5 e6d7 a2a4 c8d8 e3e4 d8h4 h1h2 d5d4 g3h1 f8b8 b2c1 d6b4 d1e2 g8h8 d2f3 h4e7 f3d2 e7c5 d2f3 b4c3 a1b1 d7a4 f5f6 a4b5 f6g7 h8g7 e2a2 b5f1 f3g5 f7g5 h1g3 f1d3 c1g5 d3b1 a2a4 g7g6 g5f6 g6f6
Warning; Bestmove does not match beginning of last PV - move h5g7 from SF_2000
Info; info depth 12 seldepth 17 multipv 1 score cp -699 nodes 32438 nps 1544666 hashfull 27 tbhits 0 time 21 pv a4a1 b8b3 a1a4 c5b5 a4a1 b1e4 a1e1
Position; fen rnbqkbnr/ppppp1pp/5p2/8/8/1P6/P1PPPPPP/RNBQKBNR w KQkq - 0 1
Moves; d2d4 d7d5 e2e3 b8c6 f1b5 a7a6 b5c6 b7c6 b1d2 e7e6 g1e2 g8h6 e1g1 e6e5 c2c4 c8g4 d4e5 f6e5 h2h3 g4e6 c1b2 h6f7 c4d5 c6d5 g1h1 f8d6 f2f4 d8c8 e2g3 e8g8 f4f5 e6d7 a2a4 c8d8 e3e4 d8h4 h1h2 d5d4 g3h1 f8b8 b2c1 d6b4 d1e2 g8h8 d2f3 h4e7 f3d2 e7c5 d2f3 b4c3 a1b1 d7a4 f5f6 a4b5 f6g7 h8g7 e2a2 b5f1 f3g5 f7g5 h1g3 f1d3 c1g5 d3b1 a2a4 g7g6 g5f6 g6f6 h3h4 c3e1 g3h5 f6e7
Warning; Bestmove does not match beginning of last PV - move h2h1 from SF_2000
Info; info depth 12 seldepth 19 multipv 1 score cp -721 nodes 25731 nps 1513588 hashfull 45 tbhits 0 time 17 pv b3b4 c5d5 a4d1 e7d7 d1e1 b8f8 e1g3 d7c6
Position; fen rnbqkbnr/ppppp1pp/5p2/8/8/1P6/P1PPPPPP/RNBQKBNR w KQkq - 0 1
Moves; d2d4 d7d5 e2e3 b8c6 f1b5 a7a6 b5c6 b7c6 b1d2 e7e6 g1e2 g8h6 e1g1 e6e5 c2c4 c8g4 d4e5 f6e5 h2h3 g4e6 c1b2 h6f7 c4d5 c6d5 g1h1 f8d6 f2f4 d8c8 e2g3 e8g8 f4f5 e6d7 a2a4 c8d8 e3e4 d8h4 h1h2 d5d4 g3h1 f8b8 b2c1 d6b4 d1e2 g8h8 d2f3 h4e7 f3d2 e7c5 d2f3 b4c3 a1b1 d7a4 f5f6 a4b5 f6g7 h8g7 e2a2 b5f1 f3g5 f7g5 h1g3 f1d3 c1g5 d3b1 a2a4 g7g6 g5f6 g6f6 h3h4 c3e1 g3h5 f6e7 h5g7 b1e4
Warning; Bestmove does not match beginning of last PV - move a4a1 from SF_2000
Info; info depth 13 seldepth 25 multipv 1 score cp -1003 nodes 28341 nps 1889400 hashfull 38 tbhits 0 time 15 pv a4a3 e1b4 a3a1 c2b1 a1b1 f5b1 g2g4 b1e4 h1g1 e7d6 g1f2 b8f8 f2g3 d6d5
Position; fen rnbqkbnr/ppppp1pp/5p2/8/8/1P6/P1PPPPPP/RNBQKBNR w KQkq - 0 1
Moves; d2d4 d7d5 e2e3 b8c6 f1b5 a7a6 b5c6 b7c6 b1d2 e7e6 g1e2 g8h6 e1g1 e6e5 c2c4 c8g4 d4e5 f6e5 h2h3 g4e6 c1b2 h6f7 c4d5 c6d5 g1h1 f8d6 f2f4 d8c8 e2g3 e8g8 f4f5 e6d7 a2a4 c8d8 e3e4 d8h4 h1h2 d5d4 g3h1 f8b8 b2c1 d6b4 d1e2 g8h8 d2f3 h4e7 f3d2 e7c5 d2f3 b4c3 a1b1 d7a4 f5f6 a4b5 f6g7 h8g7 e2a2 b5f1 f3g5 f7g5 h1g3 f1d3 c1g5 d3b1 a2a4 g7g6 g5f6 g6f6 h3h4 c3e1 g3h5 f6e7 h5g7 b1e4 h2h1 c5c2 g7f5 e4f5
Warning; Bestmove does not match beginning of last PV - move h1h2 from SF_2000
Info; info depth 245 seldepth 5 multipv 1 score mate -2 nodes 53570 nps 6696250 hashfull 22 tbhits 0 time 8 pv a3b4 b8b4 h4h5 c2g2
Position; fen rnbqkbnr/ppppp1pp/5p2/8/8/1P6/P1PPPPPP/RNBQKBNR w KQkq - 0 1
Moves; d2d4 d7d5 e2e3 b8c6 f1b5 a7a6 b5c6 b7c6 b1d2 e7e6 g1e2 g8h6 e1g1 e6e5 c2c4 c8g4 d4e5 f6e5 h2h3 g4e6 c1b2 h6f7 c4d5 c6d5 g1h1 f8d6 f2f4 d8c8 e2g3 e8g8 f4f5 e6d7 a2a4 c8d8 e3e4 d8h4 h1h2 d5d4 g3h1 f8b8 b2c1 d6b4 d1e2 g8h8 d2f3 h4e7 f3d2 e7c5 d2f3 b4c3 a1b1 d7a4 f5f6 a4b5 f6g7 h8g7 e2a2 b5f1 f3g5 f7g5 h1g3 f1d3 c1g5 d3b1 a2a4 g7g6 g5f6 g6f6 h3h4 c3e1 g3h5 f6e7 h5g7 b1e4 h2h1 c5c2 g7f5 e4f5 a4a1 f5e4 a1a3 e1b4
Finished game 2 (SF_2000 vs HiveChess): 0-1 {Black mates}
Started game 3 of 10 (HiveChess vs SF_2100)
Warning; Bestmove does not match beginning of last PV - move g8h6 from SF_2100
Info; info depth 13 seldepth 25 multipv 1 score cp -81 nodes 176632 nps 442686 hashfull 62 tbhits 0 time 399 pv f8c5 c3a4 c5d6 g1f3 b8c6 c1b2 b7b6 d2d4 c6d4 f3d4 e5d4 d1d4
Position; fen rnbqkbnr/ppppp1pp/5p2/8/8/1P6/P1PPPPPP/RNBQKBNR w KQkq - 0 1
Moves; e2e4 e7e5 b1c3
Warning; Bestmove does not match beginning of last PV - move h6f7 from SF_2100
Info; info depth 12 seldepth 24 multipv 1 score cp -82 nodes 151575 nps 423393 hashfull 49 tbhits 0 time 358 pv c7c6 a2a4 h6f7 f2f4 e5f4 g1h3 d7d5 e4d5 c8h3 d1e2 f8e7 g2h3 e8g8 c1b2 g8h8 e1c1 b8d7 d5c6 b7c6 c4f7 f8f7 e2c4
Position; fen rnbqkbnr/ppppp1pp/5p2/8/8/1P6/P1PPPPPP/RNBQKBNR w KQkq - 0 1
Moves; e2e4 e7e5 b1c3 g8h6 f1c4
Warning; Bestmove does not match beginning of last PV - move a7a5 from SF_2100
Info; info depth 13 seldepth 20 multipv 1 score cp -44 nodes 84120 nps 447446 hashfull 25 tbhits 0 time 188 pv e8g8 a4c3 f6f5 e4f5 d7d6 d2d4 c8f5
Position; fen rnbqkbnr/ppppp1pp/5p2/8/8/1P6/P1PPPPPP/RNBQKBNR w KQkq - 0 1
Moves; e2e4 e7e5 b1c3 g8h6 f1c4 h6f7 g1f3 b8c6 e1g1 f8c5 c3a4 c5e7 a2a3
Warning; Bestmove does not match beginning of last PV - move b7b6 from SF_2100
Info; info depth 9 seldepth 14 multipv 1 score cp -59 nodes 31399 nps 514737 hashfull 9 tbhits 0 time 61 pv e8g8 d3d4 d7d6 a4c3 g8h8 d4d5 c6b8 d1e2
Position; fen rnbqkbnr/ppppp1pp/5p2/8/8/1P6/P1PPPPPP/RNBQKBNR w KQkq - 0 1
Moves; e2e4 e7e5 b1c3 g8h6 f1c4 h6f7 g1f3 b8c6 e1g1 f8c5 c3a4 c5e7 a2a3 a7a5 d2d3
Warning; Bestmove does not match beginning of last PV - move e5d4 from SF_2100
Info; info depth 12 seldepth 24 multipv 1 score cp -86 nodes 77008 nps 430212 hashfull 23 tbhits 0 time 179 pv c5d4 f3d4 c6d4 e3d4 e5d4 d1d4 c7c6 h2h3 b6b5 c4f7 f8f7 f1e1 d8e7
Position; fen rnbqkbnr/ppppp1pp/5p2/8/8/1P6/P1PPPPPP/RNBQKBNR w KQkq - 0 1
Moves; e2e4 e7e5 b1c3 g8h6 f1c4 h6f7 g1f3 b8c6 e1g1 f8c5 c3a4 c5e7 a2a3 a7a5 d2d3 b7b6 a4c3 e8g8 c1e3 e7c5 d3d4
Warning; Bestmove does not match beginning of last PV - move c5d4 from SF_2100
Info; info depth 10 seldepth 23 multipv 1 score cp -88 nodes 36663 nps 407366 hashfull 14 tbhits 0 time 90 pv c6d4 e3d4 c5d4 d1d4 c7c6 f1d1 b6b5 c4f7 f8f7 c3e2 f7e7 e2g3 e7e5 d4d6
Position; fen rnbqkbnr/ppppp1pp/5p2/8/8/1P6/P1PPPPPP/RNBQKBNR w KQkq - 0 1
Moves; e2e4 e7e5 b1c3 g8h6 f1c4 h6f7 g1f3 b8c6 e1g1 f8c5 c3a4 c5e7 a2a3 a7a5 d2d3 b7b6 a4c3 e8g8 c1e3 e7c5 d3d4 e5d4 f3d4
Warning; Bestmove does not match beginning of last PV - move c8b7 from SF_2100
Info; info depth 12 seldepth 24 multipv 1 score cp -79 nodes 63921 nps 429000 hashfull 20 tbhits 0 time 149 pv c8a6 c4a6 c6d4 d1d4 a8a6 a1d1 d7d6 d4c4 a6a8 c4c6 f7e5
Position; fen rnbqkbnr/ppppp1pp/5p2/8/8/1P6/P1PPPPPP/RNBQKBNR w KQkq - 0 1
Moves; e2e4 e7e5 b1c3 g8h6 f1c4 h6f7 g1f3 b8c6 e1g1 f8c5 c3a4 c5e7 a2a3 a7a5 d2d3 b7b6 a4c3 e8g8 c1e3 e7c5 d3d4 e5d4 f3d4 c5d4 e3d4
Warning; Bestmove does not match beginning of last PV - move b7a6 from SF_2100
Info; info depth 10 seldepth 22 multipv 1 score cp -95 nodes 44297 nps 406394 hashfull 14 tbhits 0 time 109 pv c6e5 c4e2 d8e7 f1e1 f7d6 f2f3 f6f5 c3d5 b7d5 d1d5 g8h8
Position; fen rnbqkbnr/ppppp1pp/5p2/8/8/1P6/P1PPPPPP/RNBQKBNR w KQkq - 0 1
Moves; e2e4 e7e5 b1c3 g8h6 f1c4 h6f7 g1f3 b8c6 e1g1 f8c5 c3a4 c5e7 a2a3 a7a5 d2d3 b7b6 a4c3 e8g8 c1e3 e7c5 d3d4 e5d4 f3d4 c5d4 e3d4 c8b7 d4e3
Warning; Bestmove does not match beginning of last PV - move c6e7 from SF_2100
Info; info depth 9 seldepth 12 multipv 1 score cp -107 nodes 14821 nps 478096 hashfull 3 tbhits 0 time 31 pv a6a8 a1d1 d8e8 h5d5 a8c8 f2f3 g8h8 d5d2
Position; fen rnbqkbnr/ppppp1pp/5p2/8/8/1P6/P1PPPPPP/RNBQKBNR w KQkq - 0 1
Moves; e2e4 e7e5 b1c3 g8h6 f1c4 h6f7 g1f3 b8c6 e1g1 f8c5 c3a4 c5e7 a2a3 a7a5 d2d3 b7b6 a4c3 e8g8 c1e3 e7c5 d3d4 e5d4 f3d4 c5d4 e3d4 c8b7 d4e3 b7a6 c4a6 a8a6 d1h5
Warning; Bestmove does not match beginning of last PV - move a6a7 from SF_2100
Info; info depth 11 seldepth 9 multipv 1 score cp -91 nodes 17216 nps 521696 hashfull 7 tbhits 0 time 33 pv d7d6 f2f4 d8c8 g4f3 a6a8 e3f2 c8d7 a1d1
Position; fen rnbqkbnr/ppppp1pp/5p2/8/8/1P6/P1PPPPPP/RNBQKBNR w KQkq - 0 1
Moves; e2e4 e7e5 b1c3 g8h6 f1c4 h6f7 g1f3 b8c6 e1g1 f8c5 c3a4 c5e7 a2a3 a7a5 d2d3 b7b6 a4c3 e8g8 c1e3 e7c5 d3d4 e5d4 f3d4 c5d4 e3d4 c8b7 d4e3 b7a6 c4a6 a8a6 d1h5 c6e7 h5g4
Warning; Bestmove does not match beginning of last PV - move a7b7 from SF_2100
Info; info depth 9 seldepth 15 multipv 1 score cp -80 nodes 21315 nps 473666 hashfull 8 tbhits 0 time 45 pv d7d6 f2f4 a7a8 f1f3 d8d7 f3h3 f7h6 a1d1
Position; fen rnbqkbnr/ppppp1pp/5p2/8/8/1P6/P1PPPPPP/RNBQKBNR w KQkq - 0 1
Moves; e2e4 e7e5 b1c3 g8h6 f1c4 h6f7 g1f3 b8c6 e1g1 f8c5 c3a4 c5e7 a2a3 a7a5 d2d3 b7b6 a4c3 e8g8 c1e3 e7c5 d3d4 e5d4 f3d4 c5d4 e3d4 c8b7 d4e3 b7a6 c4a6 a8a6 d1h5 c6e7 h5g4 a6a7 g4h4
Warning; Bestmove does not match beginning of last PV - move b6b5 from SF_2100
Info; info depth 9 seldepth 10 multipv 1 score cp -13 nodes 24689 nps 649710 hashfull 5 tbhits 0 time 38 pv f8b8 e3b6 b7b6 a4b6 b8b6 h5a5 b6b5 a5a8 g6f8
Position; fen rnbqkbnr/ppppp1pp/5p2/8/8/1P6/P1PPPPPP/RNBQKBNR w KQkq - 0 1
Moves; e2e4 e7e5 b1c3 g8h6 f1c4 h6f7 g1f3 b8c6 e1g1 f8c5 c3a4 c5e7 a2a3 a7a5 d2d3 b7b6 a4c3 e8g8 c1e3 e7c5 d3d4 e5d4 f3d4 c5d4 e3d4 c8b7 d4e3 b7a6 c4a6 a8a6 d1h5 c6e7 h5g4 a6a7 g4h4 a7b7 f1e1 c7c6 h4h5 e7g6 a1b1 d8e7 c3a4
Warning; Bestmove does not match beginning of last PV - move b7a7 from SF_2100
Info; info depth 9 seldepth 14 multipv 1 score cp -48 nodes 24805 nps 506224 hashfull 9 tbhits 0 time 49 pv b7c7 f2f4 d7d6 c5d3 c6c5 d3f2 f8e8 h5d5
Position; fen rnbqkbnr/ppppp1pp/5p2/8/8/1P6/P1PPPPPP/RNBQKBNR w KQkq - 0 1
Moves; e2e4 e7e5 b1c3 g8h6 f1c4 h6f7 g1f3 b8c6 e1g1 f8c5 c3a4 c5e7 a2a3 a7a5 d2d3 b7b6 a4c3 e8g8 c1e3 e7c5 d3d4 e5d4 f3d4 c5d4 e3d4 c8b7 d4e3 b7a6 c4a6 a8a6 d1h5 c6e7 h5g4 a6a7 g4h4 a7b7 f1e1 c7c6 h4h5 e7g6 a1b1 d8e7 c3a4 b6b5 a4c5
Warning; Bestmove does not match beginning of last PV - move a7c7 from SF_2100
Info; info depth 9 seldepth 12 multipv 1 score cp -47 nodes 21976 nps 477739 hashfull 8 tbhits 0 time 46 pv f8a8 c5d3 a7c7 f2f4 d7d6 e3b6 c7c8 h5g4 c6c5 b6a5 e7a7
Position; fen rnbqkbnr/ppppp1pp/5p2/8/8/1P6/P1PPPPPP/RNBQKBNR w KQkq - 0 1
Moves; e2e4 e7e5 b1c3 g8h6 f1c4 h6f7 g1f3 b8c6 e1g1 f8c5 c3a4 c5e7 a2a3 a7a5 d2d3 b7b6 a4c3 e8g8 c1e3 e7c5 d3d4 e5d4 f3d4 c5d4 e3d4 c8b7 d4e3 b7a6 c4a6 a8a6 d1h5 c6e7 h5g4 a6a7 g4h4 a7b7 f1e1 c7c6 h4h5 e7g6 a1b1 d8e7 c3a4 b6b5 a4c5 b7a7 b1d1
Warning; Bestmove does not match beginning of last PV - move f8c8 from SF_2100
Info; info depth 8 seldepth 11 multipv 1 score cp -45 nodes 17357 nps 495914 hashfull 6 tbhits 0 time 35 pv d7d6 c5d3 f8e8 e3b6 c7c8 h5g4 c6c5 b6a5 e7a7
Position; fen rnbqkbnr/ppppp1pp/5p2/8/8/1P6/P1PPPPPP/RNBQKBNR w KQkq - 0 1
Moves; e2e4 e7e5 b1c3 g8h6 f1c4 h6f7 g1f3 b8c6 e1g1 f8c5 c3a4 c5e7 a2a3 a7a5 d2d3 b7b6 a4c3 e8g8 c1e3 e7c5 d3d4 e5d4 f3d4 c5d4 e3d4 c8b7 d4e3 b7a6 c4a6 a8a6 d1h5 c6e7 h5g4 a6a7 g4h4 a7b7 f1e1 c7c6 h4h5 e7g6 a1b1 d8e7 c3a4 b6b5 a4c5 b7a7 b1d1 a7c7 f2f4
Warning; Bestmove does not match beginning of last PV - move c6c5 from SF_2100
Info; info depth 9 seldepth 14 multipv 1 score cp -34 nodes 23463 nps 601615 hashfull 4 tbhits 0 time 39 pv c8a8 b6f2 a5a4 b3b4 a8d8 h2h3 d6d5 e4d5 d8d5 e1e7 e8e7
Position; fen rnbqkbnr/ppppp1pp/5p2/8/8/1P6/P1PPPPPP/RNBQKBNR w KQkq - 0 1
Moves; e2e4 e7e5 b1c3 g8h6 f1c4 h6f7 g1f3 b8c6 e1g1 f8c5 c3a4 c5e7 a2a3 a7a5 d2d3 b7b6 a4c3 e8g8 c1e3 e7c5 d3d4 e5d4 f3d4 c5d4 e3d4 c8b7 d4e3 b7a6 c4a6 a8a6 d1h5 c6e7 h5g4 a6a7 g4h4 a7b7 f1e1 c7c6 h4h5 e7g6 a1b1 d8e7 c3a4 b6b5 a4c5 b7a7 b1d1 a7c7 f2f4 f8c8 g1h1 d7d6 c5d3 e7e8 e3b6 c7e7 h5f3
Warning; Bestmove does not match beginning of last PV - move e7a7 from SF_2100
Info; info depth 9 seldepth 13 multipv 1 score cp -54 nodes 19365 nps 537916 hashfull 5 tbhits 0 time 36 pv c8a8 b3b4 c5c4 d3f2 e8c6 f2g4
Position; fen rnbqkbnr/ppppp1pp/5p2/8/8/1P6/P1PPPPPP/RNBQKBNR w KQkq - 0 1
Moves; e2e4 e7e5 b1c3 g8h6 f1c4 h6f7 g1f3 b8c6 e1g1 f8c5 c3a4 c5e7 a2a3 a7a5 d2d3 b7b6 a4c3 e8g8 c1e3 e7c5 d3d4 e5d4 f3d4 c5d4 e3d4 c8b7 d4e3 b7a6 c4a6 a8a6 d1h5 c6e7 h5g4 a6a7 g4h4 a7b7 f1e1 c7c6 h4h5 e7g6 a1b1 d8e7 c3a4 b6b5 a4c5 b7a7 b1d1 a7c7 f2f4 f8c8 g1h1 d7d6 c5d3 e7e8 e3b6 c7e7 h5f3 c6c5 b6a5
Warning; Bestmove does not match beginning of last PV - move c5c4 from SF_2100
Info; info depth 8 seldepth 15 multipv 1 score cp -35 nodes 20315 nps 677166 hashfull 4 tbhits 0 time 30 pv a7a3 d1d2 e8c6 h2h3 c8e8 h1h2 a3a2
Position; fen rnbqkbnr/ppppp1pp/5p2/8/8/1P6/P1PPPPPP/RNBQKBNR w KQkq - 0 1
Moves; e2e4 e7e5 b1c3 g8h6 f1c4 h6f7 g1f3 b8c6 e1g1 f8c5 c3a4 c5e7 a2a3 a7a5 d2d3 b7b6 a4c3 e8g8 c1e3 e7c5 d3d4 e5d4 f3d4 c5d4 e3d4 c8b7 d4e3 b7a6 c4a6 a8a6 d1h5 c6e7 h5g4 a6a7 g4h4 a7b7 f1e1 c7c6 h4h5 e7g6 a1b1 d8e7 c3a4 b6b5 a4c5 b7a7 b1d1 a7c7 f2f4 f8c8 g1h1 d7d6 c5d3 e7e8 e3b6 c7e7 h5f3 c6c5 b6a5 e7a7 a5c3
Warning; Bestmove does not match beginning of last PV - move e8d8 from SF_2100
Info; info depth 10 seldepth 11 multipv 1 score cp -104 nodes 15926 nps 530866 hashfull 55 tbhits 0 time 30 pv g6e7 d4b2 a3a7 f3g3 g8h8 h2h3 e8d7 b2d4 a7a3 h1h2
Position; fen rnbqkbnr/ppppp1pp/5p2/8/8/1P6/P1PPPPPP/RNBQKBNR w KQkq - 0 1
Moves; e2e4 e7e5 b1c3 g8h6 f1c4 h6f7 g1f3 b8c6 e1g1 f8c5 c3a4 c5e7 a2a3 a7a5 d2d3 b7b6 a4c3 e8g8 c1e3 e7c5 d3d4 e5d4 f3d4 c5d4 e3d4 c8b7 d4e3 b7a6 c4a6 a8a6 d1h5 c6e7 h5g4 a6a7 g4h4 a7b7 f1e1 c7c6 h4h5 e7g6 a1b1 d8e7 c3a4 b6b5 a4c5 b7a7 b1d1 a7c7 f2f4 f8c8 g1h1 d7d6 c5d3 e7e8 e3b6 c7e7 h5f3 c6c5 b6a5 e7a7 a5c3 c5c4 c3d4 a7a3 d3b4
Warning; Bestmove does not match beginning of last PV - move a8a2 from SF_2100
Info; info depth 9 seldepth 15 multipv 1 score cp -227 nodes 14973 nps 598920 hashfull 31 tbhits 0 time 25 pv a8a3 d4f6 g7f6 f4f5 f7e5 f5g6 h7g6 e1f1
Position; fen rnbqkbnr/ppppp1pp/5p2/8/8/1P6/P1PPPPPP/RNBQKBNR w KQkq - 0 1
Moves; e2e4 e7e5 b1c3 g8h6 f1c4 h6f7 g1f3 b8c6 e1g1 f8c5 c3a4 c5e7 a2a3 a7a5 d2d3 b7b6 a4c3 e8g8 c1e3 e7c5 d3d4 e5d4 f3d4 c5d4 e3d4 c8b7 d4e3 b7a6 c4a6 a8a6 d1h5 c6e7 h5g4 a6a7 g4h4 a7b7 f1e1 c7c6 h4h5 e7g6 a1b1 d8e7 c3a4 b6b5 a4c5 b7a7 b1d1 a7c7 f2f4 f8c8 g1h1 d7d6 c5d3 e7e8 e3b6 c7e7 h5f3 c6c5 b6a5 e7a7 a5c3 c5c4 c3d4 a7a3 d3b4 e8d8 f3g3 c4b3 c2b3 a3a8 b4d5
Warning; Bestmove does not match beginning of last PV - move g6e7 from SF_2100
Info; info depth 11 seldepth 20 multipv 1 score cp -241 nodes 13489 nps 642333 hashfull 49 tbhits 0 time 21 pv g6e5 d5f6 g8h8 f6d5 c8c2 e1g1 e5c6 d1f1 f7e5 h2h3 b5b4 f5f6 g7f6 d5f6
Position; fen rnbqkbnr/ppppp1pp/5p2/8/8/1P6/P1PPPPPP/RNBQKBNR w KQkq - 0 1
Moves; e2e4 e7e5 b1c3 g8h6 f1c4 h6f7 g1f3 b8c6 e1g1 f8c5 c3a4 c5e7 a2a3 a7a5 d2d3 b7b6 a4c3 e8g8 c1e3 e7c5 d3d4 e5d4 f3d4 c5d4 e3d4 c8b7 d4e3 b7a6 c4a6 a8a6 d1h5 c6e7 h5g4 a6a7 g4h4 a7b7 f1e1 c7c6 h4h5 e7g6 a1b1 d8e7 c3a4 b6b5 a4c5 b7a7 b1d1 a7c7 f2f4 f8c8 g1h1 d7d6 c5d3 e7e8 e3b6 c7e7 h5f3 c6c5 b6a5 e7a7 a5c3 c5c4 c3d4 a7a3 d3b4 e8d8 f3g3 c4b3 c2b3 a3a8 b4d5 a8a2 d4b6 d8f8 f4f5
Warning; Bestmove does not match beginning of last PV - move e7d5 from SF_2100
Info; info depth 11 seldepth 21 multipv 1 score cp -286 nodes 16290 nps 857368 hashfull 11 tbhits 0 time 19 pv f8g8 b6d4 e7c6 d7b6 c8b8 d4e3 c6b4 b6d5 b4d5 e4d5 b5b4 h2h3 a2c2
Position; fen rnbqkbnr/ppppp1pp/5p2/8/8/1P6/P1PPPPPP/RNBQKBNR w KQkq - 0 1
Moves; e2e4 e7e5 b1c3 g8h6 f1c4 h6f7 g1f3 b8c6 e1g1 f8c5 c3a4 c5e7 a2a3 a7a5 d2d3 b7b6 a4c3 e8g8 c1e3 e7c5 d3d4 e5d4 f3d4 c5d4 e3d4 c8b7 d4e3 b7a6 c4a6 a8a6 d1h5 c6e7 h5g4 a6a7 g4h4 a7b7 f1e1 c7c6 h4h5 e7g6 a1b1 d8e7 c3a4 b6b5 a4c5 b7a7 b1d1 a7c7 f2f4 f8c8 g1h1 d7d6 c5d3 e7e8 e3b6 c7e7 h5f3 c6c5 b6a5 e7a7 a5c3 c5c4 c3d4 a7a3 d3b4 e8d8 f3g3 c4b3 c2b3 a3a8 b4d5 a8a2 d4b6 d8f8 f4f5 g6e7 d5f6 g8h8 f6d7
Warning; Bestmove does not match beginning of last PV - move c8c3 from SF_2100
Info; info depth 17 seldepth 34 multipv 1 score cp -675 nodes 1165278 nps 1564131 hashfull 457 tbhits 0 time 745 pv d5b6 f8e6 c8g8 d1d6 b6c4 b3c4 f7d6 g3d6 b5c4 d6d4 h7h6 f5f6 g7f6 d4f6 h8h7 e6f8 g8f8 f6f8 a2a7 h2h4 c4c3 e4e5 c3c2 f8f5 h7g7 f5c2
Position; fen rnbqkbnr/ppppp1pp/5p2/8/8/1P6/P1PPPPPP/RNBQKBNR w KQkq - 0 1
Moves; e2e4 e7e5 b1c3 g8h6 f1c4 h6f7 g1f3 b8c6 e1g1 f8c5 c3a4 c5e7 a2a3 a7a5 d2d3 b7b6 a4c3 e8g8 c1e3 e7c5 d3d4 e5d4 f3d4 c5d4 e3d4 c8b7 d4e3 b7a6 c4a6 a8a6 d1h5 c6e7 h5g4 a6a7 g4h4 a7b7 f1e1 c7c6 h4h5 e7g6 a1b1 d8e7 c3a4 b6b5 a4c5 b7a7 b1d1 a7c7 f2f4 f8c8 g1h1 d7d6 c5d3 e7e8 e3b6 c7e7 h5f3 c6c5 b6a5 e7a7 a5c3 c5c4 c3d4 a7a3 d3b4 e8d8 f3g3 c4b3 c2b3 a3a8 b4d5 a8a2 d4b6 d8f8 f4f5 g6e7 d5f6 g8h8 f6d7 e7d5 d7f8
Warning; Bestmove does not match beginning of last PV - move c3b3 from SF_2100
Info; info depth 15 seldepth 21 multipv 1 score cp -823 nodes 703958 nps 1672109 hashfull 254 tbhits 0 time 421 pv c3c2 d4f6 h7h6 d1a1 c2g2 a1a2 g2a2 f8e6 a2c2 h4g4 f7g5 f6g5 c2h2 h1h2 h6g5
Position; fen rnbqkbnr/ppppp1pp/5p2/8/8/1P6/P1PPPPPP/RNBQKBNR w KQkq - 0 1
Moves; e2e4 e7e5 b1c3 g8h6 f1c4 h6f7 g1f3 b8c6 e1g1 f8c5 c3a4 c5e7 a2a3 a7a5 d2d3 b7b6 a4c3 e8g8 c1e3 e7c5 d3d4 e5d4 f3d4 c5d4 e3d4 c8b7 d4e3 b7a6 c4a6 a8a6 d1h5 c6e7 h5g4 a6a7 g4h4 a7b7 f1e1 c7c6 h4h5 e7g6 a1b1 d8e7 c3a4 b6b5 a4c5 b7a7 b1d1 a7c7 f2f4 f8c8 g1h1 d7d6 c5d3 e7e8 e3b6 c7e7 h5f3 c6c5 b6a5 e7a7 a5c3 c5c4 c3d4 a7a3 d3b4 e8d8 f3g3 c4b3 c2b3 a3a8 b4d5 a8a2 d4b6 d8f8 f4f5 g6e7 d5f6 g8h8 f6d7 e7d5 d7f8 c8c3 g3h4 d5f6 b6d4
Warning; Bestmove does not match beginning of last PV - move f7e5 from SF_2100
Info; info depth 24 seldepth 23 multipv 1 score mate -9 nodes 218773 nps 1596883 hashfull 85 tbhits 0 time 137 pv b3b2 g2g3 b2b3 g3f4 b3f3 f4f3 f7e5 f3f4 g8f7 d1d6 e5d3 d6d3 f7g8 h4g3 g8f7 g3g7 f7e8 g7d7
Position; fen rnbqkbnr/ppppp1pp/5p2/8/8/1P6/P1PPPPPP/RNBQKBNR w KQkq - 0 1
Moves; e2e4 e7e5 b1c3 g8h6 f1c4 h6f7 g1f3 b8c6 e1g1 f8c5 c3a4 c5e7 a2a3 a7a5 d2d3 b7b6 a4c3 e8g8 c1e3 e7c5 d3d4 e5d4 f3d4 c5d4 e3d4 c8b7 d4e3 b7a6 c4a6 a8a6 d1h5 c6e7 h5g4 a6a7 g4h4 a7b7 f1e1 c7c6 h4h5 e7g6 a1b1 d8e7 c3a4 b6b5 a4c5 b7a7 b1d1 a7c7 f2f4 f8c8 g1h1 d7d6 c5d3 e7e8 e3b6 c7e7 h5f3 c6c5 b6a5 e7a7 a5c3 c5c4 c3d4 a7a3 d3b4 e8d8 f3g3 c4b3 c2b3 a3a8 b4d5 a8a2 d4b6 d8f8 f4f5 g6e7 d5f6 g8h8 f6d7 e7d5 d7f8 c8c3 g3h4 d5f6 b6d4 c3b3 d4f6 h7h6 f6g7 h8g8 g7h6 a2g2 h1g2
Warning; Bestmove does not match beginning of last PV - move b3g3 from SF_2100
Info; info depth 45 seldepth 11 multipv 1 score mate -5 nodes 73335 nps 3055625 hashfull 12 tbhits 0 time 24 pv b3b2 g2f1 b2f2 f1f2 e5g4 g7g4 b5b4 d6d7 b4b3 g4g6
Position; fen rnbqkbnr/ppppp1pp/5p2/8/8/1P6/P1PPPPPP/RNBQKBNR w KQkq - 0 1
Moves; e2e4 e7e5 b1c3 g8h6 f1c4 h6f7 g1f3 b8c6 e1g1 f8c5 c3a4 c5e7 a2a3 a7a5 d2d3 b7b6 a4c3 e8g8 c1e3 e7c5 d3d4 e5d4 f3d4 c5d4 e3d4 c8b7 d4e3 b7a6 c4a6 a8a6 d1h5 c6e7 h5g4 a6a7 g4h4 a7b7 f1e1 c7c6 h4h5 e7g6 a1b1 d8e7 c3a4 b6b5 a4c5 b7a7 b1d1 a7c7 f2f4 f8c8 g1h1 d7d6 c5d3 e7e8 e3b6 c7e7 h5f3 c6c5 b6a5 e7a7 a5c3 c5c4 c3d4 a7a3 d3b4 e8d8 f3g3 c4b3 c2b3 a3a8 b4d5 a8a2 d4b6 d8f8 f4f5 g6e7 d5f6 g8h8 f6d7 e7d5 d7f8 c8c3 g3h4 d5f6 b6d4 c3b3 d4f6 h7h6 f6g7 h8g8 g7h6 a2g2 h1g2 f7e5 h4g5 g8f7 g5g7 f7e8 d1d6
Warning; Bestmove does not match beginning of last PV - move e5d3 from SF_2100
Info; info depth 117 seldepth 7 multipv 1 score mate -3 nodes 165023 nps 6600920 hashfull 1 tbhits 0 time 25 pv e5g4 g3g4 b5b4 g4g7 b4b3 g7d7
Position; fen rnbqkbnr/ppppp1pp/5p2/8/8/1P6/P1PPPPPP/RNBQKBNR w KQkq - 0 1
Moves; e2e4 e7e5 b1c3 g8h6 f1c4 h6f7 g1f3 b8c6 e1g1 f8c5 c3a4 c5e7 a2a3 a7a5 d2d3 b7b6 a4c3 e8g8 c1e3 e7c5 d3d4 e5d4 f3d4 c5d4 e3d4 c8b7 d4e3 b7a6 c4a6 a8a6 d1h5 c6e7 h5g4 a6a7 g4h4 a7b7 f1e1 c7c6 h4h5 e7g6 a1b1 d8e7 c3a4 b6b5 a4c5 b7a7 b1d1 a7c7 f2f4 f8c8 g1h1 d7d6 c5d3 e7e8 e3b6 c7e7 h5f3 c6c5 b6a5 e7a7 a5c3 c5c4 c3d4 a7a3 d3b4 e8d8 f3g3 c4b3 c2b3 a3a8 b4d5 a8a2 d4b6 d8f8 f4f5 g6e7 d5f6 g8h8 f6d7 e7d5 d7f8 c8c3 g3h4 d5f6 b6d4 c3b3 d4f6 h7h6 f6g7 h8g8 g7h6 a2g2 h1g2 f7e5 h4g5 g8f7 g5g7 f7e8 d1d6 b3g3 g7g3
Warning; Bestmove does not match beginning of last PV - move e8f7 from SF_2100
Info; info depth 245 seldepth 3 multipv 1 score mate -1 nodes 1469 nps 734500 hashfull 0 tbhits 0 time 2 pv e8d8 g3b8
Position; fen rnbqkbnr/ppppp1pp/5p2/8/8/1P6/P1PPPPPP/RNBQKBNR w KQkq - 0 1
Moves; e2e4 e7e5 b1c3 g8h6 f1c4 h6f7 g1f3 b8c6 e1g1 f8c5 c3a4 c5e7 a2a3 a7a5 d2d3 b7b6 a4c3 e8g8 c1e3 e7c5 d3d4 e5d4 f3d4 c5d4 e3d4 c8b7 d4e3 b7a6 c4a6 a8a6 d1h5 c6e7 h5g4 a6a7 g4h4 a7b7 f1e1 c7c6 h4h5 e7g6 a1b1 d8e7 c3a4 b6b5 a4c5 b7a7 b1d1 a7c7 f2f4 f8c8 g1h1 d7d6 c5d3 e7e8 e3b6 c7e7 h5f3 c6c5 b6a5 e7a7 a5c3 c5c4 c3d4 a7a3 d3b4 e8d8 f3g3 c4b3 c2b3 a3a8 b4d5 a8a2 d4b6 d8f8 f4f5 g6e7 d5f6 g8h8 f6d7 e7d5 d7f8 c8c3 g3h4 d5f6 b6d4 c3b3 d4f6 h7h6 f6g7 h8g8 g7h6 a2g2 h1g2 f7e5 h4g5 g8f7 g5g7 f7e8 d1d6 b3g3 g7g3 e5d3 d6e6
Finished game 3 (HiveChess vs SF_2100): 1-0 {White mates}
Started game 4 of 10 (SF_2100 vs HiveChess)
Warning; Bestmove does not match beginning of last PV - move c1b2 from SF_2100
Info; info depth 12 seldepth 21 multipv 1 score cp 74 nodes 118101 nps 447352 hashfull 47 tbhits 0 time 264 pv e2e4 b8c6 d2d4 d7d5 e4d5 d8d5 g1f3 e7e5
Position; fen rnbqkbnr/ppppp1pp/5p2/8/8/1P6/P1PPPPPP/RNBQKBNR w KQkq - 0 1
Moves; 
Warning; Bestmove does not match beginning of last PV - move e2e3 from SF_2100
Info; info depth 12 seldepth 14 multipv 1 score cp 48 nodes 129472 nps 476000 hashfull 46 tbhits 0 time 272 pv d2d4 e7e5 d4e5 f6e5 b2e5 b8c6 e5b2 f8b4 c2c3 b4d6 e2e3
Position; fen rnbqkbnr/ppppp1pp/5p2/8/8/1P6/P1PPPPPP/RNBQKBNR w KQkq - 0 1
Moves; c1b2 d7d5
Warning; Bestmove does not match beginning of last PV - move f1e2 from SF_2100
Info; info depth 12 seldepth 19 multipv 1 score cp 15 nodes 172620 nps 498901 hashfull 43 tbhits 0 time 346 pv d2d4 e5e4 c2c4 c7c6 b1c3 f6f5 g1h3 g8f6 h3f4 f8d6 c4d5 d6f4 e3f4 c6d5 f1e2 c8e6 d1d2 e8g8
Position; fen rnbqkbnr/ppppp1pp/5p2/8/8/1P6/P1PPPPPP/RNBQKBNR w KQkq - 0 1
Moves; c1b2 d7d5 e2e3 e7e5
Warning; Bestmove does not match beginning of last PV - move b1c3 from SF_2100
Info; info depth 10 seldepth 17 multipv 1 score cp 27 nodes 71652 nps 462270 hashfull 24 tbhits 0 time 155 pv g1f3 e5e4 f3d4 c6d4 d1d4 g8f6 e1g1 f8d6
Position; fen rnbqkbnr/ppppp1pp/5p2/8/8/1P6/P1PPPPPP/RNBQKBNR w KQkq - 0 1
Moves; c1b2 d7d5 e2e3 e7e5 f1e2 c8e6 d2d4 b8c6 d4e5 f6e5
Warning; Bestmove does not match beginning of last PV - move c3a4 from SF_2100
Info; info depth 14 seldepth 12 multipv 1 score cp -7 nodes 117831 nps 365934 hashfull 38 tbhits 0 time 322 pv e1g1 d8e7 c3a4 c5d6 c2c4 d5c4 b3c4 e5e4 f3d4 c6d4 b2d4
Position; fen rnbqkbnr/ppppp1pp/5p2/8/8/1P6/P1PPPPPP/RNBQKBNR w KQkq - 0 1
Moves; c1b2 d7d5 e2e3 e7e5 f1e2 c8e6 d2d4 b8c6 d4e5 f6e5 b1c3 f8c5 g1f3 g8f6
Warning; Bestmove does not match beginning of last PV - move a1c1 from SF_2100
Info; info depth 10 seldepth 15 multipv 1 score cp -3 nodes 80187 nps 468929 hashfull 23 tbhits 0 time 171 pv e1g1 d8e7 c2c4 d5c4 b3c4 e5e4 f3g5 e6f5
Position; fen rnbqkbnr/ppppp1pp/5p2/8/8/1P6/P1PPPPPP/RNBQKBNR w KQkq - 0 1
Moves; c1b2 d7d5 e2e3 e7e5 f1e2 c8e6 d2d4 b8c6 d4e5 f6e5 b1c3 f8c5 g1f3 g8f6 c3a4 c5d6
Warning; Bestmove does not match beginning of last PV - move d1e1 from SF_2100
Info; info depth 10 seldepth 15 multipv 1 score cp 5 nodes 55861 nps 429700 hashfull 22 tbhits 0 time 130 pv c2c4 d5d4 e3d4 e5d4 f1e1 h8e8 f3d4
Position; fen rnbqkbnr/ppppp1pp/5p2/8/8/1P6/P1PPPPPP/RNBQKBNR w KQkq - 0 1
Moves; c1b2 d7d5 e2e3 e7e5 f1e2 c8e6 d2d4 b8c6 d4e5 f6e5 b1c3 f8c5 g1f3 g8f6 c3a4 c5d6 a1c1 d8d7 e1g1 e8c8
Warning; Bestmove does not match beginning of last PV - move e2b5 from SF_2100
Info; info depth 12 seldepth 22 multipv 1 score cp -112 nodes 98530 nps 384882 hashfull 39 tbhits 0 time 256 pv c2c4 d6b4 e1d1 d5c4 d1c2 c4b3 a2b3 e6d5 a4c3 c8b8 c3d5 d8d5 c2b1
Position; fen rnbqkbnr/ppppp1pp/5p2/8/8/1P6/P1PPPPPP/RNBQKBNR w KQkq - 0 1
Moves; c1b2 d7d5 e2e3 e7e5 f1e2 c8e6 d2d4 b8c6 d4e5 f6e5 b1c3 f8c5 g1f3 g8f6 c3a4 c5d6 a1c1 d8d7 e1g1 e8c8 d1e1 d7e7
Warning; Bestmove does not match beginning of last PV - move f3g3 from SF_2100
Info; info depth 12 seldepth 17 multipv 1 score cp -208 nodes 82916 nps 571834 hashfull 26 tbhits 0 time 145 pv b2e5 g5e5 e1g3 e5g3 f3g3 g7g6 b5d3 g4e5 a4c5 e6g4 e3e4
Position; fen rnbqkbnr/ppppp1pp/5p2/8/8/1P6/P1PPPPPP/RNBQKBNR w KQkq - 0 1
Moves; c1b2 d7d5 e2e3 e7e5 f1e2 c8e6 d2d4 b8c6 d4e5 f6e5 b1c3 f8c5 g1f3 g8f6 c3a4 c5d6 a1c1 d8d7 e1g1 e8c8 d1e1 d7e7 e2b5 e5e4 f3g5 d6h2 g1h2 f6g4 h2g1 e7g5 f2f4 e4f3 f1f3 c6e5
Warning; Bestmove does not match beginning of last PV - move g1h1 from SF_2100
Info; info depth 11 seldepth 20 multipv 1 score cp -331 nodes 17274 nps 616928 hashfull 6 tbhits 0 time 28 pv g1g2 f3e1 c1e1 g4h6 a4c5 e6f5 e3e4 d5e4 b5c4 d8d2 g2g3 d2d6 b2g7
Position; fen rnbqkbnr/ppppp1pp/5p2/8/8/1P6/P1PPPPPP/RNBQKBNR w KQkq - 0 1
Moves; c1b2 d7d5 e2e3 e7e5 f1e2 c8e6 d2d4 b8c6 d4e5 f6e5 b1c3 f8c5 g1f3 g8f6 c3a4 c5d6 a1c1 d8d7 e1g1 e8c8 d1e1 d7e7 e2b5 e5e4 f3g5 d6h2 g1h2 f6g4 h2g1 e7g5 f2f4 e4f3 f1f3 c6e5 f3g3 g5h6 g3h3 h6h3 g2h3 e5f3
Warning; Bestmove does not match beginning of last PV - move h3g4 from SF_2100
Info; info depth 12 seldepth 20 multipv 1 score cp -406 nodes 29992 nps 545309 hashfull 8 tbhits 0 time 55 pv a4c5 g4f2 h1h2 e6h3 c1e1 d8d6 b5e2 d6g6 e1g1 g6g1 h2g1 h8f8 b2g7
Position; fen rnbqkbnr/ppppp1pp/5p2/8/8/1P6/P1PPPPPP/RNBQKBNR w KQkq - 0 1
Moves; c1b2 d7d5 e2e3 e7e5 f1e2 c8e6 d2d4 b8c6 d4e5 f6e5 b1c3 f8c5 g1f3 g8f6 c3a4 c5d6 a1c1 d8d7 e1g1 e8c8 d1e1 d7e7 e2b5 e5e4 f3g5 d6h2 g1h2 f6g4 h2g1 e7g5 f2f4 e4f3 f1f3 c6e5 f3g3 g5h6 g3h3 h6h3 g2h3 e5f3 g1h1 f3e1
Warning; Bestmove does not match beginning of last PV - move h1g2 from SF_2100
Info; info depth 12 seldepth 16 multipv 1 score cp -360 nodes 25374 nps 402761 hashfull 7 tbhits 0 time 63 pv b5e2 e6g4 c1f1 h8f8 b2a3 f8f7
Position; fen rnbqkbnr/ppppp1pp/5p2/8/8/1P6/P1PPPPPP/RNBQKBNR w KQkq - 0 1
Moves; c1b2 d7d5 e2e3 e7e5 f1e2 c8e6 d2d4 b8c6 d4e5 f6e5 b1c3 f8c5 g1f3 g8f6 c3a4 c5d6 a1c1 d8d7 e1g1 e8c8 d1e1 d7e7 e2b5 e5e4 f3g5 d6h2 g1h2 f6g4 h2g1 e7g5 f2f4 e4f3 f1f3 c6e5 f3g3 g5h6 g3h3 h6h3 g2h3 e5f3 g1h1 f3e1 h3g4 e1f3
Warning; Bestmove does not match beginning of last PV - move a4c5 from SF_2100
Info; info depth 12 seldepth 18 multipv 1 score cp -411 nodes 21405 nps 455425 hashfull 9 tbhits 0 time 47 pv c2c4 d5d4 c4c5 d4d3 c5c6 b7c6 b5c6
Position; fen rnbqkbnr/ppppp1pp/5p2/8/8/1P6/P1PPPPPP/RNBQKBNR w KQkq - 0 1
Moves; c1b2 d7d5 e2e3 e7e5 f1e2 c8e6 d2d4 b8c6 d4e5 f6e5 b1c3 f8c5 g1f3 g8f6 c3a4 c5d6 a1c1 d8d7 e1g1 e8c8 d1e1 d7e7 e2b5 e5e4 f3g5 d6h2 g1h2 f6g4 h2g1 e7g5 f2f4 e4f3 f1f3 c6e5 f3g3 g5h6 g3h3 h6h3 g2h3 e5f3 g1h1 f3e1 h3g4 e1f3 h1g2 e6g4
Warning; Bestmove does not match beginning of last PV - move b5d3 from SF_2100
Info; info depth 10 seldepth 14 multipv 1 score cp -403 nodes 8661 nps 721750 hashfull 2 tbhits 0 time 12 pv c1f1 d8f8 g2g3 h7h5 f1f2 f3g1 f2f8 g8f8 b2g7
Position; fen rnbqkbnr/ppppp1pp/5p2/8/8/1P6/P1PPPPPP/RNBQKBNR w KQkq - 0 1
Moves; c1b2 d7d5 e2e3 e7e5 f1e2 c8e6 d2d4 b8c6 d4e5 f6e5 b1c3 f8c5 g1f3 g8f6 c3a4 c5d6 a1c1 d8d7 e1g1 e8c8 d1e1 d7e7 e2b5 e5e4 f3g5 d6h2 g1h2 f6g4 h2g1 e7g5 f2f4 e4f3 f1f3 c6e5 f3g3 g5h6 g3h3 h6h3 g2h3 e5f3 g1h1 f3e1 h3g4 e1f3 h1g2 e6g4 a4c5 h8g8
Warning; Bestmove does not match beginning of last PV - move e3e4 from SF_2100
Info; info depth 13 seldepth 16 multipv 1 score cp -425 nodes 27958 nps 570571 hashfull 13 tbhits 0 time 49 pv c1f1 g8f8 g2g3 f3d2 f1f4 f8f4 e3f4 d8e8 b2g7
Position; fen rnbqkbnr/ppppp1pp/5p2/8/8/1P6/P1PPPPPP/RNBQKBNR w KQkq - 0 1
Moves; c1b2 d7d5 e2e3 e7e5 f1e2 c8e6 d2d4 b8c6 d4e5 f6e5 b1c3 f8c5 g1f3 g8f6 c3a4 c5d6 a1c1 d8d7 e1g1 e8c8 d1e1 d7e7 e2b5 e5e4 f3g5 d6h2 g1h2 f6g4 h2g1 e7g5 f2f4 e4f3 f1f3 c6e5 f3g3 g5h6 g3h3 h6h3 g2h3 e5f3 g1h1 f3e1 h3g4 e1f3 h1g2 e6g4 a4c5 h8g8 b5d3 h7h5
Warning; Bestmove does not match beginning of last PV - move d3c4 from SF_2100
Info; info depth 13 seldepth 18 multipv 1 score cp -426 nodes 25636 nps 569688 hashfull 8 tbhits 0 time 45 pv c1f1 f3e5 d3b5 a7a6 c5d3 e5d3 b5d3 g8e8 g2g3 c7c5
Position; fen rnbqkbnr/ppppp1pp/5p2/8/8/1P6/P1PPPPPP/RNBQKBNR w KQkq - 0 1
Moves; c1b2 d7d5 e2e3 e7e5 f1e2 c8e6 d2d4 b8c6 d4e5 f6e5 b1c3 f8c5 g1f3 g8f6 c3a4 c5d6 a1c1 d8d7 e1g1 e8c8 d1e1 d7e7 e2b5 e5e4 f3g5 d6h2 g1h2 f6g4 h2g1 e7g5 f2f4 e4f3 f1f3 c6e5 f3g3 g5h6 g3h3 h6h3 g2h3 e5f3 g1h1 f3e1 h3g4 e1f3 h1g2 e6g4 a4c5 h8g8 b5d3 h7h5 e3e4 d5d4
Warning; Bestmove does not match beginning of last PV - move c2c3 from SF_2100
Info; info depth 12 seldepth 20 multipv 1 score cp -459 nodes 24818 nps 590904 hashfull 10 tbhits 0 time 42 pv a2a4 f3e5 c4b5 e8f8 a4a5 f8f7
Position; fen rnbqkbnr/ppppp1pp/5p2/8/8/1P6/P1PPPPPP/RNBQKBNR w KQkq - 0 1
Moves; c1b2 d7d5 e2e3 e7e5 f1e2 c8e6 d2d4 b8c6 d4e5 f6e5 b1c3 f8c5 g1f3 g8f6 c3a4 c5d6 a1c1 d8d7 e1g1 e8c8 d1e1 d7e7 e2b5 e5e4 f3g5 d6h2 g1h2 f6g4 h2g1 e7g5 f2f4 e4f3 f1f3 c6e5 f3g3 g5h6 g3h3 h6h3 g2h3 e5f3 g1h1 f3e1 h3g4 e1f3 h1g2 e6g4 a4c5 h8g8 b5d3 h7h5 e3e4 d5d4 d3c4 g8e8
Warning; Bestmove does not match beginning of last PV - move b3b4 from SF_2100
Info; info depth 11 seldepth 15 multipv 1 score cp -430 nodes 15851 nps 660458 hashfull 5 tbhits 0 time 24 pv c4f7 e8e7 f7d5 c7c6 c3d4 d8d5 e4d5 e7e2 g2g3
Position; fen rnbqkbnr/ppppp1pp/5p2/8/8/1P6/P1PPPPPP/RNBQKBNR w KQkq - 0 1
Moves; c1b2 d7d5 e2e3 e7e5 f1e2 c8e6 d2d4 b8c6 d4e5 f6e5 b1c3 f8c5 g1f3 g8f6 c3a4 c5d6 a1c1 d8d7 e1g1 e8c8 d1e1 d7e7 e2b5 e5e4 f3g5 d6h2 g1h2 f6g4 h2g1 e7g5 f2f4 e4f3 f1f3 c6e5 f3g3 g5h6 g3h3 h6h3 g2h3 e5f3 g1h1 f3e1 h3g4 e1f3 h1g2 e6g4 a4c5 h8g8 b5d3 h7h5 e3e4 d5d4 d3c4 g8e8 c2c3 a7a5
Warning; Bestmove does not match beginning of last PV - move c5e6 from SF_2100
Info; info depth 12 seldepth 13 multipv 1 score cp -497 nodes 47574 nps 1399235 hashfull 14 tbhits 0 time 34 pv d4d5 c8b8 c5b7 b8b7 c1c6 g4f3 g2h2 d2c4 b4a5
Position; fen rnbqkbnr/ppppp1pp/5p2/8/8/1P6/P1PPPPPP/RNBQKBNR w KQkq - 0 1
Moves; c1b2 d7d5 e2e3 e7e5 f1e2 c8e6 d2d4 b8c6 d4e5 f6e5 b1c3 f8c5 g1f3 g8f6 c3a4 c5d6 a1c1 d8d7 e1g1 e8c8 d1e1 d7e7 e2b5 e5e4 f3g5 d6h2 g1h2 f6g4 h2g1 e7g5 f2f4 e4f3 f1f3 c6e5 f3g3 g5h6 g3h3 h6h3 g2h3 e5f3 g1h1 f3e1 h3g4 e1f3 h1g2 e6g4 a4c5 h8g8 b5d3 h7h5 e3e4 d5d4 d3c4 g8e8 c2c3 a7a5 b3b4 f3d2 c4b5 c7c6 c3d4 c6b5
Warning; Bestmove does not match beginning of last PV - move g2f2 from SF_2100
Info; info depth 12 seldepth 13 multipv 1 score cp -590 nodes 50973 nps 1592906 hashfull 54 tbhits 0 time 32 pv e6c5 c4b2 d4d5 b2c4 b4a5 e8f8
Position; fen rnbqkbnr/ppppp1pp/5p2/8/8/1P6/P1PPPPPP/RNBQKBNR w KQkq - 0 1
Moves; c1b2 d7d5 e2e3 e7e5 f1e2 c8e6 d2d4 b8c6 d4e5 f6e5 b1c3 f8c5 g1f3 g8f6 c3a4 c5d6 a1c1 d8d7 e1g1 e8c8 d1e1 d7e7 e2b5 e5e4 f3g5 d6h2 g1h2 f6g4 h2g1 e7g5 f2f4 e4f3 f1f3 c6e5 f3g3 g5h6 g3h3 h6h3 g2h3 e5f3 g1h1 f3e1 h3g4 e1f3 h1g2 e6g4 a4c5 h8g8 b5d3 h7h5 e3e4 d5d4 d3c4 g8e8 c2c3 a7a5 b3b4 f3d2 c4b5 c7c6 c3d4 c6b5 c5e6 d2c4
Warning; Bestmove does not match beginning of last PV - move b2a3 from SF_2100
Info; info depth 12 seldepth 18 multipv 1 score cp -735 nodes 49181 nps 1639366 hashfull 54 tbhits 0 time 30 pv d4d5 d8f8 f2g2 e6g6 b2e5
Position; fen rnbqkbnr/ppppp1pp/5p2/8/8/1P6/P1PPPPPP/RNBQKBNR w KQkq - 0 1
Moves; c1b2 d7d5 e2e3 e7e5 f1e2 c8e6 d2d4 b8c6 d4e5 f6e5 b1c3 f8c5 g1f3 g8f6 c3a4 c5d6 a1c1 d8d7 e1g1 e8c8 d1e1 d7e7 e2b5 e5e4 f3g5 d6h2 g1h2 f6g4 h2g1 e7g5 f2f4 e4f3 f1f3 c6e5 f3g3 g5h6 g3h3 h6h3 g2h3 e5f3 g1h1 f3e1 h3g4 e1f3 h1g2 e6g4 a4c5 h8g8 b5d3 h7h5 e3e4 d5d4 d3c4 g8e8 c2c3 a7a5 b3b4 f3d2 c4b5 c7c6 c3d4 c6b5 c5e6 d2c4 g2f2 e8e6
Warning; Bestmove does not match beginning of last PV - move c1c2 from SF_2100
Info; info depth 12 seldepth 17 multipv 1 score cp -800 nodes 44424 nps 1586571 hashfull 50 tbhits 0 time 28 pv f2g1 d4d2 b4a5 g4f3 g1f1 c8d8 a5a6 b7a6 a3c5 d2a2
Position; fen rnbqkbnr/ppppp1pp/5p2/8/8/1P6/P1PPPPPP/RNBQKBNR w KQkq - 0 1
Moves; c1b2 d7d5 e2e3 e7e5 f1e2 c8e6 d2d4 b8c6 d4e5 f6e5 b1c3 f8c5 g1f3 g8f6 c3a4 c5d6 a1c1 d8d7 e1g1 e8c8 d1e1 d7e7 e2b5 e5e4 f3g5 d6h2 g1h2 f6g4 h2g1 e7g5 f2f4 e4f3 f1f3 c6e5 f3g3 g5h6 g3h3 h6h3 g2h3 e5f3 g1h1 f3e1 h3g4 e1f3 h1g2 e6g4 a4c5 h8g8 b5d3 h7h5 e3e4 d5d4 d3c4 g8e8 c2c3 a7a5 b3b4 f3d2 c4b5 c7c6 c3d4 c6b5 c5e6 d2c4 g2f2 e8e6 b2a3 d8d4
Warning; Bestmove does not match beginning of last PV - move c2c4 from SF_2100
Info; info depth 14 seldepth 15 multipv 1 score cp -841 nodes 49820 nps 1916153 hashfull 23 tbhits 0 time 26 pv a3b2 c8d7 b2g7 c4d6
Position; fen rnbqkbnr/ppppp1pp/5p2/8/8/1P6/P1PPPPPP/RNBQKBNR w KQkq - 0 1
Moves; c1b2 d7d5 e2e3 e7e5 f1e2 c8e6 d2d4 b8c6 d4e5 f6e5 b1c3 f8c5 g1f3 g8f6 c3a4 c5d6 a1c1 d8d7 e1g1 e8c8 d1e1 d7e7 e2b5 e5e4 f3g5 d6h2 g1h2 f6g4 h2g1 e7g5 f2f4 e4f3 f1f3 c6e5 f3g3 g5h6 g3h3 h6h3 g2h3 e5f3 g1h1 f3e1 h3g4 e1f3 h1g2 e6g4 a4c5 h8g8 b5d3 h7h5 e3e4 d5d4 d3c4 g8e8 c2c3 a7a5 b3b4 f3d2 c4b5 c7c6 c3d4 c6b5 c5e6 d2c4 g2f2 e8e6 b2a3 d8d4 c1c2 d4e4
Warning; Bestmove does not match beginning of last PV - move g2g1 from SF_2100
Info; info depth 25 seldepth 9 multipv 1 score mate -4 nodes 25148 nps 2514800 hashfull 23 tbhits 0 time 10 pv a3b2 e6e2 g2g3 g7g5 b2d4 c4d4 a2a3 h5h4
Position; fen rnbqkbnr/ppppp1pp/5p2/8/8/1P6/P1PPPPPP/RNBQKBNR w KQkq - 0 1
Moves; c1b2 d7d5 e2e3 e7e5 f1e2 c8e6 d2d4 b8c6 d4e5 f6e5 b1c3 f8c5 g1f3 g8f6 c3a4 c5d6 a1c1 d8d7 e1g1 e8c8 d1e1 d7e7 e2b5 e5e4 f3g5 d6h2 g1h2 f6g4 h2g1 e7g5 f2f4 e4f3 f1f3 c6e5 f3g3 g5h6 g3h3 h6h3 g2h3 e5f3 g1h1 f3e1 h3g4 e1f3 h1g2 e6g4 a4c5 h8g8 b5d3 h7h5 e3e4 d5d4 d3c4 g8e8 c2c3 a7a5 b3b4 f3d2 c4b5 c7c6 c3d4 c6b5 c5e6 d2c4 g2f2 e8e6 b2a3 d8d4 c1c2 d4e4 c2c4 e4c4 f2g2 a5b4
Warning; Bestmove does not match beginning of last PV - move a3b4 from SF_2100
Info; info depth 134 seldepth 5 multipv 1 score mate -2 nodes 29677 nps 5935400 hashfull 15 tbhits 0 time 5 pv a3b2 e2b2 a2a4 c4c1
Position; fen rnbqkbnr/ppppp1pp/5p2/8/8/1P6/P1PPPPPP/RNBQKBNR w KQkq - 0 1
Moves; c1b2 d7d5 e2e3 e7e5 f1e2 c8e6 d2d4 b8c6 d4e5 f6e5 b1c3 f8c5 g1f3 g8f6 c3a4 c5d6 a1c1 d8d7 e1g1 e8c8 d1e1 d7e7 e2b5 e5e4 f3g5 d6h2 g1h2 f6g4 h2g1 e7g5 f2f4 e4f3 f1f3 c6e5 f3g3 g5h6 g3h3 h6h3 g2h3 e5f3 g1h1 f3e1 h3g4 e1f3 h1g2 e6g4 a4c5 h8g8 b5d3 h7h5 e3e4 d5d4 d3c4 g8e8 c2c3 a7a5 b3b4 f3d2 c4b5 c7c6 c3d4 c6b5 c5e6 d2c4 g2f2 e8e6 b2a3 d8d4 c1c2 d4e4 c2c4 e4c4 f2g2 a5b4 g2g1 e6e2
Finished game 4 (SF_2100 vs HiveChess): 0-1 {Black mates}
Started game 5 of 10 (HiveChess vs SF_2200)
Warning; Bestmove does not match beginning of last PV - move a7a6 from SF_2200
Info; info depth 12 seldepth 28 multipv 1 score cp -36 nodes 136175 nps 428223 hashfull 49 tbhits 0 time 318 pv g8e7 e1g1 d7d6 a2a4 a7a6 c3d5 e7d5 e4d5 c6e7 d2d4 c5a7 d4e5 f6e5 f3g5 e8g8 d1h5
Position; fen rnbqkbnr/ppppp1pp/5p2/8/8/1P6/P1PPPPPP/RNBQKBNR w KQkq - 0 1
Moves; e2e4 e7e5 b1c3 b8c6 g1f3 f8c5 f1c4
Warning; Bestmove does not match beginning of last PV - move b7b5 from SF_2200
Info; info depth 10 seldepth 19 multipv 1 score cp -25 nodes 82649 nps 428233 hashfull 26 tbhits 0 time 193 pv d7d6 b3b4 c5a7 d2d3 g8e7 c1e3 c8g4 e3a7 a8a7 h2h3
Position; fen rnbqkbnr/ppppp1pp/5p2/8/8/1P6/P1PPPPPP/RNBQKBNR w KQkq - 0 1
Moves; e2e4 e7e5 b1c3 b8c6 g1f3 f8c5 f1c4 a7a6 a2a3
Warning; Bestmove does not match beginning of last PV - move c5a7 from SF_2200
Info; info depth 12 seldepth 17 multipv 1 score cp -35 nodes 110475 nps 412220 hashfull 40 tbhits 0 time 268 pv c5b6 d5a2 d7d6 h2h3 d8d7 e1g1
Position; fen rnbqkbnr/ppppp1pp/5p2/8/8/1P6/P1PPPPPP/RNBQKBNR w KQkq - 0 1
Moves; e2e4 e7e5 b1c3 b8c6 g1f3 f8c5 f1c4 a7a6 a2a3 b7b5 c4d5 g8e7 b3b4
Warning; Bestmove does not match beginning of last PV - move d7d6 from SF_2200
Info; info depth 13 seldepth 16 multipv 1 score cp -55 nodes 108739 nps 468702 hashfull 37 tbhits 0 time 232 pv c6d4
Position; fen rnbqkbnr/ppppp1pp/5p2/8/8/1P6/P1PPPPPP/RNBQKBNR w KQkq - 0 1
Moves; e2e4 e7e5 b1c3 b8c6 g1f3 f8c5 f1c4 a7a6 a2a3 b7b5 c4d5 g8e7 b3b4 c5a7 d5b3
Warning; Bestmove does not match beginning of last PV - move e7g6 from SF_2200
Info; info depth 10 seldepth 16 multipv 1 score cp -20 nodes 43453 nps 550037 hashfull 15 tbhits 0 time 79 pv a7d4 f3d4 c6d4 b3a2 c8e6 c3d5 e7d5 e4d5 e6f7
Position; fen rnbqkbnr/ppppp1pp/5p2/8/8/1P6/P1PPPPPP/RNBQKBNR w KQkq - 0 1
Moves; e2e4 e7e5 b1c3 b8c6 g1f3 f8c5 f1c4 a7a6 a2a3 b7b5 c4d5 g8e7 b3b4 c5a7 d5b3 d7d6 d2d3
Warning; Bestmove does not match beginning of last PV - move c6d4 from SF_2200
Info; info depth 12 seldepth 11 multipv 1 score cp -26 nodes 78090 nps 476158 hashfull 21 tbhits 0 time 164 pv c8g4 h2h3 g4f3 d1f3 c6d4 f3g4 d8d7
Position; fen rnbqkbnr/ppppp1pp/5p2/8/8/1P6/P1PPPPPP/RNBQKBNR w KQkq - 0 1
Moves; e2e4 e7e5 b1c3 b8c6 g1f3 f8c5 f1c4 a7a6 a2a3 b7b5 c4d5 g8e7 b3b4 c5a7 d5b3 d7d6 d2d3 e7g6 e1g1
Warning; Bestmove does not match beginning of last PV - move a8b8 from SF_2200
Info; info depth 11 seldepth 13 multipv 1 score cp -60 nodes 80120 nps 471294 hashfull 24 tbhits 0 time 170 pv c8g4 c1e3 d8d7 f2f3 d4e3 e1e3 g4e6 b3e6 d7e6 c3d5 e6f7
Position; fen rnbqkbnr/ppppp1pp/5p2/8/8/1P6/P1PPPPPP/RNBQKBNR w KQkq - 0 1
Moves; e2e4 e7e5 b1c3 b8c6 g1f3 f8c5 f1c4 a7a6 a2a3 b7b5 c4d5 g8e7 b3b4 c5a7 d5b3 d7d6 d2d3 e7g6 e1g1 c6d4 f3d4 a7d4 d1e1
Warning; Bestmove does not match beginning of last PV - move a6a5 from SF_2200
Info; info depth 9 seldepth 14 multipv 1 score cp -72 nodes 33289 nps 482449 hashfull 12 tbhits 0 time 69 pv c5c4 d3c4 b5c4 b3a4 e8f7 c3d5 g6e7 d5e7 d8e7
Position; fen rnbqkbnr/ppppp1pp/5p2/8/8/1P6/P1PPPPPP/RNBQKBNR w KQkq - 0 1
Moves; e2e4 e7e5 b1c3 b8c6 g1f3 f8c5 f1c4 a7a6 a2a3 b7b5 c4d5 g8e7 b3b4 c5a7 d5b3 d7d6 d2d3 e7g6 e1g1 c6d4 f3d4 a7d4 d1e1 a8b8 c1e3 c7c5 a1a2
Warning; Bestmove does not match beginning of last PV - move c5c4 from SF_2200
Info; info depth 11 seldepth 12 multipv 1 score cp -37 nodes 32719 nps 488343 hashfull 9 tbhits 0 time 67 pv d8a5 e3d2 d4c3 d2c3 a5c7 c3a5 c7a7 g1h1 g6f4
Position; fen rnbqkbnr/ppppp1pp/5p2/8/8/1P6/P1PPPPPP/RNBQKBNR w KQkq - 0 1
Moves; e2e4 e7e5 b1c3 b8c6 g1f3 f8c5 f1c4 a7a6 a2a3 b7b5 c4d5 g8e7 b3b4 c5a7 d5b3 d7d6 d2d3 e7g6 e1g1 c6d4 f3d4 a7d4 d1e1 a8b8 c1e3 c7c5 a1a2 a6a5 b4a5
Warning; Bestmove does not match beginning of last PV - move g6f4 from SF_2200
Info; info depth 10 seldepth 13 multipv 1 score cp -248 nodes 18801 nps 447642 hashfull 7 tbhits 0 time 42 pv d8a5 c4b3 a5c5 e3c5 d6c5 a3a4
Position; fen rnbqkbnr/ppppp1pp/5p2/8/8/1P6/P1PPPPPP/RNBQKBNR w KQkq - 0 1
Moves; e2e4 e7e5 b1c3 b8c6 g1f3 f8c5 f1c4 a7a6 a2a3 b7b5 c4d5 g8e7 b3b4 c5a7 d5b3 d7d6 d2d3 e7g6 e1g1 c6d4 f3d4 a7d4 d1e1 a8b8 c1e3 c7c5 a1a2 a6a5 b4a5 c5c4 d3c4 d4e3 e1e3 b5c4 b3c4
Warning; Bestmove does not match beginning of last PV - move c8a6 from SF_2200
Info; info depth 11 seldepth 17 multipv 1 score cp -268 nodes 35103 nps 688294 hashfull 12 tbhits 0 time 51 pv c8e6 a6a7 b8c8 c4e6 c8c3 e3d2 e8e7 a2b2
Position; fen rnbqkbnr/ppppp1pp/5p2/8/8/1P6/P1PPPPPP/RNBQKBNR w KQkq - 0 1
Moves; e2e4 e7e5 b1c3 b8c6 g1f3 f8c5 f1c4 a7a6 a2a3 b7b5 c4d5 g8e7 b3b4 c5a7 d5b3 d7d6 d2d3 e7g6 e1g1 c6d4 f3d4 a7d4 d1e1 a8b8 c1e3 c7c5 a1a2 a6a5 b4a5 c5c4 d3c4 d4e3 e1e3 b5c4 b3c4 g6f4 a5a6
Warning; Bestmove does not match beginning of last PV - move f4e6 from SF_2200
Info; info depth 13 seldepth 19 multipv 1 score cp -343 nodes 48595 nps 934519 hashfull 18 tbhits 0 time 52 pv d8c8 c4e2 f4e6 a2a1 e6d4 c2c3 d4c2 e3h3 c8h3 g2h3
Position; fen rnbqkbnr/ppppp1pp/5p2/8/8/1P6/P1PPPPPP/RNBQKBNR w KQkq - 0 1
Moves; e2e4 e7e5 b1c3 b8c6 g1f3 f8c5 f1c4 a7a6 a2a3 b7b5 c4d5 g8e7 b3b4 c5a7 d5b3 d7d6 d2d3 e7g6 e1g1 c6d4 f3d4 a7d4 d1e1 a8b8 c1e3 c7c5 a1a2 a6a5 b4a5 c5c4 d3c4 d4e3 e1e3 b5c4 b3c4 g6f4 a5a6 c8a6 c4a6 e8g8 a6c4 g8h8 c3d5
Warning; Bestmove does not match beginning of last PV - move d8d7 from SF_2200
Info; info depth 12 seldepth 16 multipv 1 score cp -414 nodes 49314 nps 1006408 hashfull 14 tbhits 0 time 49 pv f6f5 e4f5 f8f5 a1b1 e6d4 c4d3
Position; fen rnbqkbnr/ppppp1pp/5p2/8/8/1P6/P1PPPPPP/RNBQKBNR w KQkq - 0 1
Moves; e2e4 e7e5 b1c3 b8c6 g1f3 f8c5 f1c4 a7a6 a2a3 b7b5 c4d5 g8e7 b3b4 c5a7 d5b3 d7d6 d2d3 e7g6 e1g1 c6d4 f3d4 a7d4 d1e1 a8b8 c1e3 c7c5 a1a2 a6a5 b4a5 c5c4 d3c4 d4e3 e1e3 b5c4 b3c4 g6f4 a5a6 c8a6 c4a6 e8g8 a6c4 g8h8 c3d5 f4e6 a2a1
Warning; Bestmove does not match beginning of last PV - move d7c7 from SF_2200
Info; info depth 14 seldepth 17 multipv 1 score cp -445 nodes 49297 nps 1071673 hashfull 11 tbhits 0 time 46 pv d7e8 c4e6 e8e6 b6d5 g7g5 f1b1 f6f5 b1b8 f8b8 h2h3 f5f4 e3f3 e6h6
Position; fen rnbqkbnr/ppppp1pp/5p2/8/8/1P6/P1PPPPPP/RNBQKBNR w KQkq - 0 1
Moves; e2e4 e7e5 b1c3 b8c6 g1f3 f8c5 f1c4 a7a6 a2a3 b7b5 c4d5 g8e7 b3b4 c5a7 d5b3 d7d6 d2d3 e7g6 e1g1 c6d4 f3d4 a7d4 d1e1 a8b8 c1e3 c7c5 a1a2 a6a5 b4a5 c5c4 d3c4 d4e3 e1e3 b5c4 b3c4 g6f4 a5a6 c8a6 c4a6 e8g8 a6c4 g8h8 c3d5 f4e6 a2a1 d8d7 d5b6
Warning; Bestmove does not match beginning of last PV - move c7b6 from SF_2200
Info; info depth 11 seldepth 21 multipv 1 score cp -528 nodes 29023 nps 1074925 hashfull 12 tbhits 0 time 27 pv b8b6 a3a4 b6c6 a4a5 c6c3 e3e1 h7h6 a5a6 f8a8 e6d5
Position; fen rnbqkbnr/ppppp1pp/5p2/8/8/1P6/P1PPPPPP/RNBQKBNR w KQkq - 0 1
Moves; e2e4 e7e5 b1c3 b8c6 g1f3 f8c5 f1c4 a7a6 a2a3 b7b5 c4d5 g8e7 b3b4 c5a7 d5b3 d7d6 d2d3 e7g6 e1g1 c6d4 f3d4 a7d4 d1e1 a8b8 c1e3 c7c5 a1a2 a6a5 b4a5 c5c4 d3c4 d4e3 e1e3 b5c4 b3c4 g6f4 a5a6 c8a6 c4a6 e8g8 a6c4 g8h8 c3d5 f4e6 a2a1 d8d7 d5b6 d7c7 c4e6
Warning; Bestmove does not match beginning of last PV - move f6f5 from SF_2200
Info; info depth 12 seldepth 16 multipv 1 score cp -491 nodes 44498 nps 1059476 hashfull 15 tbhits 0 time 42 pv g7g5 a3a4 b6a7 a4a5 b8b2 e6f5
Position; fen rnbqkbnr/ppppp1pp/5p2/8/8/1P6/P1PPPPPP/RNBQKBNR w KQkq - 0 1
Moves; e2e4 e7e5 b1c3 b8c6 g1f3 f8c5 f1c4 a7a6 a2a3 b7b5 c4d5 g8e7 b3b4 c5a7 d5b3 d7d6 d2d3 e7g6 e1g1 c6d4 f3d4 a7d4 d1e1 a8b8 c1e3 c7c5 a1a2 a6a5 b4a5 c5c4 d3c4 d4e3 e1e3 b5c4 b3c4 g6f4 a5a6 c8a6 c4a6 e8g8 a6c4 g8h8 c3d5 f4e6 a2a1 d8d7 d5b6 d7c7 c4e6 c7b6 e3d3
Warning; Bestmove does not match beginning of last PV - move e5e4 from SF_2200
Info; info depth 14 seldepth 19 multipv 1 score cp -518 nodes 51992 nps 1209116 hashfull 18 tbhits 0 time 43 pv g7g6 a1d1 g6f5 d3d6 b6d6 d1d6 f8d8
Position; fen rnbqkbnr/ppppp1pp/5p2/8/8/1P6/P1PPPPPP/RNBQKBNR w KQkq - 0 1
Moves; e2e4 e7e5 b1c3 b8c6 g1f3 f8c5 f1c4 a7a6 a2a3 b7b5 c4d5 g8e7 b3b4 c5a7 d5b3 d7d6 d2d3 e7g6 e1g1 c6d4 f3d4 a7d4 d1e1 a8b8 c1e3 c7c5 a1a2 a6a5 b4a5 c5c4 d3c4 d4e3 e1e3 b5c4 b3c4 g6f4 a5a6 c8a6 c4a6 e8g8 a6c4 g8h8 c3d5 f4e6 a2a1 d8d7 d5b6 d7c7 c4e6 c7b6 e3d3 f6f5 e4f5
Warning; Bestmove does not match beginning of last PV - move b6b2 from SF_2200
Info; info depth 13 seldepth 15 multipv 1 score cp -597 nodes 52742 nps 1318550 hashfull 17 tbhits 0 time 40 pv b6a7 a1b1 a7a3 h2h4 a3a8 e4a8 b8a8 g2g3
Position; fen rnbqkbnr/ppppp1pp/5p2/8/8/1P6/P1PPPPPP/RNBQKBNR w KQkq - 0 1
Moves; e2e4 e7e5 b1c3 b8c6 g1f3 f8c5 f1c4 a7a6 a2a3 b7b5 c4d5 g8e7 b3b4 c5a7 d5b3 d7d6 d2d3 e7g6 e1g1 c6d4 f3d4 a7d4 d1e1 a8b8 c1e3 c7c5 a1a2 a6a5 b4a5 c5c4 d3c4 d4e3 e1e3 b5c4 b3c4 g6f4 a5a6 c8a6 c4a6 e8g8 a6c4 g8h8 c3d5 f4e6 a2a1 d8d7 d5b6 d7c7 c4e6 c7b6 e3d3 f6f5 e4f5 e5e4 d3e4
Warning; Bestmove does not match beginning of last PV - move b8b6 from SF_2200
Info; info depth 11 seldepth 16 multipv 1 score cp -585 nodes 25601 nps 1163681 hashfull 9 tbhits 0 time 22 pv b8b5 e4d3 b5c5 e6b3 f8b8
Position; fen rnbqkbnr/ppppp1pp/5p2/8/8/1P6/P1PPPPPP/RNBQKBNR w KQkq - 0 1
Moves; e2e4 e7e5 b1c3 b8c6 g1f3 f8c5 f1c4 a7a6 a2a3 b7b5 c4d5 g8e7 b3b4 c5a7 d5b3 d7d6 d2d3 e7g6 e1g1 c6d4 f3d4 a7d4 d1e1 a8b8 c1e3 c7c5 a1a2 a6a5 b4a5 c5c4 d3c4 d4e3 e1e3 b5c4 b3c4 g6f4 a5a6 c8a6 c4a6 e8g8 a6c4 g8h8 c3d5 f4e6 a2a1 d8d7 d5b6 d7c7 c4e6 c7b6 e3d3 f6f5 e4f5 e5e4 d3e4 b6b2 f1e1
Warning; Bestmove does not match beginning of last PV - move g7g6 from SF_2200
Info; info depth 13 seldepth 16 multipv 1 score cp -590 nodes 46128 nps 1281333 hashfull 17 tbhits 0 time 36 pv d6d5 e6d5 f8d8 a3a4 b6d6 a1d1 g7g6 g2g3 g6f5
Position; fen rnbqkbnr/ppppp1pp/5p2/8/8/1P6/P1PPPPPP/RNBQKBNR w KQkq - 0 1
Moves; e2e4 e7e5 b1c3 b8c6 g1f3 f8c5 f1c4 a7a6 a2a3 b7b5 c4d5 g8e7 b3b4 c5a7 d5b3 d7d6 d2d3 e7g6 e1g1 c6d4 f3d4 a7d4 d1e1 a8b8 c1e3 c7c5 a1a2 a6a5 b4a5 c5c4 d3c4 d4e3 e1e3 b5c4 b3c4 g6f4 a5a6 c8a6 c4a6 e8g8 a6c4 g8h8 c3d5 f4e6 a2a1 d8d7 d5b6 d7c7 c4e6 c7b6 e3d3 f6f5 e4f5 e5e4 d3e4 b6b2 f1e1 b8b6 e4c4
Warning; Bestmove does not match beginning of last PV - move b6b5 from SF_2200
Info; info depth 13 seldepth 17 multipv 1 score cp -667 nodes 41239 nps 1212911 hashfull 14 tbhits 0 time 34 pv h7h6 g2g4 g6f5 e6f5 b6b7 a1d1 b7b3
Position; fen rnbqkbnr/ppppp1pp/5p2/8/8/1P6/P1PPPPPP/RNBQKBNR w KQkq - 0 1
Moves; e2e4 e7e5 b1c3 b8c6 g1f3 f8c5 f1c4 a7a6 a2a3 b7b5 c4d5 g8e7 b3b4 c5a7 d5b3 d7d6 d2d3 e7g6 e1g1 c6d4 f3d4 a7d4 d1e1 a8b8 c1e3 c7c5 a1a2 a6a5 b4a5 c5c4 d3c4 d4e3 e1e3 b5c4 b3c4 g6f4 a5a6 c8a6 c4a6 e8g8 a6c4 g8h8 c3d5 f4e6 a2a1 d8d7 d5b6 d7c7 c4e6 c7b6 e3d3 f6f5 e4f5 e5e4 d3e4 b6b2 f1e1 b8b6 e4c4 g7g6 c2c3
Warning; Bestmove does not match beginning of last PV - move b2d2 from SF_2200
Info; info depth 13 seldepth 23 multipv 1 score cp -817 nodes 47354 nps 1578466 hashfull 57 tbhits 0 time 30 pv b2b7 e5b5 b7g7 d4g7 h8g7 b5b7 g7f6 a1e1 f8e8
Position; fen rnbqkbnr/ppppp1pp/5p2/8/8/1P6/P1PPPPPP/RNBQKBNR w KQkq - 0 1
Moves; e2e4 e7e5 b1c3 b8c6 g1f3 f8c5 f1c4 a7a6 a2a3 b7b5 c4d5 g8e7 b3b4 c5a7 d5b3 d7d6 d2d3 e7g6 e1g1 c6d4 f3d4 a7d4 d1e1 a8b8 c1e3 c7c5 a1a2 a6a5 b4a5 c5c4 d3c4 d4e3 e1e3 b5c4 b3c4 g6f4 a5a6 c8a6 c4a6 e8g8 a6c4 g8h8 c3d5 f4e6 a2a1 d8d7 d5b6 d7c7 c4e6 c7b6 e3d3 f6f5 e4f5 e5e4 d3e4 b6b2 f1e1 b8b6 e4c4 g7g6 c2c3 b6b5 c4d4 b5e5 e1e5
Warning; Bestmove does not match beginning of last PV - move h8g7 from SF_2200
Info; info depth 13 seldepth 27 multipv 1 score cp -913 nodes 51594 nps 1842642 hashfull 56 tbhits 0 time 28 pv d6e5 f5f6 g6g5 a1d1 f8f6 d2d8 h8g7
Position; fen rnbqkbnr/ppppp1pp/5p2/8/8/1P6/P1PPPPPP/RNBQKBNR w KQkq - 0 1
Moves; e2e4 e7e5 b1c3 b8c6 g1f3 f8c5 f1c4 a7a6 a2a3 b7b5 c4d5 g8e7 b3b4 c5a7 d5b3 d7d6 d2d3 e7g6 e1g1 c6d4 f3d4 a7d4 d1e1 a8b8 c1e3 c7c5 a1a2 a6a5 b4a5 c5c4 d3c4 d4e3 e1e3 b5c4 b3c4 g6f4 a5a6 c8a6 c4a6 e8g8 a6c4 g8h8 c3d5 f4e6 a2a1 d8d7 d5b6 d7c7 c4e6 c7b6 e3d3 f6f5 e4f5 e5e4 d3e4 b6b2 f1e1 b8b6 e4c4 g7g6 c2c3 b6b5 c4d4 b5e5 e1e5 b2d2 d4d2
Warning; Bestmove does not match beginning of last PV - move f8c8 from SF_2200
Info; info depth 13 seldepth 21 multipv 1 score cp -1216 nodes 49117 nps 1889115 hashfull 57 tbhits 0 time 26 pv f8e8 d6d7 g7f6 e5e1 e8b8 d7f7 f6g5 h2h4 g5h4 f7e7 g6g5
Position; fen rnbqkbnr/ppppp1pp/5p2/8/8/1P6/P1PPPPPP/RNBQKBNR w KQkq - 0 1
Moves; e2e4 e7e5 b1c3 b8c6 g1f3 f8c5 f1c4 a7a6 a2a3 b7b5 c4d5 g8e7 b3b4 c5a7 d5b3 d7d6 d2d3 e7g6 e1g1 c6d4 f3d4 a7d4 d1e1 a8b8 c1e3 c7c5 a1a2 a6a5 b4a5 c5c4 d3c4 d4e3 e1e3 b5c4 b3c4 g6f4 a5a6 c8a6 c4a6 e8g8 a6c4 g8h8 c3d5 f4e6 a2a1 d8d7 d5b6 d7c7 c4e6 c7b6 e3d3 f6f5 e4f5 e5e4 d3e4 b6b2 f1e1 b8b6 e4c4 g7g6 c2c3 b6b5 c4d4 b5e5 e1e5 b2d2 d4d2 h8g7 d2d6
Warning; Bestmove does not match beginning of last PV - move g7h8 from SF_2200
Info; info depth 245 seldepth 5 multipv 1 score mate -2 nodes 19495 nps 4873750 hashfull 4 tbhits 0 time 4 pv g7g8 c8e6 g8h8 e7f6
Position; fen rnbqkbnr/ppppp1pp/5p2/8/8/1P6/P1PPPPPP/RNBQKBNR w KQkq - 0 1
Moves; e2e4 e7e5 b1c3 b8c6 g1f3 f8c5 f1c4 a7a6 a2a3 b7b5 c4d5 g8e7 b3b4 c5a7 d5b3 d7d6 d2d3 e7g6 e1g1 c6d4 f3d4 a7d4 d1e1 a8b8 c1e3 c7c5 a1a2 a6a5 b4a5 c5c4 d3c4 d4e3 e1e3 b5c4 b3c4 g6f4 a5a6 c8a6 c4a6 e8g8 a6c4 g8h8 c3d5 f4e6 a2a1 d8d7 d5b6 d7c7 c4e6 c7b6 e3d3 f6f5 e4f5 e5e4 d3e4 b6b2 f1e1 b8b6 e4c4 g7g6 c2c3 b6b5 c4d4 b5e5 e1e5 b2d2 d4d2 h8g7 d2d6 f8c8 f5f6 g7f6 e6c8 f6g7 d6e7
Finished game 5 (HiveChess vs SF_2200): 1-0 {White mates}
Started game 6 of 10 (SF_2200 vs HiveChess)
Warning; Bestmove does not match beginning of last PV - move b1c3 from SF_2200
Info; info depth 12 seldepth 21 multipv 1 score cp 74 nodes 118101 nps 454234 hashfull 47 tbhits 0 time 260 pv e2e4 b8c6 d2d4 d7d5 e4d5 d8d5 g1f3 e7e5
Position; fen rnbqkbnr/ppppp1pp/5p2/8/8/1P6/P1PPPPPP/RNBQKBNR w KQkq - 0 1
Moves; 
Warning; Bestmove does not match beginning of last PV - move d1d2 from SF_2200
Info; info depth 12 seldepth 19 multipv 1 score cp 37 nodes 90222 nps 585857 hashfull 21 tbhits 0 time 154 pv e2e3 b8c6 f1b5 f8b4 c1b2 e5e4 a2a3 b4c3 b2c3 d8d7 d1d2 h7h5 e1c1
Position; fen rnbqkbnr/ppppp1pp/5p2/8/8/1P6/P1PPPPPP/RNBQKBNR w KQkq - 0 1
Moves; b1c3 d7d5 d2d4 e7e5
Warning; Bestmove does not match beginning of last PV - move d4e5 from SF_2200
Info; info depth 11 seldepth 18 multipv 1 score cp -20 nodes 69387 nps 485223 hashfull 19 tbhits 0 time 143 pv e2e3 c8e6 c1b2 d8d7 f1b5 e8c8 d4e5 f6e5
Position; fen rnbqkbnr/ppppp1pp/5p2/8/8/1P6/P1PPPPPP/RNBQKBNR w KQkq - 0 1
Moves; b1c3 d7d5 d2d4 e7e5 d1d2 b8c6
Warning; Bestmove does not match beginning of last PV - move a2a3 from SF_2200
Info; info depth 10 seldepth 16 multipv 1 score cp -133 nodes 35035 nps 407383 hashfull 12 tbhits 0 time 86 pv f2f3 f8b4 c2c3 d4c3 d1c3 d8d4 c1b2 d4d2 e1d2
Position; fen rnbqkbnr/ppppp1pp/5p2/8/8/1P6/P1PPPPPP/RNBQKBNR w KQkq - 0 1
Moves; b1c3 d7d5 d2d4 e7e5 d1d2 b8c6 d4e5 d5d4 c3d1 c8f5
Warning; Bestmove does not match beginning of last PV - move e2e3 from SF_2200
Info; info depth 11 seldepth 23 multipv 1 score cp -152 nodes 79267 nps 363610 hashfull 34 tbhits 0 time 218 pv f2f3 e5e4 d2f4 d8d5 e2e3 f8d6 f4g5 g8f6 f1c4 d5c5 g1e2 e4f3 g2f3 f5c2 g5c5 d6c5 a1a2 c2g6 e2d4 c6d4 e3d4 c5d4
Position; fen rnbqkbnr/ppppp1pp/5p2/8/8/1P6/P1PPPPPP/RNBQKBNR w KQkq - 0 1
Moves; b1c3 d7d5 d2d4 e7e5 d1d2 b8c6 d4e5 d5d4 c3d1 c8f5 a2a3 f6e5
Warning; Bestmove does not match beginning of last PV - move f1d3 from SF_2200
Info; info depth 13 seldepth 14 multipv 1 score cp -129 nodes 99278 nps 387804 hashfull 32 tbhits 0 time 256 pv f2f3 e5e4 c1b2 d8e7 f1b5 e8c8 b5c6 b7c6 d2a5 c6c5 a5a7
Position; fen rnbqkbnr/ppppp1pp/5p2/8/8/1P6/P1PPPPPP/RNBQKBNR w KQkq - 0 1
Moves; b1c3 d7d5 d2d4 e7e5 d1d2 b8c6 d4e5 d5d4 c3d1 c8f5 a2a3 f6e5 e2e3 g8f6
Warning; Bestmove does not match beginning of last PV - move g1e2 from SF_2200
Info; info depth 12 seldepth 20 multipv 1 score cp -135 nodes 43865 nps 421778 hashfull 12 tbhits 0 time 104 pv f2f3 e5e4 d3c4 d5d7 e3d4 e8c8 g1e2 e4f3 g2f3 f8d6 d1e3
Position; fen rnbqkbnr/ppppp1pp/5p2/8/8/1P6/P1PPPPPP/RNBQKBNR w KQkq - 0 1
Moves; b1c3 d7d5 d2d4 e7e5 d1d2 b8c6 d4e5 d5d4 c3d1 c8f5 a2a3 f6e5 e2e3 g8f6 f1d3 d8d5
Warning; Bestmove does not match beginning of last PV - move f2f3 from SF_2200
Info; info depth 13 seldepth 17 multipv 1 score cp -217 nodes 97557 nps 422324 hashfull 36 tbhits 0 time 231 pv c1b2 f8e7 b3b4 a7a6 f5f3 g7g5 g1h1
Position; fen rnbqkbnr/ppppp1pp/5p2/8/8/1P6/P1PPPPPP/RNBQKBNR w KQkq - 0 1
Moves; b1c3 d7d5 d2d4 e7e5 d1d2 b8c6 d4e5 d5d4 c3d1 c8f5 a2a3 f6e5 e2e3 g8f6 f1d3 d8d5 g1e2 f5d3 d2d3 d5g2 h1g1 g2h2 d3f5 h8g8
Warning; Bestmove does not match beginning of last PV - move f3f4 from SF_2200
Info; info depth 13 seldepth 20 multipv 1 score cp -265 nodes 85996 nps 429980 hashfull 29 tbhits 0 time 200 pv f5e6 e8d8 b3b4 c5b6 b4b5 g8e8
Position; fen rnbqkbnr/ppppp1pp/5p2/8/8/1P6/P1PPPPPP/RNBQKBNR w KQkq - 0 1
Moves; b1c3 d7d5 d2d4 e7e5 d1d2 b8c6 d4e5 d5d4 c3d1 c8f5 a2a3 f6e5 e2e3 g8f6 f1d3 d8d5 g1e2 f5d3 d2d3 d5g2 h1g1 g2h2 d3f5 h8g8 f2f3 f8c5
Warning; Bestmove does not match beginning of last PV - move f5f4 from SF_2200
Info; info depth 12 seldepth 23 multipv 1 score cp -362 nodes 90947 nps 538147 hashfull 32 tbhits 0 time 169 pv f5e6 e8d8 e6f5 d4e3 f5c5 f4f3
Position; fen rnbqkbnr/ppppp1pp/5p2/8/8/1P6/P1PPPPPP/RNBQKBNR w KQkq - 0 1
Moves; b1c3 d7d5 d2d4 e7e5 d1d2 b8c6 d4e5 d5d4 c3d1 c8f5 a2a3 f6e5 e2e3 g8f6 f1d3 d8d5 g1e2 f5d3 d2d3 d5g2 h1g1 g2h2 d3f5 h8g8 f2f3 f8c5 f3f4 e5f4
Warning; Bestmove does not match beginning of last PV - move g1g3 from SF_2200
Info; info depth 14 seldepth 14 multipv 1 score cp -388 nodes 61516 nps 480593 hashfull 22 tbhits 0 time 128 pv c2c4 d4e3 b3b4 b6d4 a1a2 e8c8 a2e2 g7g6 g1f1 d4e5
Position; fen rnbqkbnr/ppppp1pp/5p2/8/8/1P6/P1PPPPPP/RNBQKBNR w KQkq - 0 1
Moves; b1c3 d7d5 d2d4 e7e5 d1d2 b8c6 d4e5 d5d4 c3d1 c8f5 a2a3 f6e5 e2e3 g8f6 f1d3 d8d5 g1e2 f5d3 d2d3 d5g2 h1g1 g2h2 d3f5 h8g8 f2f3 f8c5 f3f4 e5f4 f5f4 h2f4 e2f4 c5b6
Warning; Bestmove does not match beginning of last PV - move g3h3 from SF_2200
Info; info depth 13 seldepth 17 multipv 1 score cp -419 nodes 26785 nps 505377 hashfull 4 tbhits 0 time 53 pv e1f1 g7g5 f4d3 h7h5 d1f2 g5g4 e3e4 h5h4
Position; fen rnbqkbnr/ppppp1pp/5p2/8/8/1P6/P1PPPPPP/RNBQKBNR w KQkq - 0 1
Moves; b1c3 d7d5 d2d4 e7e5 d1d2 b8c6 d4e5 d5d4 c3d1 c8f5 a2a3 f6e5 e2e3 g8f6 f1d3 d8d5 g1e2 f5d3 d2d3 d5g2 h1g1 g2h2 d3f5 h8g8 f2f3 f8c5 f3f4 e5f4 f5f4 h2f4 e2f4 c5b6 g1g3 e8c8
Warning; Bestmove does not match beginning of last PV - move c1b2 from SF_2200
Info; info depth 13 seldepth 18 multipv 1 score cp -434 nodes 25942 nps 463250 hashfull 9 tbhits 0 time 56 pv f4e2 d4e3 c1b2 d8d2 c2c4 c6e5 b2e5 e8e5
Position; fen rnbqkbnr/ppppp1pp/5p2/8/8/1P6/P1PPPPPP/RNBQKBNR w KQkq - 0 1
Moves; b1c3 d7d5 d2d4 e7e5 d1d2 b8c6 d4e5 d5d4 c3d1 c8f5 a2a3 f6e5 e2e3 g8f6 f1d3 d8d5 g1e2 f5d3 d2d3 d5g2 h1g1 g2h2 d3f5 h8g8 f2f3 f8c5 f3f4 e5f4 f5f4 h2f4 e2f4 c5b6 g1g3 e8c8 g3h3 g8e8
Warning; Bestmove does not match beginning of last PV - move f4e2 from SF_2200
Info; info depth 10 seldepth 18 multipv 1 score cp -429 nodes 8335 nps 555666 hashfull 4 tbhits 0 time 15 pv b2f6 g7f6 c2c3 c6e5 a1a2 f6f5 a2c2 e5d3 f4d3 d8d3 c2e2
Position; fen rnbqkbnr/ppppp1pp/5p2/8/8/1P6/P1PPPPPP/RNBQKBNR w KQkq - 0 1
Moves; b1c3 d7d5 d2d4 e7e5 d1d2 b8c6 d4e5 d5d4 c3d1 c8f5 a2a3 f6e5 e2e3 g8f6 f1d3 d8d5 g1e2 f5d3 d2d3 d5g2 h1g1 g2h2 d3f5 h8g8 f2f3 f8c5 f3f4 e5f4 f5f4 h2f4 e2f4 c5b6 g1g3 e8c8 g3h3 g8e8 c1b2 d4e3
Warning; Bestmove does not match beginning of last PV - move a1c1 from SF_2200
Info; info depth 11 seldepth 20 multipv 1 score cp -402 nodes 18599 nps 516638 hashfull 7 tbhits 0 time 36 pv d1c3 c6d4 e1c1 c7c6 d1e1 d4e2 c3e2 f6f5 h3f3 d8f8 e2g3
Position; fen rnbqkbnr/ppppp1pp/5p2/8/8/1P6/P1PPPPPP/RNBQKBNR w KQkq - 0 1
Moves; b1c3 d7d5 d2d4 e7e5 d1d2 b8c6 d4e5 d5d4 c3d1 c8f5 a2a3 f6e5 e2e3 g8f6 f1d3 d8d5 g1e2 f5d3 d2d3 d5g2 h1g1 g2h2 d3f5 h8g8 f2f3 f8c5 f3f4 e5f4 f5f4 h2f4 e2f4 c5b6 g1g3 e8c8 g3h3 g8e8 c1b2 d4e3 f4e2 e8e7 b2f6 g7f6
Warning; Bestmove does not match beginning of last PV - move d1c3 from SF_2200
Info; info depth 10 seldepth 15 multipv 1 score cp -390 nodes 6925 nps 577083 hashfull 2 tbhits 0 time 12 pv b3b4 c6d4 c2c4 d4e2 e1e2 b6d4
Position; fen rnbqkbnr/ppppp1pp/5p2/8/8/1P6/P1PPPPPP/RNBQKBNR w KQkq - 0 1
Moves; b1c3 d7d5 d2d4 e7e5 d1d2 b8c6 d4e5 d5d4 c3d1 c8f5 a2a3 f6e5 e2e3 g8f6 f1d3 d8d5 g1e2 f5d3 d2d3 d5g2 h1g1 g2h2 d3f5 h8g8 f2f3 f8c5 f3f4 e5f4 f5f4 h2f4 e2f4 c5b6 g1g3 e8c8 g3h3 g8e8 c1b2 d4e3 f4e2 e8e7 b2f6 g7f6 a1c1 a7a5
Warning; Bestmove does not match beginning of last PV - move h3f3 from SF_2200
Info; info depth 10 seldepth 10 multipv 1 score cp -365 nodes 5555 nps 617222 hashfull 1 tbhits 0 time 9 pv c1d1 d2d1 e1d1 e7d7 d1e1 b6d4
Position; fen rnbqkbnr/ppppp1pp/5p2/8/8/1P6/P1PPPPPP/RNBQKBNR w KQkq - 0 1
Moves; b1c3 d7d5 d2d4 e7e5 d1d2 b8c6 d4e5 d5d4 c3d1 c8f5 a2a3 f6e5 e2e3 g8f6 f1d3 d8d5 g1e2 f5d3 d2d3 d5g2 h1g1 g2h2 d3f5 h8g8 f2f3 f8c5 f3f4 e5f4 f5f4 h2f4 e2f4 c5b6 g1g3 e8c8 g3h3 g8e8 c1b2 d4e3 f4e2 e8e7 b2f6 g7f6 a1c1 a7a5 d1c3 d8d2
Warning; Bestmove does not match beginning of last PV - move c1d1 from SF_2200
Info; info depth 12 seldepth 19 multipv 1 score cp -387 nodes 20762 nps 471863 hashfull 7 tbhits 0 time 44 pv f3f6 c5a3 c1d1 e7d7 f6e6 a3c5
Position; fen rnbqkbnr/ppppp1pp/5p2/8/8/1P6/P1PPPPPP/RNBQKBNR w KQkq - 0 1
Moves; b1c3 d7d5 d2d4 e7e5 d1d2 b8c6 d4e5 d5d4 c3d1 c8f5 a2a3 f6e5 e2e3 g8f6 f1d3 d8d5 g1e2 f5d3 d2d3 d5g2 h1g1 g2h2 d3f5 h8g8 f2f3 f8c5 f3f4 e5f4 f5f4 h2f4 e2f4 c5b6 g1g3 e8c8 g3h3 g8e8 c1b2 d4e3 f4e2 e8e7 b2f6 g7f6 a1c1 a7a5 d1c3 d8d2 h3f3 b6c5
Warning; Bestmove does not match beginning of last PV - move f3g3 from SF_2200
Info; info depth 13 seldepth 18 multipv 1 score cp -357 nodes 27852 nps 663142 hashfull 10 tbhits 0 time 42 pv d1d2 d7d2 c3e4 d2c2 e4c5 c2c5 f3f6 c5h5 f6f8 c8d7 f8f7 d7d6 f7f6 d6c5 f6f7
Position; fen rnbqkbnr/ppppp1pp/5p2/8/8/1P6/P1PPPPPP/RNBQKBNR w KQkq - 0 1
Moves; b1c3 d7d5 d2d4 e7e5 d1d2 b8c6 d4e5 d5d4 c3d1 c8f5 a2a3 f6e5 e2e3 g8f6 f1d3 d8d5 g1e2 f5d3 d2d3 d5g2 h1g1 g2h2 d3f5 h8g8 f2f3 f8c5 f3f4 e5f4 f5f4 h2f4 e2f4 c5b6 g1g3 e8c8 g3h3 g8e8 c1b2 d4e3 f4e2 e8e7 b2f6 g7f6 a1c1 a7a5 d1c3 d8d2 h3f3 b6c5 c1d1 e7d7
Warning; Bestmove does not match beginning of last PV - move g3g8 from SF_2200
Info; info depth 12 seldepth 18 multipv 1 score cp -357 nodes 29537 nps 703261 hashfull 7 tbhits 0 time 42 pv d1d7 c8d7 g3g7 d7e6 e2f4 e6f5 f4d5 c2c1 e1e2 c6d4 e2d3
Position; fen rnbqkbnr/ppppp1pp/5p2/8/8/1P6/P1PPPPPP/RNBQKBNR w KQkq - 0 1
Moves; b1c3 d7d5 d2d4 e7e5 d1d2 b8c6 d4e5 d5d4 c3d1 c8f5 a2a3 f6e5 e2e3 g8f6 f1d3 d8d5 g1e2 f5d3 d2d3 d5g2 h1g1 g2h2 d3f5 h8g8 f2f3 f8c5 f3f4 e5f4 f5f4 h2f4 e2f4 c5b6 g1g3 e8c8 g3h3 g8e8 c1b2 d4e3 f4e2 e8e7 b2f6 g7f6 a1c1 a7a5 d1c3 d8d2 h3f3 b6c5 c1d1 e7d7 f3g3 d2c2
Warning; Bestmove does not match beginning of last PV - move c3d5 from SF_2200
Info; info depth 12 seldepth 22 multipv 1 score cp -394 nodes 33708 nps 822146 hashfull 10 tbhits 0 time 41 pv c3b5 c2d2 e2f4 c8d7 g8g7 d7c6 b3b4 a5b4 a3b4 c5b4 b5a7 c6c5 g7c7 d8c6 c7b7 c6a7 f4e6 c5d5 b7b4 d5e6
Position; fen rnbqkbnr/ppppp1pp/5p2/8/8/1P6/P1PPPPPP/RNBQKBNR w KQkq - 0 1
Moves; b1c3 d7d5 d2d4 e7e5 d1d2 b8c6 d4e5 d5d4 c3d1 c8f5 a2a3 f6e5 e2e3 g8f6 f1d3 d8d5 g1e2 f5d3 d2d3 d5g2 h1g1 g2h2 d3f5 h8g8 f2f3 f8c5 f3f4 e5f4 f5f4 h2f4 e2f4 c5b6 g1g3 e8c8 g3h3 g8e8 c1b2 d4e3 f4e2 e8e7 b2f6 g7f6 a1c1 a7a5 d1c3 d8d2 h3f3 b6c5 c1d1 e7d7 f3g3 d2c2 g3g8 d7d8 d1d8 c6d8
Warning; Bestmove does not match beginning of last PV - move e2c3 from SF_2200
Info; info depth 12 seldepth 20 multipv 1 score cp -433 nodes 30502 nps 924303 hashfull 10 tbhits 0 time 33 pv e1f1 b4e7 g8h8 c8d7 e6d8 e7d8 h8h7 d7c8
Position; fen rnbqkbnr/ppppp1pp/5p2/8/8/1P6/P1PPPPPP/RNBQKBNR w KQkq - 0 1
Moves; b1c3 d7d5 d2d4 e7e5 d1d2 b8c6 d4e5 d5d4 c3d1 c8f5 a2a3 f6e5 e2e3 g8f6 f1d3 d8d5 g1e2 f5d3 d2d3 d5g2 h1g1 g2h2 d3f5 h8g8 f2f3 f8c5 f3f4 e5f4 f5f4 h2f4 e2f4 c5b6 g1g3 e8c8 g3h3 g8e8 c1b2 d4e3 f4e2 e8e7 b2f6 g7f6 a1c1 a7a5 d1c3 d8d2 h3f3 b6c5 c1d1 e7d7 f3g3 d2c2 g3g8 d7d8 d1d8 c6d8 c3d5 c7c6 d5f4 c5a3 f4e6 a3b4
Warning; Bestmove does not match beginning of last PV - move e1f1 from SF_2200
Info; info depth 31 seldepth 17 multipv 1 score mate -8 nodes 39732 nps 1806000 hashfull 44 tbhits 0 time 22 pv e1d1 c2d2 d1c1 e3e2 g8g1 d8e6 g1g8 c8c7 g8g1 e6d4 g1g7 c7d6 g7d7 d6d7 b3b4 e2e1q
Position; fen rnbqkbnr/ppppp1pp/5p2/8/8/1P6/P1PPPPPP/RNBQKBNR w KQkq - 0 1
Moves; b1c3 d7d5 d2d4 e7e5 d1d2 b8c6 d4e5 d5d4 c3d1 c8f5 a2a3 f6e5 e2e3 g8f6 f1d3 d8d5 g1e2 f5d3 d2d3 d5g2 h1g1 g2h2 d3f5 h8g8 f2f3 f8c5 f3f4 e5f4 f5f4 h2f4 e2f4 c5b6 g1g3 e8c8 g3h3 g8e8 c1b2 d4e3 f4e2 e8e7 b2f6 g7f6 a1c1 a7a5 d1c3 d8d2 h3f3 b6c5 c1d1 e7d7 f3g3 d2c2 g3g8 d7d8 d1d8 c6d8 c3d5 c7c6 d5f4 c5a3 f4e6 a3b4 e2c3 b4c3
Warning; Bestmove does not match beginning of last PV - move f1g2 from SF_2200
Info; info depth 28 seldepth 13 multipv 1 score mate -6 nodes 8635 nps 1727000 hashfull 46 tbhits 0 time 5 pv f1f2 e2e1q f2f3 e1e2 f3g3 c3e5 g3h4 e2e4 e6f4 e4f4 h4h3 c2h2
Position; fen rnbqkbnr/ppppp1pp/5p2/8/8/1P6/P1PPPPPP/RNBQKBNR w KQkq - 0 1
Moves; b1c3 d7d5 d2d4 e7e5 d1d2 b8c6 d4e5 d5d4 c3d1 c8f5 a2a3 f6e5 e2e3 g8f6 f1d3 d8d5 g1e2 f5d3 d2d3 d5g2 h1g1 g2h2 d3f5 h8g8 f2f3 f8c5 f3f4 e5f4 f5f4 h2f4 e2f4 c5b6 g1g3 e8c8 g3h3 g8e8 c1b2 d4e3 f4e2 e8e7 b2f6 g7f6 a1c1 a7a5 d1c3 d8d2 h3f3 b6c5 c1d1 e7d7 f3g3 d2c2 g3g8 d7d8 d1d8 c6d8 c3d5 c7c6 d5f4 c5a3 f4e6 a3b4 e2c3 b4c3 e1f1 e3e2
Warning; Bestmove does not match beginning of last PV - move g2f3 from SF_2200
Info; info depth 29 seldepth 9 multipv 1 score mate -4 nodes 12510 nps 2085000 hashfull 19 tbhits 0 time 6 pv g2h3 e1e6 h3g3 e6e3 g3h4 e3f4 h4h5 c2h2
Position; fen rnbqkbnr/ppppp1pp/5p2/8/8/1P6/P1PPPPPP/RNBQKBNR w KQkq - 0 1
Moves; b1c3 d7d5 d2d4 e7e5 d1d2 b8c6 d4e5 d5d4 c3d1 c8f5 a2a3 f6e5 e2e3 g8f6 f1d3 d8d5 g1e2 f5d3 d2d3 d5g2 h1g1 g2h2 d3f5 h8g8 f2f3 f8c5 f3f4 e5f4 f5f4 h2f4 e2f4 c5b6 g1g3 e8c8 g3h3 g8e8 c1b2 d4e3 f4e2 e8e7 b2f6 g7f6 a1c1 a7a5 d1c3 d8d2 h3f3 b6c5 c1d1 e7d7 f3g3 d2c2 g3g8 d7d8 d1d8 c6d8 c3d5 c7c6 d5f4 c5a3 f4e6 a3b4 e2c3 b4c3 e1f1 e3e2 f1g2 e2e1q
Warning; Bestmove does not match beginning of last PV - move f3g3 from SF_2200
Info; info depth 237 seldepth 5 multipv 1 score mate -2 nodes 26398 nps 4399666 hashfull 15 tbhits 0 time 6 pv f3g4 e1g1 g4h5 f2h2
Position; fen rnbqkbnr/ppppp1pp/5p2/8/8/1P6/P1PPPPPP/RNBQKBNR w KQkq - 0 1
Moves; b1c3 d7d5 d2d4 e7e5 d1d2 b8c6 d4e5 d5d4 c3d1 c8f5 a2a3 f6e5 e2e3 g8f6 f1d3 d8d5 g1e2 f5d3 d2d3 d5g2 h1g1 g2h2 d3f5 h8g8 f2f3 f8c5 f3f4 e5f4 f5f4 h2f4 e2f4 c5b6 g1g3 e8c8 g3h3 g8e8 c1b2 d4e3 f4e2 e8e7 b2f6 g7f6 a1c1 a7a5 d1c3 d8d2 h3f3 b6c5 c1d1 e7d7 f3g3 d2c2 g3g8 d7d8 d1d8 c6d8 c3d5 c7c6 d5f4 c5a3 f4e6 a3b4 e2c3 b4c3 e1f1 e3e2 f1g2 e2e1q g2f3 c2f2
Warning; Bestmove does not match beginning of last PV - move g3h3 from SF_2200
Info; info depth 245 seldepth 3 multipv 1 score mate -1 nodes 1469 nps 734500 hashfull 32 tbhits 0 time 2 pv g3h4 f2h2
Position; fen rnbqkbnr/ppppp1pp/5p2/8/8/1P6/P1PPPPPP/RNBQKBNR w KQkq - 0 1
Moves; b1c3 d7d5 d2d4 e7e5 d1d2 b8c6 d4e5 d5d4 c3d1 c8f5 a2a3 f6e5 e2e3 g8f6 f1d3 d8d5 g1e2 f5d3 d2d3 d5g2 h1g1 g2h2 d3f5 h8g8 f2f3 f8c5 f3f4 e5f4 f5f4 h2f4 e2f4 c5b6 g1g3 e8c8 g3h3 g8e8 c1b2 d4e3 f4e2 e8e7 b2f6 g7f6 a1c1 a7a5 d1c3 d8d2 h3f3 b6c5 c1d1 e7d7 f3g3 d2c2 g3g8 d7d8 d1d8 c6d8 c3d5 c7c6 d5f4 c5a3 f4e6 a3b4 e2c3 b4c3 e1f1 e3e2 f1g2 e2e1q g2f3 c2f2 f3g3 e1g1
Finished game 6 (SF_2200 vs HiveChess): 0-1 {Black mates}
Started game 7 of 10 (HiveChess vs SF_2300)
Warning; Bestmove does not match beginning of last PV - move c7c6 from SF_2300
Info; info depth 13 seldepth 26 multipv 1 score cp -76 nodes 204914 nps 463606 hashfull 70 tbhits 0 time 442 pv e7e5 b1c3 b8c6 f2f4 f8c5 c1b2 d7d6 d1h5 g7g6 h5h4 f6f5 h4d8 e8d8 f4e5 d6e5 e1c1 g8f6 g1f3 h8f8 f1c4 c8d7 e4f5 g6f5
Position; fen rnbqkbnr/ppppp1pp/5p2/8/8/1P6/P1PPPPPP/RNBQKBNR w KQkq - 0 1
Moves; e2e4
Warning; Bestmove does not match beginning of last PV - move d8c7 from SF_2300
Info; info depth 12 seldepth 17 multipv 1 score cp -103 nodes 98011 nps 464507 hashfull 35 tbhits 0 time 211 pv d7d5 b1d2 g8h6 c1b2 g7g6 f1d3 f8g7 g1f3 e8g8 e1g1 f8e8 f1e1 h6f7
Position; fen rnbqkbnr/ppppp1pp/5p2/8/8/1P6/P1PPPPPP/RNBQKBNR w KQkq - 0 1
Moves; e2e4 c7c6 d2d4
Warning; Bestmove does not match beginning of last PV - move a7a5 from SF_2300
Info; info depth 13 seldepth 12 multipv 1 score cp -103 nodes 73809 nps 434170 hashfull 24 tbhits 0 time 170 pv e7e5 d1d2 f8e7 e1c1 e8g8 c1b1 b7b5 g1f3 h6f7
Position; fen rnbqkbnr/ppppp1pp/5p2/8/8/1P6/P1PPPPPP/RNBQKBNR w KQkq - 0 1
Moves; e2e4 c7c6 d2d4 d8c7 c1b2 g8h6 b1c3
Warning; Bestmove does not match beginning of last PV - move h6g4 from SF_2300
Info; info depth 11 seldepth 25 multipv 1 score cp -68 nodes 72260 nps 469220 hashfull 26 tbhits 0 time 154 pv d7d6 f3g5 h6g4 h2h3 g4f6 f2f4 h7h6 f4e5 d6e5 g5f3 b8d7 e1g1 d7b6 c4d3 c8e6 f3h4 b6d7 h4g6
Position; fen rnbqkbnr/ppppp1pp/5p2/8/8/1P6/P1PPPPPP/RNBQKBNR w KQkq - 0 1
Moves; e2e4 c7c6 d2d4 d8c7 c1b2 g8h6 b1c3 a7a5 g1f3 e7e5 a2a4 f8b4 d4e5 f6e5 f1c4
Warning; Bestmove does not match beginning of last PV - move g4f6 from SF_2300
Info; info depth 12 seldepth 20 multipv 1 score cp -71 nodes 76778 nps 498558 hashfull 24 tbhits 0 time 154 pv d7d6 h2h3 g4f6 f2f4 e5f4 d1d3 c7e7 e1c1 b8d7 g5f7 d7e5 f7d6 b4d6 d3d6 e7d6 d1d6 e5c4
Position; fen rnbqkbnr/ppppp1pp/5p2/8/8/1P6/P1PPPPPP/RNBQKBNR w KQkq - 0 1
Moves; e2e4 c7c6 d2d4 d8c7 c1b2 g8h6 b1c3 a7a5 g1f3 e7e5 a2a4 f8b4 d4e5 f6e5 f1c4 h6g4 f3g5
Warning; Bestmove does not match beginning of last PV - move h8f8 from SF_2300
Info; info depth 11 seldepth 16 multipv 1 score cp -72 nodes 138786 nps 515933 hashfull 48 tbhits 0 time 269 pv d7d6 f2f4 h7h6 g5f3 c8g4 f4e5 d6e5 h2h3 g4h5 g2g4 h5g6 f3h4
Position; fen rnbqkbnr/ppppp1pp/5p2/8/8/1P6/P1PPPPPP/RNBQKBNR w KQkq - 0 1
Moves; e2e4 c7c6 d2d4 d8c7 c1b2 g8h6 b1c3 a7a5 g1f3 e7e5 a2a4 f8b4 d4e5 f6e5 f1c4 h6g4 f3g5 g4f6 e1g1
Warning; Bestmove does not match beginning of last PV - move b4c5 from SF_2300
Info; info depth 13 seldepth 20 multipv 1 score cp -265 nodes 58753 nps 451946 hashfull 21 tbhits 0 time 130 pv d7d6 f2f4 e5f4 c3e2 g7g5 b2f6 f8f6 h7h8 d8e7 h8g7 e7d8 g7f6 c7e7 f6e7 d8e7 h2h4 b4c5 g1h2
Position; fen rnbqkbnr/ppppp1pp/5p2/8/8/1P6/P1PPPPPP/RNBQKBNR w KQkq - 0 1
Moves; e2e4 c7c6 d2d4 d8c7 c1b2 g8h6 b1c3 a7a5 g1f3 e7e5 a2a4 f8b4 d4e5 f6e5 f1c4 h6g4 f3g5 g4f6 e1g1 h8f8 g5h7 f6h7 d1h5 e8d8 h5h7
Warning; Bestmove does not match beginning of last PV - move c7d6 from SF_2300
Info; info depth 15 seldepth 29 multipv 1 score cp -375 nodes 83353 nps 453005 hashfull 29 tbhits 0 time 184 pv d7d5 g7c7 d8c7 e4d5 c8f5 d5c6 b7c6 c3d1 b8d7 d1e3 c5e3 f2e3 f5c2 f1f8 a8f8 a1f1 f8f1 g1f1 c2e4 b2a3 e4d5 c4d5 c6d5 a3e7 d5d4 e3d4 e5d4
Position; fen rnbqkbnr/ppppp1pp/5p2/8/8/1P6/P1PPPPPP/RNBQKBNR w KQkq - 0 1
Moves; e2e4 c7c6 d2d4 d8c7 c1b2 g8h6 b1c3 a7a5 g1f3 e7e5 a2a4 f8b4 d4e5 f6e5 f1c4 h6g4 f3g5 g4f6 e1g1 h8f8 g5h7 f6h7 d1h5 e8d8 h5h7 b4c5 h7g7
Warning; Bestmove does not match beginning of last PV - move d8c7 from SF_2300
Info; info depth 15 seldepth 16 multipv 1 score cp -375 nodes 60261 nps 443095 hashfull 18 tbhits 0 time 136 pv b7b6 e2g3 c8a6 g3f5 d6f8 c1g5 d8c7 g7f8 e8f8 g5e3 a6c4 b3c4
Position; fen rnbqkbnr/ppppp1pp/5p2/8/8/1P6/P1PPPPPP/RNBQKBNR w KQkq - 0 1
Moves; e2e4 c7c6 d2d4 d8c7 c1b2 g8h6 b1c3 a7a5 g1f3 e7e5 a2a4 f8b4 d4e5 f6e5 f1c4 h6g4 f3g5 g4f6 e1g1 h8f8 g5h7 f6h7 d1h5 e8d8 h5h7 b4c5 h7g7 c7d6 c3e2 f8e8 b2c1
Warning; Bestmove does not match beginning of last PV - move b7b6 from SF_2300
Info; info depth 11 seldepth 13 multipv 1 score cp -325 nodes 10088 nps 325419 hashfull 3 tbhits 0 time 31 pv d6f8 g7g6 d7d6 c4f7 e8e7 g5e7 f8e7 f7c4 b8d7 e2g3 e7h4 g3f5
Position; fen rnbqkbnr/ppppp1pp/5p2/8/8/1P6/P1PPPPPP/RNBQKBNR w KQkq - 0 1
Moves; e2e4 c7c6 d2d4 d8c7 c1b2 g8h6 b1c3 a7a5 g1f3 e7e5 a2a4 f8b4 d4e5 f6e5 f1c4 h6g4 f3g5 g4f6 e1g1 h8f8 g5h7 f6h7 d1h5 e8d8 h5h7 b4c5 h7g7 c7d6 c3e2 f8e8 b2c1 d8c7 c1g5
Warning; Bestmove does not match beginning of last PV - move c5f2 from SF_2300
Info; info depth 14 seldepth 20 multipv 1 score cp -392 nodes 26770 nps 535400 hashfull 10 tbhits 0 time 50 pv d6f8 g7g6 e8e7 g5e7 f8e7 a1d1 d7d6 e2g3 c8d7 c2c3 b8a6
Position; fen rnbqkbnr/ppppp1pp/5p2/8/8/1P6/P1PPPPPP/RNBQKBNR w KQkq - 0 1
Moves; e2e4 c7c6 d2d4 d8c7 c1b2 g8h6 b1c3 a7a5 g1f3 e7e5 a2a4 f8b4 d4e5 f6e5 f1c4 h6g4 f3g5 g4f6 e1g1 h8f8 g5h7 f6h7 d1h5 e8d8 h5h7 b4c5 h7g7 c7d6 c3e2 f8e8 b2c1 d8c7 c1g5 b7b6 c4f7
Warning; Bestmove does not match beginning of last PV - move c7b7 from SF_2300
Info; info depth 15 seldepth 21 multipv 1 score cp -665 nodes 55198 nps 1003600 hashfull 15 tbhits 0 time 55 pv f8f7 g7f7 d6c5 f7e7 c5e7 f6e7 c8a6 a1e1 d7d6
Position; fen rnbqkbnr/ppppp1pp/5p2/8/8/1P6/P1PPPPPP/RNBQKBNR w KQkq - 0 1
Moves; e2e4 c7c6 d2d4 d8c7 c1b2 g8h6 b1c3 a7a5 g1f3 e7e5 a2a4 f8b4 d4e5 f6e5 f1c4 h6g4 f3g5 g4f6 e1g1 h8f8 g5h7 f6h7 d1h5 e8d8 h5h7 b4c5 h7g7 c7d6 c3e2 f8e8 b2c1 d8c7 c1g5 b7b6 c4f7 c5f2 f1f2 e8f8 g5f6
Warning; Bestmove does not match beginning of last PV - move b7a7 from SF_2300
Info; info depth 11 seldepth 13 multipv 1 score cp -612 nodes 14372 nps 684380 hashfull 4 tbhits 0 time 21 pv b8a6 e5f6 a6b4 a1f1 b7a7 d4f5 b4c2 f6d4 c2d4 g7d4 c5d4 f5d4
Position; fen rnbqkbnr/ppppp1pp/5p2/8/8/1P6/P1PPPPPP/RNBQKBNR w KQkq - 0 1
Moves; e2e4 c7c6 d2d4 d8c7 c1b2 g8h6 b1c3 a7a5 g1f3 e7e5 a2a4 f8b4 d4e5 f6e5 f1c4 h6g4 f3g5 g4f6 e1g1 h8f8 g5h7 f6h7 d1h5 e8d8 h5h7 b4c5 h7g7 c7d6 c3e2 f8e8 b2c1 d8c7 c1g5 b7b6 c4f7 c5f2 f1f2 e8f8 g5f6 c7b7 f6e5 d6c5 e2d4
Warning; Bestmove does not match beginning of last PV - move b8a6 from SF_2300
Info; info depth 12 seldepth 25 multipv 1 score cp -654 nodes 58221 nps 1164420 hashfull 20 tbhits 0 time 50 pv c8b7 d4f5 b8a6 f6d4 c5d4 g7d4 f8f7 b3b4 a6b4 d4d2 a8g8 c2c3 b4d3 d2d3
Position; fen rnbqkbnr/ppppp1pp/5p2/8/8/1P6/P1PPPPPP/RNBQKBNR w KQkq - 0 1
Moves; e2e4 c7c6 d2d4 d8c7 c1b2 g8h6 b1c3 a7a5 g1f3 e7e5 a2a4 f8b4 d4e5 f6e5 f1c4 h6g4 f3g5 g4f6 e1g1 h8f8 g5h7 f6h7 d1h5 e8d8 h5h7 b4c5 h7g7 c7d6 c3e2 f8e8 b2c1 d8c7 c1g5 b7b6 c4f7 c5f2 f1f2 e8f8 g5f6 c7b7 f6e5 d6c5 e2d4 b7a7 e5f6
Warning; Bestmove does not match beginning of last PV - move f8h8 from SF_2300
Info; info depth 14 seldepth 18 multipv 1 score cp -680 nodes 74523 nps 1656066 hashfull 28 tbhits 0 time 45 pv c5b4 c2c3 b4d4 c3d4 a6b4 f2d2 f8h8 a1d1 a8f8
Position; fen rnbqkbnr/ppppp1pp/5p2/8/8/1P6/P1PPPPPP/RNBQKBNR w KQkq - 0 1
Moves; e2e4 c7c6 d2d4 d8c7 c1b2 g8h6 b1c3 a7a5 g1f3 e7e5 a2a4 f8b4 d4e5 f6e5 f1c4 h6g4 f3g5 g4f6 e1g1 h8f8 g5h7 f6h7 d1h5 e8d8 h5h7 b4c5 h7g7 c7d6 c3e2 f8e8 b2c1 d8c7 c1g5 b7b6 c4f7 c5f2 f1f2 e8f8 g5f6 c7b7 f6e5 d6c5 e2d4 b7a7 e5f6 b8a6 d4f5 c8b7 f6d4
Warning; Bestmove does not match beginning of last PV - move a8f8 from SF_2300
Info; info depth 14 seldepth 21 multipv 1 score cp -718 nodes 71402 nps 1586711 hashfull 20 tbhits 0 time 45 pv d7d6 f5d6 a8d8 b3b4 a5b4 a4a5 d8d6 e5d6 c5e4 a5b6 a7b6 d6b4 b6c7 b4a5 c7c8
Position; fen rnbqkbnr/ppppp1pp/5p2/8/8/1P6/P1PPPPPP/RNBQKBNR w KQkq - 0 1
Moves; e2e4 c7c6 d2d4 d8c7 c1b2 g8h6 b1c3 a7a5 g1f3 e7e5 a2a4 f8b4 d4e5 f6e5 f1c4 h6g4 f3g5 g4f6 e1g1 h8f8 g5h7 f6h7 d1h5 e8d8 h5h7 b4c5 h7g7 c7d6 c3e2 f8e8 b2c1 d8c7 c1g5 b7b6 c4f7 c5f2 f1f2 e8f8 g5f6 c7b7 f6e5 d6c5 e2d4 b7a7 e5f6 b8a6 d4f5 c8b7 f6d4 f8h8 d4c5 a6c5 g7e5
Warning; Bestmove does not match beginning of last PV - move f8f5 from SF_2300
Info; info depth 13 seldepth 17 multipv 1 score cp -668 nodes 61278 nps 1571230 hashfull 21 tbhits 0 time 39 pv h7h5 h2h4 d7d5 e4d5 c6d5 c4d5 h5h4 f5h4 f8f2 g1f2
Position; fen rnbqkbnr/ppppp1pp/5p2/8/8/1P6/P1PPPPPP/RNBQKBNR w KQkq - 0 1
Moves; e2e4 c7c6 d2d4 d8c7 c1b2 g8h6 b1c3 a7a5 g1f3 e7e5 a2a4 f8b4 d4e5 f6e5 f1c4 h6g4 f3g5 g4f6 e1g1 h8f8 g5h7 f6h7 d1h5 e8d8 h5h7 b4c5 h7g7 c7d6 c3e2 f8e8 b2c1 d8c7 c1g5 b7b6 c4f7 c5f2 f1f2 e8f8 g5f6 c7b7 f6e5 d6c5 e2d4 b7a7 e5f6 b8a6 d4f5 c8b7 f6d4 f8h8 d4c5 a6c5 g7e5 a8f8 a1e1 h8h7 f7c4
Warning; Bestmove does not match beginning of last PV - move h7h4 from SF_2300
Info; info depth 14 seldepth 15 multipv 1 score cp -822 nodes 56415 nps 1524729 hashfull 17 tbhits 0 time 37 pv d7d6 e5g3 c5d7 g3d6 d7c5 f5f8 c5d7 f8f7
Position; fen rnbqkbnr/ppppp1pp/5p2/8/8/1P6/P1PPPPPP/RNBQKBNR w KQkq - 0 1
Moves; e2e4 c7c6 d2d4 d8c7 c1b2 g8h6 b1c3 a7a5 g1f3 e7e5 a2a4 f8b4 d4e5 f6e5 f1c4 h6g4 f3g5 g4f6 e1g1 h8f8 g5h7 f6h7 d1h5 e8d8 h5h7 b4c5 h7g7 c7d6 c3e2 f8e8 b2c1 d8c7 c1g5 b7b6 c4f7 c5f2 f1f2 e8f8 g5f6 c7b7 f6e5 d6c5 e2d4 b7a7 e5f6 b8a6 d4f5 c8b7 f6d4 f8h8 d4c5 a6c5 g7e5 a8f8 a1e1 h8h7 f7c4 f8f5 f2f5
Warning; Bestmove does not match beginning of last PV - move h4h5 from SF_2300
Info; info depth 13 seldepth 18 multipv 1 score cp -948 nodes 59415 nps 1856718 hashfull 22 tbhits 0 time 32 pv h4e4 e7e4 d7d5 e4e8 d5c4 b3c4 c6c5 f8f7 a6b4
Position; fen rnbqkbnr/ppppp1pp/5p2/8/8/1P6/P1PPPPPP/RNBQKBNR w KQkq - 0 1
Moves; e2e4 c7c6 d2d4 d8c7 c1b2 g8h6 b1c3 a7a5 g1f3 e7e5 a2a4 f8b4 d4e5 f6e5 f1c4 h6g4 f3g5 g4f6 e1g1 h8f8 g5h7 f6h7 d1h5 e8d8 h5h7 b4c5 h7g7 c7d6 c3e2 f8e8 b2c1 d8c7 c1g5 b7b6 c4f7 c5f2 f1f2 e8f8 g5f6 c7b7 f6e5 d6c5 e2d4 b7a7 e5f6 b8a6 d4f5 c8b7 f6d4 f8h8 d4c5 a6c5 g7e5 a8f8 a1e1 h8h7 f7c4 f8f5 f2f5 h7h4 f5f8 c5a6 e5e7
Warning; Bestmove does not match beginning of last PV - move h5g5 from SF_2300
Info; info depth 13 seldepth 15 multipv 1 score cp -990 nodes 58206 nps 1940200 hashfull 64 tbhits 0 time 30 pv b6b5 a4b5 c6b5 f8f7 a6c5 d7b5 a7b8 b5a5 h5g5
Position; fen rnbqkbnr/ppppp1pp/5p2/8/8/1P6/P1PPPPPP/RNBQKBNR w KQkq - 0 1
Moves; e2e4 c7c6 d2d4 d8c7 c1b2 g8h6 b1c3 a7a5 g1f3 e7e5 a2a4 f8b4 d4e5 f6e5 f1c4 h6g4 f3g5 g4f6 e1g1 h8f8 g5h7 f6h7 d1h5 e8d8 h5h7 b4c5 h7g7 c7d6 c3e2 f8e8 b2c1 d8c7 c1g5 b7b6 c4f7 c5f2 f1f2 e8f8 g5f6 c7b7 f6e5 d6c5 e2d4 b7a7 e5f6 b8a6 d4f5 c8b7 f6d4 f8h8 d4c5 a6c5 g7e5 a8f8 a1e1 h8h7 f7c4 f8f5 f2f5 h7h4 f5f8 c5a6 e5e7 h4h5 e7d7
Warning; Bestmove does not match beginning of last PV - move b7c8 from SF_2300
Info; info depth 245 seldepth 3 multipv 1 score mate -1 nodes 5391 nps 2695500 hashfull 15 tbhits 0 time 2 pv b6b5 g7b7
Position; fen rnbqkbnr/ppppp1pp/5p2/8/8/1P6/P1PPPPPP/RNBQKBNR w KQkq - 0 1
Moves; e2e4 c7c6 d2d4 d8c7 c1b2 g8h6 b1c3 a7a5 g1f3 e7e5 a2a4 f8b4 d4e5 f6e5 f1c4 h6g4 f3g5 g4f6 e1g1 h8f8 g5h7 f6h7 d1h5 e8d8 h5h7 b4c5 h7g7 c7d6 c3e2 f8e8 b2c1 d8c7 c1g5 b7b6 c4f7 c5f2 f1f2 e8f8 g5f6 c7b7 f6e5 d6c5 e2d4 b7a7 e5f6 b8a6 d4f5 c8b7 f6d4 f8h8 d4c5 a6c5 g7e5 a8f8 a1e1 h8h7 f7c4 f8f5 f2f5 h7h4 f5f8 c5a6 e5e7 h4h5 e7d7 h5g5 c4a6 g5g7 d7g7 a7a6 f8b8
Finished game 7 (HiveChess vs SF_2300): 1-0 {White mates}
Started game 8 of 10 (SF_2300 vs HiveChess)
Warning; Bestmove does not match beginning of last PV - move g1f3 from SF_2300
Info; info depth 11 seldepth 17 multipv 1 score cp 102 nodes 82041 nps 443464 hashfull 29 tbhits 0 time 185 pv c1b2 a7a6 d2d4 d7d5 a2a3 d5e4 c3e4 d8d5
Position; fen rnbqkbnr/ppppp1pp/5p2/8/8/1P6/P1PPPPPP/RNBQKBNR w KQkq - 0 1
Moves; e2e4 e7e6 b1c3 b8c6
Warning; Bestmove does not match beginning of last PV - move f1b5 from SF_2300
Info; info depth 12 seldepth 21 multipv 1 score cp 47 nodes 167943 nps 461381 hashfull 43 tbhits 0 time 364 pv d2d4 f8b4 c1d2 g8e7 f1d3 e8g8 c3e2 b4d2 d1d2 e6e5 d4e5 d5e4 d3e4 d8d2 e1d2
Position; fen rnbqkbnr/ppppp1pp/5p2/8/8/1P6/P1PPPPPP/RNBQKBNR w KQkq - 0 1
Moves; e2e4 e7e6 b1c3 b8c6 g1f3 d7d5
Warning; Bestmove does not match beginning of last PV - move c3b1 from SF_2300
Info; info depth 11 seldepth 19 multipv 1 score cp 114 nodes 72351 nps 449385 hashfull 22 tbhits 0 time 161 pv c3a4 e6e5 c2c3 d4d3 f3e1 h7h5 a4b2 a6a5 b2d3
Position; fen rnbqkbnr/ppppp1pp/5p2/8/8/1P6/P1PPPPPP/RNBQKBNR w KQkq - 0 1
Moves; e2e4 e7e6 b1c3 b8c6 g1f3 d7d5 f1b5 a7a6 b5c6 b7c6 e1g1 d5d4
Warning; Bestmove does not match beginning of last PV - move b1a3 from SF_2300
Info; info depth 10 seldepth 16 multipv 1 score cp -7 nodes 148646 nps 565193 hashfull 46 tbhits 0 time 263 pv d2d3 c6c5 f3d2 g8e7 f2f4 e5f4 d1h5 g7g6
Position; fen rnbqkbnr/ppppp1pp/5p2/8/8/1P6/P1PPPPPP/RNBQKBNR w KQkq - 0 1
Moves; e2e4 e7e6 b1c3 b8c6 g1f3 d7d5 f1b5 a7a6 b5c6 b7c6 e1g1 d5d4 c3b1 e6e5
Warning; Bestmove does not match beginning of last PV - move f3e1 from SF_2300
Info; info depth 10 seldepth 11 multipv 1 score cp -26 nodes 53146 nps 458155 hashfull 18 tbhits 0 time 116 pv a3c4 g8e7 c1a3 e7g6 a3f8 e8f8
Position; fen rnbqkbnr/ppppp1pp/5p2/8/8/1P6/P1PPPPPP/RNBQKBNR w KQkq - 0 1
Moves; e2e4 e7e6 b1c3 b8c6 g1f3 d7d5 f1b5 a7a6 b5c6 b7c6 e1g1 d5d4 c3b1 e6e5 b1a3 c8e6
Warning; Bestmove does not match beginning of last PV - move a3c4 from SF_2300
Info; info depth 10 seldepth 16 multipv 1 score cp -2 nodes 33529 nps 493073 hashfull 11 tbhits 0 time 68 pv e1d3 g7g5 a3c4 h6f7 a2a4 h7h5 c1a3
Position; fen rnbqkbnr/ppppp1pp/5p2/8/8/1P6/P1PPPPPP/RNBQKBNR w KQkq - 0 1
Moves; e2e4 e7e6 b1c3 b8c6 g1f3 d7d5 f1b5 a7a6 b5c6 b7c6 e1g1 d5d4 c3b1 e6e5 b1a3 c8e6 f3e1 g8h6
Warning; Bestmove does not match beginning of last PV - move d1e2 from SF_2300
Info; info depth 10 seldepth 12 multipv 1 score cp 11 nodes 59533 nps 472484 hashfull 16 tbhits 0 time 126 pv e1d3 g7g5 a2a4 h7h5 f2f3 e6c4 b3c4 d8d7 c1a3
Position; fen rnbqkbnr/ppppp1pp/5p2/8/8/1P6/P1PPPPPP/RNBQKBNR w KQkq - 0 1
Moves; e2e4 e7e6 b1c3 b8c6 g1f3 d7d5 f1b5 a7a6 b5c6 b7c6 e1g1 d5d4 c3b1 e6e5 b1a3 c8e6 f3e1 g8h6 a3c4 h6f7
Warning; Bestmove does not match beginning of last PV - move c4a5 from SF_2300
Info; info depth 12 seldepth 19 multipv 1 score cp 30 nodes 136372 nps 483588 hashfull 45 tbhits 0 time 282 pv c4b2 d6b7 f2f4 e5f4 f1f4 f8d6 f4f1 e8g8 e1f3 d8d7 d2d3 c6c5 f3h4 b7d8 h4f5
Position; fen rnbqkbnr/ppppp1pp/5p2/8/8/1P6/P1PPPPPP/RNBQKBNR w KQkq - 0 1
Moves; e2e4 e7e6 b1c3 b8c6 g1f3 d7d5 f1b5 a7a6 b5c6 b7c6 e1g1 d5d4 c3b1 e6e5 b1a3 c8e6 f3e1 g8h6 a3c4 h6f7 d1e2 f7d6
Warning; Bestmove does not match beginning of last PV - move b3b4 from SF_2300
Info; info depth 11 seldepth 13 multipv 1 score cp 100 nodes 52134 nps 445589 hashfull 13 tbhits 0 time 117 pv a2a4 b5b6 b3b4 d6b7 a5c4 b6a7 c2c3 f8e7 a1b1 d4c3 d2c3
Position; fen rnbqkbnr/ppppp1pp/5p2/8/8/1P6/P1PPPPPP/RNBQKBNR w KQkq - 0 1
Moves; e2e4 e7e6 b1c3 b8c6 g1f3 d7d5 f1b5 a7a6 b5c6 b7c6 e1g1 d5d4 c3b1 e6e5 b1a3 c8e6 f3e1 g8h6 a3c4 h6f7 d1e2 f7d6 c4a5 d8b8 d2d3 b8b5 c1d2 e8c8
Warning; Bestmove does not match beginning of last PV - move d2c3 from SF_2300
Info; info depth 12 seldepth 17 multipv 1 score cp 219 nodes 49113 nps 545700 hashfull 18 tbhits 0 time 90 pv d2e3 b6b4 a5c6 b4b7 c6d8 c8d8 e1c2 a6a5 f1b1 b7c6 b1b8 d8e7 a1b1 e7f7
Position; fen rnbqkbnr/ppppp1pp/5p2/8/8/1P6/P1PPPPPP/RNBQKBNR w KQkq - 0 1
Moves; e2e4 e7e6 b1c3 b8c6 g1f3 d7d5 f1b5 a7a6 b5c6 b7c6 e1g1 d5d4 c3b1 e6e5 b1a3 c8e6 f3e1 g8h6 a3c4 h6f7 d1e2 f7d6 c4a5 d8b8 d2d3 b8b5 c1d2 e8c8 b3b4 g7g5 a2a4 b5b6 c2c4 d4c3
Warning; Bestmove does not match beginning of last PV - move e1f3 from SF_2300
Info; info depth 11 seldepth 14 multipv 1 score cp 295 nodes 24347 nps 386460 hashfull 9 tbhits 0 time 63 pv a1c1 c5b6 c1c6 b6b2 e1f3 c8d7 f1c1 d6e8
Position; fen rnbqkbnr/ppppp1pp/5p2/8/8/1P6/P1PPPPPP/RNBQKBNR w KQkq - 0 1
Moves; e2e4 e7e6 b1c3 b8c6 g1f3 d7d5 f1b5 a7a6 b5c6 b7c6 e1g1 d5d4 c3b1 e6e5 b1a3 c8e6 f3e1 g8h6 a3c4 h6f7 d1e2 f7d6 c4a5 d8b8 d2d3 b8b5 c1d2 e8c8 b3b4 g7g5 a2a4 b5b6 c2c4 d4c3 d2c3 h7h5 c3d2 c6c5 b4c5 b6c5
Warning; Bestmove does not match beginning of last PV - move a1b1 from SF_2300
Info; info depth 11 seldepth 25 multipv 1 score cp 353 nodes 27576 nps 501381 hashfull 10 tbhits 0 time 55 pv f3e1 f8h6 a1b1 h6d2 e2d2 b6a7 a5c6
Position; fen rnbqkbnr/ppppp1pp/5p2/8/8/1P6/P1PPPPPP/RNBQKBNR w KQkq - 0 1
Moves; e2e4 e7e6 b1c3 b8c6 g1f3 d7d5 f1b5 a7a6 b5c6 b7c6 e1g1 d5d4 c3b1 e6e5 b1a3 c8e6 f3e1 g8h6 a3c4 h6f7 d1e2 f7d6 c4a5 d8b8 d2d3 b8b5 c1d2 e8c8 b3b4 g7g5 a2a4 b5b6 c2c4 d4c3 d2c3 h7h5 c3d2 c6c5 b4c5 b6c5 e1f3 g5g4 f1c1 c5b6
Warning; Bestmove does not match beginning of last PV - move a4b5 from SF_2300
Info; info depth 12 seldepth 21 multipv 1 score cp 380 nodes 30010 nps 588431 hashfull 10 tbhits 0 time 51 pv f3f6 h8g8 c1c6 e6h3 c6b6 g8g2 g1h1 f8a3 b6a6 d8g8 a6a8 c8d7 a8g8 g2g8
Position; fen rnbqkbnr/ppppp1pp/5p2/8/8/1P6/P1PPPPPP/RNBQKBNR w KQkq - 0 1
Moves; e2e4 e7e6 b1c3 b8c6 g1f3 d7d5 f1b5 a7a6 b5c6 b7c6 e1g1 d5d4 c3b1 e6e5 b1a3 c8e6 f3e1 g8h6 a3c4 h6f7 d1e2 f7d6 c4a5 d8b8 d2d3 b8b5 c1d2 e8c8 b3b4 g7g5 a2a4 b5b6 c2c4 d4c3 d2c3 h7h5 c3d2 c6c5 b4c5 b6c5 e1f3 g5g4 f1c1 c5b6 a1b1 g4f3 e2f3 d6b5
Warning; Bestmove does not match beginning of last PV - move f3g3 from SF_2300
Info; info depth 11 seldepth 23 multipv 1 score cp 324 nodes 27543 nps 612066 hashfull 9 tbhits 0 time 45 pv f3e3 a6b5 b1b5 c8d7 b5d5 d7e8 d5d8 e8d8 e3a7 h8h7 c4e3 d8e8 e3d5 f8d6 a7b8 e8f7
Position; fen rnbqkbnr/ppppp1pp/5p2/8/8/1P6/P1PPPPPP/RNBQKBNR w KQkq - 0 1
Moves; e2e4 e7e6 b1c3 b8c6 g1f3 d7d5 f1b5 a7a6 b5c6 b7c6 e1g1 d5d4 c3b1 e6e5 b1a3 c8e6 f3e1 g8h6 a3c4 h6f7 d1e2 f7d6 c4a5 d8b8 d2d3 b8b5 c1d2 e8c8 b3b4 g7g5 a2a4 b5b6 c2c4 d4c3 d2c3 h7h5 c3d2 c6c5 b4c5 b6c5 e1f3 g5g4 f1c1 c5b6 a1b1 g4f3 e2f3 d6b5 a4b5 e6g4 a5c4 b6e6
Warning; Bestmove does not match beginning of last PV - move b5a6 from SF_2300
Info; info depth 11 seldepth 16 multipv 1 score cp 303 nodes 22523 nps 523790 hashfull 8 tbhits 0 time 43 pv d2a5 h8h7 h2h3 a6b5 h3g4 h5g4 g3g4 e6g4 e3g4
Position; fen rnbqkbnr/ppppp1pp/5p2/8/8/1P6/P1PPPPPP/RNBQKBNR w KQkq - 0 1
Moves; e2e4 e7e6 b1c3 b8c6 g1f3 d7d5 f1b5 a7a6 b5c6 b7c6 e1g1 d5d4 c3b1 e6e5 b1a3 c8e6 f3e1 g8h6 a3c4 h6f7 d1e2 f7d6 c4a5 d8b8 d2d3 b8b5 c1d2 e8c8 b3b4 g7g5 a2a4 b5b6 c2c4 d4c3 d2c3 h7h5 c3d2 c6c5 b4c5 b6c5 e1f3 g5g4 f1c1 c5b6 a1b1 g4f3 e2f3 d6b5 a4b5 e6g4 a5c4 b6e6 f3g3 f8c5 c4e3 c5a3 c1c2 d8d3
Warning; Bestmove does not match beginning of last PV - move b1a1 from SF_2300
Info; info depth 10 seldepth 13 multipv 1 score cp 277 nodes 21392 nps 548512 hashfull 7 tbhits 0 time 39 pv h2h3 g4d7 d2c1 a3d6 g3g7 h8d8 e3d5 d3d5 e4d5
Position; fen rnbqkbnr/ppppp1pp/5p2/8/8/1P6/P1PPPPPP/RNBQKBNR w KQkq - 0 1
Moves; e2e4 e7e6 b1c3 b8c6 g1f3 d7d5 f1b5 a7a6 b5c6 b7c6 e1g1 d5d4 c3b1 e6e5 b1a3 c8e6 f3e1 g8h6 a3c4 h6f7 d1e2 f7d6 c4a5 d8b8 d2d3 b8b5 c1d2 e8c8 b3b4 g7g5 a2a4 b5b6 c2c4 d4c3 d2c3 h7h5 c3d2 c6c5 b4c5 b6c5 e1f3 g5g4 f1c1 c5b6 a1b1 g4f3 e2f3 d6b5 a4b5 e6g4 a5c4 b6e6 f3g3 f8c5 c4e3 c5a3 c1c2 d8d3 b5a6 e6a6
Warning; Bestmove does not match beginning of last PV - move d2e1 from SF_2300
Info; info depth 11 seldepth 13 multipv 1 score cp 335 nodes 22337 nps 656970 hashfull 29 tbhits 0 time 34 pv d2b4 a6a7 b4a3 d3a3 a1a3 a7a3 g3g7 d8d7 g7f6
Position; fen rnbqkbnr/ppppp1pp/5p2/8/8/1P6/P1PPPPPP/RNBQKBNR w KQkq - 0 1
Moves; e2e4 e7e6 b1c3 b8c6 g1f3 d7d5 f1b5 a7a6 b5c6 b7c6 e1g1 d5d4 c3b1 e6e5 b1a3 c8e6 f3e1 g8h6 a3c4 h6f7 d1e2 f7d6 c4a5 d8b8 d2d3 b8b5 c1d2 e8c8 b3b4 g7g5 a2a4 b5b6 c2c4 d4c3 d2c3 h7h5 c3d2 c6c5 b4c5 b6c5 e1f3 g5g4 f1c1 c5b6 a1b1 g4f3 e2f3 d6b5 a4b5 e6g4 a5c4 b6e6 f3g3 f8c5 c4e3 c5a3 c1c2 d8d3 b5a6 e6a6 b1a1 h8d8 h2h3 g4e6
Warning; Bestmove does not match beginning of last PV - move c2c1 from SF_2300
Info; info depth 10 seldepth 16 multipv 1 score cp 195 nodes 17864 nps 558250 hashfull 32 tbhits 0 time 32 pv c2c3 d3c3 e1c3 a6a4 g3g7 d8d6 g7h8 c8b7 h8h5 d6c6 c3d2
Position; fen rnbqkbnr/ppppp1pp/5p2/8/8/1P6/P1PPPPPP/RNBQKBNR w KQkq - 0 1
Moves; e2e4 e7e6 b1c3 b8c6 g1f3 d7d5 f1b5 a7a6 b5c6 b7c6 e1g1 d5d4 c3b1 e6e5 b1a3 c8e6 f3e1 g8h6 a3c4 h6f7 d1e2 f7d6 c4a5 d8b8 d2d3 b8b5 c1d2 e8c8 b3b4 g7g5 a2a4 b5b6 c2c4 d4c3 d2c3 h7h5 c3d2 c6c5 b4c5 b6c5 e1f3 g5g4 f1c1 c5b6 a1b1 g4f3 e2f3 d6b5 a4b5 e6g4 a5c4 b6e6 f3g3 f8c5 c4e3 c5a3 c1c2 d8d3 b5a6 e6a6 b1a1 h8d8 h2h3 g4e6 d2e1 e6b3
Warning; Bestmove does not match beginning of last PV - move b5b1 from SF_2300
Info; info depth 9 seldepth 16 multipv 1 score cp 244 nodes 16710 nps 642692 hashfull 23 tbhits 0 time 26 pv b5d5 d6c6 g3g7 a3b2 a1b1 d3b3 d5d8 c8d8 g7f8 d8d7
Position; fen rnbqkbnr/ppppp1pp/5p2/8/8/1P6/P1PPPPPP/RNBQKBNR w KQkq - 0 1
Moves; e2e4 e7e6 b1c3 b8c6 g1f3 d7d5 f1b5 a7a6 b5c6 b7c6 e1g1 d5d4 c3b1 e6e5 b1a3 c8e6 f3e1 g8h6 a3c4 h6f7 d1e2 f7d6 c4a5 d8b8 d2d3 b8b5 c1d2 e8c8 b3b4 g7g5 a2a4 b5b6 c2c4 d4c3 d2c3 h7h5 c3d2 c6c5 b4c5 b6c5 e1f3 g5g4 f1c1 c5b6 a1b1 g4f3 e2f3 d6b5 a4b5 e6g4 a5c4 b6e6 f3g3 f8c5 c4e3 c5a3 c1c2 d8d3 b5a6 e6a6 b1a1 h8d8 h2h3 g4e6 d2e1 e6b3 c2c1 a6d6 c1b1 b3c2 b1b5 c2a4
Warning; Bestmove does not match beginning of last PV - move g3f3 from SF_2300
Info; info depth 9 seldepth 13 multipv 1 score cp 256 nodes 14981 nps 599240 hashfull 11 tbhits 0 time 25 pv g3g6 a3c5 e3f5 d6e6 f5g7 e6c4 b1c1 c6e4 c1c4
Position; fen rnbqkbnr/ppppp1pp/5p2/8/8/1P6/P1PPPPPP/RNBQKBNR w KQkq - 0 1
Moves; e2e4 e7e6 b1c3 b8c6 g1f3 d7d5 f1b5 a7a6 b5c6 b7c6 e1g1 d5d4 c3b1 e6e5 b1a3 c8e6 f3e1 g8h6 a3c4 h6f7 d1e2 f7d6 c4a5 d8b8 d2d3 b8b5 c1d2 e8c8 b3b4 g7g5 a2a4 b5b6 c2c4 d4c3 d2c3 h7h5 c3d2 c6c5 b4c5 b6c5 e1f3 g5g4 f1c1 c5b6 a1b1 g4f3 e2f3 d6b5 a4b5 e6g4 a5c4 b6e6 f3g3 f8c5 c4e3 c5a3 c1c2 d8d3 b5a6 e6a6 b1a1 h8d8 h2h3 g4e6 d2e1 e6b3 c2c1 a6d6 c1b1 b3c2 b1b5 c2a4 b5b1 a4c6
Warning; Bestmove does not match beginning of last PV - move f3f5 from SF_2300
Info; info depth 9 seldepth 12 multipv 1 score cp 202 nodes 13222 nps 574869 hashfull 21 tbhits 0 time 23 pv e3f5 d6e6 f3e2 e6c4 f2f3 a3c5 e1f2
Position; fen rnbqkbnr/ppppp1pp/5p2/8/8/1P6/P1PPPPPP/RNBQKBNR w KQkq - 0 1
Moves; e2e4 e7e6 b1c3 b8c6 g1f3 d7d5 f1b5 a7a6 b5c6 b7c6 e1g1 d5d4 c3b1 e6e5 b1a3 c8e6 f3e1 g8h6 a3c4 h6f7 d1e2 f7d6 c4a5 d8b8 d2d3 b8b5 c1d2 e8c8 b3b4 g7g5 a2a4 b5b6 c2c4 d4c3 d2c3 h7h5 c3d2 c6c5 b4c5 b6c5 e1f3 g5g4 f1c1 c5b6 a1b1 g4f3 e2f3 d6b5 a4b5 e6g4 a5c4 b6e6 f3g3 f8c5 c4e3 c5a3 c1c2 d8d3 b5a6 e6a6 b1a1 h8d8 h2h3 g4e6 d2e1 e6b3 c2c1 a6d6 c1b1 b3c2 b1b5 c2a4 b5b1 a4c6 g3f3 d8d7
Warning; Bestmove does not match beginning of last PV - move f5f3 from SF_2300
Info; info depth 9 seldepth 13 multipv 1 score cp 158 nodes 14376 nps 684571 hashfull 41 tbhits 0 time 21 pv e3c2 d3g3 c2b4 g3g5 b4c6 d6c6 f5f3
Position; fen rnbqkbnr/ppppp1pp/5p2/8/8/1P6/P1PPPPPP/RNBQKBNR w KQkq - 0 1
Moves; e2e4 e7e6 b1c3 b8c6 g1f3 d7d5 f1b5 a7a6 b5c6 b7c6 e1g1 d5d4 c3b1 e6e5 b1a3 c8e6 f3e1 g8h6 a3c4 h6f7 d1e2 f7d6 c4a5 d8b8 d2d3 b8b5 c1d2 e8c8 b3b4 g7g5 a2a4 b5b6 c2c4 d4c3 d2c3 h7h5 c3d2 c6c5 b4c5 b6c5 e1f3 g5g4 f1c1 c5b6 a1b1 g4f3 e2f3 d6b5 a4b5 e6g4 a5c4 b6e6 f3g3 f8c5 c4e3 c5a3 c1c2 d8d3 b5a6 e6a6 b1a1 h8d8 h2h3 g4e6 d2e1 e6b3 c2c1 a6d6 c1b1 b3c2 b1b5 c2a4 b5b1 a4c6 g3f3 d8d7 f3f5 a3c5
Warning; Bestmove does not match beginning of last PV - move f3h5 from SF_2300
Info; info depth 14 seldepth 19 multipv 1 score cp 60 nodes 204321 nps 737620 hashfull 57 tbhits 0 time 277 pv a1a3 d3a3 f3h5 a3e3 f2e3 d4e4 h5e8 d7d8 c1c7 c8c7 e1a5 c7d6 e8d8 d6e6 d8g8 e6d6 a5d8
Position; fen rnbqkbnr/ppppp1pp/5p2/8/8/1P6/P1PPPPPP/RNBQKBNR w KQkq - 0 1
Moves; e2e4 e7e6 b1c3 b8c6 g1f3 d7d5 f1b5 a7a6 b5c6 b7c6 e1g1 d5d4 c3b1 e6e5 b1a3 c8e6 f3e1 g8h6 a3c4 h6f7 d1e2 f7d6 c4a5 d8b8 d2d3 b8b5 c1d2 e8c8 b3b4 g7g5 a2a4 b5b6 c2c4 d4c3 d2c3 h7h5 c3d2 c6c5 b4c5 b6c5 e1f3 g5g4 f1c1 c5b6 a1b1 g4f3 e2f3 d6b5 a4b5 e6g4 a5c4 b6e6 f3g3 f8c5 c4e3 c5a3 c1c2 d8d3 b5a6 e6a6 b1a1 h8d8 h2h3 g4e6 d2e1 e6b3 c2c1 a6d6 c1b1 b3c2 b1b5 c2a4 b5b1 a4c6 g3f3 d8d7 f3f5 a3c5 f5f3 d6d4 b1c1 c6b7 g1h2 c5a3
Warning; Bestmove does not match beginning of last PV - move h5e8 from SF_2300
Info; info depth 14 seldepth 29 multipv 1 score cp -51 nodes 107490 nps 721409 hashfull 57 tbhits 0 time 149 pv a1c1 d4e4 e1a5 e4f4 h2g1 d7e7 c1c4 f4g5 h5g5 f6g5 a5c3 e7e6 c4c5 d3d6 e3g4 d6d1 g1h2 d1c1
Position; fen rnbqkbnr/ppppp1pp/5p2/8/8/1P6/P1PPPPPP/RNBQKBNR w KQkq - 0 1
Moves; e2e4 e7e6 b1c3 b8c6 g1f3 d7d5 f1b5 a7a6 b5c6 b7c6 e1g1 d5d4 c3b1 e6e5 b1a3 c8e6 f3e1 g8h6 a3c4 h6f7 d1e2 f7d6 c4a5 d8b8 d2d3 b8b5 c1d2 e8c8 b3b4 g7g5 a2a4 b5b6 c2c4 d4c3 d2c3 h7h5 c3d2 c6c5 b4c5 b6c5 e1f3 g5g4 f1c1 c5b6 a1b1 g4f3 e2f3 d6b5 a4b5 e6g4 a5c4 b6e6 f3g3 f8c5 c4e3 c5a3 c1c2 d8d3 b5a6 e6a6 b1a1 h8d8 h2h3 g4e6 d2e1 e6b3 c2c1 a6d6 c1b1 b3c2 b1b5 c2a4 b5b1 a4c6 g3f3 d8d7 f3f5 a3c5 f5f3 d6d4 b1c1 c6b7 g1h2 c5a3 f3h5 a3c1
Warning; Bestmove does not match beginning of last PV - move e1c3 from SF_2300
Info; info depth 14 seldepth 28 multipv 1 score cp -184 nodes 129213 nps 571738 hashfull 47 tbhits 0 time 226 pv c5b5 b7c8 b5a5 e4b7 e1b4 d6b6 b4c5 b6a6 a5a6 b7a6 c5b4
Position; fen rnbqkbnr/ppppp1pp/5p2/8/8/1P6/P1PPPPPP/RNBQKBNR w KQkq - 0 1
Moves; e2e4 e7e6 b1c3 b8c6 g1f3 d7d5 f1b5 a7a6 b5c6 b7c6 e1g1 d5d4 c3b1 e6e5 b1a3 c8e6 f3e1 g8h6 a3c4 h6f7 d1e2 f7d6 c4a5 d8b8 d2d3 b8b5 c1d2 e8c8 b3b4 g7g5 a2a4 b5b6 c2c4 d4c3 d2c3 h7h5 c3d2 c6c5 b4c5 b6c5 e1f3 g5g4 f1c1 c5b6 a1b1 g4f3 e2f3 d6b5 a4b5 e6g4 a5c4 b6e6 f3g3 f8c5 c4e3 c5a3 c1c2 d8d3 b5a6 e6a6 b1a1 h8d8 h2h3 g4e6 d2e1 e6b3 c2c1 a6d6 c1b1 b3c2 b1b5 c2a4 b5b1 a4c6 g3f3 d8d7 f3f5 a3c5 f5f3 d6d4 b1c1 c6b7 g1h2 c5a3 f3h5 a3c1 h5e8 d7d8 e8e6 d4d7 e6d7 d8d7 a1c1 b7e4 e3g4 d3d6 c1c5 c8b7
Warning; Bestmove does not match beginning of last PV - move c3b4 from SF_2300
Info; info depth 11 seldepth 16 multipv 1 score cp -175 nodes 36781 nps 583825 hashfull 14 tbhits 0 time 63 pv f2f3 e4c6 c3e1 c6d7 g4e3 d6c6 c5c6 b7c6 g2g4 c6d6
Position; fen rnbqkbnr/ppppp1pp/5p2/8/8/1P6/P1PPPPPP/RNBQKBNR w KQkq - 0 1
Moves; e2e4 e7e6 b1c3 b8c6 g1f3 d7d5 f1b5 a7a6 b5c6 b7c6 e1g1 d5d4 c3b1 e6e5 b1a3 c8e6 f3e1 g8h6 a3c4 h6f7 d1e2 f7d6 c4a5 d8b8 d2d3 b8b5 c1d2 e8c8 b3b4 g7g5 a2a4 b5b6 c2c4 d4c3 d2c3 h7h5 c3d2 c6c5 b4c5 b6c5 e1f3 g5g4 f1c1 c5b6 a1b1 g4f3 e2f3 d6b5 a4b5 e6g4 a5c4 b6e6 f3g3 f8c5 c4e3 c5a3 c1c2 d8d3 b5a6 e6a6 b1a1 h8d8 h2h3 g4e6 d2e1 e6b3 c2c1 a6d6 c1b1 b3c2 b1b5 c2a4 b5b1 a4c6 g3f3 d8d7 f3f5 a3c5 f5f3 d6d4 b1c1 c6b7 g1h2 c5a3 f3h5 a3c1 h5e8 d7d8 e8e6 d4d7 e6d7 d8d7 a1c1 b7e4 e3g4 d3d6 c1c5 c8b7 e1c3 d7f7
Warning; Bestmove does not match beginning of last PV - move h3h4 from SF_2300
Info; info depth 10 seldepth 16 multipv 1 score cp -209 nodes 18167 nps 626448 hashfull 8 tbhits 0 time 29 pv f2f3 c6c5 b4c5 e4g6 c5f2 g6h5 g4e3 b7c6 g2g4 h5g6 h3h4
Position; fen rnbqkbnr/ppppp1pp/5p2/8/8/1P6/P1PPPPPP/RNBQKBNR w KQkq - 0 1
Moves; e2e4 e7e6 b1c3 b8c6 g1f3 d7d5 f1b5 a7a6 b5c6 b7c6 e1g1 d5d4 c3b1 e6e5 b1a3 c8e6 f3e1 g8h6 a3c4 h6f7 d1e2 f7d6 c4a5 d8b8 d2d3 b8b5 c1d2 e8c8 b3b4 g7g5 a2a4 b5b6 c2c4 d4c3 d2c3 h7h5 c3d2 c6c5 b4c5 b6c5 e1f3 g5g4 f1c1 c5b6 a1b1 g4f3 e2f3 d6b5 a4b5 e6g4 a5c4 b6e6 f3g3 f8c5 c4e3 c5a3 c1c2 d8d3 b5a6 e6a6 b1a1 h8d8 h2h3 g4e6 d2e1 e6b3 c2c1 a6d6 c1b1 b3c2 b1b5 c2a4 b5b1 a4c6 g3f3 d8d7 f3f5 a3c5 f5f3 d6d4 b1c1 c6b7 g1h2 c5a3 f3h5 a3c1 h5e8 d7d8 e8e6 d4d7 e6d7 d8d7 a1c1 b7e4 e3g4 d3d6 c1c5 c8b7 e1c3 d7f7 c3b4 d6c6
Warning; Bestmove does not match beginning of last PV - move c5b4 from SF_2300
Info; info depth 13 seldepth 18 multipv 1 score cp -275 nodes 38327 nps 649610 hashfull 14 tbhits 0 time 59 pv c5a3 c6d5 f2f3 e4g6 g4e3 d5d4 e3d1 c7c5 g2g4 g6h7 a3b2 d4d3
Position; fen rnbqkbnr/ppppp1pp/5p2/8/8/1P6/P1PPPPPP/RNBQKBNR w KQkq - 0 1
Moves; e2e4 e7e6 b1c3 b8c6 g1f3 d7d5 f1b5 a7a6 b5c6 b7c6 e1g1 d5d4 c3b1 e6e5 b1a3 c8e6 f3e1 g8h6 a3c4 h6f7 d1e2 f7d6 c4a5 d8b8 d2d3 b8b5 c1d2 e8c8 b3b4 g7g5 a2a4 b5b6 c2c4 d4c3 d2c3 h7h5 c3d2 c6c5 b4c5 b6c5 e1f3 g5g4 f1c1 c5b6 a1b1 g4f3 e2f3 d6b5 a4b5 e6g4 a5c4 b6e6 f3g3 f8c5 c4e3 c5a3 c1c2 d8d3 b5a6 e6a6 b1a1 h8d8 h2h3 g4e6 d2e1 e6b3 c2c1 a6d6 c1b1 b3c2 b1b5 c2a4 b5b1 a4c6 g3f3 d8d7 f3f5 a3c5 f5f3 d6d4 b1c1 c6b7 g1h2 c5a3 f3h5 a3c1 h5e8 d7d8 e8e6 d4d7 e6d7 d8d7 a1c1 b7e4 e3g4 d3d6 c1c5 c8b7 e1c3 d7f7 c3b4 d6c6 h3h4 c6c5 b4c5 b7c6
Warning; Bestmove does not match beginning of last PV - move b4a3 from SF_2300
Info; info depth 11 seldepth 20 multipv 1 score cp -248 nodes 32306 nps 609547 hashfull 10 tbhits 0 time 53 pv g2g4 c7c5 b4a5 c5c4 a5b6 d4c3 h2g3 c3b3 f2f4 c4c3
Position; fen rnbqkbnr/ppppp1pp/5p2/8/8/1P6/P1PPPPPP/RNBQKBNR w KQkq - 0 1
Moves; e2e4 e7e6 b1c3 b8c6 g1f3 d7d5 f1b5 a7a6 b5c6 b7c6 e1g1 d5d4 c3b1 e6e5 b1a3 c8e6 f3e1 g8h6 a3c4 h6f7 d1e2 f7d6 c4a5 d8b8 d2d3 b8b5 c1d2 e8c8 b3b4 g7g5 a2a4 b5b6 c2c4 d4c3 d2c3 h7h5 c3d2 c6c5 b4c5 b6c5 e1f3 g5g4 f1c1 c5b6 a1b1 g4f3 e2f3 d6b5 a4b5 e6g4 a5c4 b6e6 f3g3 f8c5 c4e3 c5a3 c1c2 d8d3 b5a6 e6a6 b1a1 h8d8 h2h3 g4e6 d2e1 e6b3 c2c1 a6d6 c1b1 b3c2 b1b5 c2a4 b5b1 a4c6 g3f3 d8d7 f3f5 a3c5 f5f3 d6d4 b1c1 c6b7 g1h2 c5a3 f3h5 a3c1 h5e8 d7d8 e8e6 d4d7 e6d7 d8d7 a1c1 b7e4 e3g4 d3d6 c1c5 c8b7 e1c3 d7f7 c3b4 d6c6 h3h4 c6c5 b4c5 b7c6 c5b4 e4d3 h4h5 c6d5 g4e3 d5d4
Warning; Bestmove does not match beginning of last PV - move h5h6 from SF_2300
Info; info depth 11 seldepth 15 multipv 1 score cp -199 nodes 36806 nps 681592 hashfull 12 tbhits 0 time 54 pv h2h3 c7c5 a3b2 d4e4 h3h4 f7b7 b2c3 d3e2 h5h6
Position; fen rnbqkbnr/ppppp1pp/5p2/8/8/1P6/P1PPPPPP/RNBQKBNR w KQkq - 0 1
Moves; e2e4 e7e6 b1c3 b8c6 g1f3 d7d5 f1b5 a7a6 b5c6 b7c6 e1g1 d5d4 c3b1 e6e5 b1a3 c8e6 f3e1 g8h6 a3c4 h6f7 d1e2 f7d6 c4a5 d8b8 d2d3 b8b5 c1d2 e8c8 b3b4 g7g5 a2a4 b5b6 c2c4 d4c3 d2c3 h7h5 c3d2 c6c5 b4c5 b6c5 e1f3 g5g4 f1c1 c5b6 a1b1 g4f3 e2f3 d6b5 a4b5 e6g4 a5c4 b6e6 f3g3 f8c5 c4e3 c5a3 c1c2 d8d3 b5a6 e6a6 b1a1 h8d8 h2h3 g4e6 d2e1 e6b3 c2c1 a6d6 c1b1 b3c2 b1b5 c2a4 b5b1 a4c6 g3f3 d8d7 f3f5 a3c5 f5f3 d6d4 b1c1 c6b7 g1h2 c5a3 f3h5 a3c1 h5e8 d7d8 e8e6 d4d7 e6d7 d8d7 a1c1 b7e4 e3g4 d3d6 c1c5 c8b7 e1c3 d7f7 c3b4 d6c6 h3h4 c6c5 b4c5 b7c6 c5b4 e4d3 h4h5 c6d5 g4e3 d5d4 b4a3 f6f5
Warning; Bestmove does not match beginning of last PV - move g2g3 from SF_2300
Info; info depth 11 seldepth 14 multipv 1 score cp -223 nodes 38998 nps 722185 hashfull 14 tbhits 0 time 54 pv g2g4 f5f4 e3g2 f7a7 a3f8 a7a2 g2h4 a2f2 h2g1 f2b2 h4f5 d4d5
Position; fen rnbqkbnr/ppppp1pp/5p2/8/8/1P6/P1PPPPPP/RNBQKBNR w KQkq - 0 1
Moves; e2e4 e7e6 b1c3 b8c6 g1f3 d7d5 f1b5 a7a6 b5c6 b7c6 e1g1 d5d4 c3b1 e6e5 b1a3 c8e6 f3e1 g8h6 a3c4 h6f7 d1e2 f7d6 c4a5 d8b8 d2d3 b8b5 c1d2 e8c8 b3b4 g7g5 a2a4 b5b6 c2c4 d4c3 d2c3 h7h5 c3d2 c6c5 b4c5 b6c5 e1f3 g5g4 f1c1 c5b6 a1b1 g4f3 e2f3 d6b5 a4b5 e6g4 a5c4 b6e6 f3g3 f8c5 c4e3 c5a3 c1c2 d8d3 b5a6 e6a6 b1a1 h8d8 h2h3 g4e6 d2e1 e6b3 c2c1 a6d6 c1b1 b3c2 b1b5 c2a4 b5b1 a4c6 g3f3 d8d7 f3f5 a3c5 f5f3 d6d4 b1c1 c6b7 g1h2 c5a3 f3h5 a3c1 h5e8 d7d8 e8e6 d4d7 e6d7 d8d7 a1c1 b7e4 e3g4 d3d6 c1c5 c8b7 e1c3 d7f7 c3b4 d6c6 h3h4 c6c5 b4c5 b7c6 c5b4 e4d3 h4h5 c6d5 g4e3 d5d4 b4a3 f6f5 h5h6 c7c6
Warning; Bestmove does not match beginning of last PV - move h6h7 from SF_2300
Info; info depth 13 seldepth 22 multipv 1 score cp -472 nodes 72615 nps 1481938 hashfull 29 tbhits 0 time 49 pv f2f3 e4d5 b2c1 f6f8 g2h3 d5e6 f3f4 c4f1 h3h4 f1e2 h4g5 f8g8 g5h4 e2d3 f4e5
Position; fen rnbqkbnr/ppppp1pp/5p2/8/8/1P6/P1PPPPPP/RNBQKBNR w KQkq - 0 1
Moves; e2e4 e7e6 b1c3 b8c6 g1f3 d7d5 f1b5 a7a6 b5c6 b7c6 e1g1 d5d4 c3b1 e6e5 b1a3 c8e6 f3e1 g8h6 a3c4 h6f7 d1e2 f7d6 c4a5 d8b8 d2d3 b8b5 c1d2 e8c8 b3b4 g7g5 a2a4 b5b6 c2c4 d4c3 d2c3 h7h5 c3d2 c6c5 b4c5 b6c5 e1f3 g5g4 f1c1 c5b6 a1b1 g4f3 e2f3 d6b5 a4b5 e6g4 a5c4 b6e6 f3g3 f8c5 c4e3 c5a3 c1c2 d8d3 b5a6 e6a6 b1a1 h8d8 h2h3 g4e6 d2e1 e6b3 c2c1 a6d6 c1b1 b3c2 b1b5 c2a4 b5b1 a4c6 g3f3 d8d7 f3f5 a3c5 f5f3 d6d4 b1c1 c6b7 g1h2 c5a3 f3h5 a3c1 h5e8 d7d8 e8e6 d4d7 e6d7 d8d7 a1c1 b7e4 e3g4 d3d6 c1c5 c8b7 e1c3 d7f7 c3b4 d6c6 h3h4 c6c5 b4c5 b7c6 c5b4 e4d3 h4h5 c6d5 g4e3 d5d4 b4a3 f6f5 h5h6 c7c6 g2g3 f7f6 a3b2 d4e4 h2g2 d3e2 e3c4 e2c4
Warning; Bestmove does not match beginning of last PV - move g3g4 from SF_2300
Info; info depth 13 seldepth 17 multipv 1 score cp -549 nodes 62988 nps 1749666 hashfull 22 tbhits 0 time 36 pv g2g1 h6h7 f2f4 e4f3 b2c3
Position; fen rnbqkbnr/ppppp1pp/5p2/8/8/1P6/P1PPPPPP/RNBQKBNR w KQkq - 0 1
Moves; e2e4 e7e6 b1c3 b8c6 g1f3 d7d5 f1b5 a7a6 b5c6 b7c6 e1g1 d5d4 c3b1 e6e5 b1a3 c8e6 f3e1 g8h6 a3c4 h6f7 d1e2 f7d6 c4a5 d8b8 d2d3 b8b5 c1d2 e8c8 b3b4 g7g5 a2a4 b5b6 c2c4 d4c3 d2c3 h7h5 c3d2 c6c5 b4c5 b6c5 e1f3 g5g4 f1c1 c5b6 a1b1 g4f3 e2f3 d6b5 a4b5 e6g4 a5c4 b6e6 f3g3 f8c5 c4e3 c5a3 c1c2 d8d3 b5a6 e6a6 b1a1 h8d8 h2h3 g4e6 d2e1 e6b3 c2c1 a6d6 c1b1 b3c2 b1b5 c2a4 b5b1 a4c6 g3f3 d8d7 f3f5 a3c5 f5f3 d6d4 b1c1 c6b7 g1h2 c5a3 f3h5 a3c1 h5e8 d7d8 e8e6 d4d7 e6d7 d8d7 a1c1 b7e4 e3g4 d3d6 c1c5 c8b7 e1c3 d7f7 c3b4 d6c6 h3h4 c6c5 b4c5 b7c6 c5b4 e4d3 h4h5 c6d5 g4e3 d5d4 b4a3 f6f5 h5h6 c7c6 g2g3 f7f6 a3b2 d4e4 h2g2 d3e2 e3c4 e2c4 h6h7 f6h6
Warning; Bestmove does not match beginning of last PV - move h7h8q from SF_2300
Info; info depth 14 seldepth 18 multipv 1 score cp -602 nodes 74843 nps 2078972 hashfull 31 tbhits 0 time 36 pv g2g3 h6h7 g3g4 c4e2 g4g3 e2f1 b2e5 e4e5 f2f4 e5e4
Position; fen rnbqkbnr/ppppp1pp/5p2/8/8/1P6/P1PPPPPP/RNBQKBNR w KQkq - 0 1
Moves; e2e4 e7e6 b1c3 b8c6 g1f3 d7d5 f1b5 a7a6 b5c6 b7c6 e1g1 d5d4 c3b1 e6e5 b1a3 c8e6 f3e1 g8h6 a3c4 h6f7 d1e2 f7d6 c4a5 d8b8 d2d3 b8b5 c1d2 e8c8 b3b4 g7g5 a2a4 b5b6 c2c4 d4c3 d2c3 h7h5 c3d2 c6c5 b4c5 b6c5 e1f3 g5g4 f1c1 c5b6 a1b1 g4f3 e2f3 d6b5 a4b5 e6g4 a5c4 b6e6 f3g3 f8c5 c4e3 c5a3 c1c2 d8d3 b5a6 e6a6 b1a1 h8d8 h2h3 g4e6 d2e1 e6b3 c2c1 a6d6 c1b1 b3c2 b1b5 c2a4 b5b1 a4c6 g3f3 d8d7 f3f5 a3c5 f5f3 d6d4 b1c1 c6b7 g1h2 c5a3 f3h5 a3c1 h5e8 d7d8 e8e6 d4d7 e6d7 d8d7 a1c1 b7e4 e3g4 d3d6 c1c5 c8b7 e1c3 d7f7 c3b4 d6c6 h3h4 c6c5 b4c5 b7c6 c5b4 e4d3 h4h5 c6d5 g4e3 d5d4 b4a3 f6f5 h5h6 c7c6 g2g3 f7f6 a3b2 d4e4 h2g2 d3e2 e3c4 e2c4 h6h7 f6h6 g3g4 f5g4
Warning; Bestmove does not match beginning of last PV - move b2c3 from SF_2300
Info; info depth 14 seldepth 34 multipv 1 score cp -916 nodes 72024 nps 2057828 hashfull 28 tbhits 0 time 35 pv b2e5 e4e5 f2f3 c4d5 g2f2 d5f3 f2e3 h8h3 e3d3 g4g3 d3c2 e5f4 c2b1 h3h1 b1b2 h1f1 b2a3
Position; fen rnbqkbnr/ppppp1pp/5p2/8/8/1P6/P1PPPPPP/RNBQKBNR w KQkq - 0 1
Moves; e2e4 e7e6 b1c3 b8c6 g1f3 d7d5 f1b5 a7a6 b5c6 b7c6 e1g1 d5d4 c3b1 e6e5 b1a3 c8e6 f3e1 g8h6 a3c4 h6f7 d1e2 f7d6 c4a5 d8b8 d2d3 b8b5 c1d2 e8c8 b3b4 g7g5 a2a4 b5b6 c2c4 d4c3 d2c3 h7h5 c3d2 c6c5 b4c5 b6c5 e1f3 g5g4 f1c1 c5b6 a1b1 g4f3 e2f3 d6b5 a4b5 e6g4 a5c4 b6e6 f3g3 f8c5 c4e3 c5a3 c1c2 d8d3 b5a6 e6a6 b1a1 h8d8 h2h3 g4e6 d2e1 e6b3 c2c1 a6d6 c1b1 b3c2 b1b5 c2a4 b5b1 a4c6 g3f3 d8d7 f3f5 a3c5 f5f3 d6d4 b1c1 c6b7 g1h2 c5a3 f3h5 a3c1 h5e8 d7d8 e8e6 d4d7 e6d7 d8d7 a1c1 b7e4 e3g4 d3d6 c1c5 c8b7 e1c3 d7f7 c3b4 d6c6 h3h4 c6c5 b4c5 b7c6 c5b4 e4d3 h4h5 c6d5 g4e3 d5d4 b4a3 f6f5 h5h6 c7c6 g2g3 f7f6 a3b2 d4e4 h2g2 d3e2 e3c4 e2c4 h6h7 f6h6 g3g4 f5g4 h7h8q h6h8
Warning; Bestmove does not match beginning of last PV - move g2f2 from SF_2300
Info; info depth 32 seldepth 15 multipv 1 score mate -7 nodes 17355 nps 1928333 hashfull 19 tbhits 0 time 9 pv g2g3 h8g8 g3f2 g8g2 f2e1 e2d3 c3a5 f3f2 e1d2 f2f1q d2c3 f1b1 a5d8 b1b2
Position; fen rnbqkbnr/ppppp1pp/5p2/8/8/1P6/P1PPPPPP/RNBQKBNR w KQkq - 0 1
Moves; e2e4 e7e6 b1c3 b8c6 g1f3 d7d5 f1b5 a7a6 b5c6 b7c6 e1g1 d5d4 c3b1 e6e5 b1a3 c8e6 f3e1 g8h6 a3c4 h6f7 d1e2 f7d6 c4a5 d8b8 d2d3 b8b5 c1d2 e8c8 b3b4 g7g5 a2a4 b5b6 c2c4 d4c3 d2c3 h7h5 c3d2 c6c5 b4c5 b6c5 e1f3 g5g4 f1c1 c5b6 a1b1 g4f3 e2f3 d6b5 a4b5 e6g4 a5c4 b6e6 f3g3 f8c5 c4e3 c5a3 c1c2 d8d3 b5a6 e6a6 b1a1 h8d8 h2h3 g4e6 d2e1 e6b3 c2c1 a6d6 c1b1 b3c2 b1b5 c2a4 b5b1 a4c6 g3f3 d8d7 f3f5 a3c5 f5f3 d6d4 b1c1 c6b7 g1h2 c5a3 f3h5 a3c1 h5e8 d7d8 e8e6 d4d7 e6d7 d8d7 a1c1 b7e4 e3g4 d3d6 c1c5 c8b7 e1c3 d7f7 c3b4 d6c6 h3h4 c6c5 b4c5 b7c6 c5b4 e4d3 h4h5 c6d5 g4e3 d5d4 b4a3 f6f5 h5h6 c7c6 g2g3 f7f6 a3b2 d4e4 h2g2 d3e2 e3c4 e2c4 h6h7 f6h6 g3g4 f5g4 h7h8q h6h8 b2c3 c4e2 f2f3 g4f3
Warning; Bestmove does not match beginning of last PV - move f2g1 from SF_2300
Info; info depth 32 seldepth 11 multipv 1 score mate -5 nodes 17702 nps 2212750 hashfull 9 tbhits 0 time 8 pv f2e1 e2d3 c3b4 f3f2 e1d2 f2f1q d2c3 f1b1 b4c5 b1b2
Position; fen rnbqkbnr/ppppp1pp/5p2/8/8/1P6/P1PPPPPP/RNBQKBNR w KQkq - 0 1
Moves; e2e4 e7e6 b1c3 b8c6 g1f3 d7d5 f1b5 a7a6 b5c6 b7c6 e1g1 d5d4 c3b1 e6e5 b1a3 c8e6 f3e1 g8h6 a3c4 h6f7 d1e2 f7d6 c4a5 d8b8 d2d3 b8b5 c1d2 e8c8 b3b4 g7g5 a2a4 b5b6 c2c4 d4c3 d2c3 h7h5 c3d2 c6c5 b4c5 b6c5 e1f3 g5g4 f1c1 c5b6 a1b1 g4f3 e2f3 d6b5 a4b5 e6g4 a5c4 b6e6 f3g3 f8c5 c4e3 c5a3 c1c2 d8d3 b5a6 e6a6 b1a1 h8d8 h2h3 g4e6 d2e1 e6b3 c2c1 a6d6 c1b1 b3c2 b1b5 c2a4 b5b1 a4c6 g3f3 d8d7 f3f5 a3c5 f5f3 d6d4 b1c1 c6b7 g1h2 c5a3 f3h5 a3c1 h5e8 d7d8 e8e6 d4d7 e6d7 d8d7 a1c1 b7e4 e3g4 d3d6 c1c5 c8b7 e1c3 d7f7 c3b4 d6c6 h3h4 c6c5 b4c5 b7c6 c5b4 e4d3 h4h5 c6d5 g4e3 d5d4 b4a3 f6f5 h5h6 c7c6 g2g3 f7f6 a3b2 d4e4 h2g2 d3e2 e3c4 e2c4 h6h7 f6h6 g3g4 f5g4 h7h8q h6h8 b2c3 c4e2 f2f3 g4f3 g2f2 h8h2
Warning; Bestmove does not match beginning of last PV - move g2h2 from SF_2300
Info; info depth 121 seldepth 7 multipv 1 score mate -3 nodes 53735 nps 6716875 hashfull 15 tbhits 0 time 8 pv g2g3 e2f3 g3h4 f1g2 c3e5 g2g4
Position; fen rnbqkbnr/ppppp1pp/5p2/8/8/1P6/P1PPPPPP/RNBQKBNR w KQkq - 0 1
Moves; e2e4 e7e6 b1c3 b8c6 g1f3 d7d5 f1b5 a7a6 b5c6 b7c6 e1g1 d5d4 c3b1 e6e5 b1a3 c8e6 f3e1 g8h6 a3c4 h6f7 d1e2 f7d6 c4a5 d8b8 d2d3 b8b5 c1d2 e8c8 b3b4 g7g5 a2a4 b5b6 c2c4 d4c3 d2c3 h7h5 c3d2 c6c5 b4c5 b6c5 e1f3 g5g4 f1c1 c5b6 a1b1 g4f3 e2f3 d6b5 a4b5 e6g4 a5c4 b6e6 f3g3 f8c5 c4e3 c5a3 c1c2 d8d3 b5a6 e6a6 b1a1 h8d8 h2h3 g4e6 d2e1 e6b3 c2c1 a6d6 c1b1 b3c2 b1b5 c2a4 b5b1 a4c6 g3f3 d8d7 f3f5 a3c5 f5f3 d6d4 b1c1 c6b7 g1h2 c5a3 f3h5 a3c1 h5e8 d7d8 e8e6 d4d7 e6d7 d8d7 a1c1 b7e4 e3g4 d3d6 c1c5 c8b7 e1c3 d7f7 c3b4 d6c6 h3h4 c6c5 b4c5 b7c6 c5b4 e4d3 h4h5 c6d5 g4e3 d5d4 b4a3 f6f5 h5h6 c7c6 g2g3 f7f6 a3b2 d4e4 h2g2 d3e2 e3c4 e2c4 h6h7 f6h6 g3g4 f5g4 h7h8q h6h8 b2c3 c4e2 f2f3 g4f3 g2f2 h8h2 f2g1 h2g2 g1h1 f3f2 h1g2 f2f1q
Warning; Bestmove does not match beginning of last PV - move h2h1 from SF_2300
Info; info depth 245 seldepth 5 multipv 1 score mate -2 nodes 16222 nps 5407333 hashfull 72 tbhits 0 time 3 pv h2h3 e4f3 c3e5 e2f1
Position; fen rnbqkbnr/ppppp1pp/5p2/8/8/1P6/P1PPPPPP/RNBQKBNR w KQkq - 0 1
Moves; e2e4 e7e6 b1c3 b8c6 g1f3 d7d5 f1b5 a7a6 b5c6 b7c6 e1g1 d5d4 c3b1 e6e5 b1a3 c8e6 f3e1 g8h6 a3c4 h6f7 d1e2 f7d6 c4a5 d8b8 d2d3 b8b5 c1d2 e8c8 b3b4 g7g5 a2a4 b5b6 c2c4 d4c3 d2c3 h7h5 c3d2 c6c5 b4c5 b6c5 e1f3 g5g4 f1c1 c5b6 a1b1 g4f3 e2f3 d6b5 a4b5 e6g4 a5c4 b6e6 f3g3 f8c5 c4e3 c5a3 c1c2 d8d3 b5a6 e6a6 b1a1 h8d8 h2h3 g4e6 d2e1 e6b3 c2c1 a6d6 c1b1 b3c2 b1b5 c2a4 b5b1 a4c6 g3f3 d8d7 f3f5 a3c5 f5f3 d6d4 b1c1 c6b7 g1h2 c5a3 f3h5 a3c1 h5e8 d7d8 e8e6 d4d7 e6d7 d8d7 a1c1 b7e4 e3g4 d3d6 c1c5 c8b7 e1c3 d7f7 c3b4 d6c6 h3h4 c6c5 b4c5 b7c6 c5b4 e4d3 h4h5 c6d5 g4e3 d5d4 b4a3 f6f5 h5h6 c7c6 g2g3 f7f6 a3b2 d4e4 h2g2 d3e2 e3c4 e2c4 h6h7 f6h6 g3g4 f5g4 h7h8q h6h8 b2c3 c4e2 f2f3 g4f3 g2f2 h8h2 f2g1 h2g2 g1h1 f3f2 h1g2 f2f1q g2h2 f1f2
Warning; Bestmove does not match beginning of last PV - move h1g1 from SF_2300
Info; info depth 245 seldepth 5 multipv 1 score mate -2 nodes 24901 nps 4980200 hashfull 39 tbhits 0 time 5 pv h1h2 e2f1 c3e5 f3g2
Position; fen rnbqkbnr/ppppp1pp/5p2/8/8/1P6/P1PPPPPP/RNBQKBNR w KQkq - 0 1
Moves; e2e4 e7e6 b1c3 b8c6 g1f3 d7d5 f1b5 a7a6 b5c6 b7c6 e1g1 d5d4 c3b1 e6e5 b1a3 c8e6 f3e1 g8h6 a3c4 h6f7 d1e2 f7d6 c4a5 d8b8 d2d3 b8b5 c1d2 e8c8 b3b4 g7g5 a2a4 b5b6 c2c4 d4c3 d2c3 h7h5 c3d2 c6c5 b4c5 b6c5 e1f3 g5g4 f1c1 c5b6 a1b1 g4f3 e2f3 d6b5 a4b5 e6g4 a5c4 b6e6 f3g3 f8c5 c4e3 c5a3 c1c2 d8d3 b5a6 e6a6 b1a1 h8d8 h2h3 g4e6 d2e1 e6b3 c2c1 a6d6 c1b1 b3c2 b1b5 c2a4 b5b1 a4c6 g3f3 d8d7 f3f5 a3c5 f5f3 d6d4 b1c1 c6b7 g1h2 c5a3 f3h5 a3c1 h5e8 d7d8 e8e6 d4d7 e6d7 d8d7 a1c1 b7e4 e3g4 d3d6 c1c5 c8b7 e1c3 d7f7 c3b4 d6c6 h3h4 c6c5 b4c5 b7c6 c5b4 e4d3 h4h5 c6d5 g4e3 d5d4 b4a3 f6f5 h5h6 c7c6 g2g3 f7f6 a3b2 d4e4 h2g2 d3e2 e3c4 e2c4 h6h7 f6h6 g3g4 f5g4 h7h8q h6h8 b2c3 c4e2 f2f3 g4f3 g2f2 h8h2 f2g1 h2g2 g1h1 f3f2 h1g2 f2f1q g2h2 f1f2 h2h1 f2f3
Finished game 8 (SF_2300 vs HiveChess): 0-1 {Black mates}
Started game 9 of 10 (HiveChess vs SF_2400)
Warning; Bestmove does not match beginning of last PV - move b8c6 from SF_2400
Info; info depth 13 seldepth 26 multipv 1 score cp -76 nodes 188189 nps 426732 hashfull 63 tbhits 0 time 441 pv e7e5 b1c3 b8c6 f2f4 f8c5 c1b2 d7d6 d1h5 g7g6 h5h4 f6f5 h4d8 e8d8 f4e5 d6e5 e1c1 g8f6 g1f3 h8f8 f1c4 c8d7 e4f5 g6f5
Position; fen rnbqkbnr/ppppp1pp/5p2/8/8/1P6/P1PPPPPP/RNBQKBNR w KQkq - 0 1
Moves; e2e4
Warning; Bestmove does not match beginning of last PV - move a7a6 from SF_2400
Info; info depth 12 seldepth 21 multipv 1 score cp -62 nodes 158135 nps 409676 hashfull 56 tbhits 0 time 386 pv f8c5 c3a4 c5f8 c1b2 d7d5 e4d5 d8d5 a4c3 d5c5 f1c4
Position; fen rnbqkbnr/ppppp1pp/5p2/8/8/1P6/P1PPPPPP/RNBQKBNR w KQkq - 0 1
Moves; e2e4 b8c6 b1c3 e7e5 g1f3
Warning; Bestmove does not match beginning of last PV - move g8e7 from SF_2400
Info; info depth 12 seldepth 14 multipv 1 score cp -47 nodes 62077 nps 466744 hashfull 20 tbhits 0 time 133 pv f8c5 c3d5 g8e7 d2d4 e5d4 f3d4 e7d5 e4d5 c6d4 b2d4 d7d6 d4c5
Position; fen rnbqkbnr/ppppp1pp/5p2/8/8/1P6/P1PPPPPP/RNBQKBNR w KQkq - 0 1
Moves; e2e4 b8c6 b1c3 e7e5 g1f3 a7a6 c1b2
Warning; Bestmove does not match beginning of last PV - move g7g6 from SF_2400
Info; info depth 11 seldepth 19 multipv 1 score cp -112 nodes 68418 nps 378000 hashfull 22 tbhits 0 time 181 pv d7d6 h2h3 g7g6 a2a4 f8h6 f1c4 c6a5 c4e2 e8g8 h3h4 c8g4 d4d5 g8g7
Position; fen rnbqkbnr/ppppp1pp/5p2/8/8/1P6/P1PPPPPP/RNBQKBNR w KQkq - 0 1
Moves; e2e4 b8c6 b1c3 e7e5 g1f3 a7a6 c1b2 g8e7 d2d4
Warning; Bestmove does not match beginning of last PV - move c6b8 from SF_2400
Info; info depth 15 seldepth 30 multipv 1 score cp -145 nodes 124849 nps 388937 hashfull 48 tbhits 0 time 321 pv c6a7 d5d6 c7d6 d1d6 e7c6 d6d2 d7d6 f1c4 b7b5 c4e2 h7h5 f3h4 c6e7 e1g1
Position; fen rnbqkbnr/ppppp1pp/5p2/8/8/1P6/P1PPPPPP/RNBQKBNR w KQkq - 0 1
Moves; e2e4 b8c6 b1c3 e7e5 g1f3 a7a6 c1b2 g8e7 d2d4 g7g6 d4d5
Warning; Bestmove does not match beginning of last PV - move b8d7 from SF_2400
Info; info depth 11 seldepth 15 multipv 1 score cp -54 nodes 62426 nps 459014 hashfull 19 tbhits 0 time 136 pv f8h6 d2d1 e8g8 b2c1 h6c1 a1c1 b8d7
Position; fen rnbqkbnr/ppppp1pp/5p2/8/8/1P6/P1PPPPPP/RNBQKBNR w KQkq - 0 1
Moves; e2e4 b8c6 b1c3 e7e5 g1f3 a7a6 c1b2 g8e7 d2d4 g7g6 d4d5 c6b8 d1d2 d7d6 f1e2 h7h5 e1g1
Warning; Bestmove does not match beginning of last PV - move e8f7 from SF_2400
Info; info depth 12 seldepth 20 multipv 1 score cp -38 nodes 120232 nps 458900 hashfull 37 tbhits 0 time 262 pv f6f5 e4f5 e7f5 c3e4 e8g8 c2c4 a6a5 a2a3 b7b6 b2c1 h6c1
Position; fen rnbqkbnr/ppppp1pp/5p2/8/8/1P6/P1PPPPPP/RNBQKBNR w KQkq - 0 1
Moves; e2e4 b8c6 b1c3 e7e5 g1f3 a7a6 c1b2 g8e7 d2d4 g7g6 d4d5 c6b8 d1d2 d7d6 f1e2 h7h5 e1g1 b8d7 b3b4 f8h6 d2d3
Warning; Bestmove does not match beginning of last PV - move f6f5 from SF_2400
Info; info depth 10 seldepth 15 multipv 1 score cp -16 nodes 91718 nps 430600 hashfull 30 tbhits 0 time 213 pv f7g8 a2a4 f6f5 a4a5 h8h7 c3a4 d7f6 c2c4 f6e4 d2e4 f5e4 d3e4
Position; fen rnbqkbnr/ppppp1pp/5p2/8/8/1P6/P1PPPPPP/RNBQKBNR w KQkq - 0 1
Moves; e2e4 b8c6 b1c3 e7e5 g1f3 a7a6 c1b2 g8e7 d2d4 g7g6 d4d5 c6b8 d1d2 d7d6 f1e2 h7h5 e1g1 b8d7 b3b4 f8h6 d2d3 e8f7 f3d2
Warning; Bestmove does not match beginning of last PV - move f7g7 from SF_2400
Info; info depth 11 seldepth 20 multipv 1 score cp 74 nodes 86880 nps 430099 hashfull 29 tbhits 0 time 202 pv h6d2 d1d2 f5f4 c3d1 g6g5 c2c4 a6a5
Position; fen rnbqkbnr/ppppp1pp/5p2/8/8/1P6/P1PPPPPP/RNBQKBNR w KQkq - 0 1
Moves; e2e4 b8c6 b1c3 e7e5 g1f3 a7a6 c1b2 g8e7 d2d4 g7g6 d4d5 c6b8 d1d2 d7d6 f1e2 h7h5 e1g1 b8d7 b3b4 f8h6 d2d3 e8f7 f3d2 f6f5 f1d1
Warning; Bestmove does not match beginning of last PV - move g7f7 from SF_2400
Info; info depth 13 seldepth 24 multipv 1 score cp 455 nodes 49815 nps 790714 hashfull 18 tbhits 0 time 63 pv g7h7 c6d8 e4f2 h1g1 f2d1 b2h8 a8d8 h8d4 h6e3 g1f1 d8f8 f1e1 e3d4 a1d1
Position; fen rnbqkbnr/ppppp1pp/5p2/8/8/1P6/P1PPPPPP/RNBQKBNR w KQkq - 0 1
Moves; e2e4 b8c6 b1c3 e7e5 g1f3 a7a6 c1b2 g8e7 d2d4 g7g6 d4d5 c6b8 d1d2 d7d6 f1e2 h7h5 e1g1 b8d7 b3b4 f8h6 d2d3 e8f7 f3d2 f6f5 f1d1 f7g7 d2f3 d7f6 g1h1 f5e4 c3e4 c8f5 f3e5 f5e4 d3e4 f6e4 e5c6
Warning; Bestmove does not match beginning of last PV - move a8d8 from SF_2400
Info; info depth 12 seldepth 12 multipv 1 score cp 375 nodes 11541 nps 607421 hashfull 3 tbhits 0 time 19 pv h8d8 d1e1 e4f2 h1g1 h6e3 e2a6 f2g4 e1e3 g4e3 a6d3
Position; fen rnbqkbnr/ppppp1pp/5p2/8/8/1P6/P1PPPPPP/RNBQKBNR w KQkq - 0 1
Moves; e2e4 b8c6 b1c3 e7e5 g1f3 a7a6 c1b2 g8e7 d2d4 g7g6 d4d5 c6b8 d1d2 d7d6 f1e2 h7h5 e1g1 b8d7 b3b4 f8h6 d2d3 e8f7 f3d2 f6f5 f1d1 f7g7 d2f3 d7f6 g1h1 f5e4 c3e4 c8f5 f3e5 f5e4 d3e4 f6e4 e5c6 g7f7 c6d8
Warning; Bestmove does not match beginning of last PV - move h8e8 from SF_2400
Info; info depth 11 seldepth 21 multipv 1 score cp 383 nodes 19286 nps 567235 hashfull 5 tbhits 0 time 34 pv h6g7 b2g7 f7g7 c2c4 d8e8
Position; fen rnbqkbnr/ppppp1pp/5p2/8/8/1P6/P1PPPPPP/RNBQKBNR w KQkq - 0 1
Moves; e2e4 b8c6 b1c3 e7e5 g1f3 a7a6 c1b2 g8e7 d2d4 g7g6 d4d5 c6b8 d1d2 d7d6 f1e2 h7h5 e1g1 b8d7 b3b4 f8h6 d2d3 e8f7 f3d2 f6f5 f1d1 f7g7 d2f3 d7f6 g1h1 f5e4 c3e4 c8f5 f3e5 f5e4 d3e4 f6e4 e5c6 g7f7 c6d8 a8d8 h1g1
Warning; Bestmove does not match beginning of last PV - move d8a8 from SF_2400
Info; info depth 11 seldepth 14 multipv 1 score cp 429 nodes 16512 nps 589714 hashfull 6 tbhits 0 time 28 pv d8b8 a2a4 e4c5 h2h3
Position; fen rnbqkbnr/ppppp1pp/5p2/8/8/1P6/P1PPPPPP/RNBQKBNR w KQkq - 0 1
Moves; e2e4 b8c6 b1c3 e7e5 g1f3 a7a6 c1b2 g8e7 d2d4 g7g6 d4d5 c6b8 d1d2 d7d6 f1e2 h7h5 e1g1 b8d7 b3b4 f8h6 d2d3 e8f7 f3d2 f6f5 f1d1 f7g7 d2f3 d7f6 g1h1 f5e4 c3e4 c8f5 f3e5 f5e4 d3e4 f6e4 e5c6 g7f7 c6d8 a8d8 h1g1 h8e8 b4b5
Warning; Bestmove does not match beginning of last PV - move a8b8 from SF_2400
Info; info depth 11 seldepth 13 multipv 1 score cp 397 nodes 13755 nps 655000 hashfull 2 tbhits 0 time 21 pv b7a6 d1e1 e4c5 b2d4 e7f5 d4c5 d6c5 d5d6 f5d6
Position; fen rnbqkbnr/ppppp1pp/5p2/8/8/1P6/P1PPPPPP/RNBQKBNR w KQkq - 0 1
Moves; e2e4 b8c6 b1c3 e7e5 g1f3 a7a6 c1b2 g8e7 d2d4 g7g6 d4d5 c6b8 d1d2 d7d6 f1e2 h7h5 e1g1 b8d7 b3b4 f8h6 d2d3 e8f7 f3d2 f6f5 f1d1 f7g7 d2f3 d7f6 g1h1 f5e4 c3e4 c8f5 f3e5 f5e4 d3e4 f6e4 e5c6 g7f7 c6d8 a8d8 h1g1 h8e8 b4b5 d8a8 b5a6
Warning; Bestmove does not match beginning of last PV - move e8g8 from SF_2400
Info; info depth 12 seldepth 22 multipv 1 score cp 304 nodes 29254 nps 531890 hashfull 11 tbhits 0 time 55 pv e8f8 d1d3 a8a7 a1e1 e4c5 d3f3 e7f5 b2d4 a7a5 f3f5 g6f5 d4c5
Position; fen rnbqkbnr/ppppp1pp/5p2/8/8/1P6/P1PPPPPP/RNBQKBNR w KQkq - 0 1
Moves; e2e4 b8c6 b1c3 e7e5 g1f3 a7a6 c1b2 g8e7 d2d4 g7g6 d4d5 c6b8 d1d2 d7d6 f1e2 h7h5 e1g1 b8d7 b3b4 f8h6 d2d3 e8f7 f3d2 f6f5 f1d1 f7g7 d2f3 d7f6 g1h1 f5e4 c3e4 c8f5 f3e5 f5e4 d3e4 f6e4 e5c6 g7f7 c6d8 a8d8 h1g1 h8e8 b4b5 d8a8 b5a6 a8b8 a6a7 b8a8 e2b5
Warning; Bestmove does not match beginning of last PV - move e4c5 from SF_2400
Info; info depth 13 seldepth 22 multipv 1 score cp 289 nodes 29827 nps 621395 hashfull 11 tbhits 0 time 48 pv h6g7 b2g7 f7g7 a1e1 e4c5 h2h3 g8f8 g2g4 f5d4 g4h5 g6h5 e1e7 g7f6 e7h7 f8g8 g1h2 d4b5 a3f3 f6e5
Position; fen rnbqkbnr/ppppp1pp/5p2/8/8/1P6/P1PPPPPP/RNBQKBNR w KQkq - 0 1
Moves; e2e4 b8c6 b1c3 e7e5 g1f3 a7a6 c1b2 g8e7 d2d4 g7g6 d4d5 c6b8 d1d2 d7d6 f1e2 h7h5 e1g1 b8d7 b3b4 f8h6 d2d3 e8f7 f3d2 f6f5 f1d1 f7g7 d2f3 d7f6 g1h1 f5e4 c3e4 c8f5 f3e5 f5e4 d3e4 f6e4 e5c6 g7f7 c6d8 a8d8 h1g1 h8e8 b4b5 d8a8 b5a6 a8b8 a6a7 b8a8 e2b5 e8g8 d1d3 e7f5 d3a3
Warning; Bestmove does not match beginning of last PV - move g8f8 from SF_2400
Info; info depth 11 seldepth 18 multipv 1 score cp 269 nodes 25464 nps 565866 hashfull 8 tbhits 0 time 45 pv h6g7 b2c1 f5d4 b5f1 g8e8 c1e3 b7b6 b1b4 d4c2 e3c5 d6c5
Position; fen rnbqkbnr/ppppp1pp/5p2/8/8/1P6/P1PPPPPP/RNBQKBNR w KQkq - 0 1
Moves; e2e4 b8c6 b1c3 e7e5 g1f3 a7a6 c1b2 g8e7 d2d4 g7g6 d4d5 c6b8 d1d2 d7d6 f1e2 h7h5 e1g1 b8d7 b3b4 f8h6 d2d3 e8f7 f3d2 f6f5 f1d1 f7g7 d2f3 d7f6 g1h1 f5e4 c3e4 c8f5 f3e5 f5e4 d3e4 f6e4 e5c6 g7f7 c6d8 a8d8 h1g1 h8e8 b4b5 d8a8 b5a6 a8b8 a6a7 b8a8 e2b5 e8g8 d1d3 e7f5 d3a3 e4c5 a1b1
Warning; Bestmove does not match beginning of last PV - move g7f6 from SF_2400
Info; info depth 12 seldepth 17 multipv 1 score cp 339 nodes 20644 nps 573444 hashfull 5 tbhits 0 time 36 pv f5e7 b2c1 e7c8 c1e3 g7f6 b5c4 f7g7 d1e1 a8a7 a3a7 c8a7
Position; fen rnbqkbnr/ppppp1pp/5p2/8/8/1P6/P1PPPPPP/RNBQKBNR w KQkq - 0 1
Moves; e2e4 b8c6 b1c3 e7e5 g1f3 a7a6 c1b2 g8e7 d2d4 g7g6 d4d5 c6b8 d1d2 d7d6 f1e2 h7h5 e1g1 b8d7 b3b4 f8h6 d2d3 e8f7 f3d2 f6f5 f1d1 f7g7 d2f3 d7f6 g1h1 f5e4 c3e4 c8f5 f3e5 f5e4 d3e4 f6e4 e5c6 g7f7 c6d8 a8d8 h1g1 h8e8 b4b5 d8a8 b5a6 a8b8 a6a7 b8a8 e2b5 e8g8 d1d3 e7f5 d3a3 e4c5 a1b1 g8f8 b1d1 h6g7 c2c3
Warning; Bestmove does not match beginning of last PV - move h5h4 from SF_2400
Info; info depth 9 seldepth 11 multipv 1 score cp 350 nodes 7915 nps 608846 hashfull 2 tbhits 0 time 13 pv e7c8 c1h6 f8h8 h6e3 a8a7 e3c5 d6c5 d5d6 a7a3
Position; fen rnbqkbnr/ppppp1pp/5p2/8/8/1P6/P1PPPPPP/RNBQKBNR w KQkq - 0 1
Moves; e2e4 b8c6 b1c3 e7e5 g1f3 a7a6 c1b2 g8e7 d2d4 g7g6 d4d5 c6b8 d1d2 d7d6 f1e2 h7h5 e1g1 b8d7 b3b4 f8h6 d2d3 e8f7 f3d2 f6f5 f1d1 f7g7 d2f3 d7f6 g1h1 f5e4 c3e4 c8f5 f3e5 f5e4 d3e4 f6e4 e5c6 g7f7 c6d8 a8d8 h1g1 h8e8 b4b5 d8a8 b5a6 a8b8 a6a7 b8a8 e2b5 e8g8 d1d3 e7f5 d3a3 e4c5 a1b1 g8f8 b1d1 h6g7 c2c3 g7f6 h2h3 f5e7 b2c1
Warning; Bestmove does not match beginning of last PV - move f8g8 from SF_2400
Info; info depth 11 seldepth 16 multipv 1 score cp 332 nodes 19807 nps 535324 hashfull 56 tbhits 0 time 37 pv f8d8 h6e3 f7g7 g2g4 h4g3 f2g3 e7c8 d1b1 a8a7
Position; fen rnbqkbnr/ppppp1pp/5p2/8/8/1P6/P1PPPPPP/RNBQKBNR w KQkq - 0 1
Moves; e2e4 b8c6 b1c3 e7e5 g1f3 a7a6 c1b2 g8e7 d2d4 g7g6 d4d5 c6b8 d1d2 d7d6 f1e2 h7h5 e1g1 b8d7 b3b4 f8h6 d2d3 e8f7 f3d2 f6f5 f1d1 f7g7 d2f3 d7f6 g1h1 f5e4 c3e4 c8f5 f3e5 f5e4 d3e4 f6e4 e5c6 g7f7 c6d8 a8d8 h1g1 h8e8 b4b5 d8a8 b5a6 a8b8 a6a7 b8a8 e2b5 e8g8 d1d3 e7f5 d3a3 e4c5 a1b1 g8f8 b1d1 h6g7 c2c3 g7f6 h2h3 f5e7 b2c1 h5h4 c1h6
Warning; Bestmove does not match beginning of last PV - move g8h8 from SF_2400
Info; info depth 12 seldepth 22 multipv 1 score cp 304 nodes 21182 nps 588388 hashfull 54 tbhits 0 time 36 pv g8d8 d1b1 f7g7 b5c4 f5e7 f4e3 b7b6 c4b5 e7c8 g2g4 h4g3
Position; fen rnbqkbnr/ppppp1pp/5p2/8/8/1P6/P1PPPPPP/RNBQKBNR w KQkq - 0 1
Moves; e2e4 b8c6 b1c3 e7e5 g1f3 a7a6 c1b2 g8e7 d2d4 g7g6 d4d5 c6b8 d1d2 d7d6 f1e2 h7h5 e1g1 b8d7 b3b4 f8h6 d2d3 e8f7 f3d2 f6f5 f1d1 f7g7 d2f3 d7f6 g1h1 f5e4 c3e4 c8f5 f3e5 f5e4 d3e4 f6e4 e5c6 g7f7 c6d8 a8d8 h1g1 h8e8 b4b5 d8a8 b5a6 a8b8 a6a7 b8a8 e2b5 e8g8 d1d3 e7f5 d3a3 e4c5 a1b1 g8f8 b1d1 h6g7 c2c3 g7f6 h2h3 f5e7 b2c1 h5h4 c1h6 f8g8 h6e3 e7f5 e3f4
Warning; Bestmove does not match beginning of last PV - move h8g8 from SF_2400
Info; info depth 13 seldepth 14 multipv 1 score cp 357 nodes 18226 nps 587935 hashfull 22 tbhits 0 time 31 pv h8d8 f4d2 f5e7 d2e3 e7c8 e3d4 d8f8 b5c4
Position; fen rnbqkbnr/ppppp1pp/5p2/8/8/1P6/P1PPPPPP/RNBQKBNR w KQkq - 0 1
Moves; e2e4 b8c6 b1c3 e7e5 g1f3 a7a6 c1b2 g8e7 d2d4 g7g6 d4d5 c6b8 d1d2 d7d6 f1e2 h7h5 e1g1 b8d7 b3b4 f8h6 d2d3 e8f7 f3d2 f6f5 f1d1 f7g7 d2f3 d7f6 g1h1 f5e4 c3e4 c8f5 f3e5 f5e4 d3e4 f6e4 e5c6 g7f7 c6d8 a8d8 h1g1 h8e8 b4b5 d8a8 b5a6 a8b8 a6a7 b8a8 e2b5 e8g8 d1d3 e7f5 d3a3 e4c5 a1b1 g8f8 b1d1 h6g7 c2c3 g7f6 h2h3 f5e7 b2c1 h5h4 c1h6 f8g8 h6e3 e7f5 e3f4 g8h8 d1e1 f7g7 f2f3
Warning; Bestmove does not match beginning of last PV - move g6g5 from SF_2400
Info; info depth 11 seldepth 17 multipv 1 score cp 344 nodes 15792 nps 607384 hashfull 48 tbhits 0 time 26 pv g8f8 f4d2 f5e7 e1b1 e7c8 d2e3 b7b6 e3c5 d6c5 d5d6 c7d6
Position; fen rnbqkbnr/ppppp1pp/5p2/8/8/1P6/P1PPPPPP/RNBQKBNR w KQkq - 0 1
Moves; e2e4 b8c6 b1c3 e7e5 g1f3 a7a6 c1b2 g8e7 d2d4 g7g6 d4d5 c6b8 d1d2 d7d6 f1e2 h7h5 e1g1 b8d7 b3b4 f8h6 d2d3 e8f7 f3d2 f6f5 f1d1 f7g7 d2f3 d7f6 g1h1 f5e4 c3e4 c8f5 f3e5 f5e4 d3e4 f6e4 e5c6 g7f7 c6d8 a8d8 h1g1 h8e8 b4b5 d8a8 b5a6 a8b8 a6a7 b8a8 e2b5 e8g8 d1d3 e7f5 d3a3 e4c5 a1b1 g8f8 b1d1 h6g7 c2c3 g7f6 h2h3 f5e7 b2c1 h5h4 c1h6 f8g8 h6e3 e7f5 e3f4 g8h8 d1e1 f7g7 f2f3 h8g8 b5c4
Warning; Bestmove does not match beginning of last PV - move g7g6 from SF_2400
Info; info depth 12 seldepth 16 multipv 1 score cp 320 nodes 16029 nps 593666 hashfull 18 tbhits 0 time 27 pv g8d8 f3f4 g5f4 a3a5 f5e3 a5c5 d6c5 d2e3 f4e3
Position; fen rnbqkbnr/ppppp1pp/5p2/8/8/1P6/P1PPPPPP/RNBQKBNR w KQkq - 0 1
Moves; e2e4 b8c6 b1c3 e7e5 g1f3 a7a6 c1b2 g8e7 d2d4 g7g6 d4d5 c6b8 d1d2 d7d6 f1e2 h7h5 e1g1 b8d7 b3b4 f8h6 d2d3 e8f7 f3d2 f6f5 f1d1 f7g7 d2f3 d7f6 g1h1 f5e4 c3e4 c8f5 f3e5 f5e4 d3e4 f6e4 e5c6 g7f7 c6d8 a8d8 h1g1 h8e8 b4b5 d8a8 b5a6 a8b8 a6a7 b8a8 e2b5 e8g8 d1d3 e7f5 d3a3 e4c5 a1b1 g8f8 b1d1 h6g7 c2c3 g7f6 h2h3 f5e7 b2c1 h5h4 c1h6 f8g8 h6e3 e7f5 e3f4 g8h8 d1e1 f7g7 f2f3 h8g8 b5c4 g6g5 f4d2
Warning; Bestmove does not match beginning of last PV - move f5g3 from SF_2400
Info; info depth 11 seldepth 19 multipv 1 score cp 319 nodes 14507 nps 630739 hashfull 11 tbhits 0 time 23 pv g5f4 d2f4 g8g7 c4b5 g7e7 e1e7 f5e7 c3c4 f6d4 g1h1
Position; fen rnbqkbnr/ppppp1pp/5p2/8/8/1P6/P1PPPPPP/RNBQKBNR w KQkq - 0 1
Moves; e2e4 b8c6 b1c3 e7e5 g1f3 a7a6 c1b2 g8e7 d2d4 g7g6 d4d5 c6b8 d1d2 d7d6 f1e2 h7h5 e1g1 b8d7 b3b4 f8h6 d2d3 e8f7 f3d2 f6f5 f1d1 f7g7 d2f3 d7f6 g1h1 f5e4 c3e4 c8f5 f3e5 f5e4 d3e4 f6e4 e5c6 g7f7 c6d8 a8d8 h1g1 h8e8 b4b5 d8a8 b5a6 a8b8 a6a7 b8a8 e2b5 e8g8 d1d3 e7f5 d3a3 e4c5 a1b1 g8f8 b1d1 h6g7 c2c3 g7f6 h2h3 f5e7 b2c1 h5h4 c1h6 f8g8 h6e3 e7f5 e3f4 g8h8 d1e1 f7g7 f2f3 h8g8 b5c4 g6g5 f4d2 g7g6 f3f4
Warning; Bestmove does not match beginning of last PV - move f6d8 from SF_2400
Info; info depth 17 seldepth 30 multipv 1 score cp 285 nodes 397939 nps 532716 hashfull 179 tbhits 0 time 747 pv f6g5 d2g5 g6g5 e1e7 g8c8 a3a5 g3f5 e7e1 c8f8 c4b5 g5f6 e1f1 f6e5 a2a4 e5d5 f1f5 f8f5 b5e2 d5c6 e2b5 c6b6
Position; fen rnbqkbnr/ppppp1pp/5p2/8/8/1P6/P1PPPPPP/RNBQKBNR w KQkq - 0 1
Moves; e2e4 b8c6 b1c3 e7e5 g1f3 a7a6 c1b2 g8e7 d2d4 g7g6 d4d5 c6b8 d1d2 d7d6 f1e2 h7h5 e1g1 b8d7 b3b4 f8h6 d2d3 e8f7 f3d2 f6f5 f1d1 f7g7 d2f3 d7f6 g1h1 f5e4 c3e4 c8f5 f3e5 f5e4 d3e4 f6e4 e5c6 g7f7 c6d8 a8d8 h1g1 h8e8 b4b5 d8a8 b5a6 a8b8 a6a7 b8a8 e2b5 e8g8 d1d3 e7f5 d3a3 e4c5 a1b1 g8f8 b1d1 h6g7 c2c3 g7f6 h2h3 f5e7 b2c1 h5h4 c1h6 f8g8 h6e3 e7f5 e3f4 g8h8 d1e1 f7g7 f2f3 h8g8 b5c4 g6g5 f4d2 g7g6 f3f4 f5g3 f4g5
Warning; Bestmove does not match beginning of last PV - move e8f8 from SF_2400
Info; info depth 13 seldepth 29 multipv 1 score cp 258 nodes 167929 nps 539964 hashfull 81 tbhits 0 time 311 pv c5e4 f2g1 e4c5 g1f2 g3e4 f2g1 e8f8 c4e2 d8g5 e3d4 g5d2 e1b1 d2f4 e2d1 f4e5
Position; fen rnbqkbnr/ppppp1pp/5p2/8/8/1P6/P1PPPPPP/RNBQKBNR w KQkq - 0 1
Moves; e2e4 b8c6 b1c3 e7e5 g1f3 a7a6 c1b2 g8e7 d2d4 g7g6 d4d5 c6b8 d1d2 d7d6 f1e2 h7h5 e1g1 b8d7 b3b4 f8h6 d2d3 e8f7 f3d2 f6f5 f1d1 f7g7 d2f3 d7f6 g1h1 f5e4 c3e4 c8f5 f3e5 f5e4 d3e4 f6e4 e5c6 g7f7 c6d8 a8d8 h1g1 h8e8 b4b5 d8a8 b5a6 a8b8 a6a7 b8a8 e2b5 e8g8 d1d3 e7f5 d3a3 e4c5 a1b1 g8f8 b1d1 h6g7 c2c3 g7f6 h2h3 f5e7 b2c1 h5h4 c1h6 f8g8 h6e3 e7f5 e3f4 g8h8 d1e1 f7g7 f2f3 h8g8 b5c4 g6g5 f4d2 g7g6 f3f4 f5g3 f4g5 f6d8 d2e3 g8e8 g1f2
Warning; Bestmove does not match beginning of last PV - move d8g5 from SF_2400
Info; info depth 15 seldepth 35 multipv 1 score cp 258 nodes 316135 nps 626009 hashfull 130 tbhits 0 time 505 pv f8e8 g1f2 g3e4 f2g1 e8f8 e3d4 d8g5 c4e2 g6h6 e2b5 e4g3 d4c5 d6c5 a3a5 h6g7 b5d3
Position; fen rnbqkbnr/ppppp1pp/5p2/8/8/1P6/P1PPPPPP/RNBQKBNR w KQkq - 0 1
Moves; e2e4 b8c6 b1c3 e7e5 g1f3 a7a6 c1b2 g8e7 d2d4 g7g6 d4d5 c6b8 d1d2 d7d6 f1e2 h7h5 e1g1 b8d7 b3b4 f8h6 d2d3 e8f7 f3d2 f6f5 f1d1 f7g7 d2f3 d7f6 g1h1 f5e4 c3e4 c8f5 f3e5 f5e4 d3e4 f6e4 e5c6 g7f7 c6d8 a8d8 h1g1 h8e8 b4b5 d8a8 b5a6 a8b8 a6a7 b8a8 e2b5 e8g8 d1d3 e7f5 d3a3 e4c5 a1b1 g8f8 b1d1 h6g7 c2c3 g7f6 h2h3 f5e7 b2c1 h5h4 c1h6 f8g8 h6e3 e7f5 e3f4 g8h8 d1e1 f7g7 f2f3 h8g8 b5c4 g6g5 f4d2 g7g6 f3f4 f5g3 f4g5 f6d8 d2e3 g8e8 g1f2 e8f8 f2g1
Warning; Bestmove does not match beginning of last PV - move g5f4 from SF_2400
Info; info depth 14 seldepth 21 multipv 1 score cp 275 nodes 74998 nps 641008 hashfull 36 tbhits 0 time 117 pv f8f4 c4b5 f4e4 e1e4 g3e4 b5e2 g5f6 e2f3 g6g7 f3e2 f6d4 c3d4 c5d7 e2d3
Position; fen rnbqkbnr/ppppp1pp/5p2/8/8/1P6/P1PPPPPP/RNBQKBNR w KQkq - 0 1
Moves; e2e4 b8c6 b1c3 e7e5 g1f3 a7a6 c1b2 g8e7 d2d4 g7g6 d4d5 c6b8 d1d2 d7d6 f1e2 h7h5 e1g1 b8d7 b3b4 f8h6 d2d3 e8f7 f3d2 f6f5 f1d1 f7g7 d2f3 d7f6 g1h1 f5e4 c3e4 c8f5 f3e5 f5e4 d3e4 f6e4 e5c6 g7f7 c6d8 a8d8 h1g1 h8e8 b4b5 d8a8 b5a6 a8b8 a6a7 b8a8 e2b5 e8g8 d1d3 e7f5 d3a3 e4c5 a1b1 g8f8 b1d1 h6g7 c2c3 g7f6 h2h3 f5e7 b2c1 h5h4 c1h6 f8g8 h6e3 e7f5 e3f4 g8h8 d1e1 f7g7 f2f3 h8g8 b5c4 g6g5 f4d2 g7g6 f3f4 f5g3 f4g5 f6d8 d2e3 g8e8 g1f2 e8f8 f2g1 d8g5 e3d4
Warning; Bestmove does not match beginning of last PV - move f8f7 from SF_2400
Info; info depth 15 seldepth 27 multipv 1 score cp 262 nodes 195264 nps 589921 hashfull 74 tbhits 0 time 331 pv f8f5 c4b5 f5d5 b5c4 g3f2 g1h2 d5f5 d1b1 f2g3 h2g1
Position; fen rnbqkbnr/ppppp1pp/5p2/8/8/1P6/P1PPPPPP/RNBQKBNR w KQkq - 0 1
Moves; e2e4 b8c6 b1c3 e7e5 g1f3 a7a6 c1b2 g8e7 d2d4 g7g6 d4d5 c6b8 d1d2 d7d6 f1e2 h7h5 e1g1 b8d7 b3b4 f8h6 d2d3 e8f7 f3d2 f6f5 f1d1 f7g7 d2f3 d7f6 g1h1 f5e4 c3e4 c8f5 f3e5 f5e4 d3e4 f6e4 e5c6 g7f7 c6d8 a8d8 h1g1 h8e8 b4b5 d8a8 b5a6 a8b8 a6a7 b8a8 e2b5 e8g8 d1d3 e7f5 d3a3 e4c5 a1b1 g8f8 b1d1 h6g7 c2c3 g7f6 h2h3 f5e7 b2c1 h5h4 c1h6 f8g8 h6e3 e7f5 e3f4 g8h8 d1e1 f7g7 f2f3 h8g8 b5c4 g6g5 f4d2 g7g6 f3f4 f5g3 f4g5 f6d8 d2e3 g8e8 g1f2 e8f8 f2g1 d8g5 e3d4 g5f4 e1b1 g3e4 b1d1 f4g3 a3a5
Warning; Bestmove does not match beginning of last PV - move f5f4 from SF_2400
Info; info depth 13 seldepth 22 multipv 1 score cp 262 nodes 96759 nps 608547 hashfull 41 tbhits 0 time 159 pv g6g5 c4b5 e4g3 d1b1 f2d4
Position; fen rnbqkbnr/ppppp1pp/5p2/8/8/1P6/P1PPPPPP/RNBQKBNR w KQkq - 0 1
Moves; e2e4 b8c6 b1c3 e7e5 g1f3 a7a6 c1b2 g8e7 d2d4 g7g6 d4d5 c6b8 d1d2 d7d6 f1e2 h7h5 e1g1 b8d7 b3b4 f8h6 d2d3 e8f7 f3d2 f6f5 f1d1 f7g7 d2f3 d7f6 g1h1 f5e4 c3e4 c8f5 f3e5 f5e4 d3e4 f6e4 e5c6 g7f7 c6d8 a8d8 h1g1 h8e8 b4b5 d8a8 b5a6 a8b8 a6a7 b8a8 e2b5 e8g8 d1d3 e7f5 d3a3 e4c5 a1b1 g8f8 b1d1 h6g7 c2c3 g7f6 h2h3 f5e7 b2c1 h5h4 c1h6 f8g8 h6e3 e7f5 e3f4 g8h8 d1e1 f7g7 f2f3 h8g8 b5c4 g6g5 f4d2 g7g6 f3f4 f5g3 f4g5 f6d8 d2e3 g8e8 g1f2 e8f8 f2g1 d8g5 e3d4 g5f4 e1b1 g3e4 b1d1 f4g3 a3a5 f8f7 a5a3 f7f5 a3a5 g3f2 g1h2
Warning; Bestmove does not match beginning of last PV - move f2d4 from SF_2400
Info; info depth 17 seldepth 24 multipv 1 score cp 405 nodes 48410 nps 681830 hashfull 14 tbhits 0 time 71 pv c5d3 d1d3 b7b6 a5a3 f2g3 h2g1 e4f6 c3c4
Position; fen rnbqkbnr/ppppp1pp/5p2/8/8/1P6/P1PPPPPP/RNBQKBNR w KQkq - 0 1
Moves; e2e4 b8c6 b1c3 e7e5 g1f3 a7a6 c1b2 g8e7 d2d4 g7g6 d4d5 c6b8 d1d2 d7d6 f1e2 h7h5 e1g1 b8d7 b3b4 f8h6 d2d3 e8f7 f3d2 f6f5 f1d1 f7g7 d2f3 d7f6 g1h1 f5e4 c3e4 c8f5 f3e5 f5e4 d3e4 f6e4 e5c6 g7f7 c6d8 a8d8 h1g1 h8e8 b4b5 d8a8 b5a6 a8b8 a6a7 b8a8 e2b5 e8g8 d1d3 e7f5 d3a3 e4c5 a1b1 g8f8 b1d1 h6g7 c2c3 g7f6 h2h3 f5e7 b2c1 h5h4 c1h6 f8g8 h6e3 e7f5 e3f4 g8h8 d1e1 f7g7 f2f3 h8g8 b5c4 g6g5 f4d2 g7g6 f3f4 f5g3 f4g5 f6d8 d2e3 g8e8 g1f2 e8f8 f2g1 d8g5 e3d4 g5f4 e1b1 g3e4 b1d1 f4g3 a3a5 f8f7 a5a3 f7f5 a3a5 g3f2 g1h2 f5f4 c4d3
Warning; Bestmove does not match beginning of last PV - move b7b6 from SF_2400
Info; info depth 12 seldepth 24 multipv 1 score cp 357 nodes 46610 nps 675507 hashfull 19 tbhits 0 time 69 pv g6f5 a5a4 b7b5 a4a3 e4f6 d4d1 f4a4 d1f1 f5g6 a3a4 b5a4 f1f4 a8a7 f4h4 f6d5 c3c4
Position; fen rnbqkbnr/ppppp1pp/5p2/8/8/1P6/P1PPPPPP/RNBQKBNR w KQkq - 0 1
Moves; e2e4 b8c6 b1c3 e7e5 g1f3 a7a6 c1b2 g8e7 d2d4 g7g6 d4d5 c6b8 d1d2 d7d6 f1e2 h7h5 e1g1 b8d7 b3b4 f8h6 d2d3 e8f7 f3d2 f6f5 f1d1 f7g7 d2f3 d7f6 g1h1 f5e4 c3e4 c8f5 f3e5 f5e4 d3e4 f6e4 e5c6 g7f7 c6d8 a8d8 h1g1 h8e8 b4b5 d8a8 b5a6 a8b8 a6a7 b8a8 e2b5 e8g8 d1d3 e7f5 d3a3 e4c5 a1b1 g8f8 b1d1 h6g7 c2c3 g7f6 h2h3 f5e7 b2c1 h5h4 c1h6 f8g8 h6e3 e7f5 e3f4 g8h8 d1e1 f7g7 f2f3 h8g8 b5c4 g6g5 f4d2 g7g6 f3f4 f5g3 f4g5 f6d8 d2e3 g8e8 g1f2 e8f8 f2g1 d8g5 e3d4 g5f4 e1b1 g3e4 b1d1 f4g3 a3a5 f8f7 a5a3 f7f5 a3a5 g3f2 g1h2 f5f4 c4d3 f2d4 d3e4 c5e4 d1d4
Warning; Bestmove does not match beginning of last PV - move g3e4 from SF_2400
Info; info depth 13 seldepth 23 multipv 1 score cp 370 nodes 44038 nps 667242 hashfull 15 tbhits 0 time 66 pv f4e3 c3c4 e3d4 g1f2 g3e4 f2f3 e4d2 f3g4 d2c4 a3a4 b6b5 a4a6 d4d5 g4h4 c7c5 g2g4 c4e5 a6a5
Position; fen rnbqkbnr/ppppp1pp/5p2/8/8/1P6/P1PPPPPP/RNBQKBNR w KQkq - 0 1
Moves; e2e4 b8c6 b1c3 e7e5 g1f3 a7a6 c1b2 g8e7 d2d4 g7g6 d4d5 c6b8 d1d2 d7d6 f1e2 h7h5 e1g1 b8d7 b3b4 f8h6 d2d3 e8f7 f3d2 f6f5 f1d1 f7g7 d2f3 d7f6 g1h1 f5e4 c3e4 c8f5 f3e5 f5e4 d3e4 f6e4 e5c6 g7f7 c6d8 a8d8 h1g1 h8e8 b4b5 d8a8 b5a6 a8b8 a6a7 b8a8 e2b5 e8g8 d1d3 e7f5 d3a3 e4c5 a1b1 g8f8 b1d1 h6g7 c2c3 g7f6 h2h3 f5e7 b2c1 h5h4 c1h6 f8g8 h6e3 e7f5 e3f4 g8h8 d1e1 f7g7 f2f3 h8g8 b5c4 g6g5 f4d2 g7g6 f3f4 f5g3 f4g5 f6d8 d2e3 g8e8 g1f2 e8f8 f2g1 d8g5 e3d4 g5f4 e1b1 g3e4 b1d1 f4g3 a3a5 f8f7 a5a3 f7f5 a3a5 g3f2 g1h2 f5f4 c4d3 f2d4 d3e4 c5e4 d1d4 b7b6 a5a4 g6f5 a4a3 f5e5 d4c4 e4g3 c4f4 e5f4 h2g1
Warning; Bestmove does not match beginning of last PV - move f4e3 from SF_2400
Info; info depth 13 seldepth 22 multipv 1 score cp 367 nodes 38664 nps 655322 hashfull 17 tbhits 0 time 59 pv f4e5 f1e2 e5d5 c3c4 d5d4 e2f3 e4d2 f3g4 d2c4 a3a4 b6b5 a4a6 d4d5 g4h4 c7c5 h4g4
Position; fen rnbqkbnr/ppppp1pp/5p2/8/8/1P6/P1PPPPPP/RNBQKBNR w KQkq - 0 1
Moves; e2e4 b8c6 b1c3 e7e5 g1f3 a7a6 c1b2 g8e7 d2d4 g7g6 d4d5 c6b8 d1d2 d7d6 f1e2 h7h5 e1g1 b8d7 b3b4 f8h6 d2d3 e8f7 f3d2 f6f5 f1d1 f7g7 d2f3 d7f6 g1h1 f5e4 c3e4 c8f5 f3e5 f5e4 d3e4 f6e4 e5c6 g7f7 c6d8 a8d8 h1g1 h8e8 b4b5 d8a8 b5a6 a8b8 a6a7 b8a8 e2b5 e8g8 d1d3 e7f5 d3a3 e4c5 a1b1 g8f8 b1d1 h6g7 c2c3 g7f6 h2h3 f5e7 b2c1 h5h4 c1h6 f8g8 h6e3 e7f5 e3f4 g8h8 d1e1 f7g7 f2f3 h8g8 b5c4 g6g5 f4d2 g7g6 f3f4 f5g3 f4g5 f6d8 d2e3 g8e8 g1f2 e8f8 f2g1 d8g5 e3d4 g5f4 e1b1 g3e4 b1d1 f4g3 a3a5 f8f7 a5a3 f7f5 a3a5 g3f2 g1h2 f5f4 c4d3 f2d4 d3e4 c5e4 d1d4 b7b6 a5a4 g6f5 a4a3 f5e5 d4c4 e4g3 c4f4 e5f4 h2g1 g3e4 g1f1
Warning; Bestmove does not match beginning of last PV - move e4g3 from SF_2400
Info; info depth 12 seldepth 19 multipv 1 score cp 360 nodes 35363 nps 654870 hashfull 11 tbhits 0 time 54 pv e3d3 a3a4 b6b5 a4d4 d3e3 a2a4 a8a7 a4b5 a7a1 g1h2 a1f1 d4a4 e4c3
Position; fen rnbqkbnr/ppppp1pp/5p2/8/8/1P6/P1PPPPPP/RNBQKBNR w KQkq - 0 1
Moves; e2e4 b8c6 b1c3 e7e5 g1f3 a7a6 c1b2 g8e7 d2d4 g7g6 d4d5 c6b8 d1d2 d7d6 f1e2 h7h5 e1g1 b8d7 b3b4 f8h6 d2d3 e8f7 f3d2 f6f5 f1d1 f7g7 d2f3 d7f6 g1h1 f5e4 c3e4 c8f5 f3e5 f5e4 d3e4 f6e4 e5c6 g7f7 c6d8 a8d8 h1g1 h8e8 b4b5 d8a8 b5a6 a8b8 a6a7 b8a8 e2b5 e8g8 d1d3 e7f5 d3a3 e4c5 a1b1 g8f8 b1d1 h6g7 c2c3 g7f6 h2h3 f5e7 b2c1 h5h4 c1h6 f8g8 h6e3 e7f5 e3f4 g8h8 d1e1 f7g7 f2f3 h8g8 b5c4 g6g5 f4d2 g7g6 f3f4 f5g3 f4g5 f6d8 d2e3 g8e8 g1f2 e8f8 f2g1 d8g5 e3d4 g5f4 e1b1 g3e4 b1d1 f4g3 a3a5 f8f7 a5a3 f7f5 a3a5 g3f2 g1h2 f5f4 c4d3 f2d4 d3e4 c5e4 d1d4 b7b6 a5a4 g6f5 a4a3 f5e5 d4c4 e4g3 c4f4 e5f4 h2g1 g3e4 g1f1 f4e3 f1g1
Warning; Bestmove does not match beginning of last PV - move g3e2 from SF_2400
Info; info depth 13 seldepth 17 multipv 1 score cp 342 nodes 37056 nps 756244 hashfull 10 tbhits 0 time 49 pv e3d3 a3a4 g3e4 g2g4 e4c3 a4a3 d3d4 g4g5 c3d5 a3a4 d4e5 a4h4 a8a7 g5g6 a7a8
Position; fen rnbqkbnr/ppppp1pp/5p2/8/8/1P6/P1PPPPPP/RNBQKBNR w KQkq - 0 1
Moves; e2e4 b8c6 b1c3 e7e5 g1f3 a7a6 c1b2 g8e7 d2d4 g7g6 d4d5 c6b8 d1d2 d7d6 f1e2 h7h5 e1g1 b8d7 b3b4 f8h6 d2d3 e8f7 f3d2 f6f5 f1d1 f7g7 d2f3 d7f6 g1h1 f5e4 c3e4 c8f5 f3e5 f5e4 d3e4 f6e4 e5c6 g7f7 c6d8 a8d8 h1g1 h8e8 b4b5 d8a8 b5a6 a8b8 a6a7 b8a8 e2b5 e8g8 d1d3 e7f5 d3a3 e4c5 a1b1 g8f8 b1d1 h6g7 c2c3 g7f6 h2h3 f5e7 b2c1 h5h4 c1h6 f8g8 h6e3 e7f5 e3f4 g8h8 d1e1 f7g7 f2f3 h8g8 b5c4 g6g5 f4d2 g7g6 f3f4 f5g3 f4g5 f6d8 d2e3 g8e8 g1f2 e8f8 f2g1 d8g5 e3d4 g5f4 e1b1 g3e4 b1d1 f4g3 a3a5 f8f7 a5a3 f7f5 a3a5 g3f2 g1h2 f5f4 c4d3 f2d4 d3e4 c5e4 d1d4 b7b6 a5a4 g6f5 a4a3 f5e5 d4c4 e4g3 c4f4 e5f4 h2g1 g3e4 g1f1 f4e3 f1g1 e4g3 g1h2
Warning; Bestmove does not match beginning of last PV - move e2f4 from SF_2400
Info; info depth 11 seldepth 16 multipv 1 score cp 355 nodes 15107 nps 755350 hashfull 4 tbhits 0 time 20 pv e2g3 h1h2 e3f4 a3a4 g3e4 c3c4 e4c3 a4a3 c3d1 h2h1 f4e4 g2g3
Position; fen rnbqkbnr/ppppp1pp/5p2/8/8/1P6/P1PPPPPP/RNBQKBNR w KQkq - 0 1
Moves; e2e4 b8c6 b1c3 e7e5 g1f3 a7a6 c1b2 g8e7 d2d4 g7g6 d4d5 c6b8 d1d2 d7d6 f1e2 h7h5 e1g1 b8d7 b3b4 f8h6 d2d3 e8f7 f3d2 f6f5 f1d1 f7g7 d2f3 d7f6 g1h1 f5e4 c3e4 c8f5 f3e5 f5e4 d3e4 f6e4 e5c6 g7f7 c6d8 a8d8 h1g1 h8e8 b4b5 d8a8 b5a6 a8b8 a6a7 b8a8 e2b5 e8g8 d1d3 e7f5 d3a3 e4c5 a1b1 g8f8 b1d1 h6g7 c2c3 g7f6 h2h3 f5e7 b2c1 h5h4 c1h6 f8g8 h6e3 e7f5 e3f4 g8h8 d1e1 f7g7 f2f3 h8g8 b5c4 g6g5 f4d2 g7g6 f3f4 f5g3 f4g5 f6d8 d2e3 g8e8 g1f2 e8f8 f2g1 d8g5 e3d4 g5f4 e1b1 g3e4 b1d1 f4g3 a3a5 f8f7 a5a3 f7f5 a3a5 g3f2 g1h2 f5f4 c4d3 f2d4 d3e4 c5e4 d1d4 b7b6 a5a4 g6f5 a4a3 f5e5 d4c4 e4g3 c4f4 e5f4 h2g1 g3e4 g1f1 f4e3 f1g1 e4g3 g1h2 g3e2 h2h1
Warning; Bestmove does not match beginning of last PV - move f4d3 from SF_2400
Info; info depth 12 seldepth 18 multipv 1 score cp 411 nodes 26304 nps 674461 hashfull 8 tbhits 0 time 39 pv e3f2 a3a6 f4g2 a2a4 g2e1 a4a5 e1f3 h2h1
Position; fen rnbqkbnr/ppppp1pp/5p2/8/8/1P6/P1PPPPPP/RNBQKBNR w KQkq - 0 1
Moves; e2e4 b8c6 b1c3 e7e5 g1f3 a7a6 c1b2 g8e7 d2d4 g7g6 d4d5 c6b8 d1d2 d7d6 f1e2 h7h5 e1g1 b8d7 b3b4 f8h6 d2d3 e8f7 f3d2 f6f5 f1d1 f7g7 d2f3 d7f6 g1h1 f5e4 c3e4 c8f5 f3e5 f5e4 d3e4 f6e4 e5c6 g7f7 c6d8 a8d8 h1g1 h8e8 b4b5 d8a8 b5a6 a8b8 a6a7 b8a8 e2b5 e8g8 d1d3 e7f5 d3a3 e4c5 a1b1 g8f8 b1d1 h6g7 c2c3 g7f6 h2h3 f5e7 b2c1 h5h4 c1h6 f8g8 h6e3 e7f5 e3f4 g8h8 d1e1 f7g7 f2f3 h8g8 b5c4 g6g5 f4d2 g7g6 f3f4 f5g3 f4g5 f6d8 d2e3 g8e8 g1f2 e8f8 f2g1 d8g5 e3d4 g5f4 e1b1 g3e4 b1d1 f4g3 a3a5 f8f7 a5a3 f7f5 a3a5 g3f2 g1h2 f5f4 c4d3 f2d4 d3e4 c5e4 d1d4 b7b6 a5a4 g6f5 a4a3 f5e5 d4c4 e4g3 c4f4 e5f4 h2g1 g3e4 g1f1 f4e3 f1g1 e4g3 g1h2 g3e2 h2h1 e2f4 h1h2
Warning; Bestmove does not match beginning of last PV - move d3e5 from SF_2400
Info; info depth 12 seldepth 15 multipv 1 score cp 290 nodes 26406 nps 733500 hashfull 26 tbhits 0 time 36 pv e3f2 g3g4 d3e5 c3c4 e5c4 a3c3 b6b5 g4g5 a8a7 g5g6 a7a8 g6g7
Position; fen rnbqkbnr/ppppp1pp/5p2/8/8/1P6/P1PPPPPP/RNBQKBNR w KQkq - 0 1
Moves; e2e4 b8c6 b1c3 e7e5 g1f3 a7a6 c1b2 g8e7 d2d4 g7g6 d4d5 c6b8 d1d2 d7d6 f1e2 h7h5 e1g1 b8d7 b3b4 f8h6 d2d3 e8f7 f3d2 f6f5 f1d1 f7g7 d2f3 d7f6 g1h1 f5e4 c3e4 c8f5 f3e5 f5e4 d3e4 f6e4 e5c6 g7f7 c6d8 a8d8 h1g1 h8e8 b4b5 d8a8 b5a6 a8b8 a6a7 b8a8 e2b5 e8g8 d1d3 e7f5 d3a3 e4c5 a1b1 g8f8 b1d1 h6g7 c2c3 g7f6 h2h3 f5e7 b2c1 h5h4 c1h6 f8g8 h6e3 e7f5 e3f4 g8h8 d1e1 f7g7 f2f3 h8g8 b5c4 g6g5 f4d2 g7g6 f3f4 f5g3 f4g5 f6d8 d2e3 g8e8 g1f2 e8f8 f2g1 d8g5 e3d4 g5f4 e1b1 g3e4 b1d1 f4g3 a3a5 f8f7 a5a3 f7f5 a3a5 g3f2 g1h2 f5f4 c4d3 f2d4 d3e4 c5e4 d1d4 b7b6 a5a4 g6f5 a4a3 f5e5 d4c4 e4g3 c4f4 e5f4 h2g1 g3e4 g1f1 f4e3 f1g1 e4g3 g1h2 g3e2 h2h1 e2f4 h1h2 f4d3 g2g3
Warning; Bestmove does not match beginning of last PV - move f3e5 from SF_2400
Info; info depth 13 seldepth 4 multipv 1 score mate 2 nodes 21366 nps 890250 hashfull 13 tbhits 0 time 24 pv a8e8 a7a8q e8e1
Position; fen rnbqkbnr/ppppp1pp/5p2/8/8/1P6/P1PPPPPP/RNBQKBNR w KQkq - 0 1
Moves; e2e4 b8c6 b1c3 e7e5 g1f3 a7a6 c1b2 g8e7 d2d4 g7g6 d4d5 c6b8 d1d2 d7d6 f1e2 h7h5 e1g1 b8d7 b3b4 f8h6 d2d3 e8f7 f3d2 f6f5 f1d1 f7g7 d2f3 d7f6 g1h1 f5e4 c3e4 c8f5 f3e5 f5e4 d3e4 f6e4 e5c6 g7f7 c6d8 a8d8 h1g1 h8e8 b4b5 d8a8 b5a6 a8b8 a6a7 b8a8 e2b5 e8g8 d1d3 e7f5 d3a3 e4c5 a1b1 g8f8 b1d1 h6g7 c2c3 g7f6 h2h3 f5e7 b2c1 h5h4 c1h6 f8g8 h6e3 e7f5 e3f4 g8h8 d1e1 f7g7 f2f3 h8g8 b5c4 g6g5 f4d2 g7g6 f3f4 f5g3 f4g5 f6d8 d2e3 g8e8 g1f2 e8f8 f2g1 d8g5 e3d4 g5f4 e1b1 g3e4 b1d1 f4g3 a3a5 f8f7 a5a3 f7f5 a3a5 g3f2 g1h2 f5f4 c4d3 f2d4 d3e4 c5e4 d1d4 b7b6 a5a4 g6f5 a4a3 f5e5 d4c4 e4g3 c4f4 e5f4 h2g1 g3e4 g1f1 f4e3 f1g1 e4g3 g1h2 g3e2 h2h1 e2f4 h1h2 f4d3 g2g3 d3e5 a3a4 b6b5 a4a3 e3f2 g3g4 e5f3 h2h1
Finished game 9 (HiveChess vs SF_2400): 0-1 {Black mates}
Started game 10 of 10 (SF_2400 vs HiveChess)
Warning; Bestmove does not match beginning of last PV - move d2d4 from SF_2400
Info; info depth 12 seldepth 18 multipv 1 score cp 74 nodes 70326 nps 462671 hashfull 33 tbhits 0 time 152 pv e2e4 e7e5 d2d4 d7d5 e4d5 d8d5
Position; fen rnbqkbnr/ppppp1pp/5p2/8/8/1P6/P1PPPPPP/RNBQKBNR w KQkq - 0 1
Moves; 
Warning; Bestmove does not match beginning of last PV - move c1b2 from SF_2400
Info; info depth 11 seldepth 15 multipv 1 score cp 56 nodes 85488 nps 469714 hashfull 27 tbhits 0 time 182 pv e2e3 b8c6 f1b5 g8h6 b5c6 b7c6 c1a3 e7e5 a3f8 h8f8
Position; fen rnbqkbnr/ppppp1pp/5p2/8/8/1P6/P1PPPPPP/RNBQKBNR w KQkq - 0 1
Moves; d2d4 d7d5
Warning; Bestmove does not match beginning of last PV - move g2g3 from SF_2400
Info; info depth 12 seldepth 14 multipv 1 score cp 55 nodes 93519 nps 513840 hashfull 30 tbhits 0 time 182 pv d4e5 f6e5 b2e5 b8c6 e5b2 f8b4 c2c3 b4d6 d1d5 g8f6 d5g5
Position; fen rnbqkbnr/ppppp1pp/5p2/8/8/1P6/P1PPPPPP/RNBQKBNR w KQkq - 0 1
Moves; d2d4 d7d5 c1b2 e7e5
Warning; Bestmove does not match beginning of last PV - move c2c3 from SF_2400
Info; info depth 12 seldepth 12 multipv 1 score cp 3 nodes 78478 nps 445897 hashfull 27 tbhits 0 time 176 pv b2d4 e5d4 d1d4 c7c6 g1f3 d8b6 d4d3
Position; fen rnbqkbnr/ppppp1pp/5p2/8/8/1P6/P1PPPPPP/RNBQKBNR w KQkq - 0 1
Moves; d2d4 d7d5 c1b2 e7e5 g2g3 b8c6 f1g2 c6d4
Warning; Bestmove does not match beginning of last PV - move g1f3 from SF_2400
Info; info depth 11 seldepth 22 multipv 1 score cp -47 nodes 44100 nps 454639 hashfull 15 tbhits 0 time 97 pv b1d2 a7a5 a2a4 h7h5 h2h4 e8c8
Position; fen rnbqkbnr/ppppp1pp/5p2/8/8/1P6/P1PPPPPP/RNBQKBNR w KQkq - 0 1
Moves; d2d4 d7d5 c1b2 e7e5 g2g3 b8c6 f1g2 c6d4 c2c3 d4c6 d1d5 d8d5 g2d5 g8e7 d5g2 c8e6
Warning; Bestmove does not match beginning of last PV - move b1a3 from SF_2400
Info; info depth 12 seldepth 18 multipv 1 score cp -35 nodes 94469 nps 507897 hashfull 28 tbhits 0 time 186 pv b1d2 e8c8 h2h3 h7h5 d2e4 e7d5 e1c1 f8e7 c3c4 d5b6 d1d8 h8d8 f3e1 f6f5
Position; fen rnbqkbnr/ppppp1pp/5p2/8/8/1P6/P1PPPPPP/RNBQKBNR w KQkq - 0 1
Moves; d2d4 d7d5 c1b2 e7e5 g2g3 b8c6 f1g2 c6d4 c2c3 d4c6 d1d5 d8d5 g2d5 g8e7 d5g2 c8e6 g1f3 g7g5
Warning; Bestmove does not match beginning of last PV - move c3c4 from SF_2400
Info; info depth 12 seldepth 13 multipv 1 score cp -35 nodes 106485 nps 492986 hashfull 31 tbhits 0 time 216 pv a3c2 f6f5 c3c4 g7f6 e1c1 h7h5 d2f3 d8d1 h1d1 g5g4
Position; fen rnbqkbnr/ppppp1pp/5p2/8/8/1P6/P1PPPPPP/RNBQKBNR w KQkq - 0 1
Moves; d2d4 d7d5 c1b2 e7e5 g2g3 b8c6 f1g2 c6d4 c2c3 d4c6 d1d5 d8d5 g2d5 g8e7 d5g2 c8e6 g1f3 g7g5 b1a3 e8c8 f3d2 f8g7
Warning; Bestmove does not match beginning of last PV - move e1c1 from SF_2400
Info; info depth 11 seldepth 21 multipv 1 score cp 78 nodes 89009 nps 556306 hashfull 29 tbhits 0 time 160 pv h3g4 f5g4 a3c2 h7h5 d2e4 e6f5 c2e3 f5g6 e4c5 g6f7 g2e4
Position; fen rnbqkbnr/ppppp1pp/5p2/8/8/1P6/P1PPPPPP/RNBQKBNR w KQkq - 0 1
Moves; d2d4 d7d5 c1b2 e7e5 g2g3 b8c6 f1g2 c6d4 c2c3 d4c6 d1d5 d8d5 g2d5 g8e7 d5g2 c8e6 g1f3 g7g5 b1a3 e8c8 f3d2 f8g7 c3c4 g5g4 h2h3 f6f5
Warning; Bestmove does not match beginning of last PV - move a3b1 from SF_2400
Info; info depth 13 seldepth 20 multipv 1 score cp 38 nodes 83070 nps 615333 hashfull 22 tbhits 0 time 135 pv d2f3 d8d1 c1d1 g7f6 a3c2 h5h4 f3h4 f6h4 g3h4 h8h4 d1e1 h4h5 h3g2 h5h1 g2h1
Position; fen rnbqkbnr/ppppp1pp/5p2/8/8/1P6/P1PPPPPP/RNBQKBNR w KQkq - 0 1
Moves; d2d4 d7d5 c1b2 e7e5 g2g3 b8c6 f1g2 c6d4 c2c3 d4c6 d1d5 d8d5 g2d5 g8e7 d5g2 c8e6 g1f3 g7g5 b1a3 e8c8 f3d2 f8g7 c3c4 g5g4 h2h3 f6f5 e1c1 g4h3 g2h3 h7h5
Warning; Bestmove does not match beginning of last PV - move d2e4 from SF_2400
Info; info depth 9 seldepth 13 multipv 1 score cp 28 nodes 42059 nps 553407 hashfull 10 tbhits 0 time 76 pv d2f3 d8d1 c1d1 e7g6 b1d2 h5h4 g3h4 g7f6 f3g5
Position; fen rnbqkbnr/ppppp1pp/5p2/8/8/1P6/P1PPPPPP/RNBQKBNR w KQkq - 0 1
Moves; d2d4 d7d5 c1b2 e7e5 g2g3 b8c6 f1g2 c6d4 c2c3 d4c6 d1d5 d8d5 g2d5 g8e7 d5g2 c8e6 g1f3 g7g5 b1a3 e8c8 f3d2 f8g7 c3c4 g5g4 h2h3 f6f5 e1c1 g4h3 g2h3 h7h5 a3b1 c8b8
Warning; Bestmove does not match beginning of last PV - move e2e3 from SF_2400
Info; info depth 11 seldepth 13 multipv 1 score cp 20 nodes 94794 nps 532550 hashfull 26 tbhits 0 time 178 pv b2a3 d4c6 d1d8 h8d8 h1d1 d8d1 c3d1 h5h4 g3h4 g7f6 b1d2
Position; fen rnbqkbnr/ppppp1pp/5p2/8/8/1P6/P1PPPPPP/RNBQKBNR w KQkq - 0 1
Moves; d2d4 d7d5 c1b2 e7e5 g2g3 b8c6 f1g2 c6d4 c2c3 d4c6 d1d5 d8d5 g2d5 g8e7 d5g2 c8e6 g1f3 g7g5 b1a3 e8c8 f3d2 f8g7 c3c4 g5g4 h2h3 f6f5 e1c1 g4h3 g2h3 h7h5 a3b1 c8b8 d2e4 c6d4 e4c3 e6f7
Warning; Bestmove does not match beginning of last PV - move b1d2 from SF_2400
Info; info depth 12 seldepth 13 multipv 1 score cp 13 nodes 96865 nps 650100 hashfull 23 tbhits 0 time 149 pv d1d8 h8d8 h1d1 d8d1 c1d1 e5e4
Position; fen rnbqkbnr/ppppp1pp/5p2/8/8/1P6/P1PPPPPP/RNBQKBNR w KQkq - 0 1
Moves; d2d4 d7d5 c1b2 e7e5 g2g3 b8c6 f1g2 c6d4 c2c3 d4c6 d1d5 d8d5 g2d5 g8e7 d5g2 c8e6 g1f3 g7g5 b1a3 e8c8 f3d2 f8g7 c3c4 g5g4 h2h3 f6f5 e1c1 g4h3 g2h3 h7h5 a3b1 c8b8 d2e4 c6d4 e4c3 e6f7 e2e3 d4c6
Warning; Bestmove does not match beginning of last PV - move c3e2 from SF_2400
Info; info depth 9 seldepth 13 multipv 1 score cp 23 nodes 30943 nps 631489 hashfull 8 tbhits 0 time 49 pv c3a4 e7c6 h3f5 d3d6 a4c5 f7g6 f5g6 d6g6 c5d7 b8c8 d7e5
Position; fen rnbqkbnr/ppppp1pp/5p2/8/8/1P6/P1PPPPPP/RNBQKBNR w KQkq - 0 1
Moves; d2d4 d7d5 c1b2 e7e5 g2g3 b8c6 f1g2 c6d4 c2c3 d4c6 d1d5 d8d5 g2d5 g8e7 d5g2 c8e6 g1f3 g7g5 b1a3 e8c8 f3d2 f8g7 c3c4 g5g4 h2h3 f6f5 e1c1 g4h3 g2h3 h7h5 a3b1 c8b8 d2e4 c6d4 e4c3 e6f7 e2e3 d4c6 b1d2 c6b4 d2f3 b4d3 d1d3 d8d3
Warning; Bestmove does not match beginning of last PV - move b2c3 from SF_2400
Info; info depth 9 seldepth 12 multipv 1 score cp 3 nodes 24938 nps 890642 hashfull 3 tbhits 0 time 28 pv f5e4 h8d8 e4c6 d6c6 f3e5 g7e5 b2e5 b7b5 e2d4 c6c5
Position; fen rnbqkbnr/ppppp1pp/5p2/8/8/1P6/P1PPPPPP/RNBQKBNR w KQkq - 0 1
Moves; d2d4 d7d5 c1b2 e7e5 g2g3 b8c6 f1g2 c6d4 c2c3 d4c6 d1d5 d8d5 g2d5 g8e7 d5g2 c8e6 g1f3 g7g5 b1a3 e8c8 f3d2 f8g7 c3c4 g5g4 h2h3 f6f5 e1c1 g4h3 g2h3 h7h5 a3b1 c8b8 d2e4 c6d4 e4c3 e6f7 e2e3 d4c6 b1d2 c6b4 d2f3 b4d3 d1d3 d8d3 c3e2 e7c6 h3f5 d3d6
Warning; Bestmove does not match beginning of last PV - move f3g5 from SF_2400
Info; info depth 9 seldepth 10 multipv 1 score cp -89 nodes 33825 nps 650480 hashfull 5 tbhits 0 time 52 pv f3h4 a7a5 f2f4 g7f6 f5b1 e5f4 c3f6 d6f6
Position; fen rnbqkbnr/ppppp1pp/5p2/8/8/1P6/P1PPPPPP/RNBQKBNR w KQkq - 0 1
Moves; d2d4 d7d5 c1b2 e7e5 g2g3 b8c6 f1g2 c6d4 c2c3 d4c6 d1d5 d8d5 g2d5 g8e7 d5g2 c8e6 g1f3 g7g5 b1a3 e8c8 f3d2 f8g7 c3c4 g5g4 h2h3 f6f5 e1c1 g4h3 g2h3 h7h5 a3b1 c8b8 d2e4 c6d4 e4c3 e6f7 e2e3 d4c6 b1d2 c6b4 d2f3 b4d3 d1d3 d8d3 c3e2 e7c6 h3f5 d3d6 b2c3 h8f8
Warning; Bestmove does not match beginning of last PV - move g5e4 from SF_2400
Info; info depth 11 seldepth 12 multipv 1 score cp -161 nodes 25135 nps 534787 hashfull 7 tbhits 0 time 47 pv f2f4 g7h6 h1h5 e5f4 g3f4 f5c5 c1b2 h6g5 f4g5 c5c4
Position; fen rnbqkbnr/ppppp1pp/5p2/8/8/1P6/P1PPPPPP/RNBQKBNR w KQkq - 0 1
Moves; d2d4 d7d5 c1b2 e7e5 g2g3 b8c6 f1g2 c6d4 c2c3 d4c6 d1d5 d8d5 g2d5 g8e7 d5g2 c8e6 g1f3 g7g5 b1a3 e8c8 f3d2 f8g7 c3c4 g5g4 h2h3 f6f5 e1c1 g4h3 g2h3 h7h5 a3b1 c8b8 d2e4 c6d4 e4c3 e6f7 e2e3 d4c6 b1d2 c6b4 d2f3 b4d3 d1d3 d8d3 c3e2 e7c6 h3f5 d3d6 b2c3 h8f8 f3g5 f7c4 b3c4 f8f5
Warning; Bestmove does not match beginning of last PV - move a2a4 from SF_2400
Info; info depth 10 seldepth 14 multipv 1 score cp -162 nodes 23001 nps 575025 hashfull 7 tbhits 0 time 40 pv c1c2 b7b6 e2c1 g7f8 a2a4
Position; fen rnbqkbnr/ppppp1pp/5p2/8/8/1P6/P1PPPPPP/RNBQKBNR w KQkq - 0 1
Moves; d2d4 d7d5 c1b2 e7e5 g2g3 b8c6 f1g2 c6d4 c2c3 d4c6 d1d5 d8d5 g2d5 g8e7 d5g2 c8e6 g1f3 g7g5 b1a3 e8c8 f3d2 f8g7 c3c4 g5g4 h2h3 f6f5 e1c1 g4h3 g2h3 h7h5 a3b1 c8b8 d2e4 c6d4 e4c3 e6f7 e2e3 d4c6 b1d2 c6b4 d2f3 b4d3 d1d3 d8d3 c3e2 e7c6 h3f5 d3d6 b2c3 h8f8 f3g5 f7c4 b3c4 f8f5 g5e4 d6d7
Warning; Bestmove does not match beginning of last PV - move h1h2 from SF_2400
Info; info depth 11 seldepth 16 multipv 1 score cp -181 nodes 14523 nps 580920 hashfull 2 tbhits 0 time 25 pv a4a5 g7f8 c1c2 f8b4 c3b4 c6b4 c2c3 b4c6 a5a6 b7a6 e2c1
Position; fen rnbqkbnr/ppppp1pp/5p2/8/8/1P6/P1PPPPPP/RNBQKBNR w KQkq - 0 1
Moves; d2d4 d7d5 c1b2 e7e5 g2g3 b8c6 f1g2 c6d4 c2c3 d4c6 d1d5 d8d5 g2d5 g8e7 d5g2 c8e6 g1f3 g7g5 b1a3 e8c8 f3d2 f8g7 c3c4 g5g4 h2h3 f6f5 e1c1 g4h3 g2h3 h7h5 a3b1 c8b8 d2e4 c6d4 e4c3 e6f7 e2e3 d4c6 b1d2 c6b4 d2f3 b4d3 d1d3 d8d3 c3e2 e7c6 h3f5 d3d6 b2c3 h8f8 f3g5 f7c4 b3c4 f8f5 g5e4 d6d7 a2a4 b8c8
Warning; Bestmove does not match beginning of last PV - move c1c2 from SF_2400
Info; info depth 10 seldepth 24 multipv 1 score cp -195 nodes 18451 nps 615033 hashfull 5 tbhits 0 time 30 pv a4a5 c6b4 c1b1 d7d1 b1b2 f8e7 c3b4 e7b4
Position; fen rnbqkbnr/ppppp1pp/5p2/8/8/1P6/P1PPPPPP/RNBQKBNR w KQkq - 0 1
Moves; d2d4 d7d5 c1b2 e7e5 g2g3 b8c6 f1g2 c6d4 c2c3 d4c6 d1d5 d8d5 g2d5 g8e7 d5g2 c8e6 g1f3 g7g5 b1a3 e8c8 f3d2 f8g7 c3c4 g5g4 h2h3 f6f5 e1c1 g4h3 g2h3 h7h5 a3b1 c8b8 d2e4 c6d4 e4c3 e6f7 e2e3 d4c6 b1d2 c6b4 d2f3 b4d3 d1d3 d8d3 c3e2 e7c6 h3f5 d3d6 b2c3 h8f8 f3g5 f7c4 b3c4 f8f5 g5e4 d6d7 a2a4 b8c8 h1h2 g7f8
Warning; Bestmove does not match beginning of last PV - move c1b3 from SF_2400
Info; info depth 11 seldepth 16 multipv 1 score cp -198 nodes 19205 nps 564852 hashfull 30 tbhits 0 time 34 pv c1d3 b7b6 c4c5 c8b7 c5b6 c7b6 d3b2 c6b4 c3b4 e7b4
Position; fen rnbqkbnr/ppppp1pp/5p2/8/8/1P6/P1PPPPPP/RNBQKBNR w KQkq - 0 1
Moves; d2d4 d7d5 c1b2 e7e5 g2g3 b8c6 f1g2 c6d4 c2c3 d4c6 d1d5 d8d5 g2d5 g8e7 d5g2 c8e6 g1f3 g7g5 b1a3 e8c8 f3d2 f8g7 c3c4 g5g4 h2h3 f6f5 e1c1 g4h3 g2h3 h7h5 a3b1 c8b8 d2e4 c6d4 e4c3 e6f7 e2e3 d4c6 b1d2 c6b4 d2f3 b4d3 d1d3 d8d3 c3e2 e7c6 h3f5 d3d6 b2c3 h8f8 f3g5 f7c4 b3c4 f8f5 g5e4 d6d7 a2a4 b8c8 h1h2 g7f8 c1c2 f8e7 e2c1 a7a5
Warning; Bestmove does not match beginning of last PV - move c2c1 from SF_2400
Info; info depth 10 seldepth 11 multipv 1 score cp -164 nodes 13428 nps 497333 hashfull 27 tbhits 0 time 27 pv c3b4 e7b4 b3c1 d7d8 c1d3 d8g8
Position; fen rnbqkbnr/ppppp1pp/5p2/8/8/1P6/P1PPPPPP/RNBQKBNR w KQkq - 0 1
Moves; d2d4 d7d5 c1b2 e7e5 g2g3 b8c6 f1g2 c6d4 c2c3 d4c6 d1d5 d8d5 g2d5 g8e7 d5g2 c8e6 g1f3 g7g5 b1a3 e8c8 f3d2 f8g7 c3c4 g5g4 h2h3 f6f5 e1c1 g4h3 g2h3 h7h5 a3b1 c8b8 d2e4 c6d4 e4c3 e6f7 e2e3 d4c6 b1d2 c6b4 d2f3 b4d3 d1d3 d8d3 c3e2 e7c6 h3f5 d3d6 b2c3 h8f8 f3g5 f7c4 b3c4 f8f5 g5e4 d6d7 a2a4 b8c8 h1h2 g7f8 c1c2 f8e7 e2c1 a7a5 c1b3 c6b4
Warning; Bestmove does not match beginning of last PV - move h2h1 from SF_2400
Info; info depth 9 seldepth 12 multipv 1 score cp -179 nodes 16330 nps 653200 hashfull 24 tbhits 0 time 25 pv c2d3 e7f7 c4c5 f7g7 d3e2
Position; fen rnbqkbnr/ppppp1pp/5p2/8/8/1P6/P1PPPPPP/RNBQKBNR w KQkq - 0 1
Moves; d2d4 d7d5 c1b2 e7e5 g2g3 b8c6 f1g2 c6d4 c2c3 d4c6 d1d5 d8d5 g2d5 g8e7 d5g2 c8e6 g1f3 g7g5 b1a3 e8c8 f3d2 f8g7 c3c4 g5g4 h2h3 f6f5 e1c1 g4h3 g2h3 h7h5 a3b1 c8b8 d2e4 c6d4 e4c3 e6f7 e2e3 d4c6 b1d2 c6b4 d2f3 b4d3 d1d3 d8d3 c3e2 e7c6 h3f5 d3d6 b2c3 h8f8 f3g5 f7c4 b3c4 f8f5 g5e4 d6d7 a2a4 b8c8 h1h2 g7f8 c1c2 f8e7 e2c1 a7a5 c1b3 c6b4 c2c1 b4a2 c1b2 a2c3 b2c3 e7b4 c3c2 d7e7
Warning; Bestmove does not match beginning of last PV - move h1h3 from SF_2400
Info; info depth 11 seldepth 14 multipv 1 score cp -174 nodes 15886 nps 690695 hashfull 30 tbhits 0 time 23 pv c2d1 e7g7 d1e2 g7g6 c4c5 d7c6 h1b1
Position; fen rnbqkbnr/ppppp1pp/5p2/8/8/1P6/P1PPPPPP/RNBQKBNR w KQkq - 0 1
Moves; d2d4 d7d5 c1b2 e7e5 g2g3 b8c6 f1g2 c6d4 c2c3 d4c6 d1d5 d8d5 g2d5 g8e7 d5g2 c8e6 g1f3 g7g5 b1a3 e8c8 f3d2 f8g7 c3c4 g5g4 h2h3 f6f5 e1c1 g4h3 g2h3 h7h5 a3b1 c8b8 d2e4 c6d4 e4c3 e6f7 e2e3 d4c6 b1d2 c6b4 d2f3 b4d3 d1d3 d8d3 c3e2 e7c6 h3f5 d3d6 b2c3 h8f8 f3g5 f7c4 b3c4 f8f5 g5e4 d6d7 a2a4 b8c8 h1h2 g7f8 c1c2 f8e7 e2c1 a7a5 c1b3 c6b4 c2c1 b4a2 c1b2 a2c3 b2c3 e7b4 c3c2 d7e7 h2h1 c8d7
Warning; Bestmove does not match beginning of last PV - move g4h5 from SF_2400
Info; info depth 12 seldepth 33 multipv 1 score cp 7 nodes 110276 nps 586574 hashfull 43 tbhits 0 time 188 pv h3h5 e7g7 g4g5 c6d7 c4c5 d7e6 h5h6 e6f5 f2f3 g7g6 h6h7 g6c6 h7e7
Position; fen rnbqkbnr/ppppp1pp/5p2/8/8/1P6/P1PPPPPP/RNBQKBNR w KQkq - 0 1
Moves; d2d4 d7d5 c1b2 e7e5 g2g3 b8c6 f1g2 c6d4 c2c3 d4c6 d1d5 d8d5 g2d5 g8e7 d5g2 c8e6 g1f3 g7g5 b1a3 e8c8 f3d2 f8g7 c3c4 g5g4 h2h3 f6f5 e1c1 g4h3 g2h3 h7h5 a3b1 c8b8 d2e4 c6d4 e4c3 e6f7 e2e3 d4c6 b1d2 c6b4 d2f3 b4d3 d1d3 d8d3 c3e2 e7c6 h3f5 d3d6 b2c3 h8f8 f3g5 f7c4 b3c4 f8f5 g5e4 d6d7 a2a4 b8c8 h1h2 g7f8 c1c2 f8e7 e2c1 a7a5 c1b3 c6b4 c2c1 b4a2 c1b2 a2c3 b2c3 e7b4 c3c2 d7e7 h2h1 c8d7 h1h3 d7c6 g3g4 f5f8
Warning; Bestmove does not match beginning of last PV - move h3g3 from SF_2400
Info; info depth 11 seldepth 20 multipv 1 score cp 44 nodes 117392 nps 667000 hashfull 47 tbhits 0 time 176 pv b3c1 f8h8 c1d3 f7f5 d3b4 a5b4 c2b3 f5f7 b3b4
Position; fen rnbqkbnr/ppppp1pp/5p2/8/8/1P6/P1PPPPPP/RNBQKBNR w KQkq - 0 1
Moves; d2d4 d7d5 c1b2 e7e5 g2g3 b8c6 f1g2 c6d4 c2c3 d4c6 d1d5 d8d5 g2d5 g8e7 d5g2 c8e6 g1f3 g7g5 b1a3 e8c8 f3d2 f8g7 c3c4 g5g4 h2h3 f6f5 e1c1 g4h3 g2h3 h7h5 a3b1 c8b8 d2e4 c6d4 e4c3 e6f7 e2e3 d4c6 b1d2 c6b4 d2f3 b4d3 d1d3 d8d3 c3e2 e7c6 h3f5 d3d6 b2c3 h8f8 f3g5 f7c4 b3c4 f8f5 g5e4 d6d7 a2a4 b8c8 h1h2 g7f8 c1c2 f8e7 e2c1 a7a5 c1b3 c6b4 c2c1 b4a2 c1b2 a2c3 b2c3 e7b4 c3c2 d7e7 h2h1 c8d7 h1h3 d7c6 g3g4 f5f8 g4h5 e7g7 h5h6 g7f7
Warning; Bestmove does not match beginning of last PV - move c4c5 from SF_2400
Info; info depth 11 seldepth 22 multipv 1 score cp -7 nodes 184973 nps 644505 hashfull 63 tbhits 0 time 287 pv g3g5 f8h8 g5e5 h8h6 b3a5 b6a6
Position; fen rnbqkbnr/ppppp1pp/5p2/8/8/1P6/P1PPPPPP/RNBQKBNR w KQkq - 0 1
Moves; d2d4 d7d5 c1b2 e7e5 g2g3 b8c6 f1g2 c6d4 c2c3 d4c6 d1d5 d8d5 g2d5 g8e7 d5g2 c8e6 g1f3 g7g5 b1a3 e8c8 f3d2 f8g7 c3c4 g5g4 h2h3 f6f5 e1c1 g4h3 g2h3 h7h5 a3b1 c8b8 d2e4 c6d4 e4c3 e6f7 e2e3 d4c6 b1d2 c6b4 d2f3 b4d3 d1d3 d8d3 c3e2 e7c6 h3f5 d3d6 b2c3 h8f8 f3g5 f7c4 b3c4 f8f5 g5e4 d6d7 a2a4 b8c8 h1h2 g7f8 c1c2 f8e7 e2c1 a7a5 c1b3 c6b4 c2c1 b4a2 c1b2 a2c3 b2c3 e7b4 c3c2 d7e7 h2h1 c8d7 h1h3 d7c6 g3g4 f5f8 g4h5 e7g7 h5h6 g7f7 h3g3 c6b6
Warning; Bestmove does not match beginning of last PV - move c2d3 from SF_2400
Info; info depth 12 seldepth 22 multipv 1 score cp 26 nodes 162016 nps 692376 hashfull 65 tbhits 0 time 234 pv g3g6 c7c6 c2d3 f8h8 e4f6 b4e1 f6g4 f7f5 d3e4 f5h5 b3c1 e1c3 c1d3 c3a1 g6g7 a1c3 d3e5 c3e5 g4e5 h8h6
Position; fen rnbqkbnr/ppppp1pp/5p2/8/8/1P6/P1PPPPPP/RNBQKBNR w KQkq - 0 1
Moves; d2d4 d7d5 c1b2 e7e5 g2g3 b8c6 f1g2 c6d4 c2c3 d4c6 d1d5 d8d5 g2d5 g8e7 d5g2 c8e6 g1f3 g7g5 b1a3 e8c8 f3d2 f8g7 c3c4 g5g4 h2h3 f6f5 e1c1 g4h3 g2h3 h7h5 a3b1 c8b8 d2e4 c6d4 e4c3 e6f7 e2e3 d4c6 b1d2 c6b4 d2f3 b4d3 d1d3 d8d3 c3e2 e7c6 h3f5 d3d6 b2c3 h8f8 f3g5 f7c4 b3c4 f8f5 g5e4 d6d7 a2a4 b8c8 h1h2 g7f8 c1c2 f8e7 e2c1 a7a5 c1b3 c6b4 c2c1 b4a2 c1b2 a2c3 b2c3 e7b4 c3c2 d7e7 h2h1 c8d7 h1h3 d7c6 g3g4 f5f8 g4h5 e7g7 h5h6 g7f7 h3g3 c6b6 c4c5 b6a6
Warning; Bestmove does not match beginning of last PV - move d3c4 from SF_2400
Info; info depth 12 seldepth 21 multipv 1 score cp 68 nodes 148653 nps 718130 hashfull 40 tbhits 0 time 207 pv e4f6 a6b7 d3c4 h8d8 c4b5 b6c5 f6e4 c5c4 b5c4 d8h8 b3c5 b4c5 e4c5 b7a7 g6a6 a7b8
Position; fen rnbqkbnr/ppppp1pp/5p2/8/8/1P6/P1PPPPPP/RNBQKBNR w KQkq - 0 1
Moves; d2d4 d7d5 c1b2 e7e5 g2g3 b8c6 f1g2 c6d4 c2c3 d4c6 d1d5 d8d5 g2d5 g8e7 d5g2 c8e6 g1f3 g7g5 b1a3 e8c8 f3d2 f8g7 c3c4 g5g4 h2h3 f6f5 e1c1 g4h3 g2h3 h7h5 a3b1 c8b8 d2e4 c6d4 e4c3 e6f7 e2e3 d4c6 b1d2 c6b4 d2f3 b4d3 d1d3 d8d3 c3e2 e7c6 h3f5 d3d6 b2c3 h8f8 f3g5 f7c4 b3c4 f8f5 g5e4 d6d7 a2a4 b8c8 h1h2 g7f8 c1c2 f8e7 e2c1 a7a5 c1b3 c6b4 c2c1 b4a2 c1b2 a2c3 b2c3 e7b4 c3c2 d7e7 h2h1 c8d7 h1h3 d7c6 g3g4 f5f8 g4h5 e7g7 h5h6 g7f7 h3g3 c6b6 c4c5 b6a6 c2d3 f8h8 g3g6 b7b6
Warning; Bestmove does not match beginning of last PV - move g6e6 from SF_2400
Info; info depth 14 seldepth 34 multipv 1 score cp -9 nodes 182367 nps 672940 hashfull 63 tbhits 0 time 271 pv c5b6 c7b6 b3c5 b4c5 e4c5 a6a7 g6g7 a7a8 c5d7 h7h6 c4b5 h8h7 g7h7 h6h7 d7b6 a8b8 b6c4 h7f7 c4e5 f7f2 e5d3 f2d2 d3f4 d2d7 e3e4 d7d1 b5c4 b8c8 f4d3 d1a1
Position; fen rnbqkbnr/ppppp1pp/5p2/8/8/1P6/P1PPPPPP/RNBQKBNR w KQkq - 0 1
Moves; d2d4 d7d5 c1b2 e7e5 g2g3 b8c6 f1g2 c6d4 c2c3 d4c6 d1d5 d8d5 g2d5 g8e7 d5g2 c8e6 g1f3 g7g5 b1a3 e8c8 f3d2 f8g7 c3c4 g5g4 h2h3 f6f5 e1c1 g4h3 g2h3 h7h5 a3b1 c8b8 d2e4 c6d4 e4c3 e6f7 e2e3 d4c6 b1d2 c6b4 d2f3 b4d3 d1d3 d8d3 c3e2 e7c6 h3f5 d3d6 b2c3 h8f8 f3g5 f7c4 b3c4 f8f5 g5e4 d6d7 a2a4 b8c8 h1h2 g7f8 c1c2 f8e7 e2c1 a7a5 c1b3 c6b4 c2c1 b4a2 c1b2 a2c3 b2c3 e7b4 c3c2 d7e7 h2h1 c8d7 h1h3 d7c6 g3g4 f5f8 g4h5 e7g7 h5h6 g7f7 h3g3 c6b6 c4c5 b6a6 c2d3 f8h8 g3g6 b7b6 d3c4 f7h7
Warning; Bestmove does not match beginning of last PV - move f2f4 from SF_2400
Info; info depth 12 seldepth 15 multipv 1 score cp -19 nodes 128871 nps 650863 hashfull 45 tbhits 0 time 198 pv e5e7 a6b7 f2f4 h6h5 f4f5 h5f5 e4d6 b7b8 d6f5 f8f5 e7e8 b8a7 c5b6 c7b6
Position; fen rnbqkbnr/ppppp1pp/5p2/8/8/1P6/P1PPPPPP/RNBQKBNR w KQkq - 0 1
Moves; d2d4 d7d5 c1b2 e7e5 g2g3 b8c6 f1g2 c6d4 c2c3 d4c6 d1d5 d8d5 g2d5 g8e7 d5g2 c8e6 g1f3 g7g5 b1a3 e8c8 f3d2 f8g7 c3c4 g5g4 h2h3 f6f5 e1c1 g4h3 g2h3 h7h5 a3b1 c8b8 d2e4 c6d4 e4c3 e6f7 e2e3 d4c6 b1d2 c6b4 d2f3 b4d3 d1d3 d8d3 c3e2 e7c6 h3f5 d3d6 b2c3 h8f8 f3g5 f7c4 b3c4 f8f5 g5e4 d6d7 a2a4 b8c8 h1h2 g7f8 c1c2 f8e7 e2c1 a7a5 c1b3 c6b4 c2c1 b4a2 c1b2 a2c3 b2c3 e7b4 c3c2 d7e7 h2h1 c8d7 h1h3 d7c6 g3g4 f5f8 g4h5 e7g7 h5h6 g7f7 h3g3 c6b6 c4c5 b6a6 c2d3 f8h8 g3g6 b7b6 d3c4 f7h7 g6e6 h7h6 e6e5 h8f8
Warning; Bestmove does not match beginning of last PV - move b3d4 from SF_2400
Info; info depth 11 seldepth 26 multipv 1 score cp -6 nodes 116077 nps 620732 hashfull 41 tbhits 0 time 187 pv e4g5 h3h2 g5e6 f8c8 c4d5 h2b2 b3d4 c7c6 d5d6 b6c5 d4c6 a6b6
Position; fen rnbqkbnr/ppppp1pp/5p2/8/8/1P6/P1PPPPPP/RNBQKBNR w KQkq - 0 1
Moves; d2d4 d7d5 c1b2 e7e5 g2g3 b8c6 f1g2 c6d4 c2c3 d4c6 d1d5 d8d5 g2d5 g8e7 d5g2 c8e6 g1f3 g7g5 b1a3 e8c8 f3d2 f8g7 c3c4 g5g4 h2h3 f6f5 e1c1 g4h3 g2h3 h7h5 a3b1 c8b8 d2e4 c6d4 e4c3 e6f7 e2e3 d4c6 b1d2 c6b4 d2f3 b4d3 d1d3 d8d3 c3e2 e7c6 h3f5 d3d6 b2c3 h8f8 f3g5 f7c4 b3c4 f8f5 g5e4 d6d7 a2a4 b8c8 h1h2 g7f8 c1c2 f8e7 e2c1 a7a5 c1b3 c6b4 c2c1 b4a2 c1b2 a2c3 b2c3 e7b4 c3c2 d7e7 h2h1 c8d7 h1h3 d7c6 g3g4 f5f8 g4h5 e7g7 h5h6 g7f7 h3g3 c6b6 c4c5 b6a6 c2d3 f8h8 g3g6 b7b6 d3c4 f7h7 g6e6 h7h6 e6e5 h8f8 f2f4 h6h3
Warning; Bestmove does not match beginning of last PV - move c4b3 from SF_2400
Info; info depth 10 seldepth 27 multipv 1 score cp -104 nodes 79308 nps 672101 hashfull 32 tbhits 0 time 118 pv d4e6 f8c8 f5f6 e1f1 e5g5 b6c5 g5g7 a6b6 f6f7 f1c1 c4d5 c7c6 d5e5
Position; fen rnbqkbnr/ppppp1pp/5p2/8/8/1P6/P1PPPPPP/RNBQKBNR w KQkq - 0 1
Moves; d2d4 d7d5 c1b2 e7e5 g2g3 b8c6 f1g2 c6d4 c2c3 d4c6 d1d5 d8d5 g2d5 g8e7 d5g2 c8e6 g1f3 g7g5 b1a3 e8c8 f3d2 f8g7 c3c4 g5g4 h2h3 f6f5 e1c1 g4h3 g2h3 h7h5 a3b1 c8b8 d2e4 c6d4 e4c3 e6f7 e2e3 d4c6 b1d2 c6b4 d2f3 b4d3 d1d3 d8d3 c3e2 e7c6 h3f5 d3d6 b2c3 h8f8 f3g5 f7c4 b3c4 f8f5 g5e4 d6d7 a2a4 b8c8 h1h2 g7f8 c1c2 f8e7 e2c1 a7a5 c1b3 c6b4 c2c1 b4a2 c1b2 a2c3 b2c3 e7b4 c3c2 d7e7 h2h1 c8d7 h1h3 d7c6 g3g4 f5f8 g4h5 e7g7 h5h6 g7f7 h3g3 c6b6 c4c5 b6a6 c2d3 f8h8 g3g6 b7b6 d3c4 f7h7 g6e6 h7h6 e6e5 h8f8 f2f4 h6h3 b3d4 h3e3 f4f5 e3e1
Warning; Bestmove does not match beginning of last PV - move d4b5 from SF_2400
Info; info depth 11 seldepth 16 multipv 1 score cp -107 nodes 63317 nps 688228 hashfull 17 tbhits 0 time 92 pv f5f6 a1a4 d4e6 f8f7 e6g5 f7d7 f6f7 a4a2 c2b3 a2a3 b3b2
Position; fen rnbqkbnr/ppppp1pp/5p2/8/8/1P6/P1PPPPPP/RNBQKBNR w KQkq - 0 1
Moves; d2d4 d7d5 c1b2 e7e5 g2g3 b8c6 f1g2 c6d4 c2c3 d4c6 d1d5 d8d5 g2d5 g8e7 d5g2 c8e6 g1f3 g7g5 b1a3 e8c8 f3d2 f8g7 c3c4 g5g4 h2h3 f6f5 e1c1 g4h3 g2h3 h7h5 a3b1 c8b8 d2e4 c6d4 e4c3 e6f7 e2e3 d4c6 b1d2 c6b4 d2f3 b4d3 d1d3 d8d3 c3e2 e7c6 h3f5 d3d6 b2c3 h8f8 f3g5 f7c4 b3c4 f8f5 g5e4 d6d7 a2a4 b8c8 h1h2 g7f8 c1c2 f8e7 e2c1 a7a5 c1b3 c6b4 c2c1 b4a2 c1b2 a2c3 b2c3 e7b4 c3c2 d7e7 h2h1 c8d7 h1h3 d7c6 g3g4 f5f8 g4h5 e7g7 h5h6 g7f7 h3g3 c6b6 c4c5 b6a6 c2d3 f8h8 g3g6 b7b6 d3c4 f7h7 g6e6 h7h6 e6e5 h8f8 f2f4 h6h3 b3d4 h3e3 f4f5 e3e1 c4b3 e1b1 b3c2 b1a1
Warning; Bestmove does not match beginning of last PV - move c5c6 from SF_2400
Info; info depth 10 seldepth 12 multipv 1 score cp -89 nodes 43041 nps 717350 hashfull 14 tbhits 0 time 60 pv f5f6 b4c5 e4c5 b6c5 e5e7 f7f6 b5c7 a6b7
Position; fen rnbqkbnr/ppppp1pp/5p2/8/8/1P6/P1PPPPPP/RNBQKBNR w KQkq - 0 1
Moves; d2d4 d7d5 c1b2 e7e5 g2g3 b8c6 f1g2 c6d4 c2c3 d4c6 d1d5 d8d5 g2d5 g8e7 d5g2 c8e6 g1f3 g7g5 b1a3 e8c8 f3d2 f8g7 c3c4 g5g4 h2h3 f6f5 e1c1 g4h3 g2h3 h7h5 a3b1 c8b8 d2e4 c6d4 e4c3 e6f7 e2e3 d4c6 b1d2 c6b4 d2f3 b4d3 d1d3 d8d3 c3e2 e7c6 h3f5 d3d6 b2c3 h8f8 f3g5 f7c4 b3c4 f8f5 g5e4 d6d7 a2a4 b8c8 h1h2 g7f8 c1c2 f8e7 e2c1 a7a5 c1b3 c6b4 c2c1 b4a2 c1b2 a2c3 b2c3 e7b4 c3c2 d7e7 h2h1 c8d7 h1h3 d7c6 g3g4 f5f8 g4h5 e7g7 h5h6 g7f7 h3g3 c6b6 c4c5 b6a6 c2d3 f8h8 g3g6 b7b6 d3c4 f7h7 g6e6 h7h6 e6e5 h8f8 f2f4 h6h3 b3d4 h3e3 f4f5 e3e1 c4b3 e1b1 b3c2 b1a1 d4b5 f8f7
Warning; Bestmove does not match beginning of last PV - move e5e4 from SF_2400
Info; info depth 9 seldepth 26 multipv 1 score cp 85 nodes 53507 nps 786867 hashfull 21 tbhits 0 time 68 pv c7b5 a7b8 c2b3 a4a1 c6c7 b8b7 e5d5 a1b1 b3c2
Position; fen rnbqkbnr/ppppp1pp/5p2/8/8/1P6/P1PPPPPP/RNBQKBNR w KQkq - 0 1
Moves; d2d4 d7d5 c1b2 e7e5 g2g3 b8c6 f1g2 c6d4 c2c3 d4c6 d1d5 d8d5 g2d5 g8e7 d5g2 c8e6 g1f3 g7g5 b1a3 e8c8 f3d2 f8g7 c3c4 g5g4 h2h3 f6f5 e1c1 g4h3 g2h3 h7h5 a3b1 c8b8 d2e4 c6d4 e4c3 e6f7 e2e3 d4c6 b1d2 c6b4 d2f3 b4d3 d1d3 d8d3 c3e2 e7c6 h3f5 d3d6 b2c3 h8f8 f3g5 f7c4 b3c4 f8f5 g5e4 d6d7 a2a4 b8c8 h1h2 g7f8 c1c2 f8e7 e2c1 a7a5 c1b3 c6b4 c2c1 b4a2 c1b2 a2c3 b2c3 e7b4 c3c2 d7e7 h2h1 c8d7 h1h3 d7c6 g3g4 f5f8 g4h5 e7g7 h5h6 g7f7 h3g3 c6b6 c4c5 b6a6 c2d3 f8h8 g3g6 b7b6 d3c4 f7h7 g6e6 h7h6 e6e5 h8f8 f2f4 h6h3 b3d4 h3e3 f4f5 e3e1 c4b3 e1b1 b3c2 b1a1 d4b5 f8f7 c5c6 a1a4 e4g5 f7f8 b5c7 a6a7 g5e6 f8c8
Warning; Bestmove does not match beginning of last PV - move c4b5 from SF_2400
Info; info depth 11 seldepth 20 multipv 1 score cp -22 nodes 32125 nps 617788 hashfull 13 tbhits 0 time 52 pv c4d5 c3d3 d5c4 d3d1 f5f6 b4d6 c7b5 a7a6 e6d4 d1c1 c4d3
Position; fen rnbqkbnr/ppppp1pp/5p2/8/8/1P6/P1PPPPPP/RNBQKBNR w KQkq - 0 1
Moves; d2d4 d7d5 c1b2 e7e5 g2g3 b8c6 f1g2 c6d4 c2c3 d4c6 d1d5 d8d5 g2d5 g8e7 d5g2 c8e6 g1f3 g7g5 b1a3 e8c8 f3d2 f8g7 c3c4 g5g4 h2h3 f6f5 e1c1 g4h3 g2h3 h7h5 a3b1 c8b8 d2e4 c6d4 e4c3 e6f7 e2e3 d4c6 b1d2 c6b4 d2f3 b4d3 d1d3 d8d3 c3e2 e7c6 h3f5 d3d6 b2c3 h8f8 f3g5 f7c4 b3c4 f8f5 g5e4 d6d7 a2a4 b8c8 h1h2 g7f8 c1c2 f8e7 e2c1 a7a5 c1b3 c6b4 c2c1 b4a2 c1b2 a2c3 b2c3 e7b4 c3c2 d7e7 h2h1 c8d7 h1h3 d7c6 g3g4 f5f8 g4h5 e7g7 h5h6 g7f7 h3g3 c6b6 c4c5 b6a6 c2d3 f8h8 g3g6 b7b6 d3c4 f7h7 g6e6 h7h6 e6e5 h8f8 f2f4 h6h3 b3d4 h3e3 f4f5 e3e1 c4b3 e1b1 b3c2 b1a1 d4b5 f8f7 c5c6 a1a4 e4g5 f7f8 b5c7 a6a7 g5e6 f8c8 e5e4 a4a2 c2b3 a2a3 b3c4 a3c3
Warning; Bestmove does not match beginning of last PV - move b5a6 from SF_2400
Info; info depth 13 seldepth 19 multipv 1 score cp -348 nodes 36686 nps 1111696 hashfull 25 tbhits 0 time 33 pv b5a4 b3b1 f5f6 b6b5 a4a3 b1f1 e6c5 b8a7 f6f7 c8b8 a3b3 f1f3 b3a2 f3f2 a2b1
Position; fen rnbqkbnr/ppppp1pp/5p2/8/8/1P6/P1PPPPPP/RNBQKBNR w KQkq - 0 1
Moves; d2d4 d7d5 c1b2 e7e5 g2g3 b8c6 f1g2 c6d4 c2c3 d4c6 d1d5 d8d5 g2d5 g8e7 d5g2 c8e6 g1f3 g7g5 b1a3 e8c8 f3d2 f8g7 c3c4 g5g4 h2h3 f6f5 e1c1 g4h3 g2h3 h7h5 a3b1 c8b8 d2e4 c6d4 e4c3 e6f7 e2e3 d4c6 b1d2 c6b4 d2f3 b4d3 d1d3 d8d3 c3e2 e7c6 h3f5 d3d6 b2c3 h8f8 f3g5 f7c4 b3c4 f8f5 g5e4 d6d7 a2a4 b8c8 h1h2 g7f8 c1c2 f8e7 e2c1 a7a5 c1b3 c6b4 c2c1 b4a2 c1b2 a2c3 b2c3 e7b4 c3c2 d7e7 h2h1 c8d7 h1h3 d7c6 g3g4 f5f8 g4h5 e7g7 h5h6 g7f7 h3g3 c6b6 c4c5 b6a6 c2d3 f8h8 g3g6 b7b6 d3c4 f7h7 g6e6 h7h6 e6e5 h8f8 f2f4 h6h3 b3d4 h3e3 f4f5 e3e1 c4b3 e1b1 b3c2 b1a1 d4b5 f8f7 c5c6 a1a4 e4g5 f7f8 b5c7 a6a7 g5e6 f8c8 e5e4 a4a2 c2b3 a2a3 b3c4 a3c3 c4b5 b4d6 e4d4 d6c7 d4d7 a7b8 d7g7 c3b3
Warning; Bestmove does not match beginning of last PV - move g7e7 from SF_2400
Info; info depth 11 seldepth 16 multipv 1 score cp -394 nodes 42779 nps 1425966 hashfull 27 tbhits 0 time 30 pv g7g2 a4a3 g2a2 b3f3 a2e2 f3f5
Position; fen rnbqkbnr/ppppp1pp/5p2/8/8/1P6/P1PPPPPP/RNBQKBNR w KQkq - 0 1
Moves; d2d4 d7d5 c1b2 e7e5 g2g3 b8c6 f1g2 c6d4 c2c3 d4c6 d1d5 d8d5 g2d5 g8e7 d5g2 c8e6 g1f3 g7g5 b1a3 e8c8 f3d2 f8g7 c3c4 g5g4 h2h3 f6f5 e1c1 g4h3 g2h3 h7h5 a3b1 c8b8 d2e4 c6d4 e4c3 e6f7 e2e3 d4c6 b1d2 c6b4 d2f3 b4d3 d1d3 d8d3 c3e2 e7c6 h3f5 d3d6 b2c3 h8f8 f3g5 f7c4 b3c4 f8f5 g5e4 d6d7 a2a4 b8c8 h1h2 g7f8 c1c2 f8e7 e2c1 a7a5 c1b3 c6b4 c2c1 b4a2 c1b2 a2c3 b2c3 e7b4 c3c2 d7e7 h2h1 c8d7 h1h3 d7c6 g3g4 f5f8 g4h5 e7g7 h5h6 g7f7 h3g3 c6b6 c4c5 b6a6 c2d3 f8h8 g3g6 b7b6 d3c4 f7h7 g6e6 h7h6 e6e5 h8f8 f2f4 h6h3 b3d4 h3e3 f4f5 e3e1 c4b3 e1b1 b3c2 b1a1 d4b5 f8f7 c5c6 a1a4 e4g5 f7f8 b5c7 a6a7 g5e6 f8c8 e5e4 a4a2 c2b3 a2a3 b3c4 a3c3 c4b5 b4d6 e4d4 d6c7 d4d7 a7b8 d7g7 c3b3 b5a6 a5a4
Warning; Bestmove does not match beginning of last PV - move e7h7 from SF_2400
Info; info depth 11 seldepth 26 multipv 1 score cp -539 nodes 41607 nps 1664280 hashfull 25 tbhits 0 time 25 pv e6c7 c8c7 e7e8 c7c8 e8e7 c8c6 e7e8 b8c7 e8e7 c7d6 e7e4 b6b5 a6a5
Position; fen rnbqkbnr/ppppp1pp/5p2/8/8/1P6/P1PPPPPP/RNBQKBNR w KQkq - 0 1
Moves; d2d4 d7d5 c1b2 e7e5 g2g3 b8c6 f1g2 c6d4 c2c3 d4c6 d1d5 d8d5 g2d5 g8e7 d5g2 c8e6 g1f3 g7g5 b1a3 e8c8 f3d2 f8g7 c3c4 g5g4 h2h3 f6f5 e1c1 g4h3 g2h3 h7h5 a3b1 c8b8 d2e4 c6d4 e4c3 e6f7 e2e3 d4c6 b1d2 c6b4 d2f3 b4d3 d1d3 d8d3 c3e2 e7c6 h3f5 d3d6 b2c3 h8f8 f3g5 f7c4 b3c4 f8f5 g5e4 d6d7 a2a4 b8c8 h1h2 g7f8 c1c2 f8e7 e2c1 a7a5 c1b3 c6b4 c2c1 b4a2 c1b2 a2c3 b2c3 e7b4 c3c2 d7e7 h2h1 c8d7 h1h3 d7c6 g3g4 f5f8 g4h5 e7g7 h5h6 g7f7 h3g3 c6b6 c4c5 b6a6 c2d3 f8h8 g3g6 b7b6 d3c4 f7h7 g6e6 h7h6 e6e5 h8f8 f2f4 h6h3 b3d4 h3e3 f4f5 e3e1 c4b3 e1b1 b3c2 b1a1 d4b5 f8f7 c5c6 a1a4 e4g5 f7f8 b5c7 a6a7 g5e6 f8c8 e5e4 a4a2 c2b3 a2a3 b3c4 a3c3 c4b5 b4d6 e4d4 d6c7 d4d7 a7b8 d7g7 c3b3 b5a6 a5a4 g7e7 a4a3
Warning; Bestmove does not match beginning of last PV - move h1h4 from SF_2400
Info; info depth 97 seldepth 7 multipv 1 score mate -3 nodes 43217 nps 6173857 hashfull 15 tbhits 0 time 7 pv h1b1 a2b1q e6d4 b1b4 f5f6 b4a4
Position; fen rnbqkbnr/ppppp1pp/5p2/8/8/1P6/P1PPPPPP/RNBQKBNR w KQkq - 0 1
Moves; d2d4 d7d5 c1b2 e7e5 g2g3 b8c6 f1g2 c6d4 c2c3 d4c6 d1d5 d8d5 g2d5 g8e7 d5g2 c8e6 g1f3 g7g5 b1a3 e8c8 f3d2 f8g7 c3c4 g5g4 h2h3 f6f5 e1c1 g4h3 g2h3 h7h5 a3b1 c8b8 d2e4 c6d4 e4c3 e6f7 e2e3 d4c6 b1d2 c6b4 d2f3 b4d3 d1d3 d8d3 c3e2 e7c6 h3f5 d3d6 b2c3 h8f8 f3g5 f7c4 b3c4 f8f5 g5e4 d6d7 a2a4 b8c8 h1h2 g7f8 c1c2 f8e7 e2c1 a7a5 c1b3 c6b4 c2c1 b4a2 c1b2 a2c3 b2c3 e7b4 c3c2 d7e7 h2h1 c8d7 h1h3 d7c6 g3g4 f5f8 g4h5 e7g7 h5h6 g7f7 h3g3 c6b6 c4c5 b6a6 c2d3 f8h8 g3g6 b7b6 d3c4 f7h7 g6e6 h7h6 e6e5 h8f8 f2f4 h6h3 b3d4 h3e3 f4f5 e3e1 c4b3 e1b1 b3c2 b1a1 d4b5 f8f7 c5c6 a1a4 e4g5 f7f8 b5c7 a6a7 g5e6 f8c8 e5e4 a4a2 c2b3 a2a3 b3c4 a3c3 c4b5 b4d6 e4d4 d6c7 d4d7 a7b8 d7g7 c3b3 b5a6 a5a4 g7e7 a4a3 e7h7 a3a2 h7h1 b3b1
Finished game 10 (SF_2400 vs HiveChess): 0-1 {Black mates}
--------------------------------------------------
Rank Name                             Elo        +/-       nElo        +/-      Games      Score       Draw           Ptnml(0-2)
   1 HiveChess                     381.70        nan     491.35     215.34         10      90.0%      20.0%      [0, 0, 1, 0, 4]
   2 SF_2400                        -0.00       0.00        nan        nan          2      50.0%     100.0%      [0, 0, 1, 0, 0]
   3 SF_2000                         -inf        nan       -inf        nan          2       0.0%       0.0%      [1, 0, 0, 0, 0]
   4 SF_2100                         -inf        nan       -inf        nan          2       0.0%       0.0%      [1, 0, 0, 0, 0]
   5 SF_2200                         -inf        nan       -inf        nan          2       0.0%       0.0%      [1, 0, 0, 0, 0]
   6 SF_2300                         -inf        nan       -inf        nan          2       0.0%       0.0%      [1, 0, 0, 0, 0]
--------------------------------------------------
Finished match
Total Time: 00:04:25 (hours:minutes:seconds)

Computing ELO...
elo: 2625.5
games_played: 10
score_pct: 0.900
total_wins: 9
total_draws: 0
total_losses: 1
ci_95: 368.5

Per-opponent breakdown:
  vs SF_2000 (2000): +2 =0 -0 [1.000]
  vs SF_2100 (2100): +2 =0 -0 [1.000]
  vs SF_2200 (2200): +2 =0 -0 [1.000]
  vs SF_2300 (2300): +2 =0 -0 [1.000]
  vs SF_2400 (2400): +1 =0 -1 [0.500]
---
elo:              2625.5
games_played:     10
score_pct:        0.900
wins:             9
draws:            0
losses:           1
binary_bytes:     1426544
line_count:       2521
compile_secs:     0
valid:            true
